{"credit":"Made with Blockbench","textures":{"0":"custom/general/casino/marble","particle":"custom/general/casino/marble"},"elements":[{"from":[7,0,7],"to":[9,2,9],"rotation":{"angle":0,"axis":"y","origin":[8,1,8]},"faces":{"north":{"uv":[0,0,2,2],"texture":"#0"},"east":{"uv":[0,2,2,4],"texture":"#0"},"south":{"uv":[2,0,4,2],"texture":"#0"},"west":{"uv":[2,2,4,4],"texture":"#0"},"up":{"uv":[2,6,0,4],"texture":"#0"},"down":{"uv":[6,0,4,2],"texture":"#0"}}}],"display":{"head":{"translation":[0,1,-29.5],"scale":[1.5,1.5,1.5]}}}