{"credit":"by w11shes","textures":{"0":"custom/general/cosmetics/hats/mp/bowser_junior_hair","particle":"custom/general/cosmetics/hats/mp/bowser_junior_hair"},"elements":[{"from":[6.5,0,6.5],"to":[9.5,2,9.5],"faces":{"north":{"uv":[1.5,3.5,0,4.5],"texture":"#0"},"east":{"uv":[1.5,4.5,0,5.5],"texture":"#0"},"south":{"uv":[0,5.5,1.5,6.5],"texture":"#0"},"west":{"uv":[0,4.5,1.5,5.5],"texture":"#0"},"up":{"uv":[0,0,1.5,1.5],"texture":"#0"},"down":{"uv":[0,2,1.5,3.5],"texture":"#0"}}},{"from":[6,2,6],"to":[10,7,10],"rotation":{"angle":22.5,"axis":"x","origin":[6.5,2,6.5]},"faces":{"north":{"uv":[1.5,1.5,3.5,4],"texture":"#0"},"east":{"uv":[5.5,1.5,3.5,4],"texture":"#0"},"south":{"uv":[5.5,1.5,7.5,4],"texture":"#0"},"west":{"uv":[3.5,1.5,5.5,4],"texture":"#0"},"up":{"uv":[7.5,0,9.5,2],"texture":"#0"},"down":{"uv":[7.5,2,9.5,4],"rotation":180,"texture":"#0"}}},{"from":[5.65,1.65,5.65],"to":[10.35,7.35,10.35],"rotation":{"angle":22.5,"axis":"x","origin":[6.5,2,6.5]},"faces":{"north":{"uv":[1.5,5.5,3.5,8],"texture":"#0"},"east":{"uv":[5.5,5.5,3.5,8],"texture":"#0"},"south":{"uv":[5.5,5.5,7.5,8],"texture":"#0"},"west":{"uv":[3.5,5.5,5.5,8],"texture":"#0"},"up":{"uv":[7.5,4,9.5,6],"texture":"#0"}}},{"from":[8.8,-1,2.3],"to":[8.82,9,13.3],"rotation":{"angle":-22.5,"axis":"y","origin":[0,0,0]},"faces":{"east":{"uv":[5.5,11,0,16],"texture":"#0"},"west":{"uv":[0,11,5.5,16],"texture":"#0"}}},{"from":[7.2,-1,2.3],"to":[7.22,9,13.3],"rotation":{"angle":22.5,"axis":"y","origin":[16,0,0]},"faces":{"east":{"uv":[5.5,11,0,16],"texture":"#0"},"west":{"uv":[0,11,5.5,16],"texture":"#0"}}},{"from":[8,8.3,3.8],"to":[8.02,14.3,9.8],"rotation":{"angle":22.5,"axis":"x","origin":[0,0,0]},"faces":{"east":{"uv":[16,13,13,16],"texture":"#0"},"west":{"uv":[13,13,16,16],"texture":"#0"}}}],"gui_light":"front","display":{"thirdperson_righthand":{"rotation":[0,-52,0],"translation":[-2,3.5,1],"scale":[0.6,0.6,0.6]},"thirdperson_lefthand":{"rotation":[0,-52,0],"translation":[-2,3.5,1],"scale":[0.6,0.6,0.6]},"firstperson_righthand":{"rotation":[0,95,0],"translation":[3.25,3,-1.25],"scale":[0.5,0.5,0.5]},"firstperson_lefthand":{"rotation":[0,95,0],"translation":[3.25,3,-1.25],"scale":[0.5,0.5,0.5]},"ground":{"translation":[0,3,0],"scale":[0.5,0.5,0.5]},"gui":{"rotation":[30,-135,0],"translation":[1.5,2.5,0],"scale":[0.9,0.9,0.9]},"head":{"rotation":[14,0,0],"translation":[0,18.25,2.75],"scale":[1.6,1.6,1.6]}}}