{"credit":"by w11shes","textures":{"0":"custom/general/cosmetics/hats/mp/bowser_hair","particle":"custom/general/cosmetics/hats/mp/bowser_hair"},"elements":[{"from":[6,-1,2],"to":[10,4,12],"faces":{"north":{"uv":[0,2.5,2,5],"texture":"#0"},"east":{"uv":[5,0,0,2.5],"texture":"#0"},"south":{"uv":[0,2.5,2,5],"texture":"#0"},"west":{"uv":[0,0,5,2.5],"texture":"#0"},"up":{"uv":[5,0,7,5],"texture":"#0"},"down":{"uv":[7,5,9,0],"texture":"#0"}}},{"from":[5.65,-1.35,1.65],"to":[10.35,4.35,12.35],"faces":{"north":{"uv":[0,7.5,2,10],"texture":"#0"},"east":{"uv":[5,5,0,7.5],"texture":"#0"},"south":{"uv":[0,7.5,2,10],"texture":"#0"},"west":{"uv":[0,5,5,7.5],"texture":"#0"},"up":{"uv":[5,5,7,10],"texture":"#0"}}},{"from":[10,0,1],"to":[10,7,16],"rotation":{"angle":-22.5,"axis":"y","origin":[10,0,2]},"faces":{"north":{"uv":[0,0,0,7],"texture":"#0"},"east":{"uv":[7.5,12.5,0,16],"texture":"#0"},"south":{"uv":[0,0,0,7],"texture":"#0"},"west":{"uv":[0,12.5,7.5,16],"texture":"#0"},"up":{"uv":[0,0,0,15],"texture":"#0"},"down":{"uv":[0,0,0,15],"texture":"#0"}}},{"from":[6,0,1],"to":[6,7,16],"rotation":{"angle":22.5,"axis":"y","origin":[6,0,2]},"faces":{"north":{"uv":[0,0,0,7],"texture":"#0"},"east":{"uv":[7.5,12.5,0,16],"texture":"#0"},"south":{"uv":[0,0,0,7],"texture":"#0"},"west":{"uv":[0,12.5,7.5,16],"texture":"#0"},"up":{"uv":[0,0,0,15],"texture":"#0"},"down":{"uv":[0,0,0,15],"texture":"#0"}}},{"from":[2.8,-0.6,4],"to":[4.8,2.4,7],"rotation":{"angle":-22.5,"axis":"z","origin":[0,0,0]},"faces":{"north":{"uv":[13.5,0,14.5,1.5],"texture":"#0"},"east":{"uv":[14.5,0,16,1.5],"texture":"#0"},"south":{"uv":[14.5,0,13.5,1.5],"texture":"#0"},"west":{"uv":[14.5,0,16,1.5],"texture":"#0"},"up":{"uv":[15,1.5,16,3],"texture":"#0"},"down":{"uv":[14,1.5,15,3],"texture":"#0"}}},{"from":[0.8,-0.1,4.5],"to":[2.8,1.9,6.5],"rotation":{"angle":-22.5,"axis":"z","origin":[0,0,0]},"faces":{"north":{"uv":[15,3,16,4],"texture":"#0"},"south":{"uv":[15,3,16,4],"texture":"#0"},"west":{"uv":[15,3,16,4],"texture":"#0"},"up":{"uv":[14,3,15,4],"texture":"#0"},"down":{"uv":[15,4,16,5],"texture":"#0"}}},{"from":[-0.2,-0.1,5.5],"to":[3.8,3.9,5.52],"rotation":{"angle":-22.5,"axis":"z","origin":[0,0,0]},"faces":{"north":{"uv":[14,5,16,7],"texture":"#0"},"south":{"uv":[16,5,14,7],"texture":"#0"}}},{"from":[12.2,-0.1,5.5],"to":[16.2,3.9,5.52],"rotation":{"angle":22.5,"axis":"z","origin":[16,0,0]},"faces":{"north":{"uv":[16,5,14,7],"texture":"#0"},"south":{"uv":[14,5,16,7],"texture":"#0"}}},{"from":[11.2,-0.6,4],"to":[13.2,2.4,7],"rotation":{"angle":22.5,"axis":"z","origin":[16,0,0]},"faces":{"north":{"uv":[14.5,0,13.5,1.5],"texture":"#0"},"east":{"uv":[16,0,14.5,1.5],"texture":"#0"},"south":{"uv":[13.5,0,14.5,1.5],"texture":"#0"},"west":{"uv":[16,0,14.5,1.5],"texture":"#0"},"up":{"uv":[16,1.5,15,3],"texture":"#0"},"down":{"uv":[15,1.5,14,3],"texture":"#0"}}},{"from":[13.2,-0.1,4.5],"to":[15.2,1.9,6.5],"rotation":{"angle":22.5,"axis":"z","origin":[16,0,0]},"faces":{"north":{"uv":[16,3,15,4],"texture":"#0"},"east":{"uv":[16,3,15,4],"texture":"#0"},"south":{"uv":[16,3,15,4],"texture":"#0"},"up":{"uv":[15,3,14,4],"texture":"#0"},"down":{"uv":[16,4,15,5],"texture":"#0"}}}],"gui_light":"front","display":{"thirdperson_righthand":{"rotation":[75,45,0],"translation":[-1.5,1.5,2.75],"scale":[0.4,0.4,0.4]},"thirdperson_lefthand":{"rotation":[75,45,0],"translation":[-1.5,1.5,2.75],"scale":[0.4,0.4,0.4]},"firstperson_righthand":{"rotation":[0,116,0],"translation":[1.5,5.75,0],"scale":[0.5,0.5,0.5]},"firstperson_lefthand":{"rotation":[0,116,0],"translation":[1.5,5.75,0],"scale":[0.5,0.5,0.5]},"ground":{"translation":[0,3,0],"scale":[0.5,0.5,0.5]},"gui":{"rotation":[30,-135,0],"translation":[0,4.25,0],"scale":[0.8,0.8,0.8]},"head":{"translation":[0,17.75,1.5],"scale":[1.6,1.6,1.6]}}}