{"credit":"by w11shes","textures":{"0":"custom/general/cosmetics/hats/mp/daisy_hair","particle":"custom/general/cosmetics/hats/mp/daisy_hair"},"elements":[{"from":[3,-13,3],"to":[13,10,13],"faces":{"north":{"uv":[2.5,2.5,5,8.25],"texture":"#0"},"east":{"uv":[0,2.5,2.5,8.25],"texture":"#0"},"south":{"uv":[7.5,2.5,10,8.25],"texture":"#0"},"west":{"uv":[5,2.5,7.5,8.25],"texture":"#0"},"up":{"uv":[2.5,0,5,2.5],"texture":"#0"}}},{"from":[12.96,9.96,12.96],"to":[3.04,-12.96,3.04],"rotation":{"angle":0,"axis":"y","origin":[16,16,16]},"faces":{"north":{"uv":[7.5,8.25,10,2.5],"texture":"#0"},"east":{"uv":[5,8.25,7.5,2.5],"texture":"#0"},"south":{"uv":[2.5,8.25,5,2.5],"texture":"#0"},"west":{"uv":[0,8.25,2.5,2.5],"texture":"#0"},"down":{"uv":[5,0,2.5,2.5],"texture":"#0"}}},{"from":[2.65,-9.35,2.65],"to":[13.35,10.35,13.35],"faces":{"north":{"uv":[2.5,10.75,5,15.5],"texture":"#0"},"east":{"uv":[0,10.75,2.5,15.5],"texture":"#0"},"south":{"uv":[7.5,10.75,10,15.5],"texture":"#0"},"west":{"uv":[5,10.75,7.5,15.5],"texture":"#0"},"up":{"uv":[2.5,8.25,5,10.75],"texture":"#0"}}},{"from":[13.3,10.3,13.3],"to":[2.7,-9.3,2.7],"faces":{"north":{"uv":[7.5,15.5,10,10.75],"texture":"#0"},"east":{"uv":[5,15.5,7.5,10.75],"texture":"#0"},"south":{"uv":[2.5,15.5,5,10.75],"texture":"#0"},"west":{"uv":[0,15.5,2.5,10.75],"texture":"#0"},"down":{"uv":[5,8.25,2.5,10.75],"texture":"#0"}}},{"from":[13,-5,13],"to":[13.02,3,17],"rotation":{"angle":45,"axis":"y","origin":[13,0,13]},"faces":{"east":{"uv":[15,0,16,2],"texture":"#0"},"west":{"uv":[16,0,15,2],"texture":"#0"}}},{"from":[9,-6,13],"to":[9.02,2,17],"rotation":{"angle":45,"axis":"y","origin":[9,-1,13]},"faces":{"east":{"uv":[15,0,16,2],"texture":"#0"},"west":{"uv":[15,0,14,2],"texture":"#0"}}},{"from":[13,4,3],"to":[13.02,10,8],"rotation":{"angle":45,"axis":"y","origin":[13,8,3]},"faces":{"east":{"uv":[14.75,4,16,5.5],"texture":"#0"},"west":{"uv":[16,4,14.75,5.5],"texture":"#0"}}},{"from":[2.98,4,3],"to":[3,10,8],"rotation":{"angle":-45,"axis":"y","origin":[3,8,3]},"faces":{"east":{"uv":[14.75,4,16,5.5],"texture":"#0"},"west":{"uv":[16,4,14.75,5.5],"texture":"#0"}}},{"from":[2.98,-5,13],"to":[3,3,17],"rotation":{"angle":-45,"axis":"y","origin":[3,0,13]},"faces":{"east":{"uv":[15,0,16,2],"texture":"#0"},"west":{"uv":[16,0,15,2],"texture":"#0"}}},{"from":[6.98,-6,13],"to":[7,2,17],"rotation":{"angle":-45,"axis":"y","origin":[7,-1,13]},"faces":{"east":{"uv":[14,0,15,2],"texture":"#0"},"west":{"uv":[16,0,15,2],"texture":"#0"}}},{"from":[5,10,5],"to":[11,16,11],"faces":{"north":{"uv":[14.5,14.5,16,16],"texture":"#0"},"east":{"uv":[13,14.5,14.5,16],"texture":"#0"},"south":{"uv":[14.5,14.5,16,16],"texture":"#0"},"west":{"uv":[13,14.5,14.5,16],"texture":"#0"}}},{"from":[10.95,15.95,10.95],"to":[5.05,10.05,5.05],"faces":{"north":{"uv":[14.5,14.5,16,13],"texture":"#0"},"east":{"uv":[14.5,14.5,16,13],"texture":"#0"},"south":{"uv":[14.5,14.5,16,13],"texture":"#0"},"west":{"uv":[14.5,14.5,16,13],"texture":"#0"}}},{"from":[12,2,7],"to":[14,4,9],"faces":{"north":{"uv":[12.25,15.25,12.75,15.75],"texture":"#0"},"east":{"uv":[12.75,15.25,12.25,15.75],"texture":"#0"},"south":{"uv":[12.25,15.75,12.75,15.25],"texture":"#0"},"west":{"uv":[12.75,15.75,12.25,15.25],"texture":"#0"},"up":{"uv":[12.75,15.25,12.25,15.75],"texture":"#0"},"down":{"uv":[12.25,15.25,12.75,15.75],"texture":"#0"}}},{"from":[13,1,6],"to":[13.02,5,10],"faces":{"east":{"uv":[13,15,12,16],"texture":"#0"},"west":{"uv":[13,16,12,15],"texture":"#0"}}},{"from":[2.98,1,6],"to":[3,5,10],"faces":{"east":{"uv":[12,16,13,15],"texture":"#0"},"west":{"uv":[12,15,13,16],"texture":"#0"}}},{"from":[2,2,7],"to":[4,4,9],"rotation":{"angle":0,"axis":"y","origin":[16,0,0]},"faces":{"north":{"uv":[12.75,15.25,12.25,15.75],"texture":"#0"},"east":{"uv":[12.25,15.75,12.75,15.25],"texture":"#0"},"south":{"uv":[12.75,15.75,12.25,15.25],"texture":"#0"},"west":{"uv":[12.25,15.25,12.75,15.75],"texture":"#0"},"up":{"uv":[12.25,15.25,12.75,15.75],"texture":"#0"},"down":{"uv":[12.75,15.25,12.25,15.75],"texture":"#0"}}}],"gui_light":"front","display":{"thirdperson_righthand":{"rotation":[75,55,0],"translation":[-1.75,0.5,0],"scale":[0.4,0.4,0.4]},"thirdperson_lefthand":{"rotation":[75,55,0],"translation":[-1.75,0.5,0],"scale":[0.4,0.4,0.4]},"firstperson_righthand":{"rotation":[0,115,0],"translation":[2.75,1.75,0.5],"scale":[0.4,0.4,0.4]},"firstperson_lefthand":{"rotation":[0,115,0],"translation":[2.75,1.75,0.5],"scale":[0.4,0.4,0.4]},"ground":{"translation":[0,8,0],"scale":[0.5,0.5,0.5]},"gui":{"rotation":[30,-135,0],"translation":[0,1.75,0],"scale":[0.6,0.6,0.6]},"head":{"rotation":[-3,0,0],"translation":[0,5.25,0],"scale":[1.6,1.6,1.6]}}}