{"credit":"by w11shes","textures":{"0":"custom/general/cosmetics/hats/mp/diddy_kong_cap","particle":"custom/general/cosmetics/hats/mp/diddy_kong_cap"},"elements":[{"from":[3.5,0,3.5],"to":[12.5,5,12.5],"faces":{"north":{"uv":[0,2.25,2.25,3.5],"texture":"#0"},"east":{"uv":[4.5,2.25,2.25,3.5],"texture":"#0"},"south":{"uv":[4.5,2.25,6.75,3.5],"texture":"#0"},"west":{"uv":[2.25,2.25,4.5,3.5],"texture":"#0"},"up":{"uv":[0,2.25,2.25,0],"texture":"#0"},"down":{"uv":[2.25,0,4.5,2.25],"texture":"#0"}}},{"from":[3.5,0,-4.5],"to":[12.5,0.02,3.5],"faces":{"up":{"uv":[0,5.5,2.25,3.5],"texture":"#0"},"down":{"uv":[0,3.5,2.25,5.5],"texture":"#0"}}},{"from":[11.75,-3,7],"to":[15.75,1,8],"rotation":{"angle":-45,"axis":"y","origin":[11.75,-1,7]},"faces":{"north":{"uv":[15,0,16,1],"texture":"#0"},"east":{"uv":[15,0,15.25,1],"texture":"#0"},"south":{"uv":[16,1,15,2],"texture":"#0"},"west":{"uv":[15.75,0,16,1],"texture":"#0"},"up":{"uv":[15,0,16,0.25],"texture":"#0"},"down":{"uv":[15,0.75,16,1],"texture":"#0"}}},{"from":[0.25,-3,7],"to":[4.25,1,8],"rotation":{"angle":45,"axis":"y","origin":[4.25,-1,7]},"faces":{"north":{"uv":[16,0,15,1],"texture":"#0"},"east":{"uv":[16,0,15.75,1],"texture":"#0"},"south":{"uv":[15,1,16,2],"texture":"#0"},"west":{"uv":[15.25,0,15,1],"texture":"#0"},"up":{"uv":[16,0,15,0.25],"texture":"#0"},"down":{"uv":[16,0.75,15,1],"texture":"#0"}}}],"gui_light":"front","display":{"thirdperson_righthand":{"rotation":[75,45,0],"translation":[-2.5,1,3],"scale":[0.5,0.5,0.5]},"thirdperson_lefthand":{"rotation":[75,45,0],"translation":[-2.5,1,3],"scale":[0.5,0.5,0.5]},"firstperson_righthand":{"rotation":[0,113,0],"translation":[3,4.25,0],"scale":[0.4,0.4,0.4]},"firstperson_lefthand":{"rotation":[0,113,0],"translation":[3,4.25,0],"scale":[0.4,0.4,0.4]},"ground":{"translation":[0,3,0],"scale":[0.5,0.5,0.5]},"gui":{"rotation":[30,-135,0],"translation":[-0.5,4.5,0],"scale":[0.8,0.8,0.8]},"head":{"translation":[0,15.75,0],"scale":[1.7,1.7,1.7]}}}