{"credit":"by w11shes","texture_size":[64,64],"textures":{"0":"custom/general/cosmetics/hats/mp/donkey_kong_hair","particle":"custom/general/cosmetics/hats/mp/donkey_kong_hair"},"elements":[{"from":[3,0,3],"to":[13,10,13],"faces":{"north":{"uv":[2.5,2.5,5,5],"texture":"#0"},"east":{"uv":[0,2.5,2.5,5],"texture":"#0"},"south":{"uv":[7.5,2.5,10,5],"texture":"#0"},"west":{"uv":[5,2.5,7.5,5],"texture":"#0"},"up":{"uv":[2.5,2.5,5,0],"texture":"#0"}}},{"from":[2.65,-0.35,2.65],"to":[13.35,10.35,13.35],"faces":{"north":{"uv":[2.5,7.75,5,10.25],"texture":"#0"},"east":{"uv":[0,7.75,2.5,10.25],"texture":"#0"},"south":{"uv":[7.5,7.75,10,10.25],"texture":"#0"},"west":{"uv":[5,7.75,7.5,10.25],"texture":"#0"},"up":{"uv":[2.5,7.75,5,5.25],"texture":"#0"}}},{"from":[12.97,9.97,12.97],"to":[3.03,0.03,3.03],"faces":{"north":{"uv":[7.5,5,10,2.5],"texture":"#0"},"east":{"uv":[5,5,7.5,2.5],"texture":"#0"},"south":{"uv":[2.5,5,5,2.5],"texture":"#0"},"west":{"uv":[0,5,2.5,2.5],"texture":"#0"},"down":{"uv":[5,2.5,2.5,0],"texture":"#0"}}},{"from":[12,3,8],"to":[13,7,12],"rotation":{"angle":45,"axis":"y","origin":[12,0,8]},"faces":{"north":{"uv":[0.75,0,1,1],"texture":"#0"},"east":{"uv":[0,0,1,1],"texture":"#0"},"south":{"uv":[0,0,0.25,1],"texture":"#0"},"west":{"uv":[1,1,0,2],"texture":"#0"},"up":{"uv":[0,0,1,0.25],"texture":"#0"},"down":{"uv":[0,0.75,1,1],"texture":"#0"}}},{"from":[3,3,8],"to":[4,7,12],"rotation":{"angle":-45,"axis":"y","origin":[4,0,8]},"faces":{"north":{"uv":[1,0,0.75,1],"texture":"#0"},"east":{"uv":[0,1,1,2],"texture":"#0"},"south":{"uv":[0.25,0,0,1],"texture":"#0"},"west":{"uv":[1,0,0,1],"texture":"#0"},"up":{"uv":[1,0,0,0.25],"texture":"#0"},"down":{"uv":[1,0.75,0,1],"texture":"#0"}}},{"from":[8,10.7,1.6],"to":[8.02,17.7,11.6],"faces":{"east":{"uv":[13.5,0,16,1.75],"texture":"#0"},"west":{"uv":[16,0,13.5,1.75],"texture":"#0"}}},{"from":[6,10,4],"to":[10,14,12],"rotation":{"angle":22.5,"axis":"x","origin":[9,10,4]},"faces":{"north":{"uv":[2,15,3,16],"texture":"#0"},"east":{"uv":[0,15,2,16],"texture":"#0"},"south":{"uv":[3,15,4,16],"texture":"#0"},"west":{"uv":[2,15,0,16],"texture":"#0"},"up":{"uv":[0,13,1,15],"texture":"#0"}}},{"from":[5.65,9.65,3.65],"to":[10.35,14.35,12.35],"rotation":{"angle":22.5,"axis":"x","origin":[9,10,4]},"faces":{"north":{"uv":[6,15,7,16],"texture":"#0"},"east":{"uv":[4,15,6,16],"texture":"#0"},"south":{"uv":[7,15,8,16],"texture":"#0"},"west":{"uv":[6,15,4,16],"texture":"#0"},"up":{"uv":[4,13,5,15],"texture":"#0"}}}],"gui_light":"front","display":{"thirdperson_righthand":{"rotation":[75,45,0],"translation":[-1.75,1,0],"scale":[0.4,0.4,0.4]},"thirdperson_lefthand":{"rotation":[75,45,0],"translation":[-1.75,1,0],"scale":[0.4,0.4,0.4]},"firstperson_righthand":{"rotation":[0,113,0],"translation":[1.25,2.5,0],"scale":[0.5,0.5,0.5]},"firstperson_lefthand":{"rotation":[0,113,0],"translation":[1.25,2.5,0],"scale":[0.5,0.5,0.5]},"ground":{"rotation":[0,2,0],"translation":[0,3,0],"scale":[0.5,0.5,0.5]},"gui":{"rotation":[30,-135,0],"translation":[0,0.5,0],"scale":[0.7,0.7,0.7]},"head":{"translation":[0,4.75,0],"scale":[1.5,1.5,1.5]}}}