{"credit":"by w11shes","textures":{"0":"custom/general/cosmetics/hats/mp/koopa_mask","particle":"custom/general/cosmetics/hats/mp/koopa_mask"},"elements":[{"from":[3,1,6],"to":[13,8,13],"faces":{"north":{"uv":[5.5,10,10.5,13.5],"texture":"#0"},"east":{"uv":[5,0,8.5,3.5],"texture":"#0"},"south":{"uv":[0,0,5,3.5],"texture":"#0"},"west":{"uv":[8.5,0,5,3.5],"texture":"#0"},"up":{"uv":[0,6.5,5,10],"texture":"#0"},"down":{"uv":[5,3.5,10,7],"texture":"#0"}}},{"from":[4,1,0],"to":[12,8,6],"faces":{"north":{"uv":[0.5,10,4.5,13.5],"texture":"#0"},"east":{"uv":[8.5,0,11.5,3.5],"texture":"#0"},"south":{"uv":[0,0,5,3.5],"texture":"#0"},"west":{"uv":[11.5,0,8.5,3.5],"texture":"#0"},"up":{"uv":[0.5,3.5,4.5,6.5],"texture":"#0"},"down":{"uv":[5.5,7,9.5,10],"texture":"#0"}}},{"from":[4,8,6],"to":[12,13,12],"faces":{"north":{"uv":[11.5,0,15.5,2],"texture":"#0"},"east":{"uv":[11.5,2,14.5,4.5],"texture":"#0"},"south":{"uv":[11.5,4.5,15.5,7],"texture":"#0"},"west":{"uv":[14.5,2,11.5,4.5],"texture":"#0"},"up":{"uv":[11.5,7,15.5,10],"texture":"#0"}}}],"gui_light":"front","display":{"thirdperson_righthand":{"rotation":[75,45,0],"translation":[-2,0.75,0.5],"scale":[0.4,0.4,0.4]},"thirdperson_lefthand":{"rotation":[75,45,0],"translation":[-2,0.75,0.5],"scale":[0.4,0.4,0.4]},"firstperson_righthand":{"rotation":[0,113,0],"translation":[2,2.25,0],"scale":[0.4,0.4,0.4]},"firstperson_lefthand":{"rotation":[0,113,0],"translation":[2,2.25,0],"scale":[0.4,0.4,0.4]},"ground":{"translation":[0,3,0],"scale":[0.5,0.5,0.5]},"gui":{"rotation":[30,-135,0],"translation":[-0.5,1,0],"scale":[0.7,0.7,0.7]},"head":{"translation":[0,7.5,-0.75],"scale":[1.65,1.65,1.65]}}}