{"credit":"by w11shes","textures":{"0":"custom/general/cosmetics/hats/mp/mario_hat","particle":"custom/general/cosmetics/hats/mp/mario_hat"},"elements":[{"from":[4,1.85,1],"to":[12,3.85,13],"faces":{"east":{"uv":[4,15,10,16],"texture":"#0"},"west":{"uv":[10,15,4,16],"texture":"#0"},"up":{"uv":[0,16,4,10],"texture":"#0"}}},{"from":[11.98,3.83,13],"to":[4.02,1.85,1],"faces":{"east":{"uv":[10,16,4,15],"texture":"#0"},"west":{"uv":[4,16,10,15],"texture":"#0"},"down":{"uv":[4,16,0,10],"texture":"#0"}}},{"from":[2,0,3],"to":[14,6,14],"rotation":{"angle":22.5,"axis":"x","origin":[3,0,13]},"faces":{"north":{"uv":[5.5,0,11.5,3],"texture":"#0"},"east":{"uv":[0,0,6,3],"texture":"#0"},"south":{"uv":[6,8.5,12,11.5],"texture":"#0"},"west":{"uv":[6,0,0,3],"texture":"#0"},"up":{"uv":[6,8.5,12,3],"texture":"#0"},"down":{"uv":[0,3,6,8.5],"texture":"#0"}}}],"gui_light":"front","display":{"thirdperson_righthand":{"rotation":[75,45,0],"translation":[-2,2.5,2.75],"scale":[0.5,0.5,0.5]},"thirdperson_lefthand":{"rotation":[75,45,0],"translation":[-2,2.5,2.75],"scale":[0.5,0.5,0.5]},"firstperson_righthand":{"rotation":[7,23,-7],"translation":[3.25,2.5,0],"scale":[0.5,0.5,0.5]},"firstperson_lefthand":{"rotation":[7,23,-7],"translation":[3.25,2.5,0],"scale":[0.5,0.5,0.5]},"ground":{"translation":[0,3,0],"scale":[0.5,0.5,0.5]},"gui":{"rotation":[30,-135,0],"translation":[0.5,2,0],"scale":[0.75,0.75,0.75]},"head":{"rotation":[-9.5,0,0],"translation":[0,10.75,-4.25],"scale":[1.7,1.7,1.7]},"fixed":{"translation":[0,4,0]}}}