{"credit":"by w11shes","textures":{"0":"custom/general/cosmetics/hats/mp/shy_guy_mask","particle":"custom/general/cosmetics/hats/mp/shy_guy_mask"},"elements":[{"from":[3,0,3],"to":[13,10,5],"faces":{"north":{"uv":[0,1,5,6],"texture":"#0"},"east":{"uv":[6,1,5,6],"texture":"#0"},"south":{"uv":[6,1,11,6],"texture":"#0"},"west":{"uv":[5,1,6,6],"texture":"#0"},"up":{"uv":[5,1,0,0],"texture":"#0"},"down":{"uv":[5,7,0,6],"texture":"#0"}}},{"from":[3,4,5],"to":[13,7,13],"faces":{"east":{"uv":[0,14.5,4,16],"texture":"#0"},"south":{"uv":[4,14.5,9,16],"texture":"#0"},"west":{"uv":[0,14.5,4,16],"texture":"#0"}}},{"from":[12.98,6.98,12.98],"to":[3.02,4.02,5.02],"faces":{"north":{"uv":[4,16,9,14.5],"texture":"#0"},"east":{"uv":[0,16,4,14.5],"texture":"#0"},"west":{"uv":[0,16,4,14.5],"texture":"#0"}}}],"gui_light":"front","display":{"thirdperson_righthand":{"rotation":[61,17,0],"translation":[-1,0,0.5],"scale":[0.5,0.5,0.5]},"thirdperson_lefthand":{"rotation":[61,17,0],"translation":[-1,0,0.5],"scale":[0.5,0.5,0.5]},"firstperson_righthand":{"rotation":[0,117,0],"translation":[2.75,4,0],"scale":[0.5,0.5,0.5]},"firstperson_lefthand":{"rotation":[0,117,0],"translation":[2.75,4,0],"scale":[0.5,0.5,0.5]},"ground":{"translation":[0,3,0],"scale":[0.5,0.5,0.5]},"gui":{"rotation":[30,-135,0],"translation":[0,3,0],"scale":[0.8,0.8,0.8]},"head":{"translation":[0,5,0],"scale":[1.6,1.6,1.6]}}}