{"credit":"Made with Blockbench","texture_size":[16,32],"textures":{"0":"custom/general/cosmetics/hats/mp/yoshi_mask","particle":"custom/general/cosmetics/hats/mp/yoshi_mask"},"elements":[{"from":[3,1,0],"to":[13,8,13],"faces":{"north":{"uv":[10.5,14,12.5,16],"texture":"#0"},"east":{"uv":[5,1.75,11.5,3.5],"texture":"#0"},"south":{"uv":[0,1.75,5,3.5],"texture":"#0"},"west":{"uv":[11.5,1.75,5,3.5],"texture":"#0"},"up":{"uv":[12.5,14,10.5,16],"texture":"#0"},"down":{"uv":[5,3.5,10,6.7],"texture":"#0"}}},{"name":"tint","from":[3,1,0],"to":[13,8,13],"faces":{"north":{"uv":[5,6.75,10,8.5],"texture":"#0","tintindex":0},"east":{"uv":[5,0,11.5,1.75],"texture":"#0","tintindex":0},"south":{"uv":[0,0,5,1.75],"texture":"#0","tintindex":0},"west":{"uv":[11.5,0,5,1.75],"texture":"#0","tintindex":0},"up":{"uv":[0,6.75,5,10],"texture":"#0","tintindex":0},"down":{"uv":[0,3.5,5,6.75],"texture":"#0","tintindex":0}}}],"gui_light":"front","display":{"thirdperson_righthand":{"rotation":[75,45,0],"translation":[-2,0.75,0.5],"scale":[0.4,0.4,0.4]},"thirdperson_lefthand":{"rotation":[75,45,0],"translation":[-2,0.75,0.5],"scale":[0.4,0.4,0.4]},"firstperson_righthand":{"rotation":[0,113,0],"translation":[2,2.25,0],"scale":[0.4,0.4,0.4]},"firstperson_lefthand":{"rotation":[0,113,0],"translation":[2,2.25,0],"scale":[0.4,0.4,0.4]},"ground":{"translation":[0,3,0],"scale":[0.5,0.5,0.5]},"gui":{"rotation":[30,-135,0],"translation":[-0.5,1,0],"scale":[0.7,0.7,0.7]},"head":{"translation":[0,2,0],"scale":[1.5,1.5,1.5]}},"groups":[0,1,{"name":"eyes","origin":[8,8,8],"color":0,"children":[]}]}