{"credit":"Made with Blockbench","texture_size":[128,128],"textures":{"0":"custom/general/decoration/english_garden/eng_garden_ficus_tree_small","particle":"custom/general/decoration/english_garden/eng_garden_ficus_tree_small"},"elements":[{"from":[8,1,-0.5],"to":[8,18,16.5],"rotation":{"angle":0,"axis":"y","origin":[0,-8,0]},"faces":{"north":{"uv":[2.125,2.125,2.125,4.25],"texture":"#0"},"east":{"uv":[0,2.125,2.125,4.25],"texture":"#0"},"south":{"uv":[4.25,2.125,4.25,4.25],"texture":"#0"},"west":{"uv":[2.125,2.125,4.25,4.25],"texture":"#0"},"up":{"uv":[2.125,2.125,2.125,0],"texture":"#0"},"down":{"uv":[2.125,0,2.125,2.125],"texture":"#0"}}},{"from":[-0.5,1,8],"to":[16.5,18,8],"rotation":{"angle":0,"axis":"y","origin":[8,9.5,8]},"faces":{"north":{"uv":[0,2.125,2.125,4.25],"texture":"#0"},"east":{"uv":[0,2.125,0,4.25],"texture":"#0"},"south":{"uv":[2.125,2.125,4.25,4.25],"texture":"#0"},"west":{"uv":[2.125,2.125,2.125,4.25],"texture":"#0"},"up":{"uv":[2.125,2.125,0,2.125],"texture":"#0"},"down":{"uv":[4.25,2.125,2.125,2.125],"texture":"#0"}}},{"from":[8,1,-0.5],"to":[8,18,16.5],"rotation":{"angle":45,"axis":"y","origin":[8,9.5,8]},"faces":{"north":{"uv":[2.125,2.125,2.125,4.25],"texture":"#0"},"east":{"uv":[0,2.125,2.125,4.25],"texture":"#0"},"south":{"uv":[4.25,2.125,4.25,4.25],"texture":"#0"},"west":{"uv":[2.125,2.125,4.25,4.25],"texture":"#0"},"up":{"uv":[2.125,2.125,2.125,0],"texture":"#0"},"down":{"uv":[2.125,0,2.125,2.125],"texture":"#0"}}},{"from":[-0.5,1,8],"to":[16.5,18,8],"rotation":{"angle":45,"axis":"y","origin":[8,9.5,8]},"faces":{"north":{"uv":[0,2.125,2.125,4.25],"texture":"#0"},"east":{"uv":[0,2.125,0,4.25],"texture":"#0"},"south":{"uv":[2.125,2.125,4.25,4.25],"texture":"#0"},"west":{"uv":[2.125,2.125,2.125,4.25],"texture":"#0"},"up":{"uv":[2.125,2.125,0,2.125],"texture":"#0"},"down":{"uv":[4.25,2.125,2.125,2.125],"texture":"#0"}}},{"from":[2.5,4,2.5],"to":[13.5,15,13.5],"rotation":{"angle":0,"axis":"y","origin":[0,-8,0]},"faces":{"north":{"uv":[4.25,4.25,5.625,5.625],"texture":"#0"},"east":{"uv":[2.875,4.25,4.25,5.625],"texture":"#0"},"south":{"uv":[7,4.25,8.375,5.625],"texture":"#0"},"west":{"uv":[5.625,4.25,7,5.625],"texture":"#0"},"up":{"uv":[5.625,4.25,4.25,2.875],"texture":"#0"},"down":{"uv":[7,2.875,5.625,4.25],"texture":"#0"}}},{"from":[6.5,0,6.5],"to":[9.5,4,9.5],"faces":{"north":{"uv":[0.375,0.375,0.75,0.875],"texture":"#0"},"east":{"uv":[0,0.375,0.375,0.875],"texture":"#0"},"south":{"uv":[1.125,0.375,1.5,0.875],"texture":"#0"},"west":{"uv":[0.75,0.375,1.125,0.875],"texture":"#0"},"up":{"uv":[0.75,0.375,0.375,0],"texture":"#0"},"down":{"uv":[1.125,0,0.75,0.375],"texture":"#0"}}}],"display":{"thirdperson_righthand":{"rotation":[60,-160,0],"translation":[-0.75,3.5,1.75],"scale":[0.6,0.6,0.6]},"thirdperson_lefthand":{"rotation":[60,-160,0],"translation":[-0.75,3.5,1.75],"scale":[0.6,0.6,0.6]},"firstperson_righthand":{"rotation":[0,-73,6],"translation":[0.75,0.75,0],"scale":[0.4,0.4,0.4]},"firstperson_lefthand":{"rotation":[0,-73,6],"translation":[0.75,0.75,0],"scale":[0.4,0.4,0.4]},"ground":{"translation":[0,1.5,0],"scale":[0.6,0.6,0.6]},"gui":{"rotation":[30,-135,0],"translation":[0,-2.5,0],"scale":[0.5,0.5,0.5]},"head":{"translation":[0,-30.4,0],"scale":[1.6,1.6,1.6]},"fixed":{"rotation":[-90,0,0],"translation":[0,0,-15],"scale":[2,2,2]}}}