{"credit":"Made with Blockbench","texture_size":[128,128],"textures":{"0":"custom/general/decoration/english_garden/eng_garden_stone_pillar_2","particle":"custom/general/decoration/english_garden/eng_garden_stone_pillar_2"},"elements":[{"from":[0,0,0],"to":[16,3,16],"faces":{"north":{"uv":[2,4.5,4,4.875],"texture":"#0"},"east":{"uv":[0,4.5,2,4.875],"texture":"#0"},"south":{"uv":[6,4.5,8,4.875],"texture":"#0"},"west":{"uv":[4,4.5,6,4.875],"texture":"#0"},"up":{"uv":[4,4.5,2,2.5],"texture":"#0"},"down":{"uv":[6,2.5,4,4.5],"texture":"#0"}}},{"from":[1,3,1],"to":[15,11,15],"faces":{"north":{"uv":[8,4.875,9.75,5.875],"texture":"#0"},"east":{"uv":[6.25,4.875,8,5.875],"texture":"#0"},"south":{"uv":[11.5,4.875,13.25,5.875],"texture":"#0"},"west":{"uv":[9.75,4.875,11.5,5.875],"texture":"#0"},"up":{"uv":[9.75,4.875,8,3.125],"texture":"#0"},"down":{"uv":[11.5,3.125,9.75,4.875],"texture":"#0"}}},{"from":[0,11,0],"to":[16,14,16],"faces":{"north":{"uv":[2,4.5,4,4.875],"texture":"#0"},"east":{"uv":[0,4.5,2,4.875],"texture":"#0"},"south":{"uv":[6,4.5,8,4.875],"texture":"#0"},"west":{"uv":[4,4.5,6,4.875],"texture":"#0"},"up":{"uv":[4,4.5,2,2.5],"texture":"#0"},"down":{"uv":[6,2.5,4,4.5],"texture":"#0"}}},{"from":[-1,14,-1],"to":[17,16,17],"faces":{"north":{"uv":[2.25,2.25,4.5,2.5],"texture":"#0"},"east":{"uv":[0,2.25,2.25,2.5],"texture":"#0"},"south":{"uv":[6.75,2.25,9,2.5],"texture":"#0"},"west":{"uv":[4.5,2.25,6.75,2.5],"texture":"#0"},"up":{"uv":[4.5,2.25,2.25,0],"texture":"#0"},"down":{"uv":[6.75,0,4.5,2.25],"texture":"#0"}}}],"display":{"thirdperson_righthand":{"rotation":[60,-160,0],"translation":[0,4.5,1],"scale":[0.6,0.6,0.6]},"thirdperson_lefthand":{"rotation":[60,-160,0],"translation":[0,4.5,1],"scale":[0.6,0.6,0.6]},"firstperson_righthand":{"rotation":[0,-73,6],"translation":[0,-1.75,0],"scale":[-0.7,0.7,-0.7]},"firstperson_lefthand":{"rotation":[0,-73,6],"translation":[0,-1.75,0],"scale":[-0.7,0.7,-0.7]},"ground":{"translation":[0,1.5,0],"scale":[0.35,0.35,0.35]},"gui":{"rotation":[30,-135,0],"translation":[0.25,0,0],"scale":[0.5,0.5,0.5]},"head":{"translation":[0,-30.4,0],"scale":[-1.6,1.6,-1.6]},"fixed":{"rotation":[-90,0,0],"translation":[0,0,-16],"scale":[-2,2,-2]}}}