{"credit":"Made with Blockbench","texture_size":[128,128],"textures":{"0":"custom/general/decoration/english_garden/eng_garden_god_statue","particle":"custom/general/decoration/english_garden/eng_garden_god_statue"},"elements":[{"from":[2,0,2],"to":[14,3,14],"faces":{"north":{"uv":[1.5,1.5,3,1.875],"texture":"#0"},"east":{"uv":[0,1.5,1.5,1.875],"texture":"#0"},"south":{"uv":[4.5,1.5,6,1.875],"texture":"#0"},"west":{"uv":[3,1.5,4.5,1.875],"texture":"#0"},"up":{"uv":[3,1.5,1.5,0],"texture":"#0"},"down":{"uv":[4.5,0,3,1.5],"texture":"#0"}}},{"name":"head","from":[3.94922,19.5,4],"to":[11.94922,27.5,12],"rotation":{"angle":22.5,"axis":"x","origin":[8,23.5,7]},"faces":{"north":{"uv":[1,2.875,2,3.875],"texture":"#0"},"east":{"uv":[0,2.875,1,3.875],"texture":"#0"},"south":{"uv":[3,2.875,4,3.875],"texture":"#0"},"west":{"uv":[2,2.875,3,3.875],"texture":"#0"},"up":{"uv":[2,2.875,1,1.875],"texture":"#0"},"down":{"uv":[3,1.875,2,2.875],"texture":"#0"}}},{"name":"body","from":[4,7.5,5],"to":[12,19.5,9],"rotation":{"angle":0,"axis":"y","origin":[8,13.5,7]},"faces":{"north":{"uv":[4,3.875,5,5.375],"texture":"#0"},"east":{"uv":[3.5,3.875,4,5.375],"texture":"#0"},"south":{"uv":[5.5,3.875,6.5,5.375],"texture":"#0"},"west":{"uv":[5,3.875,5.5,5.375],"texture":"#0"},"up":{"uv":[5,3.875,4,3.375],"texture":"#0"},"down":{"uv":[6,3.375,5,3.875],"texture":"#0"}}},{"name":"right_arm","from":[-4.01933,11.14885,5.07031],"to":[1.98067,15.14885,9.07031],"rotation":{"angle":-45,"axis":"z","origin":[2.98067,14.14885,7.05078]},"faces":{"north":{"uv":[6.25,1.875,7,2.375],"rotation":270,"texture":"#0"},"east":{"uv":[5.75,1.875,6.25,2.375],"rotation":90,"texture":"#0"},"south":{"uv":[7.5,1.875,8.25,2.375],"rotation":90,"texture":"#0"},"west":{"uv":[7,1.875,7.5,2.375],"rotation":90,"texture":"#0"},"up":{"uv":[7,1.875,6.25,1.375],"rotation":90,"texture":"#0"},"down":{"uv":[7.75,1.375,7,1.875],"rotation":90,"texture":"#0"}}},{"name":"right_arm","from":[0,13.5,5.05078],"to":[6,17.5,9.05078],"rotation":{"angle":22.5,"axis":"z","origin":[2,13.5,7.05078]},"faces":{"north":{"uv":[6.5,3.125,7.25,3.625],"rotation":270,"texture":"#0"},"east":{"uv":[6,3.125,6.5,3.625],"rotation":90,"texture":"#0"},"south":{"uv":[7.75,3.125,8.5,3.625],"rotation":90,"texture":"#0"},"west":{"uv":[7.25,3.125,7.75,3.625],"rotation":90,"texture":"#0"},"up":{"uv":[7.25,3.125,6.5,2.625],"rotation":90,"texture":"#0"},"down":{"uv":[8,2.625,7.25,3.125],"rotation":90,"texture":"#0"}}},{"name":"right_arm","from":[10,13.5,5.05078],"to":[16,17.5,9.05078],"rotation":{"angle":-22.5,"axis":"z","origin":[14,13.5,7.05078]},"faces":{"north":{"uv":[7.25,3.125,6.5,3.625],"rotation":270,"texture":"#0"},"east":{"uv":[7.75,3.125,7.25,3.625],"rotation":90,"texture":"#0"},"south":{"uv":[8.5,3.125,7.75,3.625],"rotation":90,"texture":"#0"},"west":{"uv":[6.5,3.125,6,3.625],"rotation":90,"texture":"#0"},"up":{"uv":[6.5,3.125,7.25,2.625],"rotation":90,"texture":"#0"},"down":{"uv":[7.25,2.625,8,3.125],"rotation":90,"texture":"#0"}}},{"name":"right_arm","from":[14.01933,11.14885,5.07031],"to":[20.01933,15.14885,9.07031],"rotation":{"angle":45,"axis":"z","origin":[13.01933,14.14885,7.05078]},"faces":{"north":{"uv":[7,1.875,6.25,2.375],"rotation":270,"texture":"#0"},"east":{"uv":[7.5,1.875,7,2.375],"rotation":90,"texture":"#0"},"south":{"uv":[8.25,1.875,7.5,2.375],"rotation":90,"texture":"#0"},"west":{"uv":[6.25,1.875,5.75,2.375],"rotation":90,"texture":"#0"},"up":{"uv":[6.25,1.875,7,1.375],"rotation":90,"texture":"#0"},"down":{"uv":[7,1.375,7.75,1.875],"rotation":90,"texture":"#0"}}},{"name":"right_leg","from":[8.01563,4.5,5],"to":[12.01563,8.5,11],"rotation":{"angle":45,"axis":"x","origin":[10,5.5,8]},"faces":{"north":{"uv":[4.75,2.625,5.25,3.125],"rotation":180,"texture":"#0"},"east":{"uv":[4,2.625,4.75,3.125],"rotation":90,"texture":"#0"},"south":{"uv":[6,2.625,6.5,3.125],"texture":"#0"},"west":{"uv":[5.25,2.625,6,3.125],"rotation":270,"texture":"#0"},"up":{"uv":[5.25,2.625,4.75,1.875],"texture":"#0"},"down":{"uv":[5.75,1.875,5.25,2.625],"rotation":180,"texture":"#0"}}},{"name":"right_leg","from":[8,2.5,9],"to":[12,6.5,15],"rotation":{"angle":0,"axis":"y","origin":[10,2.5,12]},"faces":{"north":{"uv":[5.25,0.75,5.75,1.25],"rotation":180,"texture":"#0"},"east":{"uv":[4.5,0.75,5.25,1.25],"rotation":90,"texture":"#0"},"south":{"uv":[6.5,0.75,7,1.25],"texture":"#0"},"west":{"uv":[5.75,0.75,6.5,1.25],"rotation":270,"texture":"#0"},"up":{"uv":[5.75,0.75,5.25,0],"texture":"#0"},"down":{"uv":[6.25,0,5.75,0.75],"rotation":180,"texture":"#0"}}},{"name":"right_leg","from":[4,2.5,4.19531],"to":[8,10.5,8.19531],"rotation":{"angle":-22.5,"axis":"x","origin":[6,-1.5,7]},"faces":{"north":{"uv":[5.5,5.875,6,6.875],"texture":"#0"},"east":{"uv":[5,5.875,5.5,6.875],"texture":"#0"},"south":{"uv":[6.5,5.875,7,6.875],"texture":"#0"},"west":{"uv":[6,5.875,6.5,6.875],"texture":"#0"},"up":{"uv":[6,5.875,5.5,5.375],"texture":"#0"},"down":{"uv":[6.5,5.375,6,5.875],"texture":"#0"}}},{"name":"right_leg","from":[3.95313,6.5,0.54297],"to":[7.95313,10.5,6.54297],"rotation":{"angle":22.5,"axis":"x","origin":[6,7.5,3]},"faces":{"north":{"uv":[0.75,4.625,1.25,5.125],"rotation":180,"texture":"#0"},"east":{"uv":[0,4.625,0.75,5.125],"rotation":270,"texture":"#0"},"south":{"uv":[2,4.625,2.5,5.125],"texture":"#0"},"west":{"uv":[1.25,4.625,2,5.125],"rotation":90,"texture":"#0"},"up":{"uv":[1.25,4.625,0.75,3.875],"rotation":180,"texture":"#0"},"down":{"uv":[1.75,3.875,1.25,4.625],"texture":"#0"}}}],"display":{"thirdperson_righthand":{"rotation":[60,40,0],"translation":[0,5.75,2],"scale":[0.6,0.6,0.6]},"thirdperson_lefthand":{"rotation":[60,40,0],"translation":[0,5.75,2],"scale":[0.6,0.6,0.6]},"firstperson_righthand":{"rotation":[0,-73,6],"translation":[2.25,1.75,-0.5],"scale":[-0.6,0.6,-0.6]},"firstperson_lefthand":{"rotation":[0,-73,6],"translation":[2.25,1.75,-0.5],"scale":[-0.6,0.6,-0.6]},"ground":{"translation":[0,1.5,0],"scale":[0.35,0.35,0.35]},"gui":{"rotation":[30,-135,0],"translation":[0.25,-1.75,0],"scale":[0.5,0.5,0.5]},"head":{"translation":[0,-30.4,0],"scale":[-1.6,1.6,-1.6]},"fixed":{"rotation":[-90,90,0],"translation":[0,0,-16],"scale":[-2,2,-2]}},"groups":[0,{"name":"steve","origin":[8,8,8],"color":0,"children":[1,2,3,4,5,6,7,8,9,10]}]}