{"credit":"Made with Blockbench","texture_size":[64,64],"textures":{"0":"custom/general/decoration/english_garden/eng_garden_chair","particle":"custom/general/decoration/english_garden/eng_garden_chair"},"elements":[{"from":[1.5,8,1.5],"to":[14.5,10,14.5],"rotation":{"angle":0,"axis":"y","origin":[16,0,16]},"faces":{"north":{"uv":[3.25,3.25,6.5,3.75],"texture":"#0"},"east":{"uv":[0,3.25,3.25,3.75],"texture":"#0"},"south":{"uv":[9.75,3.25,13,3.75],"texture":"#0"},"west":{"uv":[6.5,3.25,9.75,3.75],"texture":"#0"},"up":{"uv":[6.5,3.25,3.25,0],"texture":"#0"},"down":{"uv":[9.75,0,6.5,3.25],"texture":"#0"}}},{"from":[7,2,7],"to":[9,8,9],"rotation":{"angle":0,"axis":"y","origin":[0,0,16]},"faces":{"north":{"uv":[0.5,1.75,1,3.25],"texture":"#0"},"east":{"uv":[0,1.75,0.5,3.25],"texture":"#0"},"south":{"uv":[1.5,1.75,2,3.25],"texture":"#0"},"west":{"uv":[1,1.75,1.5,3.25],"texture":"#0"},"up":{"uv":[1,1.75,0.5,1.25],"texture":"#0"},"down":{"uv":[1.5,1.25,1,1.75],"texture":"#0"}}},{"from":[-1,0,8],"to":[17,8,8],"rotation":{"angle":-45,"axis":"y","origin":[8,4,8]},"faces":{"north":{"uv":[0,3.75,4.5,5.75],"texture":"#0"},"east":{"uv":[0,3.75,0,5.75],"texture":"#0"},"south":{"uv":[4.5,3.75,9,5.75],"texture":"#0"},"west":{"uv":[4.5,3.75,4.5,5.75],"texture":"#0"},"up":{"uv":[4.5,3.75,0,3.75],"texture":"#0"},"down":{"uv":[9,3.75,4.5,3.75],"texture":"#0"}}},{"from":[8,0,-1],"to":[8,8,17],"rotation":{"angle":-45,"axis":"y","origin":[8,4,8]},"faces":{"north":{"uv":[4.5,3.75,4.5,5.75],"texture":"#0"},"east":{"uv":[0,3.75,4.5,5.75],"texture":"#0"},"south":{"uv":[9,3.75,9,5.75],"texture":"#0"},"west":{"uv":[4.5,3.75,9,5.75],"texture":"#0"},"up":{"uv":[4.5,3.75,4.5,-0.75],"texture":"#0"},"down":{"uv":[4.5,-0.75,4.5,3.75],"texture":"#0"}}},{"from":[6.5,3,6.5],"to":[9.5,5,9.5],"rotation":{"angle":0,"axis":"y","origin":[0,0,16]},"faces":{"north":{"uv":[0.75,0.75,1.5,1.25],"texture":"#0"},"east":{"uv":[0,0.75,0.75,1.25],"texture":"#0"},"south":{"uv":[2.25,0.75,3,1.25],"texture":"#0"},"west":{"uv":[1.5,0.75,2.25,1.25],"texture":"#0"},"up":{"uv":[1.5,0.75,0.75,0],"texture":"#0"},"down":{"uv":[2.25,0,1.5,0.75],"texture":"#0"}}},{"from":[2,10,2],"to":[4,24,4],"rotation":{"angle":0,"axis":"y","origin":[0,0,16]},"faces":{"north":{"uv":[8.5,6.25,9,9.75],"texture":"#0"},"east":{"uv":[8,6.25,8.5,9.75],"texture":"#0"},"south":{"uv":[9.5,6.25,10,9.75],"texture":"#0"},"west":{"uv":[9,6.25,9.5,9.75],"texture":"#0"},"up":{"uv":[9,6.25,8.5,5.75],"texture":"#0"},"down":{"uv":[9.5,5.75,9,6.25],"texture":"#0"}}},{"from":[2,10,3],"to":[14,27,3],"rotation":{"angle":0,"axis":"y","origin":[0,0,16]},"faces":{"north":{"uv":[0,5.75,3,10],"texture":"#0"},"east":{"uv":[0,5.75,0,10],"texture":"#0"},"south":{"uv":[3,5.75,6,10],"texture":"#0"},"west":{"uv":[3,5.75,3,10],"texture":"#0"},"up":{"uv":[3,5.75,0,5.75],"texture":"#0"},"down":{"uv":[6,5.75,3,5.75],"texture":"#0"}}},{"from":[12,10,2],"to":[14,24,4],"rotation":{"angle":0,"axis":"y","origin":[0,0,16]},"faces":{"north":{"uv":[6.5,6.25,7,9.75],"texture":"#0"},"east":{"uv":[6,6.25,6.5,9.75],"texture":"#0"},"south":{"uv":[7.5,6.25,8,9.75],"texture":"#0"},"west":{"uv":[7,6.25,7.5,9.75],"texture":"#0"},"up":{"uv":[7,6.25,6.5,5.75],"texture":"#0"},"down":{"uv":[7.5,5.75,7,6.25],"texture":"#0"}}}],"display":{"thirdperson_righthand":{"rotation":[60,-160,0],"translation":[0,3.25,0],"scale":[0.6,0.6,0.6]},"thirdperson_lefthand":{"rotation":[60,-160,0],"translation":[0,3.25,0],"scale":[0.6,0.6,0.6]},"firstperson_righthand":{"rotation":[0,-73,6],"translation":[1,1.25,0],"scale":[0.4,0.4,0.4]},"firstperson_lefthand":{"rotation":[0,-73,6],"translation":[1,1.25,0],"scale":[0.4,0.4,0.4]},"ground":{"translation":[0,1.5,0],"scale":[0.35,0.35,0.35]},"gui":{"rotation":[30,45,0],"translation":[0.25,-2.25,0],"scale":[0.5,0.5,0.5]},"head":{"translation":[0,-30.4,0],"scale":[1.6,1.6,1.6]},"fixed":{"rotation":[90,90,-180],"translation":[0,0,-16],"scale":[2,2,2]}}}