{"credit":"by w11shes","textures":{"0":"custom/factions/weapons/sword_of_titans/sword_of_titans","particle":"#0"},"elements":[{"from":[7,1,7],"to":[9,7,9],"rotation":{"angle":0,"axis":"y","origin":[0,-4,0]},"faces":{"north":{"uv":[1.5,0,2.5,3],"texture":"#0"},"east":{"uv":[1.5,0,2.5,3],"texture":"#0"},"south":{"uv":[1.5,0,2.5,3],"texture":"#0"},"west":{"uv":[1.5,0,2.5,3],"texture":"#0"}}},{"from":[8,6,6.5],"to":[13,11,9.5],"rotation":{"angle":45,"axis":"z","origin":[8,6,6]},"faces":{"north":{"uv":[0,4.5,2.5,7],"texture":"#0"},"east":{"uv":[4,4.5,5.5,7],"texture":"#0"},"south":{"uv":[2.5,4.5,0,7],"texture":"#0"},"west":{"uv":[2.5,4.5,4,7],"texture":"#0"},"up":{"uv":[4,4.5,5.5,7],"rotation":90,"texture":"#0"},"down":{"uv":[2.5,4.5,4,7],"rotation":90,"texture":"#0"}}},{"from":[6.5,-2,6.5],"to":[9.5,1,9.5],"rotation":{"angle":0,"axis":"y","origin":[0,-2,0]},"faces":{"north":{"uv":[0,0,1.5,1.5],"texture":"#0"},"east":{"uv":[0,0,1.5,1.5],"texture":"#0"},"south":{"uv":[0,0,1.5,1.5],"texture":"#0"},"west":{"uv":[0,0,1.5,1.5],"texture":"#0"},"up":{"uv":[0,1.5,1.5,3],"texture":"#0"},"down":{"uv":[0,3,1.5,4.5],"texture":"#0"}}},{"from":[5.5,10.5,7.5],"to":[10.5,26.5,8.5],"faces":{"north":{"uv":[13.5,9,16,16],"texture":"#0"},"east":{"uv":[13.5,9,14,16],"texture":"#0"},"south":{"uv":[16,9,13.5,16],"texture":"#0"},"west":{"uv":[15.5,9,16,16],"texture":"#0"},"up":{"uv":[16,9,13.5,9.5],"texture":"#0"}}},{"from":[3.5,21.5,8],"to":[12.5,30.5,8.02],"faces":{"north":{"uv":[0,11.5,4.5,16],"texture":"#0"},"south":{"uv":[4.5,11.5,0,16],"texture":"#0"}}},{"from":[-2.3,9.975,6.52],"to":[0.7,11.975,9.48],"rotation":{"angle":-22.5,"axis":"z","origin":[0,-2,0]},"faces":{"north":{"uv":[1.5,3.5,3,4.5],"texture":"#0"},"south":{"uv":[3,3.5,1.5,4.5],"texture":"#0"},"west":{"uv":[3,3.5,4.5,4.5],"texture":"#0"},"up":{"uv":[2.5,0,4,1.5],"texture":"#0"},"down":{"uv":[4,0,5.5,1.5],"texture":"#0"}}},{"from":[15.3,9.975,6.52],"to":[18.3,11.975,9.48],"rotation":{"angle":22.5,"axis":"z","origin":[16,-2,0]},"faces":{"north":{"uv":[3,3.5,1.5,4.5],"texture":"#0"},"east":{"uv":[4.5,3.5,3,4.5],"texture":"#0"},"south":{"uv":[1.5,3.5,3,4.5],"texture":"#0"},"up":{"uv":[4,0,2.5,1.5],"texture":"#0"},"down":{"uv":[5.5,0,4,1.5],"texture":"#0"}}}],"gui_light":"front","display":{"thirdperson_righthand":{"rotation":[0,-90,0],"translation":[-0.25,1.5,1],"scale":[0.9,0.9,0.9]},"thirdperson_lefthand":{"rotation":[0,90,0],"translation":[-0.25,1.25,1],"scale":[0.9,0.9,0.9]},"firstperson_righthand":{"rotation":[16,88,0],"translation":[2.75,-1,-2.25],"scale":[0.7,0.7,0.7]},"firstperson_lefthand":{"rotation":[16,88,0],"translation":[2.75,-1,-2.25],"scale":[0.7,0.7,0.7]},"ground":{"translation":[0,5,0],"scale":[0.5,0.5,0.5]},"gui":{"rotation":[-25,160,46],"translation":[-2.5,-2.75,0],"scale":[0.6,0.6,0.6]}}}