{"credit":"Made with Blockbench","texture_size":[32,32],"textures":{"0":"custom/general/cosmetics/hats/aquarium","1":"custom/general/cosmetics/hats/aquarium_ani","particle":"custom/general/cosmetics/hats/aquarium"},"elements":[{"from":[0,0,0],"to":[16,16,16],"faces":{"north":{"uv":[12,12,16,16],"texture":"#0"},"east":{"uv":[12,12,8,16],"texture":"#0"},"south":{"uv":[12,12,16,16],"texture":"#0"},"west":{"uv":[12,12,8,16],"texture":"#0"},"up":{"uv":[12,8,16,12],"texture":"#0"},"down":{"uv":[12,4,16,8],"texture":"#0"}}},{"from":[1,1,1],"to":[15,15,15],"faces":{"north":{"uv":[0,12.5,3.5,16],"texture":"#0"},"east":{"uv":[0,12.5,3.5,16],"texture":"#0"},"south":{"uv":[0,12.5,3.5,16],"texture":"#0"},"west":{"uv":[0,12.5,3.5,16],"texture":"#0"},"up":{"uv":[0,9,3.5,12.5],"texture":"#0"},"down":{"uv":[0,5.5,3.5,9],"texture":"#0"}}},{"from":[1.5,1.5,1.5],"to":[14.5,14.5,14.5],"faces":{"north":{"uv":[10,10,16,16],"texture":"#1"},"east":{"uv":[4,10,10,16],"texture":"#1"},"south":{"uv":[10,4,16,10],"texture":"#1"},"west":{"uv":[4,4,10,10],"texture":"#1"},"down":{"uv":[0,0,6,3],"texture":"#1"}}},{"from":[14.5,1.5,1.5],"to":[1.5,14.5,14.5],"rotation":{"angle":0,"axis":"y","origin":[0.25,-0.75,-0.25]},"faces":{"north":{"uv":[16,10,10,16],"texture":"#1"},"east":{"uv":[10,4,4,10],"texture":"#1"},"south":{"uv":[16,4,10,10],"texture":"#1"},"west":{"uv":[10,10,4,16],"texture":"#1"},"up":{"uv":[0,0,6,3],"texture":"#1"},"down":{"uv":[0,0,6,3],"texture":"#1"}}}],"display":{"thirdperson_righthand":{"rotation":[60,135,0],"translation":[0,5,0],"scale":[0.5,0.5,0.5]},"thirdperson_lefthand":{"rotation":[60,135,0],"translation":[0,5,0],"scale":[0.5,0.5,0.5]},"firstperson_righthand":{"rotation":[0,115,0],"translation":[-1.25,2,0],"scale":[0.5,0.5,0.5]},"firstperson_lefthand":{"rotation":[0,115,0],"translation":[-1.25,2,0],"scale":[0.5,0.5,0.5]},"ground":{"translation":[0,3,0],"scale":[0.3,0.3,0.3]},"gui":{"rotation":[30,45,0],"scale":[0.63281,0.63281,0.63281]},"head":{"translation":[0,2,0],"scale":[1.3,1.3,1.3]},"fixed":{"translation":[0,0,-4.25]}}}