{"credit":"Made with Blockbench","texture_size":[32,32],"textures":{"0":"custom/general/cosmetics/hats/bird_nest_hat","particle":"custom/general/cosmetics/hats/bird_nest_hat"},"elements":[{"from":[4,0,4],"to":[12,3,12],"rotation":{"angle":0,"axis":"y","origin":[0,0,3]},"faces":{"north":{"uv":[4,6.5,8,8],"texture":"#0"},"east":{"uv":[4,6.5,8,8],"texture":"#0"},"south":{"uv":[4,6.5,8,8],"texture":"#0"},"west":{"uv":[4,6.5,8,8],"texture":"#0"},"up":{"uv":[0,6.5,4,10.5],"texture":"#0"},"down":{"uv":[0,0,4,4],"texture":"#0"}}},{"from":[3.75,-0.25,3.75],"to":[12.25,3.25,12.25],"rotation":{"angle":0,"axis":"y","origin":[0,0.5,3]},"faces":{"north":{"uv":[3.5,4.5,8,6.5],"texture":"#0"},"east":{"uv":[3.5,4.5,8,6.5],"texture":"#0"},"south":{"uv":[3.5,4.5,8,6.5],"texture":"#0"},"west":{"uv":[3.5,4.5,8,6.5],"texture":"#0"},"up":{"uv":[8,8,12.5,12.5],"texture":"#0"},"down":{"uv":[8,3.5,12.5,8],"texture":"#0"}}},{"from":[0.25,0.5,8],"to":[5.25,5.5,8],"rotation":{"angle":-22.5,"axis":"z","origin":[3.75,3,8]},"faces":{"north":{"uv":[5.5,2,8,4.5],"texture":"#0"},"east":{"uv":[0,0,0,2.5],"texture":"#missing"},"south":{"uv":[8,2,5.5,4.5],"texture":"#0"},"west":{"uv":[0,0,0,2.5],"texture":"#missing"},"up":{"uv":[0,0,2.5,0],"texture":"#missing"},"down":{"uv":[0,0,2.5,0],"texture":"#missing"}}},{"from":[11,1,8],"to":[16,6,8],"rotation":{"angle":22.5,"axis":"z","origin":[13.5,3.5,8]},"faces":{"north":{"uv":[5.5,2,3,4.5],"texture":"#0"},"east":{"uv":[0,0,0,2.5],"texture":"#missing"},"south":{"uv":[3,2,5.5,4.5],"texture":"#0"},"west":{"uv":[0,0,0,2.5],"texture":"#missing"},"up":{"uv":[0,0,2.5,0],"texture":"#missing"},"down":{"uv":[0,0,2.5,0],"texture":"#missing"}}},{"from":[4,0,4],"to":[12,3,4],"rotation":{"angle":22.5,"axis":"x","origin":[8,3,4]},"faces":{"north":{"uv":[8,8,4,9.5],"texture":"#0"},"east":{"uv":[0,0,0,1.5],"texture":"#missing"},"south":{"uv":[4,8,8,9.5],"texture":"#0"},"west":{"uv":[0,0,0,1.5],"texture":"#missing"},"up":{"uv":[0,0,4,0],"texture":"#missing"},"down":{"uv":[0,0,4,0],"texture":"#missing"}}},{"from":[4,3.75,5],"to":[12,4.75,5],"rotation":{"angle":-45,"axis":"x","origin":[8,2,5]},"faces":{"north":{"uv":[4,9,8,9.5],"rotation":180,"texture":"#0"},"east":{"uv":[0,0,0,1.5],"rotation":180,"texture":"#missing"},"south":{"uv":[8,9,4,9.5],"rotation":180,"texture":"#0"},"west":{"uv":[0,0,0,1.5],"rotation":180,"texture":"#missing"},"up":{"uv":[0,0,4,0],"texture":"#missing"},"down":{"uv":[0,1,4,0],"texture":"#missing"}}},{"from":[4,0,12],"to":[12,3,12],"rotation":{"angle":-22.5,"axis":"x","origin":[8,3,12]},"faces":{"north":{"uv":[4,8,8,9.5],"texture":"#0"},"east":{"uv":[0,0,0,1.5],"texture":"#missing"},"south":{"uv":[8,8,4,9.5],"texture":"#0"},"west":{"uv":[0,0,0,1.5],"texture":"#missing"},"up":{"uv":[0,0,4,0],"texture":"#missing"},"down":{"uv":[0,0,4,0],"texture":"#missing"}}},{"from":[4,2,12.75],"to":[12,2,13.75],"rotation":{"angle":-45,"axis":"x","origin":[8,2,11]},"faces":{"north":{"uv":[0,0,4,0],"rotation":180,"texture":"#missing"},"east":{"uv":[0,0,0,1.5],"rotation":90,"texture":"#missing"},"south":{"uv":[0,0,4,0],"texture":"#missing"},"west":{"uv":[0,0,0,1.5],"rotation":270,"texture":"#missing"},"up":{"uv":[8,9,4,9.5],"texture":"#0"},"down":{"uv":[4,9,8,9.5],"rotation":180,"texture":"#0"}}},{"from":[4,0,4],"to":[4,3,12],"rotation":{"angle":-22.5,"axis":"z","origin":[4,3,8]},"faces":{"north":{"uv":[0,0,0,1.5],"texture":"#missing"},"east":{"uv":[4,8,8,9.5],"texture":"#0"},"south":{"uv":[0,0,0,1.5],"texture":"#missing"},"west":{"uv":[8,8,4,9.5],"texture":"#0"},"up":{"uv":[0,0,4,0],"rotation":90,"texture":"#missing"},"down":{"uv":[0,0,4,0],"rotation":270,"texture":"#missing"}}},{"from":[5,3.75,4],"to":[5,4.75,12],"rotation":{"angle":45,"axis":"z","origin":[5,2,8]},"faces":{"north":{"uv":[0,0,0,1.5],"rotation":180,"texture":"#missing"},"east":{"uv":[8,9,4,9.5],"rotation":180,"texture":"#0"},"south":{"uv":[0,0,0,1.5],"rotation":180,"texture":"#missing"},"west":{"uv":[4,9,8,9.5],"rotation":180,"texture":"#0"},"up":{"uv":[0,0,4,0],"rotation":90,"texture":"#missing"},"down":{"uv":[0,0,4,0],"rotation":270,"texture":"#missing"}}},{"from":[12,0,4],"to":[12,3,12],"rotation":{"angle":22.5,"axis":"z","origin":[12,3,8]},"faces":{"north":{"uv":[0,0,0,1.5],"texture":"#missing"},"east":{"uv":[8,8,4,9.5],"texture":"#0"},"south":{"uv":[0,0,0,1.5],"texture":"#missing"},"west":{"uv":[4,8,8,9.5],"texture":"#0"},"up":{"uv":[0,0,4,0],"rotation":90,"texture":"#missing"},"down":{"uv":[0,0,4,0],"rotation":270,"texture":"#missing"}}},{"from":[12.75,2,4],"to":[13.75,2,12],"rotation":{"angle":45,"axis":"z","origin":[11,2,8]},"faces":{"north":{"uv":[0,0,0,1.5],"rotation":90,"texture":"#missing"},"east":{"uv":[0,0,4,0],"rotation":180,"texture":"#missing"},"south":{"uv":[0,0,0,1.5],"rotation":270,"texture":"#missing"},"west":{"uv":[0,0,4,0],"texture":"#missing"},"up":{"uv":[8,9,4,9.5],"rotation":270,"texture":"#0"},"down":{"uv":[4,9,8,9.5],"rotation":270,"texture":"#0"}}},{"from":[4,-2,12],"to":[12,1,12],"rotation":{"angle":-45,"axis":"x","origin":[8,1,12]},"faces":{"north":{"uv":[8,8,4,9.5],"texture":"#0"},"east":{"uv":[0,0,0,1.5],"texture":"#missing"},"south":{"uv":[4,8,8,9.5],"texture":"#0"},"west":{"uv":[0,0,0,1.5],"texture":"#missing"},"up":{"uv":[0,0,4,0],"texture":"#missing"},"down":{"uv":[0,0,4,0],"texture":"#missing"}}},{"from":[4,-2,4],"to":[4,1,12],"rotation":{"angle":-45,"axis":"z","origin":[4,1,8]},"faces":{"north":{"uv":[0,0,0,1.5],"texture":"#missing"},"east":{"uv":[8,8,4,9.5],"texture":"#0"},"south":{"uv":[0,0,0,1.5],"texture":"#missing"},"west":{"uv":[4,8,8,9.5],"texture":"#0"},"up":{"uv":[0,0,4,0],"rotation":90,"texture":"#missing"},"down":{"uv":[0,0,4,0],"rotation":270,"texture":"#missing"}}},{"from":[4,1,1],"to":[12,1,4],"rotation":{"angle":-45,"axis":"x","origin":[8,1,4]},"faces":{"north":{"uv":[0,0,4,0],"rotation":180,"texture":"#missing"},"east":{"uv":[0,0,0,1.5],"rotation":270,"texture":"#missing"},"south":{"uv":[0,0,4,0],"texture":"#missing"},"west":{"uv":[0,0,0,1.5],"rotation":90,"texture":"#missing"},"up":{"uv":[4,8,8,9.5],"rotation":180,"texture":"#0"},"down":{"uv":[8,8,4,9.5],"texture":"#0"}}},{"from":[12,-2,4],"to":[12,1,12],"rotation":{"angle":45,"axis":"z","origin":[12,1,8]},"faces":{"north":{"uv":[0,0,0,1.5],"texture":"#missing"},"east":{"uv":[4,8,8,9.5],"texture":"#0"},"south":{"uv":[0,0,0,1.5],"texture":"#missing"},"west":{"uv":[8,8,4,9.5],"texture":"#0"},"up":{"uv":[0,0,4,0],"rotation":90,"texture":"#missing"},"down":{"uv":[0,0,4,0],"rotation":270,"texture":"#missing"}}},{"from":[6.25,3,9],"to":[9.25,5,11],"rotation":{"angle":-22.5,"axis":"y","origin":[7.75,4,10]},"faces":{"north":{"uv":[14.5,13,16,14],"texture":"#0"},"east":{"uv":[13.5,15,14.5,16],"texture":"#0"},"south":{"uv":[14.5,15,16,16],"texture":"#0"},"west":{"uv":[13.5,14,14.5,15],"texture":"#0"},"up":{"uv":[14.5,14,16,15],"rotation":180,"texture":"#0"},"down":{"uv":[0,0,1,1.5],"rotation":270,"texture":"#0"}}},{"from":[8.75,3,5.5],"to":[10.75,5,8.5],"rotation":{"angle":0,"axis":"y","origin":[9.75,4,7]},"faces":{"north":{"uv":[13.5,15,14.5,16],"texture":"#0"},"east":{"uv":[14.5,15,16,16],"texture":"#0"},"south":{"uv":[13.5,14,14.5,15],"texture":"#0"},"west":{"uv":[14.5,13,16,14],"texture":"#0"},"up":{"uv":[14.5,14,16,15],"rotation":90,"texture":"#0"},"down":{"uv":[0,0,1,1.5],"texture":"#0"}}},{"from":[4.75,3,5.5],"to":[7.75,5,7.5],"rotation":{"angle":45,"axis":"y","origin":[6.25,4,6.5]},"faces":{"north":{"uv":[14.5,15,16,16],"texture":"#0"},"east":{"uv":[13.5,14,14.5,15],"texture":"#0"},"south":{"uv":[14.5,13,16,14],"texture":"#0"},"west":{"uv":[13.5,15,14.5,16],"texture":"#0"},"up":{"uv":[14.5,14,16,15],"texture":"#0"},"down":{"uv":[0,0,1,1.5],"rotation":90,"texture":"#0"}}}],"display":{"thirdperson_righthand":{"rotation":[60,135,0],"translation":[0,4.75,3],"scale":[0.6,0.6,0.6]},"thirdperson_lefthand":{"rotation":[60,135,0],"translation":[0,4.75,3],"scale":[0.6,0.6,0.6]},"firstperson_righthand":{"rotation":[0,-35,0],"translation":[0,5.5,0],"scale":[0.6,0.6,0.6]},"firstperson_lefthand":{"rotation":[0,-35,0],"translation":[0,5.5,0],"scale":[0.6,0.6,0.6]},"ground":{"translation":[0,3,0],"scale":[0.3,0.3,0.3]},"gui":{"rotation":[30,135,0],"translation":[0,6.5,0],"scale":[1.17188,1.17188,1.17188]},"head":{"translation":[0,20,0],"scale":[1.9,1.9,1.9]},"fixed":{"translation":[0,6,-3]}}}