{"credit":"Made with Blockbench","texture_size":[64,64],"textures":{"0":"custom/general/cosmetics/hats/mushroom_hat","particle":"custom/general/cosmetics/hats/mushroom_hat"},"elements":[{"from":[1,0,1],"to":[15,8,15],"faces":{"north":{"uv":[4.5,8,8,10],"texture":"#0"},"east":{"uv":[4.5,8,8,10],"texture":"#0"},"south":{"uv":[4.5,8,8,10],"texture":"#0"},"west":{"uv":[4.5,8,8,10],"texture":"#0"},"up":{"uv":[4.5,10,8,13.5],"texture":"#0"},"down":{"uv":[1,8,4.5,11.5],"texture":"#0"}}}],"display":{"thirdperson_righthand":{"rotation":[60,135,0],"translation":[0,3.25,0.25],"scale":[0.35,0.35,0.35]},"thirdperson_lefthand":{"rotation":[60,135,0],"translation":[0,3.25,0.25],"scale":[0.35,0.35,0.35]},"firstperson_righthand":{"rotation":[0,115,0],"translation":[0,3.25,0],"scale":[0.4,0.4,0.4]},"firstperson_lefthand":{"rotation":[0,115,0],"translation":[0,3.25,0],"scale":[0.4,0.4,0.4]},"ground":{"translation":[0,3,0],"scale":[0.3,0.3,0.3]},"gui":{"rotation":[30,135,0],"translation":[0,2.5,0],"scale":[0.80273,0.80273,0.80273]},"head":{"rotation":[10,0,0],"translation":[0,18.75,2.75],"scale":[1.83,1.83,1.83]},"fixed":{"translation":[0,4,0]}}}