{"credit":"Made with Blockbench","textures":{"0":"custom/general/cosmetics/hats/bubble_pipe","particle":"custom/general/cosmetics/hats/bubble_pipe"},"elements":[{"from":[7.4,-1.6,3.9],"to":[8.6,-0.4,9.1],"rotation":{"angle":-22.5,"axis":"x","origin":[0,-2,0]},"faces":{"north":{"uv":[0,0,1,1],"texture":"#0"},"east":{"uv":[12,16,13,11],"rotation":90,"texture":"#0"},"south":{"uv":[12,11,13,12],"texture":"#0"},"west":{"uv":[12,11,13,16],"rotation":90,"texture":"#0"},"up":{"uv":[12,16,13,11],"texture":"#0"},"down":{"uv":[12,11,13,16],"texture":"#0"}}},{"from":[6.5,1.57193,0.88896],"to":[9.5,2.57193,3.88896],"rotation":{"angle":0,"axis":"x","origin":[8,0.07193,2.38896]},"faces":{"north":{"uv":[13,13,16,14],"texture":"#0"},"east":{"uv":[13,13,16,14],"texture":"#0"},"south":{"uv":[13,13,16,14],"texture":"#0"},"west":{"uv":[13,13,16,14],"texture":"#0"},"up":{"uv":[13,10,16,13],"texture":"#0"}}},{"from":[6.75,-0.42807,1.13896],"to":[9.25,2.07193,3.63896],"rotation":{"angle":0,"axis":"x","origin":[8,0.07193,2.38896]},"faces":{"north":{"uv":[13,16,16,13],"texture":"#0"},"east":{"uv":[13,16,16,13],"texture":"#0"},"south":{"uv":[13,16,16,13],"texture":"#0"},"west":{"uv":[13,16,16,13],"texture":"#0"},"up":{"uv":[13,15,16,16],"texture":"#0"},"down":{"uv":[13,7,16,10],"texture":"#0"}}},{"from":[9.5,1.57193,0.88896],"to":[6.5,2.57193,3.88896],"rotation":{"angle":0,"axis":"x","origin":[8,0.07193,2.38896]},"faces":{"north":{"uv":[13,13,16,14],"texture":"#0"},"east":{"uv":[13,13,16,14],"texture":"#0"},"south":{"uv":[13,13,16,14],"texture":"#0"},"west":{"uv":[13,13,16,14],"texture":"#0"},"up":{"uv":[13,10,16,13],"texture":"#0"},"down":{"uv":[13,7,16,10],"texture":"#0"}}},{"from":[5,3,2.5],"to":[11,11,2.5],"rotation":{"angle":-22.5,"axis":"y","origin":[8,7,2.5]},"faces":{"north":{"uv":[0,0,12,16],"texture":"#0"},"east":{"uv":[0,0,0,8],"texture":"#0"},"south":{"uv":[12,0,0,16],"texture":"#0"},"west":{"uv":[0,0,0,8],"texture":"#0"},"up":{"uv":[0,0,6,0],"texture":"#0"},"down":{"uv":[0,0,6,0],"texture":"#0"}}}],"display":{"thirdperson_righthand":{"rotation":[60,135,0],"translation":[3.75,8.5,3.25]},"thirdperson_lefthand":{"rotation":[60,135,0],"translation":[3.75,8.5,3.25]},"firstperson_righthand":{"rotation":[0,15,0],"translation":[4,5.5,0]},"firstperson_lefthand":{"rotation":[0,15,0],"translation":[4,5.5,0]},"ground":{"translation":[0,3,0],"scale":[0.5,0.5,0.5]},"gui":{"rotation":[30,-135,0],"translation":[-4.5,7.5,0],"scale":[1.38086,1.38086,1.38086]},"head":{"rotation":[-4,22.5,0],"translation":[0,4,-6.25],"scale":[1.5,1.5,1.5]},"fixed":{"translation":[0,5.25,0]}}}