{"credit":"Made with Blockbench","texture_size":[32,32],"textures":{"0":"custom/general/cosmetics/hats/candy_cane_hat","particle":"custom/general/cosmetics/hats/candy_cane_hat"},"elements":[{"from":[1.75,7.5,7],"to":[14.75,9.5,9],"rotation":{"angle":0,"axis":"y","origin":[0.75,0.5,0]},"faces":{"north":{"uv":[1,1,7.5,2],"texture":"#0"},"east":{"uv":[0,1,1,2],"texture":"#0"},"south":{"uv":[8.5,1,15,2],"texture":"#0"},"west":{"uv":[7.5,1,8.5,2],"texture":"#0"},"up":{"uv":[7.5,1,1,0],"texture":"#0"},"down":{"uv":[14,0,7.5,1],"texture":"#0"}}},{"from":[-6.251,5.42793,6.999],"to":[-3.249,7.42993,9.001],"rotation":{"angle":-45,"axis":"z","origin":[1.75,0.42893,0]},"faces":{"north":{"uv":[1,3,2.5,4],"texture":"#0"},"east":{"uv":[0,3,1,4],"texture":"#0"},"south":{"uv":[3.5,3,5,4],"texture":"#0"},"west":{"uv":[2.5,3,3.5,4],"texture":"#0"},"up":{"uv":[2.5,3,1,2],"texture":"#0"},"down":{"uv":[4,2,2.5,3],"texture":"#0"}}},{"from":[8.75,6.42893,7],"to":[9.75,8.42893,9],"rotation":{"angle":45,"axis":"z","origin":[1.75,0.42893,0]},"faces":{"north":{"uv":[1,5,1.5,6],"texture":"#0"},"east":{"uv":[0,5,1,6],"texture":"#0"},"south":{"uv":[2.5,5,3,6],"texture":"#0"},"west":{"uv":[1.5,5,2.5,6],"texture":"#0"},"up":{"uv":[1.5,5,1,4],"texture":"#0"},"down":{"uv":[2,4,1.5,5],"texture":"#0"}}}],"display":{"thirdperson_righthand":{"rotation":[75,45,0],"translation":[0,2.5,0],"scale":[0.375,0.375,0.375]},"gui":{"rotation":[30,-135,0],"translation":[-0.5,-1.5,0]},"head":{"scale":[1.5,1.5,1.5]}}}