{"credit":"Made with Blockbench","texture_size":[32,32],"textures":{"0":"custom/general/cosmetics/hats/captains_hat","particle":"custom/general/cosmetics/hats/captains_hat"},"elements":[{"from":[4,0,4],"to":[12,2,12],"faces":{"north":{"uv":[9,3.5,13,4.5],"texture":"#0"},"east":{"uv":[4.5,9,8.5,10],"texture":"#0"},"south":{"uv":[13,3.5,9,4.5],"texture":"#0"},"west":{"uv":[8.5,9,4.5,10],"texture":"#0"},"down":{"uv":[8.5,0,4.5,4],"texture":"#0"}}},{"from":[3.75,0,3.75],"to":[12.25,1,12.25],"faces":{"north":{"uv":[9,5.5,13,6],"texture":"#0"},"east":{"uv":[9,6,13,6.5],"texture":"#0"},"west":{"uv":[13,6,9,6.5],"texture":"#0"}}},{"from":[12.25,0,3.75],"to":[3.75,1,12.25],"faces":{"north":{"uv":[9,5.5,13,6],"texture":"#0"},"east":{"uv":[9,6,13,6.5],"texture":"#0"},"west":{"uv":[13,6,9,6.5],"texture":"#0"}}},{"from":[3.5,2,3.5],"to":[12.5,4,12.5],"rotation":{"angle":0,"axis":"x","origin":[8,3,8]},"faces":{"north":{"uv":[8.5,1.5,13,2.5],"texture":"#0"},"east":{"uv":[8.5,2.5,13,3.5],"texture":"#0"},"south":{"uv":[13,1.5,8.5,2.5],"texture":"#0"},"west":{"uv":[13,2.5,8.5,3.5],"texture":"#0"},"up":{"uv":[4.5,4.5,0,0],"texture":"#0"},"down":{"uv":[4.5,4.5,0,9],"texture":"#0"}}},{"from":[3.475,3.34985,3.7685],"to":[12.525,5.34985,8.7685],"rotation":{"angle":22.5,"axis":"x","origin":[8,4.34985,5.2685]},"faces":{"north":{"uv":[0,9,4.5,10],"texture":"#0"},"east":{"uv":[9,4.5,11.5,5.5],"texture":"#0"},"south":{"uv":[4.5,9,0,10],"texture":"#0"},"west":{"uv":[11.5,4.5,9,5.5],"texture":"#0"},"up":{"uv":[9,6.5,4.5,4],"texture":"#0"},"down":{"uv":[9,6.5,4.5,9],"texture":"#0"}}},{"from":[6.475,3.34985,3.7435],"to":[9.525,4.84985,3.7435],"rotation":{"angle":22.5,"axis":"x","origin":[8.5,4.34985,5.2685]},"faces":{"north":{"uv":[9,6.5,11,7.5],"texture":"#0"}}},{"from":[6.475,2.50918,3.47683],"to":[9.525,4.00918,3.47683],"rotation":{"angle":0,"axis":"x","origin":[8.5,3.00918,3.47683]},"faces":{"north":{"uv":[9,7.5,11,8.5],"texture":"#0"}}},{"from":[4,-0.57495,1.11456],"to":[12,-0.57495,4.11456],"rotation":{"angle":-22.5,"axis":"x","origin":[8,-0.57495,2.61456]},"faces":{"north":{"uv":[0,0,4,0],"texture":"#0"},"east":{"uv":[0,0,1.5,0],"texture":"#0"},"south":{"uv":[0,0,4,0],"texture":"#0"},"west":{"uv":[0,0,1.5,0],"texture":"#0"},"up":{"uv":[12.5,1.5,8.5,0],"texture":"#0"},"down":{"uv":[12.5,0,8.5,1.5],"texture":"#0"}}}],"gui_light":"front","display":{"thirdperson_righthand":{"translation":[0,5.5,0],"scale":[0.7,0.7,0.7]},"thirdperson_lefthand":{"translation":[0,5.5,0],"scale":[0.7,0.7,0.7]},"firstperson_righthand":{"rotation":[0,125,0],"translation":[0,5.5,0],"scale":[0.5,0.5,0.5]},"firstperson_lefthand":{"rotation":[0,125,0],"translation":[0,5.5,0],"scale":[0.5,0.5,0.5]},"ground":{"translation":[0,2,0],"scale":[0.5,0.5,0.5]},"gui":{"rotation":[30,-135,0],"translation":[0,6,0]},"head":{"translation":[0,17,0],"scale":[1.81,1.81,1.81]},"fixed":{"translation":[0,8,0],"scale":[1.5,1.5,1.5]}}}