{"credit":"Made with Blockbench","texture_size":[64,64],"textures":{"0":"custom/general/cosmetics/hats/career_builder_hat","particle":"custom/general/cosmetics/hats/career_builder_hat"},"elements":[{"from":[2.5,0,0.5],"to":[13.5,1,13.5],"faces":{"north":{"uv":[3.25,3.25,6,3.5],"texture":"#0"},"east":{"uv":[0,3.25,3.25,3.5],"texture":"#0"},"south":{"uv":[9.25,3.25,12,3.5],"texture":"#0"},"west":{"uv":[6,3.25,9.25,3.5],"texture":"#0"},"up":{"uv":[6,3.25,3.25,0],"texture":"#0"},"down":{"uv":[8.75,0,6,3.25],"texture":"#0"}}},{"from":[3.5,1,3.5],"to":[12.5,5,12.5],"faces":{"north":{"uv":[2.25,5.75,4.5,6.75],"texture":"#0"},"east":{"uv":[0,5.75,2.25,6.75],"texture":"#0"},"south":{"uv":[6.75,5.75,9,6.75],"texture":"#0"},"west":{"uv":[4.5,5.75,6.75,6.75],"texture":"#0"},"up":{"uv":[4.5,5.75,2.25,3.5],"texture":"#0"}}},{"from":[6.5,0.5,2.5],"to":[9.5,6,13.5],"faces":{"north":{"uv":[9,6.75,9.75,8],"texture":"#0"},"east":{"uv":[6.25,6.75,9,8],"texture":"#0"},"south":{"uv":[12.5,6.75,13.25,8],"texture":"#0"},"west":{"uv":[9.75,6.75,12.5,8],"texture":"#0"},"up":{"uv":[9.75,6.75,9,4],"texture":"#0"}}}],"display":{"thirdperson_righthand":{"rotation":[70,20,0],"translation":[-0.25,5,3.25],"scale":[0.8,0.8,0.8]},"thirdperson_lefthand":{"rotation":[70,20,0],"translation":[-0.25,5,3.25],"scale":[0.8,0.8,0.8]},"firstperson_righthand":{"rotation":[0,110,0],"translation":[0,4,0],"scale":[0.55,0.55,0.55]},"firstperson_lefthand":{"rotation":[0,110,0],"translation":[0,4,0],"scale":[0.55,0.55,0.55]},"ground":{"translation":[0,3.75,0],"scale":[0.8,0.8,0.8]},"gui":{"rotation":[30,-135,0],"translation":[0,4.25,0],"scale":[0.8,0.8,0.8]},"head":{"translation":[0,16,0],"scale":[1.61,1.61,1.61]},"fixed":{"rotation":[-90,0,0],"translation":[0,0,-10.75],"scale":[1.61,1.61,1.61]}}}