{"credit":"Made with Blockbench","texture_size":[64,64],"textures":{"2":"custom/general/cosmetics/hats/career_astronaut_hat","particle":"custom/general/cosmetics/hats/career_astronaut_hat"},"elements":[{"from":[3,2,3],"to":[13,10,13],"faces":{"north":{"uv":[2.5,2.5,5,4.5],"texture":"#2"},"east":{"uv":[0,2.5,2.5,4.5],"texture":"#2"},"south":{"uv":[7.5,2.5,10,4.5],"texture":"#2"},"west":{"uv":[5,2.5,7.5,4.5],"texture":"#2"},"up":{"uv":[5,2.5,2.5,0],"texture":"#2"}}},{"from":[2.5,0,2.5],"to":[13.5,2,13.5],"faces":{"north":{"uv":[2.75,7.25,5.5,7.75],"texture":"#2"},"east":{"uv":[0,7.25,2.75,7.75],"texture":"#2"},"south":{"uv":[8.25,7.25,11,7.75],"texture":"#2"},"west":{"uv":[5.5,7.25,8.25,7.75],"texture":"#2"},"up":{"uv":[5.5,7.25,2.75,4.5],"texture":"#2"},"down":{"uv":[8.25,4.5,5.5,7.25],"texture":"#2"}}},{"from":[6.5,1.5,6],"to":[9.5,10.5,13.5],"faces":{"north":{"uv":[1.75,9.5,2.5,11.75],"texture":"#2"},"east":{"uv":[0,9.5,1.75,11.75],"texture":"#2"},"south":{"uv":[4.25,9.5,5,11.75],"texture":"#2"},"west":{"uv":[2.5,9.5,4.25,11.75],"texture":"#2"},"up":{"uv":[2.5,9.5,1.75,7.75],"texture":"#2"}}},{"name":"cube inverted","from":[13,10,13],"to":[3,2,3],"faces":{"north":{"uv":[7.5,4.5,10,2.5],"texture":"#2"},"east":{"uv":[5,4.5,7.5,2.5],"texture":"#2"},"south":{"uv":[2.5,4.5,5,2.5],"texture":"#2"},"west":{"uv":[0,4.5,2.5,2.5],"texture":"#2"},"down":{"uv":[2.5,2.5,5,0],"texture":"#2"}}}],"display":{"thirdperson_righthand":{"rotation":[70,20,0],"translation":[-0.25,4.5,-0.25],"scale":[0.8,0.8,0.8]},"thirdperson_lefthand":{"rotation":[70,20,0],"translation":[-0.25,4.5,-0.25],"scale":[0.8,0.8,0.8]},"firstperson_righthand":{"rotation":[0,110,0],"translation":[0,3,0],"scale":[0.55,0.55,0.55]},"firstperson_lefthand":{"rotation":[0,110,0],"translation":[0,3,0],"scale":[0.55,0.55,0.55]},"ground":{"translation":[0,3.5,0],"scale":[0.8,0.8,0.8]},"gui":{"rotation":[30,-135,0],"translation":[0,2,0],"scale":[0.8,0.8,0.8]},"head":{"translation":[0,4.25,0.25],"scale":[1.6,1.6,1.6]},"fixed":{"rotation":[-90,0,0],"translation":[0,0,-10.75],"scale":[1.61,1.61,1.61]}}}