{"credit":"Made with Blockbench","texture_size":[64,64],"textures":{"1":"custom/general/cosmetics/hats/career_firefighter_hat"},"elements":[{"from":[2.5,6,2.5],"to":[13.5,7,16.5],"faces":{"north":{"uv":[3.25,3.25,6,3.5],"texture":"#1"},"east":{"uv":[0,3.25,3.25,3.5],"texture":"#1"},"south":{"uv":[9.25,3.25,12,3.5],"texture":"#1"},"west":{"uv":[6,3.25,9.25,3.5],"texture":"#1"},"up":{"uv":[6,3.25,3.25,0],"texture":"#1"},"down":{"uv":[8.75,0,6,3.25],"texture":"#1"}}},{"from":[3.5,1,11],"to":[12.5,6,15.5],"faces":{"north":{"uv":[5,7.5,7.25,8.75],"texture":"#1"},"east":{"uv":[4,7.5,5,8.75],"texture":"#1"},"south":{"uv":[8.25,7.5,10.5,8.75],"texture":"#1"},"west":{"uv":[7.25,7.5,8.25,8.75],"texture":"#1"},"down":{"uv":[9.5,6.5,7.25,7.5],"texture":"#1"}}},{"from":[3.5,7,3.5],"to":[12.5,10,12.5],"faces":{"north":{"uv":[2.25,5.75,4.5,6.5],"texture":"#1"},"east":{"uv":[0,5.75,2.25,6.5],"texture":"#1"},"south":{"uv":[6.75,5.75,9,6.5],"texture":"#1"},"west":{"uv":[4.5,5.75,6.75,6.5],"texture":"#1"},"up":{"uv":[4.5,5.75,2.25,3.5],"texture":"#1"}}},{"from":[6.5,6.5,3],"to":[9.5,10.5,13],"faces":{"north":{"uv":[2.5,9,3.25,10],"texture":"#1"},"east":{"uv":[0,9,2.5,10],"texture":"#1"},"south":{"uv":[5.75,9,6.5,10],"texture":"#1"},"west":{"uv":[3.25,9,5.75,10],"texture":"#1"},"up":{"uv":[3.25,9,2.5,6.5],"texture":"#1"}}},{"from":[5,7,2.99609],"to":[11,12,2.99609],"faces":{"north":{"uv":[0,0,1.5,1.25],"texture":"#1"},"south":{"uv":[1.5,0,3,1.25],"texture":"#1"}}},{"name":"cube inverted","from":[12.5,6,15.5],"to":[3.5,1,11],"faces":{"north":{"uv":[8.25,8.75,10.5,7.5],"texture":"#1"},"east":{"uv":[7.25,8.75,8.25,7.5],"texture":"#1"},"south":{"uv":[5,8.75,7.25,7.5],"texture":"#1"},"west":{"uv":[4,8.75,5,7.5],"texture":"#1"},"up":{"uv":[7.25,6.5,9.5,7.5],"texture":"#1"}}}],"display":{"thirdperson_righthand":{"rotation":[70,20,0],"translation":[-0.25,5.75,-0.25],"scale":[0.8,0.8,0.8]},"thirdperson_lefthand":{"rotation":[70,20,0],"translation":[-0.25,5.75,-0.25],"scale":[0.8,0.8,0.8]},"firstperson_righthand":{"rotation":[0,110,0],"translation":[0,1.5,0],"scale":[0.55,0.55,0.55]},"firstperson_lefthand":{"rotation":[0,110,0],"translation":[0,1.5,0],"scale":[0.55,0.55,0.55]},"ground":{"translation":[0,2,0],"scale":[0.8,0.8,0.8]},"gui":{"rotation":[30,-135,0],"translation":[1,0.25,0],"scale":[0.8,0.8,0.8]},"head":{"translation":[0,4.5,0],"scale":[1.7,1.7,1.7]},"fixed":{"rotation":[-90,0,0],"translation":[0,0,-10.75],"scale":[1.61,1.61,1.61]}}}