{"credit":"Made with Blockbench","texture_size":[64,64],"textures":{"0":"custom/general/cosmetics/hats/career_student_hat","particle":"custom/general/cosmetics/hats/career_student_hat"},"elements":[{"from":[3.5,0,3.5],"to":[12.5,5,12.5],"faces":{"north":{"uv":[2.25,6.25,4.5,7.5],"texture":"#0"},"east":{"uv":[0,6.25,2.25,7.5],"texture":"#0"},"south":{"uv":[6.75,6.25,9,7.5],"texture":"#0"},"west":{"uv":[4.5,6.25,6.75,7.5],"texture":"#0"},"down":{"uv":[6.75,4,4.5,6.25],"texture":"#0"}}},{"from":[0.5,5,0.5],"to":[15.5,6,15.5],"rotation":{"angle":0,"axis":"y","origin":[16,0,8]},"faces":{"north":{"uv":[3.75,3.75,7.5,4],"texture":"#0"},"east":{"uv":[0,3.75,3.75,4],"texture":"#0"},"south":{"uv":[11.25,3.75,15,4],"texture":"#0"},"west":{"uv":[7.5,3.75,11.25,4],"texture":"#0"},"up":{"uv":[7.5,3.75,3.75,0],"texture":"#0"},"down":{"uv":[11.25,0,7.5,3.75],"texture":"#0"}}},{"from":[15.5,1,7.5],"to":[15.5,5,8.5],"rotation":{"angle":0,"axis":"y","origin":[16,0,8]},"faces":{"east":{"uv":[0,1.25,0.25,2.25],"texture":"#0"},"west":{"uv":[0.25,1.25,0.5,2.25],"texture":"#0"}}},{"from":[15,-3,7.5],"to":[16,1,8.5],"rotation":{"angle":45,"axis":"y","origin":[15.5,0,8]},"faces":{"north":{"uv":[0.25,0.25,0.5,1.25],"texture":"#0"},"east":{"uv":[0,0.25,0.25,1.25],"texture":"#0"},"south":{"uv":[0.75,0.25,1,1.25],"texture":"#0"},"west":{"uv":[0.5,0.25,0.75,1.25],"texture":"#0"},"up":{"uv":[0.5,0.25,0.25,0],"texture":"#0"},"down":{"uv":[0.75,0,0.5,0.25],"texture":"#0"}}}],"display":{"thirdperson_righthand":{"rotation":[70,20,0],"translation":[-1,6,1],"scale":[0.8,0.8,0.8]},"thirdperson_lefthand":{"rotation":[70,20,0],"translation":[-1,6,1],"scale":[0.8,0.8,0.8]},"firstperson_righthand":{"rotation":[0,110,0],"translation":[0,3,0],"scale":[0.55,0.55,0.55]},"firstperson_lefthand":{"rotation":[0,110,0],"translation":[0,3,0],"scale":[0.55,0.55,0.55]},"ground":{"translation":[0,5,0],"scale":[0.8,0.8,0.8]},"gui":{"rotation":[30,-135,0],"translation":[0,2,0],"scale":[0.7,0.7,0.7]},"head":{"translation":[0,16,0],"scale":[1.61,1.61,1.61]},"fixed":{"rotation":[-90,0,0],"translation":[0,0,-10.75],"scale":[1.61,1.61,1.61]}}}