{"credit":"Made with Blockbench","texture_size":[64,64],"textures":{"0":"custom/general/cosmetics/hats/career_doctor_mask","particle":"custom/general/cosmetics/hats/career_doctor_mask"},"elements":[{"from":[3.5,0,3.5],"to":[12.5,5,12.5],"faces":{"north":{"uv":[2.25,2.25,4.5,3.5],"texture":"#0"},"east":{"uv":[0,2.25,2.25,3.5],"texture":"#0"},"south":{"uv":[6.75,2.25,9,3.5],"texture":"#0"},"west":{"uv":[4.5,2.25,6.75,3.5],"texture":"#0"},"up":{"uv":[4.5,2.25,2.25,0],"texture":"#0"},"down":{"uv":[6.75,0,4.5,2.25],"texture":"#0"}}},{"name":"cube inverted","from":[12.5,5,12.5],"to":[3.5,0,3.5],"faces":{"north":{"uv":[6.75,3.5,9,2.25],"texture":"#0"},"east":{"uv":[4.5,3.5,6.75,2.25],"texture":"#0"},"south":{"uv":[2.25,3.5,4.5,2.25],"texture":"#0"},"west":{"uv":[0,3.5,2.25,2.25],"texture":"#0"},"up":{"uv":[4.5,0,6.75,2.25],"texture":"#0"},"down":{"uv":[2.25,2.25,4.5,0],"texture":"#0"}}}],"display":{"thirdperson_righthand":{"rotation":[70,20,0],"translation":[2.5,2,4.25],"scale":[0.8,0.8,0.8]},"thirdperson_lefthand":{"rotation":[70,20,0],"translation":[2.5,2,4.25],"scale":[0.8,0.8,0.8]},"firstperson_righthand":{"rotation":[0,110,0],"translation":[1.75,4.5,0],"scale":[0.55,0.55,0.55]},"firstperson_lefthand":{"rotation":[0,110,0],"translation":[1.75,4.5,0],"scale":[0.55,0.55,0.55]},"ground":{"translation":[0,2.5,0],"scale":[0.8,0.8,0.8]},"gui":{"rotation":[30,-135,0],"translation":[-1.25,6,0],"scale":[1.2,1.2,1.2]},"head":{"translation":[0,4.25,0.25],"scale":[1.66,1.66,1.66]},"fixed":{"rotation":[-90,0,0],"translation":[0,0,-10.75],"scale":[1.61,1.61,1.61]}}}