{"credit":"Made with Blockbench","texture_size":[32,32],"textures":{"2":"custom/general/cosmetics/hats/devil_horns","particle":"custom/general/cosmetics/hats/devil_horns"},"elements":[{"from":[0,0,-4],"to":[5,5,1],"rotation":{"angle":22.5,"axis":"x","origin":[2,0,0]},"faces":{"north":{"uv":[8.5,5,11,7.5],"texture":"#2"},"east":{"uv":[8.5,7.5,11,10],"texture":"#2"},"south":{"uv":[0,10,2.5,12.5],"texture":"#2"},"west":{"uv":[2.5,10,5,12.5],"texture":"#2"},"up":{"uv":[7.5,12.5,5,10],"texture":"#2"},"down":{"uv":[10,10,7.5,12.5],"texture":"#2"}}},{"from":[1,3.25,-2.5],"to":[4,13.25,0.5],"rotation":{"angle":-22.5,"axis":"x","origin":[2,0,0]},"faces":{"north":{"uv":[0,0,1.5,5],"texture":"#2"},"east":{"uv":[1.5,0,3,5],"texture":"#2"},"south":{"uv":[3,0,4.5,5],"texture":"#2"},"west":{"uv":[4.5,0,6,5],"texture":"#2"},"up":{"uv":[11.5,11.5,10,10],"texture":"#2"},"down":{"uv":[12.5,0,11,1.5],"texture":"#2"}}},{"from":[9,0,-4],"to":[14,5,1],"rotation":{"angle":22.5,"axis":"x","origin":[11,0,0]},"faces":{"north":{"uv":[6,0,8.5,2.5],"texture":"#2"},"east":{"uv":[6,2.5,8.5,5],"texture":"#2"},"south":{"uv":[6,5,8.5,7.5],"texture":"#2"},"west":{"uv":[6,7.5,8.5,10],"texture":"#2"},"up":{"uv":[11,2.5,8.5,0],"texture":"#2"},"down":{"uv":[11,2.5,8.5,5],"texture":"#2"}}},{"from":[10,3.25,-2.5],"to":[13,13.25,0.5],"rotation":{"angle":-22.5,"axis":"x","origin":[11,0,0]},"faces":{"north":{"uv":[0,5,1.5,10],"texture":"#2"},"east":{"uv":[1.5,5,3,10],"texture":"#2"},"south":{"uv":[3,5,4.5,10],"texture":"#2"},"west":{"uv":[4.5,5,6,10],"texture":"#2"},"up":{"uv":[12.5,3,11,1.5],"texture":"#2"},"down":{"uv":[12.5,3,11,4.5],"texture":"#2"}}}],"display":{"thirdperson_righthand":{"translation":[0.25,1,5.25],"scale":[0.6,0.6,0.6]},"thirdperson_lefthand":{"translation":[-0.5,1,5.25],"scale":[0.6,0.6,0.6]},"firstperson_righthand":{"translation":[4.5,0,1.5],"scale":[0.7,0.7,0.7]},"firstperson_lefthand":{"translation":[4.5,0,1.5],"scale":[0.7,0.7,0.7]},"ground":{"translation":[0,0,4.75],"scale":[0.6,0.6,0.6]},"gui":{"rotation":[0,-135,0],"translation":[-4.5,1.75,0],"scale":[0.6,0.6,0.6]},"head":{"translation":[1,11,3],"scale":[1.1,1.1,1.1]}},"groups":[{"name":"devil_horns","origin":[8,8,8],"color":0,"children":[0,1,2,3]}]}