{"credit":"Made with Blockbench","texture_size":[32,32],"textures":{"0":"custom/general/cosmetics/hats/dinosaur_hat","particle":"custom/general/cosmetics/hats/dinosaur_hat"},"elements":[{"from":[12,1.31929,0.7463],"to":[4,3.31929,5.7463],"rotation":{"angle":-22.5,"axis":"x","origin":[16,2.06929,7.4963]},"faces":{"north":{"uv":[12,0,16,1],"texture":"#0"},"east":{"uv":[10.5,0,8,1],"texture":"#0"},"west":{"uv":[8,0,10.5,1],"texture":"#0"},"down":{"uv":[0,13.5,4,16],"texture":"#0"}}},{"from":[3,0,8],"to":[13,10,16],"faces":{"north":{"uv":[2,2,7,7],"texture":"#0"},"east":{"uv":[16,11,12,16],"texture":"#0"},"south":{"uv":[7,2,12,7],"texture":"#0"},"west":{"uv":[12,11,16,16],"texture":"#0"},"up":{"uv":[12,6,16,11],"rotation":90,"texture":"#0"},"down":{"uv":[12,1,16,6],"rotation":90,"texture":"#0"}}},{"from":[4,-0.675,0.775],"to":[12,1.325,8.775],"rotation":{"angle":-22.5,"axis":"x","origin":[8,2,7.525]},"faces":{"north":{"uv":[8,1,12,2],"texture":"#0"},"east":{"uv":[12,11,8,12],"rotation":180,"texture":"#0"},"south":{"uv":[0,0,4,1],"texture":"#0"},"west":{"uv":[8,11,12,12],"rotation":180,"texture":"#0"},"up":{"uv":[8,12,12,16],"texture":"#0"},"down":{"uv":[4,7,8,11],"rotation":90,"texture":"#0"}}},{"from":[12,3.25,1],"to":[4,5.25,9],"rotation":{"angle":22.5,"axis":"x","origin":[16,7.5,8]},"faces":{"north":{"uv":[12,1,16,0],"texture":"#0"},"east":{"uv":[16,1,12,0],"texture":"#0"},"west":{"uv":[12,1,16,0],"texture":"#0"},"up":{"uv":[0,12,4,16],"texture":"#0"}}},{"from":[4,3.25,1],"to":[12,5.25,9],"rotation":{"angle":22.5,"axis":"x","origin":[8,7.5,8]},"faces":{"north":{"uv":[12,1,16,0],"texture":"#0"},"east":{"uv":[16,1,12,0],"texture":"#0"},"west":{"uv":[12,1,16,0],"texture":"#0"},"up":{"uv":[0,12,4,16],"texture":"#0"}}},{"from":[4,1.31929,0.7463],"to":[12,3.31929,5.7463],"rotation":{"angle":-22.5,"axis":"x","origin":[8,2.06929,7.4963]},"faces":{"north":{"uv":[12,0,16,1],"texture":"#0"},"east":{"uv":[10.5,0,8,1],"texture":"#0"},"west":{"uv":[8,0,10.5,1],"texture":"#0"},"down":{"uv":[0,13.5,4,16],"texture":"#0"}}},{"from":[4,5.25,1],"to":[12,9.25,9],"rotation":{"angle":22.5,"axis":"x","origin":[8,7.5,8]},"faces":{"north":{"uv":[4,0,8,2],"texture":"#0"},"east":{"uv":[4,0,0,2],"texture":"#0"},"south":{"uv":[0,0,4,2],"texture":"#0"},"west":{"uv":[0,0,4,2],"texture":"#0"},"up":{"uv":[8,7,12,11],"rotation":90,"texture":"#0"},"down":{"uv":[4,16,8,12],"texture":"#0"}}}],"display":{"thirdperson_righthand":{"rotation":[60,135,0],"translation":[-1.25,2.5,1.25],"scale":[0.5,0.5,0.5]},"thirdperson_lefthand":{"rotation":[60,135,0],"translation":[-1.25,2.5,1.25],"scale":[0.5,0.5,0.5]},"firstperson_righthand":{"rotation":[0,110,0],"translation":[0,4,0],"scale":[0.4,0.4,0.4]},"firstperson_lefthand":{"rotation":[0,110,0],"translation":[0,4,0],"scale":[0.4,0.4,0.4]},"ground":{"translation":[0,3,0],"scale":[0.3,0.3,0.3]},"gui":{"rotation":[30,-135,0],"translation":[0.25,2.75,0],"scale":[0.81641,0.81641,0.81641]},"head":{"translation":[0,6.75,-5.5],"scale":[1.83,1.83,1.83]},"fixed":{"translation":[0,3.25,-6.75]}}}