{"credit":"Made with Blockbench","texture_size":[64,64],"textures":{"0":"custom/general/cosmetics/hats/diving_mask","1":"custom/general/cosmetics/hats/bubble_pipe","particle":"custom/general/cosmetics/hats/diving_mask"},"elements":[{"from":[3,6,3],"to":[13,7,4],"faces":{"north":{"uv":[3,0.75,5.5,1],"texture":"#0"},"east":{"uv":[2.75,0.75,3,1],"texture":"#0"},"south":{"uv":[5.75,0.75,8.25,1],"texture":"#0"},"west":{"uv":[5.5,0.75,5.75,1],"texture":"#0"},"up":{"uv":[5.5,0.75,3,0.5],"texture":"#0"},"down":{"uv":[8,0.5,5.5,0.75],"texture":"#0"}}},{"from":[3,1,3],"to":[13,2,4],"faces":{"north":{"uv":[3,0.25,5.5,0.5],"texture":"#0"},"east":{"uv":[2.75,0.25,3,0.5],"texture":"#0"},"south":{"uv":[5.75,0.25,8.25,0.5],"texture":"#0"},"west":{"uv":[5.5,0.25,5.75,0.5],"texture":"#0"},"up":{"uv":[5.5,0.25,3,0],"texture":"#0"},"down":{"uv":[8,0,5.5,0.25],"texture":"#0"}}},{"from":[12,2,3],"to":[13,6,4],"faces":{"north":{"uv":[1.25,2.75,1.5,3.75],"texture":"#0"},"east":{"uv":[1,2.75,1.25,3.75],"texture":"#0"},"south":{"uv":[1.75,2.75,2,3.75],"texture":"#0"},"west":{"uv":[1.5,2.75,1.75,3.75],"texture":"#0"}}},{"from":[3,2,3],"to":[4,6,4],"faces":{"north":{"uv":[0.25,2.75,0.5,3.75],"texture":"#0"},"east":{"uv":[0,2.75,0.25,3.75],"texture":"#0"},"south":{"uv":[0.75,2.75,1,3.75],"texture":"#0"},"west":{"uv":[0.5,2.75,0.75,3.75],"texture":"#0"}}},{"from":[7,2,3],"to":[9,3,4],"faces":{"north":{"uv":[0.25,1.75,0.75,2],"texture":"#0"},"east":{"uv":[0,1.75,0.25,2],"texture":"#0"},"south":{"uv":[1,1.75,1.5,2],"texture":"#0"},"west":{"uv":[0.75,1.75,1,2],"texture":"#0"},"up":{"uv":[0.75,1.75,0.25,1.5],"texture":"#0"}}},{"from":[6,0,2],"to":[10,2,4],"faces":{"north":{"uv":[3.25,3,4.25,3.5],"texture":"#0"},"east":{"uv":[2.75,3,3.25,3.5],"texture":"#0"},"south":{"uv":[4.75,3,5.75,3.5],"texture":"#0"},"west":{"uv":[4.25,3,4.75,3.5],"texture":"#0"},"up":{"uv":[4.25,3,3.25,2.5],"texture":"#0"},"down":{"uv":[5.25,2.5,4.25,3],"texture":"#0"}}},{"from":[2,-1,2],"to":[9,0,3],"faces":{"north":{"uv":[3,1.75,4.75,2],"texture":"#0"},"east":{"uv":[2.75,1.75,3,2],"texture":"#0"},"south":{"uv":[5,1.75,6.75,2],"texture":"#0"},"west":{"uv":[4.75,1.75,5,2],"texture":"#0"},"up":{"uv":[4.75,1.75,3,1.5],"texture":"#0"},"down":{"uv":[6.5,1.5,4.75,1.75],"texture":"#0"}}},{"from":[2,-0.07612,2.38268],"to":[3,9.92388,3.38268],"rotation":{"angle":22.5,"axis":"x","origin":[2.5,0.92388,2.38268]},"faces":{"north":{"uv":[5,5,5.25,7.5],"texture":"#0"},"east":{"uv":[4.75,5,5,7.5],"texture":"#0"},"south":{"uv":[5.5,5,5.75,7.5],"texture":"#0"},"west":{"uv":[5.25,5,5.5,7.5],"texture":"#0"}}},{"from":[1.5,9.92388,1.88268],"to":[3.5,13.92388,3.88268],"rotation":{"angle":22.5,"axis":"x","origin":[2.5,0.92388,2.38268]},"faces":{"north":{"uv":[0.5,0.5,1,1.5],"texture":"#0"},"east":{"uv":[0,0.5,0.5,1.5],"texture":"#0"},"south":{"uv":[1.5,0.5,2,1.5],"texture":"#0"},"west":{"uv":[1,0.5,1.5,1.5],"texture":"#0"},"up":{"uv":[1,0.5,0.5,0],"texture":"#0"},"down":{"uv":[1.5,0,1,0.5],"texture":"#0"}}},{"from":[3,4,4],"to":[4,5,13],"faces":{"east":{"uv":[0,4.75,2.25,5],"texture":"#0"},"south":{"uv":[4.75,4.75,5,5],"texture":"#0"},"west":{"uv":[2.5,4.75,4.75,5],"texture":"#0"},"up":{"uv":[2.5,4.75,2.25,2.5],"texture":"#0"},"down":{"uv":[2.75,2.5,2.5,4.75],"texture":"#0"}}},{"from":[4,4,12],"to":[12,5,13],"faces":{"north":{"uv":[3,1.25,5,1.5],"texture":"#0"},"south":{"uv":[5.25,1.25,7.25,1.5],"texture":"#0"},"up":{"uv":[5,1.25,3,1],"texture":"#0"},"down":{"uv":[7,1,5,1.25],"texture":"#0"}}},{"from":[12,4,4],"to":[13,5,13],"faces":{"east":{"uv":[0,2.25,2.25,2.5],"texture":"#0"},"south":{"uv":[4.75,2.25,5,2.5],"texture":"#0"},"west":{"uv":[2.5,2.25,4.75,2.5],"texture":"#0"},"up":{"uv":[2.5,2.25,2.25,0],"texture":"#0"},"down":{"uv":[2.75,0,2.5,2.25],"texture":"#0"}}},{"from":[2,13,9.5],"to":[8,21,9.5],"rotation":{"angle":-22.5,"axis":"y","origin":[8,7,2.5]},"faces":{"north":{"uv":[0,0,12,16],"texture":"#1"},"east":{"uv":[0,0,0,2],"texture":"#1"},"south":{"uv":[12,0,0,16],"texture":"#1"},"west":{"uv":[0,0,0,2],"texture":"#1"},"up":{"uv":[0,0,1.5,0],"texture":"#1"},"down":{"uv":[0,0,1.5,0],"texture":"#1"}}}],"display":{"thirdperson_righthand":{"rotation":[70,20,0],"translation":[-1,4.75,3],"scale":[0.8,0.8,0.8]},"thirdperson_lefthand":{"rotation":[70,20,0],"translation":[-1,4.75,3],"scale":[0.8,0.8,0.8]},"firstperson_righthand":{"rotation":[0,110,0],"translation":[0.25,4.25,0],"scale":[0.55,0.55,0.55]},"firstperson_lefthand":{"rotation":[0,110,0],"translation":[0.25,4.25,0],"scale":[0.55,0.55,0.55]},"ground":{"translation":[0,4.5,0],"scale":[0.8,0.8,0.8]},"gui":{"rotation":[30,-135,0],"translation":[0.25,1.25,0],"scale":[0.7,0.7,0.7]},"head":{"translation":[0,6,0.25],"scale":[1.6,1.6,1.6]},"fixed":{"rotation":[-90,0,0],"translation":[0,0,-13],"scale":[1.61,1.61,1.61]}}}