{"credit":"Made with Blockbench","textures":{"0":"custom/general/cosmetics/hats/dog_nose_tongue","particle":"custom/general/cosmetics/hats/dog_nose_tongue"},"elements":[{"from":[5.75,1.25,4.75],"to":[10.25,3.75,7.25],"faces":{"north":{"uv":[12,12,16,14],"texture":"#0"},"east":{"uv":[16,10,14,12],"texture":"#0"},"south":{"uv":[12,9,16,10],"texture":"#0"},"west":{"uv":[14,10,16,12],"texture":"#0"},"up":{"uv":[12,8,16,10],"texture":"#0"}}},{"from":[6,0,5],"to":[10,3,7],"faces":{"north":{"uv":[12,13,16,16],"texture":"#0"},"east":{"uv":[14,13,16,16],"texture":"#0"},"south":{"uv":[12,14,16,15],"texture":"#0"},"west":{"uv":[16,13,14,16],"texture":"#0"},"up":{"uv":[12,8,16,10],"texture":"#0"},"down":{"uv":[12,6,16,8],"texture":"#0"}}},{"from":[5.5,-8,7],"to":[10.5,0,7],"rotation":{"angle":22.5,"axis":"x","origin":[8,0,7]},"faces":{"north":{"uv":[7,8,12,16],"texture":"#0"},"east":{"uv":[0,0,0,8],"texture":"#0"},"south":{"uv":[7,8,12,16],"texture":"#0"},"west":{"uv":[0,0,0,8],"texture":"#0"},"up":{"uv":[0,0,5,0],"texture":"#0"},"down":{"uv":[0,0,5,0],"texture":"#0"}}},{"from":[3,9,11],"to":[7,15,12],"rotation":{"angle":22.5,"axis":"z","origin":[8,8.75,11.5]},"faces":{"north":{"uv":[3,10,7,16],"texture":"#0"},"east":{"uv":[0,0,1,6],"texture":"#0"},"south":{"uv":[3,10,7,16],"texture":"#0"},"west":{"uv":[0,0,1,6],"texture":"#0"},"up":{"uv":[0,0,4,1],"texture":"#0"},"down":{"uv":[0,0,4,1],"texture":"#0"}}},{"from":[2.5,8.5,10.5],"to":[7.5,15.5,12.5],"rotation":{"angle":22.5,"axis":"z","origin":[8,8.75,11.5]},"faces":{"north":{"uv":[12,0,16,6],"texture":"#0"},"east":{"uv":[15,0,16,6],"texture":"#0"},"south":{"uv":[8,0,12,6],"texture":"#0"},"west":{"uv":[15,0,16,6],"texture":"#0"},"up":{"uv":[12,0,16,1],"texture":"#0"},"down":{"uv":[12,5,16,6],"texture":"#0"}}},{"from":[7.5,8.5,10.5],"to":[2.5,15.5,12.5],"rotation":{"angle":22.5,"axis":"z","origin":[8,8.75,11.5]},"faces":{"north":{"uv":[12,0,16,6],"texture":"#0"},"east":{"uv":[15,0,16,6],"texture":"#0"},"south":{"uv":[8,0,12,6],"texture":"#0"},"west":{"uv":[15,0,16,6],"texture":"#0"},"up":{"uv":[12,0,16,1],"texture":"#0"},"down":{"uv":[12,5,16,6],"texture":"#0"}}},{"from":[9,9,11],"to":[13,15,12],"rotation":{"angle":-22.5,"axis":"z","origin":[8,8.75,11.5]},"faces":{"north":{"uv":[3,10,7,16],"texture":"#0"},"east":{"uv":[0,0,1,6],"texture":"#0"},"south":{"uv":[3,10,7,16],"texture":"#0"},"west":{"uv":[0,0,1,6],"texture":"#0"},"up":{"uv":[0,0,4,1],"texture":"#0"},"down":{"uv":[0,0,4,1],"texture":"#0"}}},{"from":[8.5,8.5,10.5],"to":[13.5,15.5,12.5],"rotation":{"angle":-22.5,"axis":"z","origin":[8,8.75,11.5]},"faces":{"north":{"uv":[12,0,16,6],"texture":"#0"},"east":{"uv":[15,0,16,6],"texture":"#0"},"south":{"uv":[8,0,12,6],"texture":"#0"},"west":{"uv":[15,0,16,6],"texture":"#0"},"up":{"uv":[12,0,16,1],"texture":"#0"},"down":{"uv":[12,5,16,6],"texture":"#0"}}},{"from":[13.5,8.5,10.5],"to":[8.5,15.5,12.5],"rotation":{"angle":-22.5,"axis":"z","origin":[8,8.75,11.5]},"faces":{"north":{"uv":[12,0,16,6],"texture":"#0"},"east":{"uv":[15,0,16,6],"texture":"#0"},"south":{"uv":[8,0,12,6],"texture":"#0"},"west":{"uv":[15,0,16,6],"texture":"#0"},"up":{"uv":[12,0,16,1],"texture":"#0"},"down":{"uv":[12,5,16,6],"texture":"#0"}}}],"display":{"thirdperson_righthand":{"rotation":[60,135,0],"translation":[-1,0.75,1],"scale":[0.5,0.5,0.5]},"thirdperson_lefthand":{"rotation":[60,135,0],"translation":[-1,0.75,1],"scale":[0.5,0.5,0.5]},"firstperson_righthand":{"rotation":[0,135,0],"translation":[0,5.25,0],"scale":[0.6,0.6,0.6]},"firstperson_lefthand":{"rotation":[0,135,0],"translation":[0,5.25,0],"scale":[0.6,0.6,0.6]},"ground":{"translation":[0,3,0],"scale":[0.3,0.3,0.3]},"gui":{"rotation":[30,-135,0],"translation":[-0.25,2.25,0],"scale":[0.67578,0.67578,0.67578]},"head":{"translation":[0,4,-5],"scale":[1.3,1.3,1.3]},"fixed":{"translation":[0,7.5,0]}}}