{"credit":"Made with Blockbench by yungwilder","texture_size":[64,64],"textures":{"0":"custom/general/cosmetics/hats/drink_cap","particle":"custom/general/cosmetics/hats/drink_cap"},"elements":[{"from":[4,0.001,4],"to":[12,4.001,12],"faces":{"north":{"uv":[4,1.25,6,2.25],"texture":"#0"},"east":{"uv":[2,4,4,5],"texture":"#0"},"south":{"uv":[4,2.25,6,3.25],"texture":"#0"},"west":{"uv":[4,3.25,6,4.25],"texture":"#0"},"up":{"uv":[2,2,0,0],"texture":"#0"},"down":{"uv":[2,2,0,4],"texture":"#0"}}},{"from":[12,0.001,4],"to":[4,4.001,12],"faces":{"north":{"uv":[4,1.25,6,2.25],"texture":"#0"},"east":{"uv":[2,4,4,5],"texture":"#0"},"south":{"uv":[4,2.25,6,3.25],"texture":"#0"},"west":{"uv":[4,3.25,6,4.25],"texture":"#0"},"up":{"uv":[2,2,0,0],"texture":"#0"},"down":{"uv":[2,2,0,4],"texture":"#0"}}},{"from":[12.01,-2,6],"to":[15.01,2,9],"faces":{"north":{"uv":[2,5.75,2.75,6.75],"texture":"#0"},"east":{"uv":[2.75,5.75,3.5,6.75],"texture":"#0"},"south":{"uv":[3.5,5.75,4.25,6.75],"texture":"#0"},"west":{"uv":[4.25,5.75,5,6.75],"texture":"#0"},"up":{"uv":[1.5,6.75,0.75,6],"texture":"#0"},"down":{"uv":[6.75,2,6,2.75],"texture":"#0"}}},{"from":[0.99,-2,6],"to":[3.99,2,9],"faces":{"north":{"uv":[5,5.75,5.75,6.75],"texture":"#0"},"east":{"uv":[5.75,5.75,6.5,6.75],"texture":"#0"},"south":{"uv":[0,6,0.75,7],"texture":"#0"},"west":{"uv":[6,0,6.75,1],"texture":"#0"},"up":{"uv":[6.75,3.5,6,2.75],"texture":"#0"},"down":{"uv":[6.75,3.5,6,4.25],"texture":"#0"}}},{"from":[4,0,-1],"to":[12,0,4],"faces":{"north":{"uv":[0,0,2,0],"texture":"#0"},"east":{"uv":[0,0,1.25,0],"texture":"#0"},"south":{"uv":[0,0,2,0],"texture":"#0"},"west":{"uv":[0,0,1.25,0],"texture":"#0"},"up":{"uv":[2,5.25,0,4],"texture":"#0"},"down":{"uv":[6,0,4,1.25],"texture":"#0"}}},{"from":[7.5,-6.6791,5.12308],"to":[8.5,-4.6791,6.12308],"rotation":{"angle":0,"axis":"y","origin":[13,-5.6791,5.62308]},"faces":{"north":{"uv":[6.75,0,7.25,0.5],"texture":"#0"},"east":{"uv":[6.75,0.5,7.25,1],"texture":"#0"},"south":{"uv":[2,6.75,2.5,7.25],"texture":"#0"},"west":{"uv":[6.75,2,7.25,2.5],"texture":"#0"},"up":{"uv":[3,7.25,2.5,6.75],"texture":"#0"},"down":{"uv":[7.25,2.5,6.75,3],"texture":"#0"}}},{"from":[2.5,-6.5,6.75],"to":[3.5,-0.5,7.75],"rotation":{"angle":22.5,"axis":"x","origin":[3,-3,8]},"faces":{"north":{"uv":[6.5,4.25,6.75,5.75],"texture":"#0"},"east":{"uv":[6.5,5.75,6.75,7.25],"texture":"#0"},"south":{"uv":[0.75,6.75,1,8.25],"texture":"#0"},"west":{"uv":[1,6.75,1.25,8.25],"texture":"#0"},"up":{"uv":[7,3.25,6.75,3],"texture":"#0"},"down":{"uv":[3.5,6.75,3.25,7],"texture":"#0"}}},{"from":[12.5,-6.5,6.75],"to":[13.5,-0.5,7.75],"rotation":{"angle":22.5,"axis":"x","origin":[3,-3,8]},"faces":{"north":{"uv":[1.5,6,1.75,7.5],"texture":"#0"},"east":{"uv":[1.75,6,2,7.5],"texture":"#0"},"south":{"uv":[6,4.25,6.25,5.75],"texture":"#0"},"west":{"uv":[6.25,4.25,6.5,5.75],"texture":"#0"},"up":{"uv":[1.5,7,1.25,6.75],"texture":"#0"},"down":{"uv":[3.25,6.75,3,7],"texture":"#0"}}},{"from":[2.5,-7.5,6.75],"to":[13.5,-6.5,7.75],"rotation":{"angle":22.5,"axis":"x","origin":[3,-3,8]},"faces":{"north":{"uv":[6,1,8.75,1.25],"texture":"#0"},"east":{"uv":[6.75,3.25,7,3.5],"texture":"#0"},"south":{"uv":[6,1.25,8.75,1.5],"texture":"#0"},"west":{"uv":[3.5,6.75,3.75,7],"texture":"#0"},"up":{"uv":[8.75,1.75,6,1.5],"texture":"#0"},"down":{"uv":[8.75,1.75,6,2],"texture":"#0"}}}],"gui_light":"front","display":{"thirdperson_righthand":{"rotation":[0,180,0],"translation":[0,4.25,-3.75],"scale":[0.7,0.7,0.7]},"thirdperson_lefthand":{"rotation":[0,180,0],"translation":[0,4.25,-4],"scale":[0.7,0.7,0.7]},"firstperson_righthand":{"rotation":[0,90,0],"translation":[2,5.5,0],"scale":[0.5,0.5,0.5]},"firstperson_lefthand":{"rotation":[0,90,0],"translation":[2,5.5,0],"scale":[0.5,0.5,0.5]},"ground":{"translation":[0,4.5,0],"scale":[0.5,0.5,0.5]},"gui":{"rotation":[30,-135,0],"translation":[0,8.25,0]},"head":{"rotation":[9,0,0],"translation":[0,17.75,2],"scale":[1.86,1.86,1.86]},"fixed":{"translation":[0,14.75,0],"scale":[1.5,1.5,1.5]}},"groups":[0,1,2,3,4,{"name":"straw","origin":[3,-3,8],"color":0,"children":[5,6,7,8]}]}