{"credit":"Made with Blockbench","textures":{"0":"custom/general/cosmetics/hats/elf_ears_hat","particle":"custom/general/cosmetics/hats/elf_ears_hat"},"elements":[{"from":[5,3,7.5],"to":[7,7,8.5],"rotation":{"angle":22.5,"axis":"z","origin":[0,0,0]},"faces":{"north":{"uv":[1,1,3,5],"texture":"#0"},"east":{"uv":[0,1,1,5],"texture":"#0"},"south":{"uv":[4,1,6,5],"texture":"#0"},"west":{"uv":[3,1,4,5],"texture":"#0"},"up":{"uv":[3,1,1,0],"texture":"#0"},"down":{"uv":[5,0,3,1],"texture":"#0"}}},{"from":[5,7,7.5],"to":[6,8,8.5],"rotation":{"angle":22.5,"axis":"z","origin":[0,0,0]},"faces":{"north":{"uv":[1,1,2,2],"texture":"#0"},"east":{"uv":[0,1,1,2],"texture":"#0"},"south":{"uv":[3,1,4,2],"texture":"#0"},"west":{"uv":[2,1,3,2],"texture":"#0"},"up":{"uv":[2,1,1,0],"texture":"#0"},"down":{"uv":[3,0,2,1],"texture":"#0"}}},{"from":[9,3,7.5],"to":[11,7,8.5],"shade":false,"rotation":{"angle":-22.5,"axis":"z","origin":[16,0,0]},"faces":{"north":{"uv":[3,1,1,5],"texture":"#0"},"east":{"uv":[4,1,3,5],"texture":"#0"},"south":{"uv":[6,1,4,5],"texture":"#0"},"west":{"uv":[1,1,0,5],"texture":"#0"},"up":{"uv":[1,1,3,0],"texture":"#0"},"down":{"uv":[3,0,5,1],"texture":"#0"}}},{"from":[10,7,7.5],"to":[11,8,8.5],"shade":false,"rotation":{"angle":-22.5,"axis":"z","origin":[16,0,0]},"faces":{"north":{"uv":[2,1,1,2],"texture":"#0"},"east":{"uv":[3,1,2,2],"texture":"#0"},"south":{"uv":[4,1,3,2],"texture":"#0"},"west":{"uv":[1,1,0,2],"texture":"#0"},"up":{"uv":[1,1,2,0],"texture":"#0"},"down":{"uv":[2,0,3,1],"texture":"#0"}}}],"display":{"thirdperson_righthand":{"rotation":[75,45,0],"translation":[0,2.5,0],"scale":[0.375,0.375,0.375]},"thirdperson_lefthand":{"rotation":[75,45,0],"translation":[0,2.5,0],"scale":[0.375,0.375,0.375]},"firstperson_righthand":{"rotation":[0,45,0],"scale":[0.4,0.4,0.4]},"firstperson_lefthand":{"rotation":[0,225,0],"scale":[0.4,0.4,0.4]},"ground":{"translation":[0,3,0],"scale":[0.25,0.25,0.25]},"gui":{"rotation":[30,-135,0],"translation":[0,0.25,0]},"head":{"translation":[0,1.5,0],"scale":[1.5,1.5,1.5]},"fixed":{"scale":[0.5,0.5,0.5]}}}