{"credit":"Made with Blockbench","texture_size":[64,64],"textures":{"0":"custom/general/cosmetics/hats/explorer_hat","particle":"custom/general/cosmetics/hats/explorer_hat"},"elements":[{"from":[0,-0.25,0],"to":[16,-0.25,16],"faces":{"north":{"uv":[0,0,4,0],"texture":"#0"},"east":{"uv":[0,0,4,0],"texture":"#0"},"south":{"uv":[0,0,4,0],"texture":"#0"},"west":{"uv":[0,0,4,0],"texture":"#0"},"up":{"uv":[4,4,0,0],"texture":"#0"},"down":{"uv":[4,4,0,8],"texture":"#0"}}},{"from":[4,-0.25,4],"to":[12,4.75,12],"faces":{"north":{"uv":[8,3.75,10,5],"texture":"#0"},"east":{"uv":[8,5,10,6.25],"texture":"#0"},"south":{"uv":[8.5,0,10.5,1.25],"texture":"#0"},"west":{"uv":[8.5,1.25,10.5,2.5],"texture":"#0"},"up":{"uv":[6,6.5,4,4.5],"texture":"#0"},"down":{"uv":[8,4.5,6,6.5],"texture":"#0"}}},{"from":[3.75,-0.25,3.75],"to":[12.25,5,3.75],"faces":{"north":{"uv":[6.25,0,8.5,1.25],"texture":"#0"},"east":{"uv":[0,0,0,1.25],"texture":"#0"},"south":{"uv":[6.25,1.25,8.5,2.5],"texture":"#0"},"west":{"uv":[0,0,0,1.25],"texture":"#0"},"up":{"uv":[2.25,0,0,0],"texture":"#0"},"down":{"uv":[2.25,0,0,0],"texture":"#0"}}},{"from":[3.75,-0.25,12.25],"to":[12.25,5,12.25],"faces":{"north":{"uv":[6.25,2.5,8.5,3.75],"texture":"#0"},"east":{"uv":[0,0,0,1.25],"texture":"#0"},"south":{"uv":[4,6.5,6.25,7.75],"texture":"#0"},"west":{"uv":[0,0,0,1.25],"texture":"#0"},"up":{"uv":[2.25,0,0,0],"texture":"#0"},"down":{"uv":[2.25,0,0,0],"texture":"#0"}}},{"from":[3.75,5,3.75],"to":[12.25,5,12.25],"faces":{"north":{"uv":[0,0,2.25,0],"texture":"#0"},"east":{"uv":[0,0,2.25,0],"texture":"#0"},"south":{"uv":[0,0,2.25,0],"texture":"#0"},"west":{"uv":[0,0,2.25,0],"texture":"#0"},"up":{"uv":[6.25,2.25,4,0],"texture":"#0"},"down":{"uv":[6.25,2.25,4,4.5],"texture":"#0"}}},{"from":[12.25,-0.25,3.75],"to":[12.25,5,12.25],"faces":{"north":{"uv":[0,0,0,1.25],"texture":"#0"},"east":{"uv":[6.25,6.5,8.5,7.75],"texture":"#0"},"south":{"uv":[0,0,0,1.25],"texture":"#0"},"west":{"uv":[4,7.75,6.25,9],"texture":"#0"},"up":{"uv":[0,2.25,0,0],"texture":"#0"},"down":{"uv":[0,0,0,2.25],"texture":"#0"}}},{"from":[3.75,-0.25,3.75],"to":[3.75,5,12.25],"faces":{"north":{"uv":[0,0,0,1.25],"texture":"#0"},"east":{"uv":[6.25,7.75,8.5,9],"texture":"#0"},"south":{"uv":[0,0,0,1.25],"texture":"#0"},"west":{"uv":[0,8,2.25,9.25],"texture":"#0"},"up":{"uv":[0,2.25,0,0],"texture":"#0"},"down":{"uv":[0,0,0,2.25],"texture":"#0"}}}],"display":{"thirdperson_righthand":{"translation":[0,3.25,-2.5],"scale":[0.6,0.6,0.6]},"thirdperson_lefthand":{"translation":[0,3.25,-2.5],"scale":[0.6,0.6,0.6]},"firstperson_righthand":{"translation":[0,5,0],"scale":[0.7,0.7,0.7]},"firstperson_lefthand":{"translation":[0,5,0],"scale":[0.7,0.7,0.7]},"ground":{"translation":[0,1.5,0],"scale":[0.6,0.6,0.6]},"gui":{"rotation":[30,-135,0],"translation":[0.25,3.75,0],"scale":[0.7,0.7,0.7]},"head":{"rotation":[5,0,0],"translation":[0,18.5,1],"scale":[1.81,1.81,1.81]}},"groups":[{"name":"explorer_hat","origin":[8,8,8],"color":0,"children":[0,1,{"name":"hat_layer","origin":[0,0,0],"color":0,"children":[2,3,4,5,6]}]}]}