{"credit":"Made with Blockbench","texture_size":[32,32],"textures":{"0":"custom/general/cosmetics/hats/luigi_cap","particle":"custom/general/cosmetics/hats/luigi_cap"},"elements":[{"name":"head","from":[3,14.5,4],"to":[13,19.5,14],"rotation":{"angle":22.5,"axis":"x","origin":[8,18,8]},"faces":{"north":{"uv":[5,6,10,8.5],"texture":"#0"},"east":{"uv":[5,8.5,10,11],"texture":"#0"},"south":{"uv":[0,10,5,12.5],"texture":"#0"},"west":{"uv":[10,0,15,2.5],"texture":"#0"},"up":{"uv":[5,5,0,0],"texture":"#0"},"down":{"uv":[5,5,0,10],"texture":"#0"}}},{"name":"head","from":[3.65,16.25,3.984],"to":[13.65,21.25,3.984],"rotation":{"angle":22.5,"axis":"x","origin":[8,18,8]},"faces":{"north":{"uv":[10,2.5,15,5],"texture":"#0"},"east":{"uv":[0,0,0,2.5],"texture":"#0"},"south":{"uv":[10,5,15,7.5],"texture":"#0"},"west":{"uv":[0,0,0,2.5],"texture":"#0"},"up":{"uv":[5,0,0,0],"texture":"#0"},"down":{"uv":[5,0,0,0],"texture":"#0"}}},{"name":"head","from":[2.9,16.04716,-1.28491],"to":[13.1,17.54716,3.71509],"rotation":{"angle":0,"axis":"y","origin":[8,17.04716,0.96509]},"faces":{"north":{"uv":[5,11,10,12],"texture":"#0"},"east":{"uv":[8,13.5,10.5,14.5],"texture":"#0"},"south":{"uv":[5,12,10,13],"texture":"#0"},"west":{"uv":[10.5,13.5,13,14.5],"texture":"#0"},"up":{"uv":[15,10,10,7.5],"texture":"#0"},"down":{"uv":[15,10,10,12.5],"texture":"#0"}}},{"name":"head","from":[3,19.5,5],"to":[13,21,11],"rotation":{"angle":22.5,"axis":"x","origin":[8,18,8]},"faces":{"north":{"uv":[0,12.5,5,13.5],"texture":"#0"},"east":{"uv":[5,13,8,14],"texture":"#0"},"south":{"uv":[10,12.5,15,13.5],"texture":"#0"},"west":{"uv":[0,13.5,3,14.5],"texture":"#0"},"up":{"uv":[10,3,5,0],"texture":"#0"},"down":{"uv":[10,3,5,6],"texture":"#0"}}}],"display":{"gui":{"rotation":[30,-135,0],"translation":[-1,-6.25,0],"scale":[0.8,0.8,0.8]},"head":{"translation":[0,-7,1],"scale":[1.5,1.5,1.5]}},"groups":[{"name":"steve","origin":[8,8,8],"color":0,"children":[0,1,2,3]}]}