{"credit":"Made with Blockbench","texture_size":[64,64],"textures":{"0":"custom/general/cosmetics/hats/military_knight_hat","particle":"custom/general/cosmetics/hats/military_knight_hat"},"elements":[{"from":[3,0,3],"to":[13,10,13],"rotation":{"angle":0,"axis":"y","origin":[0,-5,0]},"faces":{"north":{"uv":[2.5,2.5,5,5],"texture":"#0"},"east":{"uv":[0,2.5,2.5,5],"texture":"#0"},"south":{"uv":[7.5,2.5,10,5],"texture":"#0"},"west":{"uv":[5,2.5,7.5,5],"texture":"#0"},"up":{"uv":[5,2.5,2.5,0],"texture":"#0"},"down":{"uv":[7.5,0,5,2.5],"texture":"#0"}}},{"from":[8,0,5],"to":[8,14,17],"rotation":{"angle":0,"axis":"y","origin":[0,-5,0]},"faces":{"east":{"uv":[0,8.25,3,11.75],"texture":"#0"},"west":{"uv":[3,8.25,6,11.75],"texture":"#0"}}},{"from":[2.5,4.42571,1.08549],"to":[13.5,9.42571,9.08549],"rotation":{"angle":22.5,"axis":"x","origin":[3,6.99609,6.5]},"faces":{"north":{"uv":[2,7,4.75,8.25],"texture":"#0"},"east":{"uv":[0,7,2,8.25],"texture":"#0"},"south":{"uv":[6.75,7,9.5,8.25],"texture":"#0"},"west":{"uv":[4.75,7,6.75,8.25],"texture":"#0"},"up":{"uv":[4.75,7,2,5],"texture":"#0"},"down":{"uv":[7.5,5,4.75,7],"texture":"#0"}}},{"name":"cube inverted","from":[13,10,13],"to":[3,0,3],"rotation":{"angle":0,"axis":"y","origin":[0,-5,0]},"faces":{"north":{"uv":[7.5,5,10,2.5],"texture":"#0"},"east":{"uv":[5,5,7.5,2.5],"texture":"#0"},"south":{"uv":[2.5,5,5,2.5],"texture":"#0"},"west":{"uv":[0,5,2.5,2.5],"texture":"#0"},"up":{"uv":[5,0,7.5,2.5],"texture":"#0"},"down":{"uv":[2.5,2.5,5,0],"texture":"#0"}}},{"name":"cube inverted","from":[13.5,9.42571,9.08549],"to":[2.5,4.42571,1.08549],"rotation":{"angle":22.5,"axis":"x","origin":[3,6.99609,6.5]},"faces":{"north":{"uv":[6.75,8.25,9.5,7],"texture":"#0"},"east":{"uv":[4.75,8.25,6.75,7],"texture":"#0"},"south":{"uv":[2,8.25,4.75,7],"texture":"#0"},"west":{"uv":[0,8.25,2,7],"texture":"#0"},"up":{"uv":[4.75,5,7.5,7],"texture":"#0"},"down":{"uv":[2,7,4.75,5],"texture":"#0"}}}],"display":{"thirdperson_righthand":{"rotation":[70,20,0],"translation":[-0.25,4.5,-0.25],"scale":[0.8,0.8,0.8]},"thirdperson_lefthand":{"rotation":[70,20,0],"translation":[-0.25,4.5,-0.25],"scale":[0.8,0.8,0.8]},"firstperson_righthand":{"rotation":[0,110,0],"translation":[0,3,0],"scale":[0.55,0.55,0.55]},"firstperson_lefthand":{"rotation":[0,110,0],"translation":[0,3,0],"scale":[0.55,0.55,0.55]},"ground":{"translation":[0,2,0],"scale":[0.8,0.8,0.8]},"gui":{"rotation":[30,-135,0],"translation":[0.25,1.5,0],"scale":[0.8,0.8,0.8]},"head":{"translation":[0,4.25,0.25],"scale":[1.6,1.6,1.6]},"fixed":{"rotation":[-90,0,0],"translation":[0,0,-10.75],"scale":[1.61,1.61,1.61]}}}