{"credit":"Made with Blockbench","texture_size":[64,64],"textures":{"1":"custom/general/cosmetics/hats/military_gladiator_hat"},"elements":[{"from":[3,-1,3],"to":[13,10,13],"faces":{"north":{"uv":[2.5,2.5,5,5.25],"texture":"#1"},"east":{"uv":[0,2.5,2.5,5.25],"texture":"#1"},"south":{"uv":[7.5,2.5,10,5.25],"texture":"#1"},"west":{"uv":[5,2.5,7.5,5.25],"texture":"#1"},"up":{"uv":[5,2.5,2.5,0],"texture":"#1"},"down":{"uv":[7.5,0,5,2.5],"texture":"#1"}}},{"from":[5,13,7],"to":[11,14,9],"rotation":{"angle":0,"axis":"y","origin":[0,-1,0]},"faces":{"north":{"uv":[4,5.75,5.5,6],"texture":"#1"},"south":{"uv":[6,5.75,7.5,6],"texture":"#1"},"up":{"uv":[5.5,5.75,4,5.25],"texture":"#1"},"down":{"uv":[7,5.25,5.5,5.75],"texture":"#1"}}},{"from":[6.17319,18.73401,7],"to":[9.17319,19.73401,9],"rotation":{"angle":-22.5,"axis":"z","origin":[-5.82681,4.73401,0]},"faces":{"north":{"uv":[0.5,1.25,1.25,1.5],"texture":"#1"},"east":{"uv":[0,1.25,0.5,1.5],"texture":"#1"},"south":{"uv":[1.75,1.25,2.5,1.5],"texture":"#1"},"up":{"uv":[1.25,1.25,0.5,0.75],"texture":"#1"},"down":{"uv":[2,0.75,1.25,1.25],"texture":"#1"}}},{"from":[6.82681,18.73401,7],"to":[9.82681,19.73401,9],"rotation":{"angle":22.5,"axis":"z","origin":[21.82681,4.73401,0]},"faces":{"north":{"uv":[0.5,0.5,1.25,0.75],"texture":"#1"},"south":{"uv":[1.75,0.5,2.5,0.75],"texture":"#1"},"west":{"uv":[1.25,0.5,1.75,0.75],"texture":"#1"},"up":{"uv":[1.25,0.5,0.5,0],"texture":"#1"},"down":{"uv":[2,0,1.25,0.5],"texture":"#1"}}},{"from":[7.5,10,7.5],"to":[8.5,13,8.5],"rotation":{"angle":45,"axis":"y","origin":[8,10,8]},"faces":{"north":{"uv":[0.25,1.75,0.5,2.5],"texture":"#1"},"east":{"uv":[0,1.75,0.25,2.5],"texture":"#1"},"south":{"uv":[0.75,1.75,1,2.5],"texture":"#1"},"west":{"uv":[0.5,1.75,0.75,2.5],"texture":"#1"},"up":{"uv":[0.5,1.75,0.25,1.5],"texture":"#1"},"down":{"uv":[0.75,1.5,0.5,1.75],"texture":"#1"}}},{"from":[5,14,7.5],"to":[11,20,8.5],"rotation":{"angle":0,"axis":"y","origin":[-6,-8,0.5]},"faces":{"north":{"uv":[0.25,5.5,1.75,7],"texture":"#1"},"east":{"uv":[0,5.5,0.25,7],"texture":"#1"},"south":{"uv":[2,5.5,3.5,7],"texture":"#1"},"west":{"uv":[1.75,5.5,2,7],"texture":"#1"},"up":{"uv":[1.75,5.5,0.25,5.25],"texture":"#1"}}},{"from":[8.7039,14,7.50391],"to":[13.7039,19.54328,8.50391],"rotation":{"angle":-22.5,"axis":"z","origin":[11,14,7.00391]},"faces":{"north":{"uv":[3.75,6.25,5,7.5],"texture":"#1"},"east":{"uv":[3.5,6.25,3.75,7.5],"texture":"#1"},"south":{"uv":[5.25,6.25,6.5,7.5],"texture":"#1"},"west":{"uv":[5,6.25,5.25,7.5],"texture":"#1"},"up":{"uv":[5,6.25,3.75,6],"texture":"#1"},"down":{"uv":[6.25,6,5,6.25],"texture":"#1"}}},{"from":[2.2961,14,7.50391],"to":[7.2961,19.54328,8.50391],"shade":false,"rotation":{"angle":22.5,"axis":"z","origin":[5,14,7.00391]},"faces":{"north":{"uv":[5,6.25,3.75,7.5],"texture":"#1"},"east":{"uv":[5.25,6.25,5,7.5],"texture":"#1"},"south":{"uv":[6.5,6.25,5.25,7.5],"texture":"#1"},"west":{"uv":[3.75,6.25,3.5,7.5],"texture":"#1"},"up":{"uv":[3.75,6.25,5,6],"texture":"#1"},"down":{"uv":[5,6,6.25,6.25],"texture":"#1"}}},{"name":"cube inverted","from":[13,10,13],"to":[3,-1,3],"faces":{"north":{"uv":[7.5,5.25,10,2.5],"texture":"#1"},"east":{"uv":[5,5.25,7.5,2.5],"texture":"#1"},"south":{"uv":[2.5,5.25,5,2.5],"texture":"#1"},"west":{"uv":[0,5.25,2.5,2.5],"texture":"#1"},"up":{"uv":[5,0,7.5,2.5],"texture":"#1"},"down":{"uv":[2.5,2.5,5,0],"texture":"#1"}}}],"display":{"thirdperson_righthand":{"rotation":[70,20,0],"translation":[-0.25,4.5,-0.25],"scale":[0.8,0.8,0.8]},"thirdperson_lefthand":{"rotation":[70,20,0],"translation":[-0.25,4.5,-0.25],"scale":[0.8,0.8,0.8]},"firstperson_righthand":{"rotation":[0,110,0],"translation":[0,1.25,0],"scale":[0.55,0.55,0.55]},"firstperson_lefthand":{"rotation":[0,110,0],"translation":[0,1.25,0],"scale":[0.55,0.55,0.55]},"ground":{"translation":[0,2,0],"scale":[0.8,0.8,0.8]},"gui":{"rotation":[30,-135,0],"translation":[0,-0.25,0],"scale":[0.75,0.65,0.65]},"head":{"translation":[0,4.25,0.25],"scale":[1.6,1.6,1.6]},"fixed":{"rotation":[-90,0,0],"translation":[0,0,-10.75],"scale":[1.61,1.61,1.61]}}}