{"credit":"Made with Blockbench","texture_size":[64,64],"textures":{"0":"custom/general/cosmetics/hats/military_redfeather_hat","particle":"custom/general/cosmetics/hats/military_redfeather_hat"},"elements":[{"from":[3,6,3],"to":[13,14,13],"rotation":{"angle":0,"axis":"y","origin":[0,-1,0]},"faces":{"north":{"uv":[2.5,2.5,5,4.5],"texture":"#0"},"east":{"uv":[0,2.5,2.5,4.5],"texture":"#0"},"south":{"uv":[7.5,2.5,10,4.5],"texture":"#0"},"west":{"uv":[5,2.5,7.5,4.5],"texture":"#0"},"up":{"uv":[5,2.5,2.5,0],"texture":"#0"},"down":{"uv":[7.5,0,5,2.5],"texture":"#0"}}},{"from":[8,14,3],"to":[8,25,13],"rotation":{"angle":-45,"axis":"y","origin":[8,25,8]},"faces":{"east":{"uv":[0,7.25,2.5,10],"texture":"#0"},"west":{"uv":[2.5,7.25,5,10],"texture":"#0"}}},{"from":[8,14,3],"to":[8,25,13],"rotation":{"angle":45,"axis":"y","origin":[8,25,8]},"faces":{"east":{"uv":[0,4.5,2.5,7.25],"texture":"#0"},"west":{"uv":[2.5,4.5,5,7.25],"texture":"#0"}}},{"from":[3.5,4.32031,2.89453],"to":[12.5,5.32031,5.89453],"rotation":{"angle":-22.5,"axis":"x","origin":[0,-1,0]},"faces":{"north":{"uv":[5.75,5.25,8,5.5],"texture":"#0"},"east":{"uv":[5,5.25,5.75,5.5],"texture":"#0"},"west":{"uv":[8,5.25,8.75,5.5],"texture":"#0"},"up":{"uv":[8,5.25,5.75,4.5],"texture":"#0"},"down":{"uv":[10.25,4.5,8,5.25],"texture":"#0"}}}],"display":{"thirdperson_righthand":{"rotation":[70,20,0],"translation":[-0.25,3.25,-2.5],"scale":[0.8,0.8,0.8]},"thirdperson_lefthand":{"rotation":[70,20,0],"translation":[-0.25,3.25,-2.5],"scale":[0.8,0.8,0.8]},"firstperson_righthand":{"rotation":[0,110,0],"translation":[0,0.5,0],"scale":[0.55,0.55,0.55]},"firstperson_lefthand":{"rotation":[0,110,0],"translation":[0,0.5,0],"scale":[0.55,0.55,0.55]},"ground":{"translation":[0,2,0],"scale":[0.8,0.8,0.8]},"gui":{"rotation":[30,-135,0],"translation":[0.25,-3,0],"scale":[0.7,0.7,0.7]},"head":{"translation":[0,4.25,0.25],"scale":[1.6,1.6,1.6]},"fixed":{"rotation":[-90,0,0],"translation":[0,0,-10.75],"scale":[1.61,1.61,1.61]}}}