{"credit":"Made with Blockbench","texture_size":[64,64],"textures":{"0":"custom/general/cosmetics/hats/military_samurai_hat","particle":"custom/general/cosmetics/hats/military_samurai_hat"},"elements":[{"from":[3,5,3],"to":[13,8,13],"faces":{"north":{"uv":[2.5,2.5,5,3.25],"texture":"#0"},"east":{"uv":[0,2.5,2.5,3.25],"texture":"#0"},"south":{"uv":[7.5,2.5,10,3.25],"texture":"#0"},"west":{"uv":[5,2.5,7.5,3.25],"texture":"#0"},"up":{"uv":[5,2.5,2.5,0],"texture":"#0"},"down":{"uv":[7.5,0,5,2.5],"texture":"#0"}}},{"from":[7,5,2],"to":[9,7,3],"faces":{"north":{"uv":[0.25,0.25,0.75,0.75],"texture":"#0"},"east":{"uv":[0,0.25,0.25,0.75],"texture":"#0"},"west":{"uv":[0.75,0.25,1,0.75],"texture":"#0"},"up":{"uv":[0.75,0.25,0.25,0],"texture":"#0"},"down":{"uv":[1.25,0,0.75,0.25],"texture":"#0"}}},{"from":[3,5,2.98438],"to":[13,13,2.98438],"faces":{"north":{"uv":[8.5,7.25,11,9.25],"texture":"#0"},"south":{"uv":[11,7.25,13.5,9.25],"texture":"#0"}}},{"from":[4,2.48281,2.15781],"to":[12,3.48281,8.15781],"rotation":{"angle":-22.5,"axis":"x","origin":[0,0,0]},"faces":{"north":{"uv":[7.5,4.75,9.5,5],"texture":"#0"},"east":{"uv":[6,4.75,7.5,5],"texture":"#0"},"west":{"uv":[9.5,4.75,11,5],"texture":"#0"},"up":{"uv":[9.5,4.75,7.5,3.25],"texture":"#0"},"down":{"uv":[11.5,3.25,9.5,4.75],"texture":"#0"}}},{"from":[3,-5.78438,12.92578],"to":[13,0.21563,13.92578],"rotation":{"angle":-22.5,"axis":"x","origin":[0,0,0]},"faces":{"north":{"uv":[7.75,0.25,10.25,1.75],"texture":"#0"},"east":{"uv":[7.5,0.25,7.75,1.75],"texture":"#0"},"south":{"uv":[10.5,0.25,13,1.75],"texture":"#0"},"west":{"uv":[10.25,0.25,10.5,1.75],"texture":"#0"},"down":{"uv":[12.75,0,10.25,0.25],"texture":"#0"}}},{"from":[0.83906,0.35703,3.00391],"to":[1.83906,6.35703,13.00391],"rotation":{"angle":-22.5,"axis":"z","origin":[0,-0.04297,0.00391]},"faces":{"north":{"uv":[5.5,7.25,5.75,8.75],"texture":"#0"},"east":{"uv":[3,7.25,5.5,8.75],"texture":"#0"},"south":{"uv":[8.25,7.25,8.5,8.75],"texture":"#0"},"west":{"uv":[5.75,7.25,8.25,8.75],"texture":"#0"},"up":{"uv":[5.75,7.25,5.5,4.75],"texture":"#0"},"down":{"uv":[6,4.75,5.75,7.25],"texture":"#0"}}},{"from":[14.16094,0.35703,3.00391],"to":[15.16094,6.35703,13.00391],"rotation":{"angle":22.5,"axis":"z","origin":[16,-0.04297,0.00391]},"faces":{"north":{"uv":[2.5,5.75,2.75,7.25],"texture":"#0"},"east":{"uv":[0,5.75,2.5,7.25],"texture":"#0"},"south":{"uv":[5.25,5.75,5.5,7.25],"texture":"#0"},"west":{"uv":[2.75,5.75,5.25,7.25],"texture":"#0"},"up":{"uv":[2.75,5.75,2.5,3.25],"texture":"#0"},"down":{"uv":[3,3.25,2.75,5.75],"texture":"#0"}}},{"from":[6,8,4],"to":[10,9,12],"faces":{"north":{"uv":[8,7,9,7.25],"texture":"#0"},"east":{"uv":[6,7,8,7.25],"texture":"#0"},"south":{"uv":[11,7,12,7.25],"texture":"#0"},"west":{"uv":[9,7,11,7.25],"texture":"#0"},"up":{"uv":[9,7,8,5],"texture":"#0"}}}],"display":{"thirdperson_righthand":{"rotation":[70,20,0],"translation":[-0.25,4.5,1],"scale":[0.8,0.8,0.8]},"thirdperson_lefthand":{"rotation":[70,20,0],"translation":[-0.25,4.5,1],"scale":[0.8,0.8,0.8]},"firstperson_righthand":{"rotation":[0,110,0],"translation":[0,3.75,0],"scale":[0.55,0.55,0.55]},"firstperson_lefthand":{"rotation":[0,110,0],"translation":[0,3.75,0],"scale":[0.55,0.55,0.55]},"ground":{"translation":[0,3.5,0],"scale":[0.8,0.8,0.8]},"gui":{"rotation":[30,-135,0],"translation":[0,3.25,0],"scale":[0.8,0.8,0.8]},"head":{"translation":[0,7.5,0.25],"scale":[1.6,1.6,1.6]},"fixed":{"rotation":[-90,0,0],"translation":[0,0,-10.75],"scale":[1.61,1.61,1.61]}}}