{"credit":"Made with Blockbench","texture_size":[64,64],"textures":{"1":"custom/general/cosmetics/hats/military_pharaoh_hat"},"elements":[{"from":[0.14214,-9.39949,6.5],"to":[4.14214,-3.39949,9.5],"rotation":{"angle":-45,"axis":"z","origin":[17.14214,-0.39949,-4.5]},"faces":{"north":{"uv":[4.25,6.5,5.25,8],"texture":"#1"},"east":{"uv":[3.5,6.5,4.25,8],"texture":"#1"},"south":{"uv":[6,6.5,7,8],"texture":"#1"},"west":{"uv":[5.25,6.5,6,8],"texture":"#1"},"down":{"uv":[6.25,5.75,5.25,6.5],"texture":"#1"}}},{"from":[-0.5,-1.5,7],"to":[3.5,5.5,9],"rotation":{"angle":0,"axis":"y","origin":[17.14214,-0.39949,-4.5]},"faces":{"north":{"uv":[8,0.5,9,2.25],"texture":"#1"},"east":{"uv":[7.5,0.5,8,2.25],"texture":"#1"},"south":{"uv":[9.5,0.5,10.5,2.25],"texture":"#1"},"west":{"uv":[9,0.5,9.5,2.25],"texture":"#1"},"down":{"uv":[10,0,9,0.5],"texture":"#1"}}},{"from":[12.5,-1.5,7],"to":[16.5,5.5,9],"rotation":{"angle":0,"axis":"y","origin":[-1.14214,-0.39949,-4.5]},"faces":{"north":{"uv":[7.5,6.25,8.5,8],"texture":"#1"},"east":{"uv":[7,6.25,7.5,8],"texture":"#1"},"south":{"uv":[9,6.25,10,8],"texture":"#1"},"west":{"uv":[8.5,6.25,9,8],"texture":"#1"},"down":{"uv":[9.5,5.75,8.5,6.25],"texture":"#1"}}},{"from":[11.85786,-9.39949,6.5],"to":[15.85786,-3.39949,9.5],"rotation":{"angle":45,"axis":"z","origin":[-1.14214,-0.39949,-4.5]},"faces":{"north":{"uv":[0.75,6.5,1.75,8],"texture":"#1"},"east":{"uv":[0,6.5,0.75,8],"texture":"#1"},"south":{"uv":[2.5,6.5,3.5,8],"texture":"#1"},"west":{"uv":[1.75,6.5,2.5,8],"texture":"#1"},"down":{"uv":[2.75,5.75,1.75,6.5],"texture":"#1"}}},{"from":[3,6,3],"to":[13,10,13],"faces":{"north":{"uv":[2.5,2.5,5,3.5],"texture":"#1"},"east":{"uv":[0,2.5,2.5,3.5],"texture":"#1"},"south":{"uv":[7.5,2.5,10,3.5],"texture":"#1"},"west":{"uv":[5,2.5,7.5,3.5],"texture":"#1"},"up":{"uv":[5,2.5,2.5,0],"texture":"#1"},"down":{"uv":[7.5,0,5,2.5],"texture":"#1"}}},{"from":[4,10,4],"to":[12,11,12],"faces":{"north":{"uv":[2,5.5,4,5.75],"texture":"#1"},"east":{"uv":[0,5.5,2,5.75],"texture":"#1"},"south":{"uv":[6,5.5,8,5.75],"texture":"#1"},"west":{"uv":[4,5.5,6,5.75],"texture":"#1"},"up":{"uv":[4,5.5,2,3.5],"texture":"#1"}}},{"from":[7,4.9958,4.93393],"to":[9,8.4958,7.93393],"rotation":{"angle":-22.5,"axis":"x","origin":[0,1.4958,0.51987]},"faces":{"north":{"uv":[0.75,0.75,1.25,1.5],"texture":"#1"},"east":{"uv":[0,0.75,0.75,1.5],"texture":"#1"},"west":{"uv":[1.25,0.75,2,1.5],"texture":"#1"}}},{"from":[7,9.28486,-2.48013],"to":[9,11.28486,1.01987],"rotation":{"angle":22.5,"axis":"x","origin":[0,1.4958,0.51987]},"faces":{"north":{"uv":[6.75,4.25,7.25,4.75],"texture":"#1"},"east":{"uv":[6,4.25,6.75,4.75],"texture":"#1"},"west":{"uv":[7.25,4.25,8,4.75],"texture":"#1"},"up":{"uv":[7.25,4.25,6.75,3.5],"texture":"#1"},"down":{"uv":[7.75,3.5,7.25,4.25],"texture":"#1"}}}],"display":{"thirdperson_righthand":{"rotation":[70,20,0],"translation":[-0.25,4.5,-0.25],"scale":[0.8,0.8,0.8]},"thirdperson_lefthand":{"rotation":[70,20,0],"translation":[-0.25,4.5,-0.25],"scale":[0.8,0.8,0.8]},"firstperson_righthand":{"rotation":[0,110,0],"translation":[0,1.75,0],"scale":[0.55,0.55,0.55]},"firstperson_lefthand":{"rotation":[0,110,0],"translation":[0,3,0],"scale":[0.55,0.55,0.55]},"ground":{"translation":[0,2,0],"scale":[0.8,0.8,0.8]},"gui":{"rotation":[30,-135,0],"translation":[0,2.5,0],"scale":[0.8,0.8,0.8]},"head":{"translation":[0,4.25,0.25],"scale":[1.6,1.6,1.6]},"fixed":{"rotation":[-90,0,0],"translation":[0,0,-10.75],"scale":[1.61,1.61,1.61]}}}