{"credit":"Made with Blockbench","texture_size":[64,64],"textures":{"0":"custom/general/cosmetics/hats/military_viking_hat","particle":"custom/general/cosmetics/hats/military_viking_hat"},"elements":[{"from":[3,6,3],"to":[13,8,13],"rotation":{"angle":0,"axis":"y","origin":[0,-1,0]},"faces":{"north":{"uv":[2.5,2.5,5,3],"texture":"#0"},"east":{"uv":[0,2.5,2.5,3],"texture":"#0"},"south":{"uv":[7.5,2.5,10,3],"texture":"#0"},"west":{"uv":[5,2.5,7.5,3],"texture":"#0"},"up":{"uv":[5,2.5,2.5,0],"texture":"#0"},"down":{"uv":[7.5,0,5,2.5],"texture":"#0"}}},{"from":[3.5,8,3.5],"to":[12.5,12,12.5],"rotation":{"angle":0,"axis":"y","origin":[0,-1,0]},"faces":{"north":{"uv":[2.25,5.5,4.5,6.5],"texture":"#0"},"east":{"uv":[0,5.5,2.25,6.5],"texture":"#0"},"south":{"uv":[6.75,5.5,9,6.5],"texture":"#0"},"west":{"uv":[4.5,5.5,6.75,6.5],"texture":"#0"},"up":{"uv":[4.5,5.5,2.25,3.25],"texture":"#0"}}},{"from":[-7,8.5,6.5],"to":[-4,12.5,10.5],"rotation":{"angle":-45,"axis":"z","origin":[0,-1,0]},"faces":{"north":{"uv":[4.75,7.75,5.5,8.75],"texture":"#0"},"south":{"uv":[6.5,7.75,7.25,8.75],"texture":"#0"},"west":{"uv":[5.5,7.75,6.5,8.75],"texture":"#0"},"up":{"uv":[5.5,7.75,4.75,6.75],"texture":"#0"},"down":{"uv":[6.25,6.75,5.5,7.75],"texture":"#0"}}},{"from":[-9,9,7],"to":[-7,12,10],"rotation":{"angle":-45,"axis":"z","origin":[0,-1,0]},"faces":{"north":{"uv":[7.5,9.25,8,10],"texture":"#0"},"south":{"uv":[8.75,9.25,9.25,10],"texture":"#0"},"up":{"uv":[8,9.25,7.5,8.5],"texture":"#0"},"down":{"uv":[8.5,8.5,8,9.25],"texture":"#0"}}},{"from":[4.91246,9.29328,7],"to":[7.91246,12.29328,10],"rotation":{"angle":22.5,"axis":"z","origin":[-5.08754,0.29328,0]},"faces":{"north":{"uv":[8.25,7.5,9,8.25],"texture":"#0"},"east":{"uv":[7.5,7.5,8.25,8.25],"texture":"#0"},"south":{"uv":[9.75,7.5,10.5,8.25],"texture":"#0"},"west":{"uv":[9,7.5,9.75,8.25],"texture":"#0"},"up":{"uv":[9,7.5,8.25,6.75],"texture":"#0"}}},{"from":[-0.08754,15.29328,7.5],"to":[1.91246,18.29328,9.5],"rotation":{"angle":0,"axis":"y","origin":[-5.08754,0.29328,0]},"faces":{"north":{"uv":[0.5,3.75,1,4.5],"texture":"#0"},"east":{"uv":[0,3.75,0.5,4.5],"texture":"#0"},"south":{"uv":[1.5,3.75,2,4.5],"texture":"#0"},"west":{"uv":[1,3.75,1.5,4.5],"texture":"#0"},"up":{"uv":[1,3.75,0.5,3.25],"texture":"#0"}}},{"from":[14.08754,15.29328,7.5],"to":[16.08754,18.29328,9.5],"rotation":{"angle":0,"axis":"y","origin":[21.08754,0.29328,0]},"faces":{"north":{"uv":[0.5,0.5,1,1.25],"texture":"#0"},"east":{"uv":[0,0.5,0.5,1.25],"texture":"#0"},"south":{"uv":[1.5,0.5,2,1.25],"texture":"#0"},"west":{"uv":[1,0.5,1.5,1.25],"texture":"#0"},"up":{"uv":[1,0.5,0.5,0],"texture":"#0"}}},{"from":[20,8.5,6.5],"to":[23,12.5,10.5],"rotation":{"angle":45,"axis":"z","origin":[16,-1,0]},"faces":{"north":{"uv":[1,7.75,1.75,8.75],"texture":"#0"},"east":{"uv":[0,7.75,1,8.75],"texture":"#0"},"south":{"uv":[2.75,7.75,3.5,8.75],"texture":"#0"},"up":{"uv":[1.75,7.75,1,6.75],"texture":"#0"},"down":{"uv":[2.5,6.75,1.75,7.75],"texture":"#0"}}},{"from":[23,9,7],"to":[25,12,10],"rotation":{"angle":45,"axis":"z","origin":[16,-1,0]},"faces":{"north":{"uv":[8.5,0.75,9,1.5],"texture":"#0"},"south":{"uv":[9.75,0.75,10.25,1.5],"texture":"#0"},"up":{"uv":[9,0.75,8.5,0],"texture":"#0"},"down":{"uv":[9.5,0,9,0.75],"texture":"#0"}}},{"from":[8.08754,9.29328,7],"to":[11.08754,12.29328,10],"rotation":{"angle":-22.5,"axis":"z","origin":[21.08754,0.29328,0]},"faces":{"north":{"uv":[7.75,4,8.5,4.75],"texture":"#0"},"east":{"uv":[7,4,7.75,4.75],"texture":"#0"},"south":{"uv":[9.25,4,10,4.75],"texture":"#0"},"west":{"uv":[8.5,4,9.25,4.75],"texture":"#0"},"up":{"uv":[8.5,4,7.75,3.25],"texture":"#0"}}}],"display":{"thirdperson_righthand":{"rotation":[70,20,0],"translation":[-0.25,4.5,-0.25],"scale":[0.8,0.8,0.8]},"thirdperson_lefthand":{"rotation":[70,20,0],"translation":[-0.25,4.5,-0.25],"scale":[0.8,0.8,0.8]},"firstperson_righthand":{"rotation":[0,110,0],"translation":[0,-0.25,0],"scale":[0.55,0.55,0.55]},"firstperson_lefthand":{"rotation":[0,110,0],"translation":[0,-0.25,0],"scale":[0.55,0.55,0.55]},"ground":{"scale":[0.8,0.8,0.8]},"gui":{"rotation":[30,-135,0],"translation":[0,-2.5,0],"scale":[0.8,0.8,0.8]},"head":{"translation":[0,4.75,0],"scale":[1.61,1.61,1.61]},"fixed":{"rotation":[-90,0,0],"translation":[0,0,-2.75],"scale":[1.61,1.61,1.61]}}}