{"credit":"Design by Tourne_Vis","texture_size":[128,128],"textures":{"0":"custom/general/cosmetics/hats/newyear_hat_2023"},"elements":[{"from":[-3,0,-3],"to":[19,2,19],"faces":{"north":{"uv":[5.75,0.875,8.5,1.125],"texture":"#0"},"east":{"uv":[5.75,1.125,8.5,1.375],"texture":"#0"},"south":{"uv":[5.75,1.375,8.5,1.625],"texture":"#0"},"west":{"uv":[5.75,1.625,8.5,1.875],"texture":"#0"},"up":{"uv":[2.75,2.75,0,0],"texture":"#0"},"down":{"uv":[2.75,2.75,0,5.5],"texture":"#0"}}},{"from":[0,2,0],"to":[16,9,16],"faces":{"north":{"uv":[0,5.5,2,6.375],"texture":"#0"},"east":{"uv":[2,5.5,4,6.375],"texture":"#0"},"south":{"uv":[4,5.5,6,6.375],"texture":"#0"},"west":{"uv":[5.75,0,7.75,0.875],"texture":"#0"},"up":{"uv":[4.75,5.5,2.75,3.5],"texture":"#0"},"down":{"uv":[6.75,3.5,4.75,5.5],"texture":"#0"}}},{"from":[-0.5,2.3,-0.5],"to":[16.5,5.3,16.5],"faces":{"north":{"uv":[0,8.5,2.125,8.875],"texture":"#0"},"east":{"uv":[2.125,8.5,4.25,8.875],"texture":"#0"},"south":{"uv":[0,8.875,2.125,9.25],"texture":"#0"},"west":{"uv":[2.125,8.875,4.25,9.25],"texture":"#0"},"up":{"uv":[2.125,8.5,0,6.375],"texture":"#0"},"down":{"uv":[4.25,6.375,2.125,8.5],"texture":"#0"}}},{"from":[-4.5,8,8],"to":[20.5,22,8],"faces":{"north":{"uv":[8.5,0,11.625,1.75],"texture":"#0"},"east":{"uv":[0,0,0,1.75],"texture":"#0"},"south":{"uv":[11.625,0,8.5,1.75],"texture":"#0"},"west":{"uv":[0,0,0,1.75],"texture":"#0"},"up":{"uv":[3,0,0,0],"texture":"#0"},"down":{"uv":[3,0,0,0],"texture":"#0"}}}],"gui_light":"front","display":{"thirdperson_righthand":{"rotation":[-7,46,0],"translation":[0,1.75,0],"scale":[0.3,0.3,0.3]},"thirdperson_lefthand":{"rotation":[-7,46,0],"translation":[0,1.75,0],"scale":[0.3,0.3,0.3]},"firstperson_righthand":{"rotation":[-1,34,0],"translation":[1.75,2.25,0],"scale":[0.3,0.3,0.3]},"firstperson_lefthand":{"rotation":[-1,34,0],"translation":[1.75,2.25,0],"scale":[0.3,0.3,0.3]},"ground":{"scale":[0.3,0.3,0.3]},"gui":{"rotation":[30,-135,0],"translation":[0,0.25,0],"scale":[0.5,0.5,0.5]},"head":{"rotation":[6,0,0],"translation":[0,10.5,0.5]}}}