{"credit":"Made with Blockbench","textures":{"0":"custom/general/cosmetics/hats/parrot_hat","particle":"custom/general/cosmetics/hats/parrot_hat"},"elements":[{"from":[8,9,7],"to":[8,10,9],"faces":{"north":{"uv":[0,0,0,1],"texture":"#0"},"east":{"uv":[0,0,2,1],"texture":"#0"},"south":{"uv":[0,0,0,1],"texture":"#0"},"west":{"uv":[0,1,2,2],"texture":"#0"},"up":{"uv":[0,2,0,0],"texture":"#0"},"down":{"uv":[0,0,0,2],"texture":"#0"}}},{"from":[8,10,7],"to":[8,11,8],"faces":{"north":{"uv":[0,0,0,1],"texture":"#0"},"east":{"uv":[3,0,4,1],"texture":"#0"},"south":{"uv":[0,0,0,1],"texture":"#0"},"west":{"uv":[3,1,4,2],"texture":"#0"},"up":{"uv":[0,1,0,0],"texture":"#0"},"down":{"uv":[0,0,0,1],"texture":"#0"}}},{"from":[8,10,9],"to":[8,11,10],"faces":{"north":{"uv":[0,0,0,1],"texture":"#0"},"east":{"uv":[3,2,4,3],"texture":"#0"},"south":{"uv":[0,0,0,1],"texture":"#0"},"west":{"uv":[3,3,4,4],"texture":"#0"},"up":{"uv":[0,1,0,0],"texture":"#0"},"down":{"uv":[0,0,0,1],"texture":"#0"}}},{"from":[8,11,10],"to":[8,13,11],"faces":{"north":{"uv":[0,0,0,2],"texture":"#0"},"east":{"uv":[0,2,1,4],"texture":"#0"},"south":{"uv":[0,0,0,2],"texture":"#0"},"west":{"uv":[2,0,3,2],"texture":"#0"},"up":{"uv":[0,1,0,0],"texture":"#0"},"down":{"uv":[0,0,0,1],"texture":"#0"}}},{"from":[8,11,8],"to":[8,13,9],"faces":{"north":{"uv":[0,0,0,2],"texture":"#0"},"east":{"uv":[1,2,2,4],"texture":"#0"},"south":{"uv":[0,0,0,2],"texture":"#0"},"west":{"uv":[2,2,3,4],"texture":"#0"},"up":{"uv":[0,1,0,0],"texture":"#0"},"down":{"uv":[0,0,0,1],"texture":"#0"}}}],"display":{"gui":{"rotation":[30,-135,0],"translation":[0,-5,0],"scale":[2,2,2]},"head":{"rotation":[4,0,0],"translation":[0,5,-3.75],"scale":[2,2,2]},"fixed":{"rotation":[0,109,0]}},"groups":[{"name":"group","origin":[8,8,8],"color":0,"children":[0,1,2,3,4]},{"name":"group","origin":[8,8,8],"color":0,"children":[]}]}