{"credit":"Made with Blockbench","textures":{"0":"custom/general/cosmetics/hats/pilot_hat","particle":"custom/general/cosmetics/hats/pilot_hat"},"elements":[{"from":[3,0,3],"to":[13,13,13],"faces":{"north":{"uv":[0,5,5,11.5],"texture":"#0","tintindex":0},"east":{"uv":[10,5,5,11.5],"texture":"#0","tintindex":0},"south":{"uv":[10,5,15,11.5],"texture":"#0","tintindex":0},"west":{"uv":[5,5,10,11.5],"texture":"#0","tintindex":0},"up":{"uv":[0,5,5,0],"texture":"#0","tintindex":0}}},{"from":[13.025,12.975,13.025],"to":[3.075,0.025,3.075],"rotation":{"angle":0,"axis":"y","origin":[16,16,16]},"faces":{"north":{"uv":[10,11.5,15,5],"texture":"#0","tintindex":0},"east":{"uv":[5,11.5,10,5],"texture":"#0","tintindex":0},"south":{"uv":[0,11.5,5,5],"texture":"#0","tintindex":0},"west":{"uv":[10,11.5,5,5],"texture":"#0","tintindex":0},"down":{"uv":[5,5,0,0],"texture":"#0","tintindex":0}}},{"from":[2.75,9,2.75],"to":[13.25,11,13.25],"faces":{"north":{"uv":[10,0,15,1],"texture":"#0"},"east":{"uv":[10,0,15,1],"texture":"#0"},"south":{"uv":[10,0,15,1],"texture":"#0"},"west":{"uv":[10,0,15,1],"texture":"#0"}}},{"from":[11,7.9,3],"to":[15,11.9,5],"rotation":{"angle":-22.5,"axis":"y","origin":[16,0,0]},"faces":{"north":{"uv":[5,1,7,3],"texture":"#0"},"east":{"uv":[7,1,8,3],"texture":"#0"},"south":{"uv":[8,1,10,3],"texture":"#0"},"west":{"uv":[7,1,8,3],"texture":"#0"},"up":{"uv":[5,1,7,0],"texture":"#0"},"down":{"uv":[5,4,7,3],"texture":"#0"}}},{"from":[1,7.9,3],"to":[5,11.9,5],"rotation":{"angle":22.5,"axis":"y","origin":[0,0,0]},"faces":{"north":{"uv":[5,1,7,3],"texture":"#0"},"east":{"uv":[8,1,7,3],"texture":"#0"},"south":{"uv":[10,1,8,3],"texture":"#0"},"west":{"uv":[8,1,7,3],"texture":"#0"},"up":{"uv":[7,1,5,0],"texture":"#0"},"down":{"uv":[7,4,5,3],"texture":"#0"}}},{"from":[1,4,6],"to":[3,9,11],"faces":{"north":{"uv":[3.5,13.5,2.5,16],"texture":"#0","tintindex":0},"south":{"uv":[2.5,13.5,3.5,16],"texture":"#0","tintindex":0},"west":{"uv":[0,13.5,2.5,16],"texture":"#0","tintindex":0},"up":{"uv":[4.5,13.5,5.5,16],"texture":"#0","tintindex":0},"down":{"uv":[3.5,13.5,4.5,16],"texture":"#0","tintindex":0}}},{"from":[13,4,6],"to":[15,9,11],"faces":{"north":{"uv":[2.5,13.5,3.5,16],"texture":"#0","tintindex":0},"east":{"uv":[2.5,13.5,0,16],"texture":"#0","tintindex":0},"south":{"uv":[3.5,13.5,2.5,16],"texture":"#0","tintindex":0},"up":{"uv":[5.5,13.5,4.5,16],"texture":"#0","tintindex":0},"down":{"uv":[4.5,13.5,3.5,16],"texture":"#0","tintindex":0}}},{"from":[2,-4,6],"to":[2,4,10],"faces":{"east":{"uv":[8.5,12,10.5,16],"texture":"#0"},"west":{"uv":[8.5,12,10.5,16],"texture":"#0"}}},{"from":[14,-4,6],"to":[14,4,10],"faces":{"east":{"uv":[6.5,12,8.5,16],"texture":"#0"},"west":{"uv":[6.5,12,8.5,16],"texture":"#0"}}}],"gui_light":"front","display":{"thirdperson_righthand":{"rotation":[75,45,0],"translation":[-2.25,0,0],"scale":[0.4,0.4,0.4]},"thirdperson_lefthand":{"rotation":[75,45,0],"translation":[-2.25,0,0],"scale":[0.4,0.4,0.4]},"firstperson_righthand":{"rotation":[0,110,0],"translation":[1.25,1.75,0],"scale":[0.4,0.4,0.4]},"firstperson_lefthand":{"rotation":[0,110,0],"translation":[1.25,1.75,0],"scale":[0.4,0.4,0.4]},"ground":{"translation":[0,3,0],"scale":[0.5,0.5,0.5]},"gui":{"rotation":[30,-135,0],"translation":[0,2,0],"scale":[0.7,0.7,0.7]},"head":{"translation":[0,2.25,0],"scale":[1.5,1.5,1.5]}}}