{"credit":"Made by Elo106","texture_size":[32,32],"textures":{"17":"custom/general/cosmetics/hats/red_headband"},"elements":[{"from":[7.5,-3.5,12.502],"to":[9.5,3.5,12.502],"rotation":{"angle":0,"axis":"y","origin":[8,5,8]},"faces":{"north":{"uv":[10,9.5,9,13],"texture":"#17"},"east":{"uv":[0,0,0,3.5],"texture":"#17"},"south":{"uv":[9,9.5,10,13],"texture":"#17"},"west":{"uv":[0,0,0,3.5],"texture":"#17"},"up":{"uv":[1,0,0,0],"texture":"#17"},"down":{"uv":[1,0,0,0],"texture":"#17"}}},{"from":[3.5,2.5,3.5],"to":[12.5,4.5,12.5],"rotation":{"angle":0,"axis":"y","origin":[8,5,8]},"faces":{"north":{"uv":[0,9,4.5,10],"texture":"#17"},"east":{"uv":[9,0,13.5,1],"texture":"#17"},"south":{"uv":[9,1,13.5,2],"texture":"#17"},"west":{"uv":[9,2,13.5,3],"texture":"#17"},"up":{"uv":[4.5,4.5,0,0],"texture":"#17"},"down":{"uv":[4.5,4.5,0,9],"texture":"#17"}}},{"from":[12.5,4.5,12.5],"to":[3.5,2.5,3.5],"rotation":{"angle":0,"axis":"y","origin":[8,5,8]},"faces":{"north":{"uv":[9,2,13.5,1],"texture":"#17"},"east":{"uv":[9,3,13.5,2],"texture":"#17"},"south":{"uv":[0,10,4.5,9],"texture":"#17"},"west":{"uv":[9,1,13.5,0],"texture":"#17"},"up":{"uv":[9,4.5,4.5,0],"texture":"#17"},"down":{"uv":[9,4.5,4.5,9],"texture":"#17"}}},{"from":[7.5,-3.5,12.501],"to":[9.5,3.5,12.501],"rotation":{"angle":22.5,"axis":"z","origin":[8,5,8]},"faces":{"north":{"uv":[2,10,1,13.5],"texture":"#17"},"east":{"uv":[0,0,0,3.5],"texture":"#17"},"south":{"uv":[1,10,2,13.5],"texture":"#17"},"west":{"uv":[0,0,0,3.5],"texture":"#17"},"up":{"uv":[1,0,0,0],"texture":"#17"},"down":{"uv":[1,0,0,0],"texture":"#17"}}}],"gui_light":"front","display":{"thirdperson_righthand":{"rotation":[-45,0,0],"translation":[0,0,-4.25],"scale":[0.7,0.7,0.7]},"thirdperson_lefthand":{"rotation":[-45,0,0],"translation":[0,0,-4.25],"scale":[0.7,0.7,0.7]},"firstperson_righthand":{"rotation":[160,60,160],"translation":[0.25,4,1],"scale":[0.5,0.5,0.5]},"firstperson_lefthand":{"rotation":[160,60,160],"translation":[0.25,4,1],"scale":[0.5,0.5,0.5]},"ground":{"scale":[0.6,0.6,0.6]},"gui":{"rotation":[30,-135,0],"translation":[0,5,0]},"head":{"translation":[0,11.25,0],"scale":[1.61,1.61,1.61]},"fixed":{"rotation":[-90,0,0],"translation":[0,0,-11],"scale":[2,2,2]}},"groups":[{"name":"headband","origin":[8,8,8],"color":0,"children":[0,1,2,3]}]}