{"credit":"Made with Blockbench","texture_size":[64,64],"textures":{"0":"custom/general/cosmetics/hats/shark_hat","particle":"custom/general/cosmetics/hats/shark_hat"},"elements":[{"from":[4,-4,0.5],"to":[12,-1,12.5],"rotation":{"angle":-22.5,"axis":"x","origin":[-2,0,1]},"faces":{"north":{"uv":[2,6,4,6.75],"texture":"#0"},"east":{"uv":[4,2,7,2.75],"texture":"#0"},"south":{"uv":[6,5.5,8,6.25],"texture":"#0"},"west":{"uv":[4,2.75,7,3.5],"texture":"#0"},"up":{"uv":[2,3,0,0],"texture":"#0"},"down":{"uv":[4,0,2,3],"texture":"#0"}}},{"from":[4,7.5,-2],"to":[12,11.5,10],"rotation":{"angle":22.5,"axis":"x","origin":[-2,0,1]},"faces":{"north":{"uv":[4,5.5,6,6.5],"texture":"#0"},"east":{"uv":[4,0,7,1],"texture":"#0"},"south":{"uv":[0,6,2,7],"texture":"#0"},"west":{"uv":[4,1,7,2],"texture":"#0"},"up":{"uv":[2,6,0,3],"texture":"#0"},"down":{"uv":[4,3,2,6],"texture":"#0"}}},{"from":[8,2,10.75],"to":[10,6,19.75],"rotation":{"angle":-22.5,"axis":"x","origin":[-1,0,1]},"faces":{"north":{"uv":[1,7,1.5,8],"texture":"#0"},"east":{"uv":[4,3.5,6.25,4.5],"texture":"#0"},"south":{"uv":[1.5,7,2,8],"texture":"#0"},"west":{"uv":[4,4.5,6.25,5.5],"texture":"#0"},"up":{"uv":[0.5,9.25,0,7],"texture":"#0"},"down":{"uv":[1,7,0.5,9.25],"texture":"#0"}}},{"from":[4,-1.4,1],"to":[4,0.6,13],"rotation":{"angle":-22.5,"axis":"x","origin":[-1,0,0]},"faces":{"north":{"uv":[0,0,0,0.5],"texture":"#0"},"east":{"uv":[6.25,3.5,9.25,4],"texture":"#0"},"south":{"uv":[0,0,0,0.5],"texture":"#0"},"west":{"uv":[6.25,4,9.25,4.5],"texture":"#0"},"up":{"uv":[0,3,0,0],"texture":"#0"},"down":{"uv":[0,0,0,3],"texture":"#0"}}},{"from":[4,-1.5,1],"to":[12,0.5,1],"rotation":{"angle":-22.5,"axis":"x","origin":[-1,0,0]},"faces":{"north":{"uv":[7,0.5,9,1],"texture":"#0"},"east":{"uv":[0,0,0,0.5],"texture":"#0"},"south":{"uv":[7,1,9,1.5],"texture":"#0"},"west":{"uv":[0,0,0,0.5],"texture":"#0"},"up":{"uv":[2,0,0,0],"texture":"#0"},"down":{"uv":[2,0,0,0],"texture":"#0"}}},{"from":[12,-1.4,1],"to":[12,0.6,13],"rotation":{"angle":-22.5,"axis":"x","origin":[-1,0,0]},"faces":{"north":{"uv":[0,0,0,0.5],"texture":"#0"},"east":{"uv":[6.25,4.5,9.25,5],"texture":"#0"},"south":{"uv":[0,0,0,0.5],"texture":"#0"},"west":{"uv":[6.25,5,9.25,5.5],"texture":"#0"},"up":{"uv":[0,3,0,0],"texture":"#0"},"down":{"uv":[0,0,0,3],"texture":"#0"}}},{"from":[12,5.5,-2],"to":[12,7.5,10],"rotation":{"angle":22.5,"axis":"x","origin":[-2,0,1]},"faces":{"north":{"uv":[0,0,0,0.5],"texture":"#0"},"east":{"uv":[6,6.25,9,6.75],"texture":"#0"},"south":{"uv":[0,0,0,0.5],"texture":"#0"},"west":{"uv":[2,6.75,5,7.25],"texture":"#0"},"up":{"uv":[0,3,0,0],"texture":"#0"},"down":{"uv":[0,0,0,3],"texture":"#0"}}},{"from":[4,5.5,-2],"to":[12,7.5,-2],"rotation":{"angle":22.5,"axis":"x","origin":[-2,0,1]},"faces":{"north":{"uv":[7,1.5,9,2],"texture":"#0"},"east":{"uv":[0,0,0,0.5],"texture":"#0"},"south":{"uv":[7,2,9,2.5],"texture":"#0"},"west":{"uv":[0,0,0,0.5],"texture":"#0"},"up":{"uv":[2,0,0,0],"texture":"#0"},"down":{"uv":[2,0,0,0],"texture":"#0"}}},{"from":[4,5.5,-2],"to":[4,7.5,10],"rotation":{"angle":22.5,"axis":"x","origin":[-2,0,1]},"faces":{"north":{"uv":[0,0,0,0.5],"texture":"#0"},"east":{"uv":[5,6.75,8,7.25],"texture":"#0"},"south":{"uv":[0,0,0,0.5],"texture":"#0"},"west":{"uv":[7,0,10,0.5],"texture":"#0"},"up":{"uv":[0,3,0,0],"texture":"#0"},"down":{"uv":[0,0,0,3],"texture":"#0"}}}],"display":{"thirdperson_righthand":{"translation":[0,0,-3.25],"scale":[0.6,0.6,0.6]},"thirdperson_lefthand":{"translation":[0,0,-3.25],"scale":[0.6,0.6,0.6]},"firstperson_righthand":{"translation":[0,1.75,0],"scale":[0.7,0.7,0.7]},"firstperson_lefthand":{"translation":[0,1.75,0],"scale":[0.7,0.7,0.7]},"ground":{"translation":[0,1.25,0],"scale":[0.5,0.5,0.5]},"gui":{"rotation":[30,-135,0],"translation":[0.25,2.5,0],"scale":[0.72,0.72,0.72]},"head":{"translation":[0,9.5,1.75],"scale":[1.85,2,1.85]}},"groups":[{"name":"shark_hat","origin":[8,8,8],"color":0,"children":[0,1,2,{"name":"tooth","origin":[-1,0,1],"color":0,"children":[3,4,5,6,7,8]}]}]}