{"credit":"Made with Blockbench","textures":{"0":"custom/general/cosmetics/hats/sherrif_hat","particle":"custom/general/cosmetics/hats/sherrif_hat"},"elements":[{"from":[3,0,3],"to":[13,7,13],"rotation":{"angle":0,"axis":"y","origin":[0.5,0,0.5]},"faces":{"north":{"uv":[0,0,5,3.5],"texture":"#0"},"east":{"uv":[11,12.5,16,16],"texture":"#0"},"south":{"uv":[0,0,5,3.5],"texture":"#0"},"west":{"uv":[11,12.5,16,16],"texture":"#0"},"up":{"uv":[0,3.5,5,8.5],"texture":"#0"}}},{"from":[2.75,5,2.75],"to":[13.25,7.5,13.25],"rotation":{"angle":0,"axis":"y","origin":[0.5,0,0.5]},"faces":{"north":{"uv":[6,10,11,11],"texture":"#0"},"east":{"uv":[11,10,16,11],"texture":"#0"},"south":{"uv":[6,10,11,11],"texture":"#0"},"west":{"uv":[11,10,16,11],"texture":"#0"},"up":{"uv":[6,11,11,16],"texture":"#0"}}},{"from":[2.75,0,2.75],"to":[13.25,4,13.25],"faces":{"north":{"uv":[0,10.5,5,12.5],"texture":"#0"},"east":{"uv":[0,14,5,16],"texture":"#0"},"south":{"uv":[0,14,5,16],"texture":"#0"},"west":{"uv":[0,14,5,16],"texture":"#0"}}},{"from":[5.75,0,2.65],"to":[10.25,4,2.65],"faces":{"north":{"uv":[1.5,8.5,3.5,10.5],"texture":"#0"},"south":{"uv":[3.5,8.5,1.5,10.5],"texture":"#0"}}},{"from":[2,0,0],"to":[14,0.02,16],"faces":{"up":{"uv":[8.5,0,14.5,8],"texture":"#0"},"down":{"uv":[8.5,0,14.5,8],"texture":"#0"}}},{"from":[14,0,0],"to":[18,0.02,16],"rotation":{"angle":45,"axis":"z","origin":[14,0,0]},"faces":{"up":{"uv":[14.5,0,16,8],"texture":"#0"},"down":{"uv":[14.5,0,16,8],"texture":"#0"}}},{"from":[-2,0,0],"to":[2,0.02,16],"rotation":{"angle":-45,"axis":"z","origin":[2,0,0]},"faces":{"up":{"uv":[16,0,14.5,8],"texture":"#0"},"down":{"uv":[16,0,14.5,8],"texture":"#0"}}}],"gui_light":"front","display":{"thirdperson_righthand":{"rotation":[75,67,0],"translation":[-1.5,2.25,3.5],"scale":[0.5,0.5,0.5]},"thirdperson_lefthand":{"rotation":[75,67,0],"translation":[-1.5,2.25,3.5],"scale":[0.5,0.5,0.5]},"firstperson_righthand":{"rotation":[13,112,-7],"translation":[2.5,3.75,0],"scale":[0.4,0.4,0.4]},"firstperson_lefthand":{"rotation":[13,112,-7],"translation":[2.5,3.75,0],"scale":[0.4,0.4,0.4]},"ground":{"translation":[0,2.5,0],"scale":[0.5,0.5,0.5]},"gui":{"rotation":[30,-168,0],"translation":[-0.25,3,0],"scale":[0.7,0.7,0.7]},"head":{"rotation":[3.5,0,0],"translation":[0,13.75,0.5],"scale":[1.6,1.6,1.6]},"fixed":{"translation":[0,3,-2]}}}