{"credit":"Made with Blockbench","texture_size":[32,32],"textures":{"0":"custom/general/cosmetics/hats/snowman_hat","particle":"custom/general/cosmetics/hats/snowman_hat"},"elements":[{"from":[3.75,5.5,7.25],"to":[9.75,11.5,13.25],"rotation":{"angle":0,"axis":"y","origin":[6.75,13,6.75]},"faces":{"north":{"uv":[6,3,9,6],"texture":"#0"},"east":{"uv":[3,3,6,6],"texture":"#0"},"south":{"uv":[0,3,3,6],"texture":"#0"},"west":{"uv":[9,3,12,6],"texture":"#0"},"up":{"uv":[6,3,3,0],"rotation":90,"texture":"#0"},"down":{"uv":[9,0,6,3],"rotation":270,"texture":"#0"}}},{"from":[4.25,6.5,5.75],"to":[9.25,6.5,8.25],"rotation":{"angle":0,"axis":"y","origin":[6.75,13,6.75]},"faces":{"north":{"uv":[8.5,8.5,11,8.5],"texture":"#0"},"east":{"uv":[7.5,8.5,8.5,8.5],"texture":"#0"},"south":{"uv":[5,8.5,7.5,8.5],"texture":"#0"},"west":{"uv":[11,8.5,12,8.5],"texture":"#0"},"up":{"uv":[8.5,8.5,7.5,6],"rotation":90,"texture":"#0"},"down":{"uv":[9.5,6,8.5,8.5],"rotation":270,"texture":"#0"}}},{"from":[10.5,10,10.25],"to":[13.5,11,10.25],"rotation":{"angle":-22.5,"axis":"z","origin":[6.75,13,6.75]},"faces":{"north":{"uv":[6.5,10.5,8,11],"texture":"#0"},"east":{"uv":[6.5,10.5,6.5,11],"texture":"#0"},"south":{"uv":[5,10.5,6.5,11],"texture":"#0"},"west":{"uv":[8,10.5,8,11],"texture":"#0"},"up":{"uv":[6.5,10.5,6.5,9],"rotation":90,"texture":"#0"},"down":{"uv":[6.5,9,6.5,10.5],"rotation":270,"texture":"#0"}}},{"from":[4.25,4.5,5.75],"to":[9.25,6.5,5.75],"rotation":{"angle":0,"axis":"y","origin":[6.75,13,6.75]},"faces":{"north":{"uv":[2.5,10.5,5,11.5],"texture":"#0"},"east":{"uv":[2.5,10.5,2.5,11.5],"texture":"#0"},"south":{"uv":[0,10.5,2.5,11.5],"texture":"#0"},"west":{"uv":[5,10.5,5,11.5],"texture":"#0"},"up":{"uv":[2.5,10.5,2.5,8],"rotation":90,"texture":"#0"},"down":{"uv":[2.5,8,2.5,10.5],"rotation":270,"texture":"#0"}}},{"from":[4.25,11.5,7.75],"to":[9.25,15.5,12.75],"rotation":{"angle":0,"axis":"y","origin":[6.75,13,6.75]},"faces":{"north":{"uv":[5,8.5,7.5,10.5],"texture":"#0"},"east":{"uv":[2.5,8.5,5,10.5],"texture":"#0"},"south":{"uv":[0,8.5,2.5,10.5],"texture":"#0"},"west":{"uv":[7.5,8.5,10,10.5],"texture":"#0"},"up":{"uv":[5,8.5,2.5,6],"rotation":90,"texture":"#0"},"down":{"uv":[7.5,6,5,8.5],"rotation":270,"texture":"#0"}}},{"from":[6.25,12.25,6],"to":[7.25,13.25,8],"rotation":{"angle":-22.5,"axis":"x","origin":[6.75,13,6.75]},"faces":{"north":{"uv":[1.5,0.5,2,1],"texture":"#0"},"east":{"uv":[0.5,0.5,1.5,1],"texture":"#0"},"south":{"uv":[0,0.5,0.5,1],"texture":"#0"},"west":{"uv":[2,0.5,3,1],"texture":"#0"},"up":{"uv":[1.5,0.5,0.5,0],"rotation":90,"texture":"#0"},"down":{"uv":[2.5,0,1.5,0.5],"rotation":270,"texture":"#0"}}},{"from":[7,10.25,9.75],"to":[10,11.25,9.75],"shade":false,"rotation":{"angle":22.5,"axis":"z","origin":[11,-4.5,14.75]},"faces":{"north":{"uv":[6.5,13.5,5,14],"texture":"#0"},"east":{"uv":[6.5,13.5,6.5,14],"texture":"#0"},"south":{"uv":[8,13.5,6.5,14],"texture":"#0"},"west":{"uv":[8,13.5,8,14],"texture":"#0"},"up":{"uv":[6.5,13.5,6.5,12],"rotation":90,"texture":"#0"},"down":{"uv":[6.5,12,6.5,13.5],"rotation":270,"texture":"#0"}}}],"display":{"thirdperson_righthand":{"rotation":[75,45,0],"translation":[0,2.5,0],"scale":[0.375,0.375,0.375]},"thirdperson_lefthand":{"rotation":[75,45,0],"translation":[0,2.5,0],"scale":[0.375,0.375,0.375]},"firstperson_righthand":{"rotation":[0,45,0],"scale":[0.4,0.4,0.4]},"firstperson_lefthand":{"rotation":[0,225,0],"scale":[0.4,0.4,0.4]},"ground":{"translation":[0,3,0],"scale":[0.25,0.25,0.25]},"gui":{"rotation":[30,-135,0],"translation":[0.25,-2.75,0]},"head":{"translation":[2,9.75,-4.25],"scale":[1.5,1.5,1.5]},"fixed":{"scale":[0.5,0.5,0.5]}}}