{"credit":"Made with Blockbench","texture_size":[128,128],"textures":{"0":"custom/general/cosmetics/hats/sunglass_straw_hat","particle":"custom/general/cosmetics/hats/sunglass_straw_hat"},"elements":[{"from":[3,4,3],"to":[13,10,13],"faces":{"north":{"uv":[1.25,5.5,2.5,6.25],"texture":"#0"},"east":{"uv":[0,5.5,1.25,6.25],"texture":"#0"},"south":{"uv":[3.75,5.5,5,6.25],"texture":"#0"},"west":{"uv":[2.5,5.5,3.75,6.25],"texture":"#0"},"up":{"uv":[2.5,5.5,1.25,4.25],"texture":"#0"}}},{"from":[2.5,4.2,2.5],"to":[13.5,7.2,13.5],"rotation":{"angle":22.5,"axis":"x","origin":[8,7.5,8]},"faces":{"north":{"uv":[1.375,3.875,2.75,4.25],"texture":"#0"},"east":{"uv":[0,3.875,1.375,4.25],"texture":"#0"},"south":{"uv":[4.125,3.875,5.5,4.25],"texture":"#0"},"west":{"uv":[2.75,3.875,4.125,4.25],"texture":"#0"},"up":{"uv":[2.75,3.875,1.375,2.5],"texture":"#0"}}},{"from":[-2,4,-2],"to":[18,4,18],"faces":{"north":{"uv":[2.5,2.5,5,2.5],"texture":"#0"},"east":{"uv":[0,2.5,2.5,2.5],"texture":"#0"},"south":{"uv":[7.5,2.5,10,2.5],"texture":"#0"},"west":{"uv":[5,2.5,7.5,2.5],"texture":"#0"},"up":{"uv":[5,2.5,2.5,0],"texture":"#0"},"down":{"uv":[7.5,0,5,2.5],"texture":"#0"}}},{"name":"cube inverted","from":[13.5,7.2,13.5],"to":[2.5,4.2,2.5],"rotation":{"angle":22.5,"axis":"x","origin":[8,7.5,8]},"faces":{"north":{"uv":[4.125,4.25,5.5,3.875],"texture":"#0"},"east":{"uv":[2.75,4.25,4.125,3.875],"texture":"#0"},"south":{"uv":[1.375,4.25,2.75,3.875],"texture":"#0"},"west":{"uv":[0,4.25,1.375,3.875],"texture":"#0"},"down":{"uv":[1.375,3.875,2.75,2.5],"texture":"#0"}}}],"display":{"thirdperson_righthand":{"rotation":[70,20,0],"translation":[-0.25,5.5,2],"scale":[0.8,0.8,0.8]},"thirdperson_lefthand":{"rotation":[70,20,0],"translation":[-0.25,5.5,2],"scale":[0.8,0.8,0.8]},"firstperson_righthand":{"rotation":[0,110,0],"translation":[0,2.5,0],"scale":[0.55,0.55,0.55]},"firstperson_lefthand":{"rotation":[0,110,0],"translation":[0,2.5,0],"scale":[0.55,0.55,0.55]},"ground":{"scale":[0.8,0.8,0.8]},"gui":{"rotation":[30,-135,0],"translation":[0,1.5,0],"scale":[0.6,0.6,0.6]},"head":{"translation":[0,7.25,0.25],"scale":[1.6,1.6,1.6]},"fixed":{"rotation":[-90,0,0],"translation":[0,0,-10.75],"scale":[1.61,1.61,1.61]}}}