{"credit":"Made with Blockbench","texture_size":[64,64],"textures":{"1":"custom/general/cosmetics/hats/tiki_mask"},"elements":[{"name":"leaf","from":[-11,10,1],"to":[-2,15,1],"rotation":{"angle":-45,"axis":"z","origin":[0,0,0]},"faces":{"north":{"uv":[2.5,2.5,4.75,3.75],"texture":"#1"},"east":{"uv":[0,0,0,1.25],"texture":"#1"},"south":{"uv":[2.5,3.75,4.75,5],"texture":"#1"},"west":{"uv":[0,0,0,1.25],"texture":"#1"},"up":{"uv":[2.25,0,0,0],"texture":"#1"},"down":{"uv":[2.25,0,0,0],"texture":"#1"}}},{"name":"leaf","from":[13,-1,1],"to":[22,4,1],"rotation":{"angle":45,"axis":"z","origin":[0,0,0]},"faces":{"north":{"uv":[4,0,6.25,1.25],"texture":"#1"},"east":{"uv":[0,0,0,1.25],"texture":"#1"},"south":{"uv":[4,1.25,6.25,2.5],"texture":"#1"},"west":{"uv":[0,0,0,1.25],"texture":"#1"},"up":{"uv":[2.25,0,0,0],"texture":"#1"},"down":{"uv":[2.25,0,0,0],"texture":"#1"}}},{"name":"leaf","from":[5.5,11,1],"to":[10.5,20,1],"faces":{"north":{"uv":[0,2.5,1.25,4.75],"texture":"#1"},"east":{"uv":[0,0,0,2.25],"texture":"#1"},"south":{"uv":[1.25,2.5,2.5,4.75],"texture":"#1"},"west":{"uv":[0,0,0,2.25],"texture":"#1"},"up":{"uv":[1.25,0,0,0],"texture":"#1"},"down":{"uv":[1.25,0,0,0],"texture":"#1"}}},{"from":[4,0,0],"to":[12,10,2],"faces":{"north":{"uv":[0,0,2,2.5],"texture":"#1"},"east":{"uv":[4.75,3.5,5.25,6],"texture":"#1"},"south":{"uv":[2,0,4,2.5],"texture":"#1"},"west":{"uv":[2.5,5,3,7.5],"texture":"#1"},"up":{"uv":[2,6.25,0,5.75],"texture":"#1"},"down":{"uv":[5,6,3,6.5],"texture":"#1"}}},{"from":[3,1,-1],"to":[13,5,0],"faces":{"north":{"uv":[0,4.75,2.5,5.75],"texture":"#1"},"east":{"uv":[5,6,5.25,7],"texture":"#1"},"south":{"uv":[4.75,2.5,7.25,3.5],"texture":"#1"},"west":{"uv":[1.75,6.25,2,7.25],"texture":"#1"},"up":{"uv":[8.75,1.25,6.25,1],"texture":"#1"},"down":{"uv":[8.75,1.25,6.25,1.5],"texture":"#1"}}},{"from":[11.5,2.5,-1],"to":[14.5,4.5,0],"rotation":{"angle":22.5,"axis":"z","origin":[0,0,0]},"faces":{"north":{"uv":[3,6.5,3.75,7],"texture":"#1"},"east":{"uv":[4.75,6.5,5,7],"texture":"#1"},"south":{"uv":[6.5,3.5,7.25,4],"texture":"#1"},"west":{"uv":[2,6.75,2.25,7.25],"texture":"#1"},"up":{"uv":[7,2.5,6.25,2.25],"texture":"#1"},"down":{"uv":[6,6.5,5.25,6.75],"texture":"#1"}}},{"from":[0.25,8.5,-1],"to":[3.25,10.5,0],"rotation":{"angle":-22.5,"axis":"z","origin":[0,0,0]},"faces":{"north":{"uv":[3.75,6.5,4.5,7],"texture":"#1"},"east":{"uv":[2.25,6.75,2.5,7.25],"texture":"#1"},"south":{"uv":[6.5,4,7.25,4.5],"texture":"#1"},"west":{"uv":[6.75,4.75,7,5.25],"texture":"#1"},"up":{"uv":[7.25,5.75,6.5,5.5],"texture":"#1"},"down":{"uv":[7.25,5.75,6.5,6],"texture":"#1"}}},{"from":[7,5,-1],"to":[9,9,0],"faces":{"north":{"uv":[4.25,5,4.75,6],"texture":"#1"},"east":{"uv":[4.5,6.5,4.75,7.5],"texture":"#1"},"south":{"uv":[2,5.75,2.5,6.75],"texture":"#1"},"west":{"uv":[6.5,4.5,6.75,5.5],"texture":"#1"},"up":{"uv":[5.75,7,5.25,6.75],"texture":"#1"},"down":{"uv":[7.25,5.25,6.75,5.5],"texture":"#1"}}},{"from":[5.5,10.75,-1.5],"to":[10.5,14.75,2.5],"rotation":{"angle":0,"axis":"y","origin":[8.5,10.75,-1.5]},"faces":{"north":{"uv":[3,5,4.25,6],"texture":"#1"},"east":{"uv":[0,6.25,1,7.25],"texture":"#1"},"south":{"uv":[5.25,3.5,6.5,4.5],"texture":"#1"},"west":{"uv":[6.25,0,7.25,1],"texture":"#1"},"up":{"uv":[6.5,5.5,5.25,4.5],"texture":"#1"},"down":{"uv":[6.5,5.5,5.25,6.5],"texture":"#1"}}},{"from":[6.5,8.75,-1.5],"to":[9.5,9.75,1.5],"rotation":{"angle":-22.5,"axis":"x","origin":[8.5,10.75,-1.5]},"faces":{"north":{"uv":[6,6.5,6.75,6.75],"texture":"#1"},"east":{"uv":[6.5,6,7.25,6.25],"texture":"#1"},"south":{"uv":[6.5,6.25,7.25,6.5],"texture":"#1"},"west":{"uv":[6.75,4.5,7.5,4.75],"texture":"#1"},"up":{"uv":[1.75,7,1,6.25],"texture":"#1"},"down":{"uv":[7,1.5,6.25,2.25],"texture":"#1"}}}],"display":{"thirdperson_righthand":{"translation":[0,-0.75,2.75],"scale":[0.5,0.5,0.5]},"thirdperson_lefthand":{"translation":[0,-0.75,2.75],"scale":[0.5,0.5,0.5]},"firstperson_righthand":{"translation":[5.25,-2.5,2.5],"scale":[0.7,0.7,0.7]},"firstperson_lefthand":{"translation":[5.25,-2.5,2.5],"scale":[0.7,0.7,0.7]},"ground":{"translation":[0,0,4],"scale":[0.6,0.6,0.6]},"gui":{"rotation":[30,-135,0],"translation":[-3.75,0.25,0],"scale":[0.7,0.7,0.7]},"head":{"translation":[0,4.5,3.25],"scale":[1.6,1.6,1.6]}},"groups":[{"name":"tiki_mask","origin":[8,8,8],"color":0,"children":[0,1,2,3,4,5,6,7,8,9]}]}