{"credit":"by w11shes","textures":{"0":"custom/general/cosmetics/hats/toad_mushroom_hat","particle":"custom/general/cosmetics/hats/toad_mushroom_hat"},"elements":[{"from":[0,2,0],"to":[16,16,16],"faces":{"north":{"uv":[0,4,4,7.75],"texture":"#0"},"east":{"uv":[8,4,4,7.75],"texture":"#0"},"south":{"uv":[8,4,12,7.75],"texture":"#0"},"west":{"uv":[4,4,8,7.75],"texture":"#0"},"up":{"uv":[0,4,4,0],"texture":"#0"},"down":{"uv":[4,4,8,0],"texture":"#0"}}}],"gui_light":"front","display":{"thirdperson_righthand":{"rotation":[75,45,0],"translation":[-1.5,2.5,-1],"scale":[0.4,0.4,0.4]},"thirdperson_lefthand":{"rotation":[75,45,0],"translation":[-1.5,2.5,-1],"scale":[0.4,0.4,0.4]},"firstperson_righthand":{"rotation":[0,108,0],"scale":[0.4,0.4,0.4]},"firstperson_lefthand":{"rotation":[0,108,0],"scale":[0.4,0.4,0.4]},"ground":{"translation":[0,3,0],"scale":[0.5,0.5,0.5]},"gui":{"rotation":[30,-135,0],"translation":[0,-0.5,0],"scale":[0.5,0.5,0.5]},"head":{"rotation":[10,0,0],"translation":[0,6.25,1.25],"scale":[1.6,1.6,1.6]}}}