{"credit":"Made with Blockbench","texture_size":[32,32],"textures":{"1":"custom/general/cosmetics/hats/tophat_red"},"elements":[{"from":[2.5,5.38268,6.57612],"to":[13.5,7.38268,17.57612],"rotation":{"angle":45,"axis":"x","origin":[8,9.38268,10.07612]},"faces":{"north":{"uv":[10,10.5,15.5,11.5],"texture":"#1"},"east":{"uv":[0,11,5.5,12],"texture":"#1"},"south":{"uv":[10,11.5,15.5,12.5],"texture":"#1"},"west":{"uv":[0,12,5.5,13],"texture":"#1"},"up":{"uv":[5.5,5.5,0,0],"texture":"#1"},"down":{"uv":[5.5,5.5,0,11],"texture":"#1"}}},{"from":[3.5,7.38268,7.57612],"to":[12.5,14.38268,16.57612],"rotation":{"angle":45,"axis":"x","origin":[8,9.38268,10.07612]},"faces":{"north":{"uv":[5.5,9,10,12.5],"texture":"#1"},"east":{"uv":[10,0,14.5,3.5],"texture":"#1"},"south":{"uv":[10,3.5,14.5,7],"texture":"#1"},"west":{"uv":[10,7,14.5,10.5],"texture":"#1"},"up":{"uv":[10,4.5,5.5,0],"texture":"#1"},"down":{"uv":[10,4.5,5.5,9],"texture":"#1"}}}],"gui_light":"front","display":{"thirdperson_righthand":{"rotation":[25,0,0],"translation":[0,4,0],"scale":[0.5,0.5,0.5]},"thirdperson_lefthand":{"rotation":[25,0,0],"translation":[0,4,0],"scale":[0.5,0.5,0.5]},"firstperson_righthand":{"rotation":[-30,0,0],"translation":[-1,4,0],"scale":[0.4,0.4,0.4]},"firstperson_lefthand":{"rotation":[-30,0,0],"translation":[-1,4,0],"scale":[0.4,0.4,0.4]},"ground":{"scale":[0.35,0.35,0.35]},"gui":{"rotation":[15,-145,0],"translation":[1.5,-1,0],"scale":[0.8,0.8,0.8]},"head":{"rotation":[-31.25,0,0],"translation":[0,6.25,-3.75],"scale":[1.61,1.61,1.61]},"fixed":{"rotation":[-135,0,0],"translation":[0,-2.5,-1.5]}}}