{"credit":"Made with Blockbench","texture_size":[64,64],"textures":{"0":"custom/general/cosmetics/hats/valentine_hat","particle":"custom/general/cosmetics/hats/valentine_hat"},"elements":[{"from":[0.5,2,1.5],"to":[15.5,10,16.5],"faces":{"north":{"uv":[8.5,0,12.25,2],"texture":"#0"},"east":{"uv":[8.5,2,12.25,4],"texture":"#0"},"south":{"uv":[8.5,4,12.25,6],"texture":"#0"},"west":{"uv":[8.5,6,12.25,8],"texture":"#0"},"up":{"uv":[8.25,11.75,4.5,8],"texture":"#0"},"down":{"uv":[12,8,8.25,11.75],"texture":"#0"}}},{"from":[0,2.5,1],"to":[16,4.5,17],"faces":{"north":{"uv":[0,11,4,11.5],"texture":"#0"},"east":{"uv":[0,11.5,4,12],"texture":"#0"},"south":{"uv":[4,11.75,8,12.25],"texture":"#0"},"west":{"uv":[8,11.75,12,12.25],"texture":"#0"},"up":{"uv":[8.5,4,4.5,0],"texture":"#0"},"down":{"uv":[8.5,4,4.5,8],"texture":"#0"}}},{"from":[-1,0,0],"to":[17,2,18],"faces":{"north":{"uv":[0,9,4.5,9.5],"texture":"#0"},"east":{"uv":[0,9.5,4.5,10],"texture":"#0"},"south":{"uv":[0,10,4.5,10.5],"texture":"#0"},"west":{"uv":[0,10.5,4.5,11],"texture":"#0"},"up":{"uv":[4.5,4.5,0,0],"texture":"#0"},"down":{"uv":[4.5,4.5,0,9],"texture":"#0"}}},{"from":[6.7,-8.5,4],"to":[10.7,-7.5,4],"rotation":{"angle":0,"axis":"y","origin":[17.7,-4.5,4]},"faces":{"north":{"uv":[12,8,13,8.25],"texture":"#0"},"east":{"uv":[0,0,0,0.25],"texture":"#0"},"south":{"uv":[12,8.25,13,8.5],"texture":"#0"},"west":{"uv":[0,0,0,0.25],"texture":"#0"},"up":{"uv":[1,0,0,0],"texture":"#0"},"down":{"uv":[1,0,0,0],"texture":"#0"}}},{"from":[4.69896,-8.5,3.00523],"to":[6.69896,-7.5,3.00523],"rotation":{"angle":-22.5,"axis":"y","origin":[4.19896,-8,3.50523]},"faces":{"north":{"uv":[4,11,4.5,11.25],"texture":"#0"},"east":{"uv":[0,0,0,0.25],"texture":"#0"},"south":{"uv":[4,11.25,4.5,11.5],"texture":"#0"},"west":{"uv":[0,0,0,0.25],"texture":"#0"},"up":{"uv":[0.5,0,0,0],"texture":"#0"},"down":{"uv":[0.5,0,0,0],"texture":"#0"}}},{"from":[0.69896,-10,3.00523],"to":[4.69896,-6,3.00523],"rotation":{"angle":-22.5,"axis":"y","origin":[4.19896,-8,3.50523]},"faces":{"north":{"uv":[0,12,1,13],"texture":"#0"},"east":{"uv":[0,0,0,1],"texture":"#0"},"south":{"uv":[1,12,0,13],"texture":"#0"},"west":{"uv":[0,0,0,1],"texture":"#0"},"up":{"uv":[1,0,0,0],"texture":"#0"},"down":{"uv":[1,0,0,0],"texture":"#0"}}},{"from":[0.69896,-8,1.00523],"to":[4.69896,-8,5.00523],"rotation":{"angle":-22.5,"axis":"y","origin":[4.19896,-8,3.50523]},"faces":{"north":{"uv":[0,0,1,0],"texture":"#0"},"east":{"uv":[0,0,1,0],"texture":"#0"},"south":{"uv":[0,0,1,0],"texture":"#0"},"west":{"uv":[0,0,1,0],"texture":"#0"},"up":{"uv":[3,13,2,12],"texture":"#0"},"down":{"uv":[3,12,2,13],"texture":"#0"}}},{"from":[10.54672,-8.2706,4],"to":[12.54672,-7.2706,4],"rotation":{"angle":-22.5,"axis":"z","origin":[10.04672,-7.7706,4.5]},"faces":{"north":{"uv":[4,11.5,4.5,11.75],"texture":"#0"},"east":{"uv":[0,0,0,0.25],"texture":"#0"},"south":{"uv":[12,8.5,12.5,8.75],"texture":"#0"},"west":{"uv":[0,0,0,0.25],"texture":"#0"},"up":{"uv":[0.5,0,0,0],"texture":"#0"},"down":{"uv":[0.5,0,0,0],"texture":"#0"}}}],"gui_light":"front","display":{"thirdperson_righthand":{"translation":[0,1.5,1],"scale":[0.3,0.3,0.3]},"thirdperson_lefthand":{"translation":[0,1.5,1],"scale":[0.3,0.3,0.3]},"firstperson_righthand":{"translation":[0,3,1],"scale":[0.3,0.3,0.3]},"firstperson_lefthand":{"translation":[0,3,1],"scale":[0.3,0.3,0.3]},"ground":{"translation":[0,3,1],"scale":[0.3,0.3,0.3]},"gui":{"rotation":[30,-135,0],"translation":[0.5,2.75,0],"scale":[0.5,0.5,0.5]},"head":{"rotation":[10,0,0],"translation":[0,12,0],"scale":[1.05,1.05,1.05]}}}