{"credit":"Made by Elo106","texture_size":[32,32],"textures":{"7":"custom/general/cosmetics/hats/vs_cylinder_hat"},"elements":[{"from":[3.499,2.499,3.499],"to":[12.501,3.501,12.501],"rotation":{"angle":0,"axis":"y","origin":[8,3,8]},"faces":{"north":{"uv":[6,10.5,10.5,11],"texture":"#7"},"east":{"uv":[10.5,7.5,15,8],"texture":"#7"},"south":{"uv":[10.5,8,15,8.5],"texture":"#7"},"west":{"uv":[10.5,8.5,15,9],"texture":"#7"},"up":{"uv":[4.5,4.5,0,0],"texture":"#7"},"down":{"uv":[4.5,4.5,0,9],"texture":"#7"}}},{"from":[4.999,3.499,4.999],"to":[11.001,8.501,11.001],"rotation":{"angle":0,"axis":"y","origin":[8,3,8]},"faces":{"north":{"uv":[7.5,3,10.5,5.5],"texture":"#7"},"east":{"uv":[7.5,5.5,10.5,8],"texture":"#7"},"south":{"uv":[7.5,8,10.5,10.5],"texture":"#7"},"west":{"uv":[0,9,3,11.5],"texture":"#7"},"up":{"uv":[7.5,3,4.5,0],"texture":"#7"},"down":{"uv":[7.5,3,4.5,6],"texture":"#7"}}},{"from":[4.8,4.3,4.8],"to":[11.2,5.7,11.2],"rotation":{"angle":0,"axis":"y","origin":[8,3,8]},"faces":{"north":{"uv":[11,11,14,11.5],"texture":"#7"},"east":{"uv":[0,11.5,3,12],"texture":"#7"},"south":{"uv":[3,11.5,6,12],"texture":"#7"},"west":{"uv":[11,11.5,14,12],"texture":"#7"},"up":{"uv":[7.5,9,4.5,6],"texture":"#7"},"down":{"uv":[10.5,0,7.5,3],"texture":"#7"}}},{"from":[2.7294,2.65328,3.5],"to":[3.7294,3.65328,12.5],"rotation":{"angle":-22.5,"axis":"z","origin":[3.2294,3.15328,8]},"faces":{"north":{"uv":[2.5,12,3,12.5],"texture":"#7"},"east":{"uv":[10.5,9,15,9.5],"texture":"#7"},"south":{"uv":[3,12,3.5,12.5],"texture":"#7"},"west":{"uv":[10.5,9.5,15,10],"texture":"#7"},"up":{"uv":[11,14.5,10.5,10],"texture":"#7"},"down":{"uv":[6.5,11,6,15.5],"texture":"#7"}}},{"from":[12.2706,2.65328,3.5],"to":[13.2706,3.65328,12.5],"rotation":{"angle":22.5,"axis":"z","origin":[12.7706,3.15328,8]},"faces":{"north":{"uv":[3.5,12,4,12.5],"texture":"#7"},"east":{"uv":[11,10,15.5,10.5],"texture":"#7"},"south":{"uv":[4,12,4.5,12.5],"texture":"#7"},"west":{"uv":[11,10.5,15.5,11],"texture":"#7"},"up":{"uv":[7,15.5,6.5,11],"texture":"#7"},"down":{"uv":[7.5,11,7,15.5],"texture":"#7"}}},{"from":[5.8764,5.06671,5],"to":[6.8764,10.06671,11],"rotation":{"angle":22.5,"axis":"z","origin":[9.8764,4.56671,8]},"faces":{"north":{"uv":[0.5,12,1,14.5],"texture":"#7"},"east":{"uv":[3,9,6,11.5],"texture":"#7"},"south":{"uv":[1,12,1.5,14.5],"texture":"#7"},"west":{"uv":[10.5,0,13.5,2.5],"texture":"#7"},"up":{"uv":[9.5,14,9,11],"texture":"#7"},"down":{"uv":[10,11,9.5,14],"texture":"#7"}}},{"from":[9.1236,5.06671,5],"to":[10.1236,10.06671,11],"rotation":{"angle":-22.5,"axis":"z","origin":[6.1236,4.56671,8]},"faces":{"north":{"uv":[1.5,12,2,14.5],"texture":"#7"},"east":{"uv":[10.5,2.5,13.5,5],"texture":"#7"},"south":{"uv":[2,12,2.5,14.5],"texture":"#7"},"west":{"uv":[10.5,5,13.5,7.5],"texture":"#7"},"up":{"uv":[10.5,14,10,11],"texture":"#7"},"down":{"uv":[0.5,12,0,15],"texture":"#7"}}},{"from":[4.8,5.2,4.9],"to":[7.8,8.2,4.9],"rotation":{"angle":22.5,"axis":"z","origin":[6.3,7.2,4.8]},"faces":{"north":{"uv":[6,9,7.5,10.5],"texture":"#7"},"east":{"uv":[0,0,0,1.5],"texture":"#7"},"south":{"uv":[7.5,9,6,10.5],"texture":"#7"},"west":{"uv":[0,0,0,1.5],"texture":"#7"},"up":{"uv":[1.5,0,0,0],"texture":"#7"},"down":{"uv":[1.5,0,0,0],"texture":"#7"}}}],"gui_light":"front","display":{"thirdperson_righthand":{"rotation":[-45,0,0],"translation":[0,0.25,-4.5],"scale":[0.7,0.7,0.7]},"thirdperson_lefthand":{"rotation":[-45,0,0],"translation":[0,0.25,-4.5],"scale":[0.7,0.7,0.7]},"firstperson_righthand":{"rotation":[160,60,160],"translation":[0.25,4,1],"scale":[0.5,0.5,0.5]},"firstperson_lefthand":{"rotation":[160,60,160],"translation":[0.25,4,1],"scale":[0.5,0.5,0.5]},"ground":{"scale":[0.6,0.6,0.6]},"gui":{"rotation":[30,-135,0],"translation":[0,1.75,0]},"head":{"rotation":[2,0,0],"translation":[0,16.5,0.25],"scale":[2,2,2]},"fixed":{"rotation":[-90,0,0],"translation":[0,0,-11],"scale":[2,2,2]}},"groups":[{"name":"cylinderhat","origin":[6.1236,9.56671,8],"color":0,"children":[0,1,2,3,4,5,6,7]}]}