{"credit":"Made by Elo106","texture_size":[32,32],"textures":{"2":"custom/general/cosmetics/hats/vs_cowboy_hat","particle":"custom/general/cosmetics/hats/vs_cowboy_hat"},"elements":[{"from":[3.499,2.499,2.999],"to":[12.501,3.501,13.001],"rotation":{"angle":0,"axis":"y","origin":[0,-5.5,0]},"faces":{"north":{"uv":[6,3.5,8.25,3.75],"texture":"#2"},"east":{"uv":[5.5,4.75,8,5],"texture":"#2"},"south":{"uv":[6,3.75,8.25,4],"texture":"#2"},"west":{"uv":[5.5,5,8,5.25],"texture":"#2"},"up":{"uv":[2.25,2.5,0,0],"texture":"#2"},"down":{"uv":[4.5,0,2.25,2.5],"texture":"#2"}}},{"from":[4.5,3.5,4],"to":[11.5,6.5,12],"rotation":{"angle":0,"axis":"y","origin":[0,-5.5,0]},"faces":{"north":{"uv":[4.5,1.5,6.25,2.25],"texture":"#2"},"east":{"uv":[4.5,0,6.5,0.75],"texture":"#2"},"south":{"uv":[1.75,4.5,3.5,5.25],"texture":"#2"},"west":{"uv":[4.5,0.75,6.5,1.5],"texture":"#2"},"up":{"uv":[1.75,4.5,0,2.5],"texture":"#2"},"down":{"uv":[3.5,2.5,1.75,4.5],"texture":"#2"}}},{"from":[4.4,4.4,3.9],"to":[11.6,5.6,12.1],"rotation":{"angle":0,"axis":"y","origin":[0,-5.5,0]},"faces":{"north":{"uv":[6,4.5,7.75,4.75],"texture":"#2"},"east":{"uv":[6,4,8,4.25],"texture":"#2"},"south":{"uv":[5.5,6,7.25,6.25],"texture":"#2"},"west":{"uv":[6,4.25,8,4.5],"texture":"#2"},"up":{"uv":[5.25,4.5,3.5,2.5],"texture":"#2"},"down":{"uv":[1.75,4.5,0,6.5],"texture":"#2"}}},{"from":[1.84358,3.22731,3],"to":[3.84358,4.22731,13],"rotation":{"angle":-22.5,"axis":"z","origin":[1.84358,3.72731,8]},"faces":{"north":{"uv":[4.5,2.25,5,2.5],"texture":"#2"},"east":{"uv":[5.5,5.25,8,5.5],"texture":"#2"},"south":{"uv":[5,2.25,5.5,2.5],"texture":"#2"},"west":{"uv":[5.5,5.5,8,5.75],"texture":"#2"},"up":{"uv":[4,7,3.5,4.5],"texture":"#2"},"down":{"uv":[4.5,4.5,4,7],"texture":"#2"}}},{"from":[0.59258,4.53413,3.001],"to":[2.59058,5.53213,12.999],"rotation":{"angle":-45,"axis":"z","origin":[0.59158,5.03313,8]},"faces":{"north":{"uv":[6.25,1.5,6.75,1.75],"texture":"#2"},"east":{"uv":[5.5,5.75,8,6],"texture":"#2"},"south":{"uv":[6.25,1.75,6.75,2],"texture":"#2"},"west":{"uv":[6,2.25,8.5,2.5],"texture":"#2"},"up":{"uv":[5,7,4.5,4.5],"texture":"#2"},"down":{"uv":[5.5,4.5,5,7],"texture":"#2"}}},{"from":[13.40942,4.53413,3.001],"to":[15.40742,5.53213,12.999],"rotation":{"angle":45,"axis":"z","origin":[15.40842,5.03313,8]},"faces":{"north":{"uv":[6.25,2,6.75,2.25],"texture":"#2"},"east":{"uv":[6,2.5,8.5,2.75],"texture":"#2"},"south":{"uv":[5.5,6.25,6,6.5],"texture":"#2"},"west":{"uv":[6,2.75,8.5,3],"texture":"#2"},"up":{"uv":[2.25,7.75,1.75,5.25],"texture":"#2"},"down":{"uv":[2.75,5.25,2.25,7.75],"texture":"#2"}}},{"from":[12.15642,3.22731,3],"to":[14.15642,4.22731,13],"rotation":{"angle":22.5,"axis":"z","origin":[14.15642,3.72731,8]},"faces":{"north":{"uv":[6,6.25,6.5,6.5],"texture":"#2"},"east":{"uv":[6,3,8.5,3.25],"texture":"#2"},"south":{"uv":[0,6.5,0.5,6.75],"texture":"#2"},"west":{"uv":[6,3.25,8.5,3.5],"texture":"#2"},"up":{"uv":[3.25,7.75,2.75,5.25],"texture":"#2"},"down":{"uv":[6,2.25,5.5,4.75],"texture":"#2"}}}],"gui_light":"front","display":{"thirdperson_righthand":{"rotation":[-45,0,0],"translation":[0,0,-4.5],"scale":[0.7,0.7,0.7]},"thirdperson_lefthand":{"rotation":[-45,0,0],"translation":[0,0,-4.5],"scale":[0.7,0.7,0.7]},"firstperson_righthand":{"rotation":[160,60,160],"translation":[0.25,4,1],"scale":[0.5,0.5,0.5]},"firstperson_lefthand":{"rotation":[160,60,160],"translation":[0.25,4,1],"scale":[0.5,0.5,0.5]},"ground":{"scale":[0.6,0.6,0.6]},"gui":{"rotation":[30,-135,0],"translation":[0,3,0],"scale":[0.86,0.86,0.86]},"head":{"rotation":[5,0,0],"translation":[0,15.25,0.25],"scale":[1.6,1.6,1.6]},"fixed":{"rotation":[-90,0,0],"translation":[0,0,-11],"scale":[2,2,2]}},"groups":[{"name":"cowboyhat","origin":[14.15642,9.22731,8],"color":0,"children":[0,1,2,3,4,5,6]}]}