{"credit":"Made by Elo106","texture_size":[32,32],"textures":{"13":"custom/general/cosmetics/hats/vs_farmer_hat"},"elements":[{"from":[1.5,2.5,1.5],"to":[14.5,3.5,14.5],"rotation":{"angle":0,"axis":"y","origin":[8,3,8]},"faces":{"north":{"uv":[5.5,1.5,8.75,1.75],"texture":"#13"},"east":{"uv":[5.5,1.75,8.75,2],"texture":"#13"},"south":{"uv":[5.5,2,8.75,2.25],"texture":"#13"},"west":{"uv":[5.5,2.25,8.75,2.5],"texture":"#13"},"up":{"uv":[3.25,3.25,0,0],"texture":"#13"},"down":{"uv":[3.25,3.25,0,6.5],"texture":"#13"}}},{"from":[5,3.5,5],"to":[11,6.5,11],"rotation":{"angle":45,"axis":"y","origin":[8,5,8]},"faces":{"north":{"uv":[4.75,4,6.25,4.75],"texture":"#13"},"east":{"uv":[4.75,4.75,6.25,5.5],"texture":"#13"},"south":{"uv":[5.5,0,7,0.75],"texture":"#13"},"west":{"uv":[5.5,0.75,7,1.5],"texture":"#13"},"up":{"uv":[4.75,1.5,3.25,0],"texture":"#13"},"down":{"uv":[4.75,1.5,3.25,3],"texture":"#13"}}},{"from":[3.98977,3.5,6.19688],"to":[6.98977,11.5,6.19688],"rotation":{"angle":45,"axis":"y","origin":[5.48977,7.5,6.19688]},"faces":{"north":{"uv":[4.75,0,5.5,2],"texture":"#13"},"east":{"uv":[0,0,0,2],"texture":"#13"},"south":{"uv":[5.5,0,4.75,2],"texture":"#13"},"west":{"uv":[0,0,0,2],"texture":"#13"},"up":{"uv":[0.75,0,0,0],"texture":"#13"},"down":{"uv":[0.75,0,0,0],"texture":"#13"}}},{"from":[4.9,4.4,4.9],"to":[11.1,5.6,11.1],"rotation":{"angle":45,"axis":"y","origin":[8,5,8]},"faces":{"north":{"uv":[5.5,2.5,7,2.75],"texture":"#13"},"east":{"uv":[5.5,2.75,7,3],"texture":"#13"},"south":{"uv":[5.5,3,7,3.25],"texture":"#13"},"west":{"uv":[5.5,3.25,7,3.5],"texture":"#13"},"up":{"uv":[4.75,4.5,3.25,3],"texture":"#13"},"down":{"uv":[4.75,4.5,3.25,6],"texture":"#13"}}},{"from":[10.5,4,6.5],"to":[11.5,6,9.5],"rotation":{"angle":45,"axis":"y","origin":[8,5,8]},"faces":{"north":{"uv":[3.25,6,3.5,6.5],"texture":"#13"},"east":{"uv":[5.5,3.5,6.25,4],"texture":"#13"},"south":{"uv":[3.5,6,3.75,6.5],"texture":"#13"},"west":{"uv":[4.75,5.5,5.5,6],"texture":"#13"},"up":{"uv":[5.75,6.25,5.5,5.5],"texture":"#13"},"down":{"uv":[6,5.5,5.75,6.25],"texture":"#13"}}}],"gui_light":"front","display":{"thirdperson_righthand":{"rotation":[-45,0,0],"translation":[0,0,-4.5],"scale":[0.7,0.7,0.7]},"thirdperson_lefthand":{"rotation":[-45,0,0],"translation":[0,0,-4.5],"scale":[0.7,0.7,0.7]},"firstperson_righthand":{"rotation":[160,60,160],"translation":[0.25,4,1],"scale":[0.5,0.5,0.5]},"firstperson_lefthand":{"rotation":[160,60,160],"translation":[0.25,4,1],"scale":[0.5,0.5,0.5]},"ground":{"scale":[0.6,0.6,0.6]},"gui":{"rotation":[30,-135,0],"translation":[0,2,0],"scale":[0.85,0.85,0.85]},"head":{"rotation":[5,0,0],"translation":[0,15,0.5],"scale":[1.6,1.6,1.6]},"fixed":{"rotation":[-90,0,0],"translation":[0,0,-11],"scale":[2,2,2]}},"groups":[{"name":"farmerhat","origin":[14.15642,9.22731,8],"color":0,"children":[0,1,2,3,4]}]}