{"credit":"Made by Elo106","texture_size":[32,32],"textures":{"14":"custom/general/cosmetics/hats/vs_mining_hat","particle":"custom/general/cosmetics/hats/vs_mining_hat"},"elements":[{"from":[3.5,3.5,3.5],"to":[12.5,6.5,12.5],"rotation":{"angle":0,"axis":"y","origin":[8,5,8]},"faces":{"north":{"uv":[2.5,6,4.75,6.75],"texture":"#14"},"east":{"uv":[0,6.5,2.25,7.25],"texture":"#14"},"south":{"uv":[6.5,5.5,8.75,6.25],"texture":"#14"},"west":{"uv":[6.5,6.25,8.75,7],"texture":"#14"},"up":{"uv":[5,2.25,2.75,0],"texture":"#14"},"down":{"uv":[5,2.25,2.75,4.5],"texture":"#14"}}},{"from":[3.501,1.57605,11.09635],"to":[12.499,4.57405,17.09435],"rotation":{"angle":22.5,"axis":"x","origin":[8,13.07505,11.59535]},"faces":{"north":{"uv":[2.25,6.75,4.5,7.5],"texture":"#14"},"east":{"uv":[7.25,0.75,8.75,1.5],"texture":"#14"},"south":{"uv":[6.5,7,8.75,7.75],"texture":"#14"},"west":{"uv":[7.25,1.5,8.75,2.25],"texture":"#14"},"up":{"uv":[5,6,2.75,4.5],"texture":"#14"},"down":{"uv":[7.25,0,5,1.5],"texture":"#14"}}},{"from":[12.501,4.57605,17.09635],"to":[3.499,1.57405,11.09435],"rotation":{"angle":22.5,"axis":"x","origin":[8,13.07505,11.59535]},"faces":{"north":{"uv":[0,7.25,2.25,8],"texture":"#14"},"east":{"uv":[7.25,2.25,8.75,3],"texture":"#14"},"south":{"uv":[7.25,0,9.5,0.75],"texture":"#14"},"west":{"uv":[7.25,3,8.75,3.75],"texture":"#14"},"up":{"uv":[7.25,3,5,1.5],"texture":"#14"},"down":{"uv":[7.25,3,5,4.5],"texture":"#14"}}},{"from":[2.5,2.5,2.5],"to":[13.5,3.5,13.5],"rotation":{"angle":0,"axis":"y","origin":[7.5,5,8]},"faces":{"north":{"uv":[7.5,4.75,10.25,5],"texture":"#14"},"east":{"uv":[7.5,5,10.25,5.25],"texture":"#14"},"south":{"uv":[7.5,5.25,10.25,5.5],"texture":"#14"},"west":{"uv":[8.25,7.75,11,8],"texture":"#14"},"up":{"uv":[2.75,2.75,0,0],"texture":"#14"},"down":{"uv":[2.75,2.75,0,5.5],"texture":"#14"}}},{"from":[6.5,3,3],"to":[9.5,7,13],"rotation":{"angle":0,"axis":"y","origin":[7.5,5,8]},"faces":{"north":{"uv":[4.25,7.5,5,8.5],"texture":"#14"},"east":{"uv":[5,4.5,7.5,5.5],"texture":"#14"},"south":{"uv":[7.5,7.75,8.25,8.75],"texture":"#14"},"west":{"uv":[0,5.5,2.5,6.5],"texture":"#14"},"up":{"uv":[5.75,8,5,5.5],"texture":"#14"},"down":{"uv":[6.5,5.5,5.75,8],"texture":"#14"}}},{"from":[6,3,1],"to":[10,7,2],"rotation":{"angle":45,"axis":"z","origin":[8,5,1.5]},"faces":{"north":{"uv":[2.25,7.5,3.25,8.5],"texture":"#14"},"east":{"uv":[4.75,6,5,7],"texture":"#14"},"south":{"uv":[3.25,7.5,4.25,8.5],"texture":"#14"},"west":{"uv":[0,8,0.25,9],"texture":"#14"},"up":{"uv":[1.25,8.25,0.25,8],"texture":"#14"},"down":{"uv":[2.25,8,1.25,8.25],"texture":"#14"}}},{"from":[7,4,2],"to":[9,6,3],"rotation":{"angle":0,"axis":"y","origin":[7.5,5,8]},"faces":{"north":{"uv":[4.5,7,5,7.5],"texture":"#14"},"east":{"uv":[2.5,5.5,2.75,6],"texture":"#14"},"south":{"uv":[5,8,5.5,8.5],"texture":"#14"},"west":{"uv":[7.25,3.75,7.5,4.25],"texture":"#14"},"up":{"uv":[6.5,8.25,6,8],"texture":"#14"},"down":{"uv":[6.5,8.25,6,8.5],"texture":"#14"}}},{"from":[4.3,3.42132,0.8],"to":[8.7,7.82132,2.2],"rotation":{"angle":45,"axis":"z","origin":[8,7.12132,1.5]},"faces":{"north":{"uv":[7.5,3.75,8.5,4.75],"texture":"#14"},"east":{"uv":[5.5,8,5.75,9],"texture":"#14"},"south":{"uv":[6.5,7.75,7.5,8.75],"texture":"#14"},"west":{"uv":[5.75,8,6,9],"texture":"#14"},"up":{"uv":[1.25,8.5,0.25,8.25],"texture":"#14"},"down":{"uv":[2.25,8.25,1.25,8.5],"texture":"#14"}}}],"gui_light":"front","display":{"thirdperson_righthand":{"rotation":[-45,0,0],"translation":[0,0,-4],"scale":[0.7,0.7,0.7]},"thirdperson_lefthand":{"rotation":[-45,0,0],"translation":[0,0,-4],"scale":[0.7,0.7,0.7]},"firstperson_righthand":{"rotation":[160,60,160],"translation":[0.25,4,1],"scale":[0.5,0.5,0.5]},"firstperson_lefthand":{"rotation":[160,60,160],"translation":[0.25,4,1],"scale":[0.5,0.5,0.5]},"ground":{"scale":[0.6,0.6,0.6]},"gui":{"rotation":[30,-135,0],"translation":[0,3.75,0]},"head":{"translation":[0,12.75,0.25],"scale":[1.67,1.67,1.67]},"fixed":{"rotation":[-90,0,0],"translation":[0,0,-11],"scale":[2,2,2]}},"groups":[{"name":"miner","origin":[8,8,8],"color":0,"children":[0,1,2,3,4,5,6,7]}]}