{"credit":"Made with Blockbench","texture_size":[32,32],"textures":{"21":"custom/general/cosmetics/hats/vs_pipe"},"elements":[{"from":[5.5,-0.5,0.5],"to":[6.5,0.5,2.5],"rotation":{"angle":0,"axis":"y","origin":[7,7,6]},"faces":{"north":{"uv":[9,2,10,3],"texture":"#21"},"east":{"uv":[7,4,9,5],"texture":"#21"},"south":{"uv":[9,3,10,4],"texture":"#21"},"west":{"uv":[7,5,9,6],"texture":"#21"},"up":{"uv":[8,8,7,6],"texture":"#21"},"down":{"uv":[6,8,5,10],"texture":"#21"}}},{"from":[5.499,-0.84562,-1.23354],"to":[6.501,0.15638,0.76846],"rotation":{"angle":-22.5,"axis":"x","origin":[6,-0.34462,-0.23254]},"faces":{"north":{"uv":[9,4,10,5],"texture":"#21"},"east":{"uv":[6,8,8,9],"texture":"#21"},"south":{"uv":[9,5,10,6],"texture":"#21"},"west":{"uv":[8,6,10,7],"texture":"#21"},"up":{"uv":[9,9,8,7],"texture":"#21"},"down":{"uv":[10,0,9,2],"texture":"#21"}}},{"from":[5,-1.18925,-2.96508],"to":[7,0.81075,-0.96508],"rotation":{"angle":45,"axis":"y","origin":[6,-0.18925,-1.96508]},"faces":{"north":{"uv":[5,0,7,2],"texture":"#21"},"east":{"uv":[5,2,7,4],"texture":"#21"},"south":{"uv":[5,4,7,6],"texture":"#21"},"west":{"uv":[5,6,7,8],"texture":"#21"},"up":{"uv":[9,2,7,0],"texture":"#21"},"down":{"uv":[9,2,7,4],"texture":"#21"}}},{"from":[5.5,0.31075,-2.46508],"to":[6.5,1.31075,-1.46508],"rotation":{"angle":45,"axis":"y","origin":[6,-0.18925,-1.96508]},"faces":{"north":{"uv":[6,9,7,10],"texture":"#21"},"east":{"uv":[7,9,8,10],"texture":"#21"},"south":{"uv":[9,7,10,8],"texture":"#21"},"west":{"uv":[8,9,9,10],"texture":"#21"},"up":{"uv":[10,9,9,8],"texture":"#21"},"down":{"uv":[10,9,9,10],"texture":"#21"}}},{"from":[2.5,0.31075,-1.96508],"to":[7.5,5.31075,-1.96508],"rotation":{"angle":22.5,"axis":"y","origin":[6,-0.18925,-1.96508]},"faces":{"north":{"uv":[0,0,5,5],"texture":"#21"},"east":{"uv":[0,0,0,5],"texture":"#21"},"south":{"uv":[0,5,5,10],"texture":"#21"},"west":{"uv":[0,0,0,5],"texture":"#21"},"up":{"uv":[5,0,0,0],"texture":"#21"},"down":{"uv":[5,0,0,0],"texture":"#21"}}}],"gui_light":"front","display":{"thirdperson_righthand":{"rotation":[0,-10,0],"translation":[1.5,6.5,6.25]},"thirdperson_lefthand":{"rotation":[0,-10,0],"translation":[1.5,6.5,6.25]},"firstperson_righthand":{"rotation":[0,-45,0],"translation":[-1.75,6.75,7.25],"scale":[0.5,0.5,0.5]},"firstperson_lefthand":{"rotation":[0,-45,0],"translation":[-4,6.75,5.75],"scale":[0.5,0.5,0.5]},"ground":{"translation":[3,4.5,8.25]},"gui":{"rotation":[30,-135,0],"translation":[-12.75,13.75,0],"scale":[1.7,1.7,1.7]},"head":{"rotation":[0,22.5,0],"translation":[5.75,7.25,1],"scale":[1.6,1.6,1.6]},"fixed":{"rotation":[-90,0,0],"translation":[4,17.75,-18.25],"scale":[2,2,2]}},"groups":[{"name":"pipe","origin":[7,0.81075,0.03492],"color":0,"children":[0,1,2,3,4]}]}