{"credit":"Made by Elo106","texture_size":[32,32],"textures":{"11":"custom/general/cosmetics/hats/vs_pot_hat"},"elements":[{"from":[3.5,2.5,3.5],"to":[12.5,3.5,12.5],"rotation":{"angle":0,"axis":"y","origin":[8.5,4,7.5]},"faces":{"north":{"uv":[6,5.75,8.25,6],"texture":"#11"},"east":{"uv":[6,6,8.25,6.25],"texture":"#11"},"south":{"uv":[6,6.25,8.25,6.5],"texture":"#11"},"west":{"uv":[6.5,0,8.75,0.25],"texture":"#11"},"up":{"uv":[2.25,2.25,0,0],"texture":"#11"},"down":{"uv":[2.25,2.25,0,4.5],"texture":"#11"}}},{"from":[4,3.5,4],"to":[12,4.5,12],"rotation":{"angle":0,"axis":"y","origin":[8.5,4,7.5]},"faces":{"north":{"uv":[0,6.5,2,6.75],"texture":"#11"},"east":{"uv":[6.5,0.25,8.5,0.5],"texture":"#11"},"south":{"uv":[6.5,0.5,8.5,0.75],"texture":"#11"},"west":{"uv":[6.5,0.75,8.5,1],"texture":"#11"},"up":{"uv":[2,6.5,0,4.5],"texture":"#11"},"down":{"uv":[6.5,0,4.5,2],"texture":"#11"}}},{"from":[3.5,4.5,3.5],"to":[12.5,9.5,12.5],"rotation":{"angle":0,"axis":"y","origin":[8.5,4,7.5]},"faces":{"north":{"uv":[2,4.5,4.25,5.75],"texture":"#11"},"east":{"uv":[4.5,2,6.75,3.25],"texture":"#11"},"south":{"uv":[4.5,3.25,6.75,4.5],"texture":"#11"},"west":{"uv":[4.25,4.5,6.5,5.75],"texture":"#11"},"up":{"uv":[4.5,2.25,2.25,0],"texture":"#11"},"down":{"uv":[4.5,2.25,2.25,4.5],"texture":"#11"}}},{"from":[1.499,5.499,5.499],"to":[3.501,6.501,10.501],"rotation":{"angle":22.5,"axis":"z","origin":[3.5,6.5,7.5]},"faces":{"north":{"uv":[6.5,5.5,7,5.75],"texture":"#11"},"east":{"uv":[6.5,1,7.75,1.25],"texture":"#11"},"south":{"uv":[6,6.5,6.5,6.75],"texture":"#11"},"west":{"uv":[6.5,1.25,7.75,1.5],"texture":"#11"},"up":{"uv":[2.5,7,2,5.75],"texture":"#11"},"down":{"uv":[3,5.75,2.5,7],"texture":"#11"}}},{"from":[3.5,6.5,10.5],"to":[1.5,5.5,5.5],"rotation":{"angle":22.5,"axis":"z","origin":[3.5,6.5,7.5]},"faces":{"north":{"uv":[6.5,6.5,7,6.75],"texture":"#11"},"east":{"uv":[6.5,1.5,7.75,1.75],"texture":"#11"},"south":{"uv":[0,6.75,0.5,7],"texture":"#11"},"west":{"uv":[6.5,1.75,7.75,2],"texture":"#11"},"up":{"uv":[3.5,7,3,5.75],"texture":"#11"},"down":{"uv":[4,5.75,3.5,7],"texture":"#11"}}},{"from":[14.5,6.5,10.5],"to":[12.5,5.5,5.5],"rotation":{"angle":-22.5,"axis":"z","origin":[12.5,6.5,7.5]},"faces":{"north":{"uv":[0.5,6.75,1,7],"texture":"#11"},"east":{"uv":[6.5,4.5,7.75,4.75],"texture":"#11"},"south":{"uv":[1,6.75,1.5,7],"texture":"#11"},"west":{"uv":[6.5,4.75,7.75,5],"texture":"#11"},"up":{"uv":[4.5,7,4,5.75],"texture":"#11"},"down":{"uv":[5,5.75,4.5,7],"texture":"#11"}}},{"from":[12.499,5.499,5.499],"to":[14.501,6.501,10.501],"rotation":{"angle":-22.5,"axis":"z","origin":[12.5,6.5,7.5]},"faces":{"north":{"uv":[1.5,6.75,2,7],"texture":"#11"},"east":{"uv":[6.5,5,7.75,5.25],"texture":"#11"},"south":{"uv":[6.75,2,7.25,2.25],"texture":"#11"},"west":{"uv":[6.5,5.25,7.75,5.5],"texture":"#11"},"up":{"uv":[5.5,7,5,5.75],"texture":"#11"},"down":{"uv":[6,5.75,5.5,7],"texture":"#11"}}}],"gui_light":"front","display":{"thirdperson_righthand":{"rotation":[-95,85,-45],"translation":[0,0.5,-4],"scale":[0.7,0.7,0.7]},"thirdperson_lefthand":{"rotation":[-95,85,-45],"translation":[0,0.5,-4],"scale":[0.7,0.7,0.7]},"firstperson_righthand":{"rotation":[-115,58,-45],"translation":[-0.75,4,2],"scale":[0.5,0.5,0.5]},"firstperson_lefthand":{"rotation":[-115,58,-45],"translation":[-0.75,4,2],"scale":[0.5,0.5,0.5]},"ground":{"rotation":[180,0,0],"translation":[0,-1.75,0],"scale":[0.6,0.6,0.6]},"gui":{"rotation":[30,-135,0],"translation":[0,1.75,0]},"head":{"rotation":[0,0,8],"translation":[-1,12.5,0],"scale":[1.86,1.86,1.86]},"fixed":{"rotation":[90,0,0],"translation":[0,0,-3],"scale":[2,2,2]}},"groups":[{"name":"topf","origin":[12.5,11,7.5],"color":0,"children":[0,1,2,3,4,5,6]}]}