{"credit":"Made by Elo106","texture_size":[32,32],"textures":{"25":"custom/general/cosmetics/hats/vs_rus_hat"},"elements":[{"from":[4,2.5,3.5],"to":[12,6.5,12.5],"rotation":{"angle":0,"axis":"y","origin":[8,4.5,8]},"faces":{"north":{"uv":[0,6.5,4,8.5],"texture":"#25"},"east":{"uv":[0,4.5,4.5,6.5],"texture":"#25"},"south":{"uv":[4,6.5,8,8.5],"texture":"#25"},"west":{"uv":[4.5,4.5,9,6.5],"texture":"#25"},"up":{"uv":[4,4.5,0,0],"texture":"#25"},"down":{"uv":[8,0,4,4.5],"texture":"#25"}}},{"from":[11.5,-1.5,6.5],"to":[12.5,4.5,10.5],"rotation":{"angle":0,"axis":"y","origin":[8,4.5,8.5]},"faces":{"north":{"uv":[8.5,9.5,9,12.5],"texture":"#25"},"east":{"uv":[0,8.5,2,11.5],"texture":"#25"},"south":{"uv":[9,9.5,9.5,12.5],"texture":"#25"},"west":{"uv":[2,8.5,4,11.5],"texture":"#25"},"up":{"uv":[4.5,12,4,10],"texture":"#25"},"down":{"uv":[5,10,4.5,12],"texture":"#25"}}},{"from":[3.5,-1.5,6.5],"to":[4.5,4.5,10.5],"rotation":{"angle":0,"axis":"y","origin":[8,4.5,8.5]},"faces":{"north":{"uv":[9,9.5,8.5,12.5],"texture":"#25"},"east":{"uv":[4,8.5,2,11.5],"texture":"#25"},"south":{"uv":[9.5,9.5,9,12.5],"texture":"#25"},"west":{"uv":[2,8.5,0,11.5],"texture":"#25"},"up":{"uv":[4,12,4.5,10],"texture":"#25"},"down":{"uv":[4.5,10,5,12],"texture":"#25"}}},{"from":[4,-5,6],"to":[4,-1,7],"rotation":{"angle":22.5,"axis":"x","origin":[4,-3.5,7.5]},"faces":{"north":{"uv":[0,0,0,2],"texture":"#25"},"east":{"uv":[5,10,5.5,12],"texture":"#25"},"south":{"uv":[0,0,0,2],"texture":"#25"},"west":{"uv":[5.5,10,6,12],"texture":"#25"},"up":{"uv":[0,0.5,0,0],"texture":"#25"},"down":{"uv":[0,0,0,0.5],"texture":"#25"}}},{"from":[12,-4.5,7],"to":[12,-1.5,8],"rotation":{"angle":0,"axis":"y","origin":[8,4.5,8.5]},"faces":{"north":{"uv":[0,0,0,1.5],"texture":"#25"},"east":{"uv":[10,5.5,10.5,7],"texture":"#25"},"south":{"uv":[0,0,0,1.5],"texture":"#25"},"west":{"uv":[6,10,6.5,11.5],"texture":"#25"},"up":{"uv":[0,0.5,0,0],"texture":"#25"},"down":{"uv":[0,0,0,0.5],"texture":"#25"}}},{"from":[4.5,2.57716,2.88791],"to":[11.5,5.57716,3.88791],"rotation":{"angle":-22.5,"axis":"x","origin":[8,4.07716,3.38791]},"faces":{"north":{"uv":[8,3,11.5,4.5],"texture":"#25"},"east":{"uv":[6.5,10,7,11.5],"texture":"#25"},"south":{"uv":[4,8.5,7.5,10],"texture":"#25"},"west":{"uv":[7,10,7.5,11.5],"texture":"#25"},"up":{"uv":[12.5,5,9,4.5],"texture":"#25"},"down":{"uv":[12.5,5,9,5.5],"texture":"#25"}}}],"gui_light":"front","display":{"thirdperson_righthand":{"rotation":[-45,0,0],"translation":[0,0.25,-4.25],"scale":[0.7,0.7,0.7]},"thirdperson_lefthand":{"rotation":[-45,0,0],"translation":[0,0.25,-4.25],"scale":[0.7,0.7,0.7]},"firstperson_righthand":{"rotation":[160,60,160],"translation":[0.25,4,1],"scale":[0.5,0.5,0.5]},"firstperson_lefthand":{"rotation":[160,60,160],"translation":[0.25,4,1],"scale":[0.5,0.5,0.5]},"ground":{"scale":[0.6,0.6,0.6]},"gui":{"rotation":[30,-135,0],"translation":[0,5.5,0]},"head":{"rotation":[5,0,0],"translation":[0,13.25,0.5],"scale":[1.82,1.82,1.82]},"fixed":{"rotation":[-90,0,0],"translation":[0,0,-11],"scale":[2,2,2]}},"groups":[{"name":"rus","origin":[0,0,0],"color":0,"children":[0,1,2,3,4,5]}]}