{"credit":"Made by Elo106","texture_size":[32,32],"textures":{"5":"custom/general/cosmetics/hats/vs_robinhood_hat"},"elements":[{"from":[3.499,2.499,2.499],"to":[12.501,3.501,13.501],"rotation":{"angle":0,"axis":"y","origin":[8,3,8]},"faces":{"north":{"uv":[6,4.5,8.25,4.75],"texture":"#5"},"east":{"uv":[6,4,8.75,4.25],"texture":"#5"},"south":{"uv":[6,4.75,8.25,5],"texture":"#5"},"west":{"uv":[6,4.25,8.75,4.5],"texture":"#5"},"up":{"uv":[6,2.75,3.75,0],"texture":"#5"},"down":{"uv":[6,2.75,3.75,5.5],"texture":"#5"}}},{"from":[5.5,1,4.5],"to":[10.5,5,12.5],"rotation":{"angle":-22.5,"axis":"x","origin":[8,3,8]},"faces":{"north":{"uv":[6,2,7.25,3],"texture":"#5"},"east":{"uv":[2.5,5.5,4.5,6.5],"texture":"#5"},"south":{"uv":[6,3,7.25,4],"texture":"#5"},"west":{"uv":[4.5,5.5,6.5,6.5],"texture":"#5"},"up":{"uv":[1.25,7.5,0,5.5],"texture":"#5"},"down":{"uv":[2.5,5.5,1.25,7.5],"texture":"#5"}}},{"from":[5.499,-1,4.5],"to":[5.499,10,19.5],"rotation":{"angle":-22.5,"axis":"x","origin":[8,3,8]},"faces":{"north":{"uv":[0,0,0,2.75],"texture":"#5"},"east":{"uv":[3.75,2.75,0,5.5],"texture":"#5"},"south":{"uv":[0,0,0,2.75],"texture":"#5"},"west":{"uv":[0,2.75,3.75,5.5],"texture":"#5"},"up":{"uv":[0,3.75,0,0],"texture":"#5"},"down":{"uv":[0,0,0,3.75],"texture":"#5"}}},{"from":[12.03388,1.81598,2.5],"to":[13.03388,3.81598,13.5],"rotation":{"angle":22.5,"axis":"z","origin":[8.53388,1.31598,7.5]},"faces":{"north":{"uv":[6,5,6.25,5.5],"texture":"#5"},"east":{"uv":[6,0,8.75,0.5],"texture":"#5"},"south":{"uv":[6.25,5,6.5,5.5],"texture":"#5"},"west":{"uv":[6,0.5,8.75,1],"texture":"#5"},"up":{"uv":[2.75,9.25,2.5,6.5],"texture":"#5"},"down":{"uv":[3,6.5,2.75,9.25],"texture":"#5"}}},{"from":[2.96612,1.81598,2.5],"to":[3.96612,3.81598,13.5],"rotation":{"angle":-22.5,"axis":"z","origin":[7.46612,1.31598,7.5]},"faces":{"north":{"uv":[3.5,6.5,3.75,7],"texture":"#5"},"east":{"uv":[6,1,8.75,1.5],"texture":"#5"},"south":{"uv":[3.75,6.5,4,7],"texture":"#5"},"west":{"uv":[6,1.5,8.75,2],"texture":"#5"},"up":{"uv":[3.25,9.25,3,6.5],"texture":"#5"},"down":{"uv":[3.5,6.5,3.25,9.25],"texture":"#5"}}}],"gui_light":"front","display":{"thirdperson_righthand":{"rotation":[-45,0,0],"translation":[0,0,-4.5],"scale":[0.7,0.7,0.7]},"thirdperson_lefthand":{"rotation":[-45,0,0],"translation":[0,0,-4.5],"scale":[0.7,0.7,0.7]},"firstperson_righthand":{"rotation":[160,60,160],"translation":[0.25,4,1],"scale":[0.5,0.5,0.5]},"firstperson_lefthand":{"rotation":[160,60,160],"translation":[0.25,4,1],"scale":[0.5,0.5,0.5]},"ground":{"scale":[0.6,0.6,0.6]},"gui":{"rotation":[30,-135,0],"translation":[0,1.5,0]},"head":{"rotation":[5,0,0],"translation":[0,15.5,0.5],"scale":[1.7,1.7,1.7]},"fixed":{"rotation":[-90,0,0],"translation":[0,0,-11],"scale":[2,2,2]}},"groups":[{"name":"robinhoodhat","origin":[7.46612,6.81598,7.5],"color":0,"children":[0,1,2,3,4]}]}