{"credit":"Made by Elo106","texture_size":[32,32],"textures":{"3":"custom/general/cosmetics/hats/vs_wanderer_hat"},"elements":[{"from":[3.499,2.499,1.499],"to":[12.501,3.501,14.501],"rotation":{"angle":0,"axis":"y","origin":[8,3,8]},"faces":{"north":{"uv":[6.25,2,8.5,2.25],"texture":"#3"},"east":{"uv":[5.25,4.75,8.5,5],"texture":"#3"},"south":{"uv":[6.25,2.25,8.5,2.5],"texture":"#3"},"west":{"uv":[4.75,6,8,6.25],"texture":"#3"},"up":{"uv":[2.25,3.25,0,0],"texture":"#3"},"down":{"uv":[4.5,0,2.25,3.25],"texture":"#3"}}},{"from":[0.3488,0.73986,1.5],"to":[3.3488,1.73986,14.5],"rotation":{"angle":-22.5,"axis":"z","origin":[7.8488,1.23986,8]},"faces":{"north":{"uv":[4.5,2.75,5.25,3],"texture":"#3"},"east":{"uv":[6.25,0,9.5,0.25],"texture":"#3"},"south":{"uv":[4.5,3,5.25,3.25],"texture":"#3"},"west":{"uv":[6.25,0.25,9.5,0.5],"texture":"#3"},"up":{"uv":[0.75,8.25,0,5],"texture":"#3"},"down":{"uv":[1.5,5,0.75,8.25],"texture":"#3"}}},{"from":[0.2488,0.63986,1.4],"to":[1.4488,1.83986,14.6],"rotation":{"angle":-22.5,"axis":"z","origin":[7.8488,1.23986,8]},"faces":{"north":{"uv":[6.5,5.75,6.75,6],"texture":"#3"},"east":{"uv":[6.25,0.5,9.5,0.75],"texture":"#3"},"south":{"uv":[6.5,6.5,6.75,6.75],"texture":"#3"},"west":{"uv":[6.25,0.75,9.5,1],"texture":"#3"},"up":{"uv":[5,9.5,4.75,6.25],"texture":"#3"},"down":{"uv":[5.25,6.25,5,9.5],"texture":"#3"}}},{"from":[12.6512,4.26014,1.5],"to":[15.6512,5.26014,14.5],"rotation":{"angle":-22.5,"axis":"z","origin":[8.1512,4.76014,8]},"faces":{"north":{"uv":[6.5,5.5,7.25,5.75],"texture":"#3"},"east":{"uv":[6.25,1,9.5,1.25],"texture":"#3"},"south":{"uv":[5.75,6.5,6.5,6.75],"texture":"#3"},"west":{"uv":[6.25,1.25,9.5,1.5],"texture":"#3"},"up":{"uv":[2.25,8.25,1.5,5],"texture":"#3"},"down":{"uv":[3,5,2.25,8.25],"texture":"#3"}}},{"from":[14.5512,4.16014,1.4],"to":[15.7512,5.36014,14.6],"rotation":{"angle":-22.5,"axis":"z","origin":[8.1512,4.76014,8]},"faces":{"north":{"uv":[5.75,6.75,6,7],"texture":"#3"},"east":{"uv":[6.25,1.5,9.5,1.75],"texture":"#3"},"south":{"uv":[6.75,5.75,7,6],"texture":"#3"},"west":{"uv":[6.25,1.75,9.5,2],"texture":"#3"},"up":{"uv":[5.5,9.5,5.25,6.25],"texture":"#3"},"down":{"uv":[5.75,6.25,5.5,9.5],"texture":"#3"}}},{"from":[4.5,3,4.5],"to":[11.5,7,11.5],"rotation":{"angle":45,"axis":"y","origin":[8,5,8]},"faces":{"north":{"uv":[4.5,1.75,6.25,2.75],"texture":"#3"},"east":{"uv":[3,5,4.75,6],"texture":"#3"},"south":{"uv":[4.75,5,6.5,6],"texture":"#3"},"west":{"uv":[5.25,2.75,7,3.75],"texture":"#3"},"up":{"uv":[1.75,5,0,3.25],"texture":"#3"},"down":{"uv":[3.5,3.25,1.75,5],"texture":"#3"}}},{"from":[4.4,5.9,4.4],"to":[11.6,7.1,11.6],"rotation":{"angle":45,"axis":"y","origin":[8,5,8]},"faces":{"north":{"uv":[6.25,2.5,8,2.75],"texture":"#3"},"east":{"uv":[5.75,6.25,7.5,6.5],"texture":"#3"},"south":{"uv":[6.5,5,8.25,5.25],"texture":"#3"},"west":{"uv":[6.5,5.25,8.25,5.5],"texture":"#3"},"up":{"uv":[5.25,5,3.5,3.25],"texture":"#3"},"down":{"uv":[6.25,0,4.5,1.75],"texture":"#3"}}},{"from":[2.5,7,11.5],"to":[9.5,11,11.5],"rotation":{"angle":45,"axis":"y","origin":[8,5,8]},"faces":{"north":{"uv":[4.75,6,3,7],"texture":"#3"},"east":{"uv":[0,0,0,1],"texture":"#3"},"south":{"uv":[3,6,4.75,7],"texture":"#3"},"west":{"uv":[0,0,0,1],"texture":"#3"},"up":{"uv":[1.75,0,0,0],"texture":"#3"},"down":{"uv":[1.75,0,0,0],"texture":"#3"}}}],"gui_light":"front","display":{"thirdperson_righthand":{"rotation":[-45,0,0],"translation":[0,0,-4.5],"scale":[0.7,0.7,0.7]},"thirdperson_lefthand":{"rotation":[-45,0,0],"translation":[0,0,-4.5],"scale":[0.7,0.7,0.7]},"firstperson_righthand":{"rotation":[160,60,160],"translation":[0.25,4,1],"scale":[0.5,0.5,0.5]},"firstperson_lefthand":{"rotation":[160,60,160],"translation":[0.25,4,1],"scale":[0.5,0.5,0.5]},"ground":{"scale":[0.6,0.6,0.6]},"gui":{"rotation":[30,-135,0],"translation":[0,2.25,0],"scale":[0.8,0.8,0.8]},"head":{"rotation":[2,0,0],"translation":[0.25,15.25,0.5],"scale":[1.72,1.72,1.72]},"fixed":{"rotation":[-90,0,0],"translation":[0,0,-11],"scale":[2,2,2]}},"groups":[{"name":"wandererhat","origin":[14.15642,9.22731,8],"color":0,"children":[0,1,2,3,4,5,6,7]}]}