{"credit":"Made by Elo106","texture_size":[32,32],"textures":{"12":"custom/general/cosmetics/hats/vs_wizard_hat"},"elements":[{"from":[2,2.5,2],"to":[14,3.5,14],"rotation":{"angle":0,"axis":"y","origin":[0,-5,0]},"faces":{"north":{"uv":[4.5,6,7.5,6.25],"texture":"#12"},"east":{"uv":[6,5.25,9,5.5],"texture":"#12"},"south":{"uv":[6,5.5,9,5.75],"texture":"#12"},"west":{"uv":[6,5.75,9,6],"texture":"#12"},"up":{"uv":[3,3,0,0],"texture":"#12"},"down":{"uv":[3,3,0,6],"texture":"#12"}}},{"from":[14.001,0.5,4],"to":[14.001,3.5,7],"rotation":{"angle":0,"axis":"y","origin":[0,-5,0]},"faces":{"north":{"uv":[0,0,0,0.75],"texture":"#12"},"east":{"uv":[7,3.25,7.75,4],"texture":"#12"},"south":{"uv":[0,0,0,0.75],"texture":"#12"},"west":{"uv":[7,4,7.75,4.75],"texture":"#12"},"up":{"uv":[0,0.75,0,0],"texture":"#12"},"down":{"uv":[0,0,0,0.75],"texture":"#12"}}},{"from":[5,2.12359,5.91969],"to":[11,11.12359,11.91969],"rotation":{"angle":22.5,"axis":"x","origin":[8,5.12359,8.91969]},"faces":{"north":{"uv":[3,0,4.5,2.25],"texture":"#12"},"east":{"uv":[3,2.25,4.5,4.5],"texture":"#12"},"south":{"uv":[4.5,0,6,2.25],"texture":"#12"},"west":{"uv":[4.5,2.25,6,4.5],"texture":"#12"},"up":{"uv":[4.5,6,3,4.5],"texture":"#12"},"down":{"uv":[6,4.5,4.5,6],"texture":"#12"}}},{"from":[5.001,7.27717,9.74579],"to":[10.999,11.27517,12.74379],"rotation":{"angle":45,"axis":"x","origin":[8,5.27617,9.74479]},"faces":{"north":{"uv":[1.5,6,3,7],"texture":"#12"},"east":{"uv":[4.5,6.25,5.25,7.25],"texture":"#12"},"south":{"uv":[6,1.5,7.5,2.5],"texture":"#12"},"west":{"uv":[5.25,6.25,6,7.25],"texture":"#12"},"up":{"uv":[7.5,3.25,6,2.5],"texture":"#12"},"down":{"uv":[4.5,6,3,6.75],"texture":"#12"}}},{"from":[6.4,5.78268,4.47612],"to":[9.6,7.98268,5.67612],"rotation":{"angle":22.5,"axis":"x","origin":[5,3.88268,4.07612]},"faces":{"north":{"uv":[7,4.75,7.75,5.25],"texture":"#12"},"east":{"uv":[7.5,0,7.75,0.5],"texture":"#12"},"south":{"uv":[3,7.25,3.75,7.75],"texture":"#12"},"west":{"uv":[7.5,0.5,7.75,1],"texture":"#12"},"up":{"uv":[4.5,7.5,3.75,7.25],"texture":"#12"},"down":{"uv":[5.25,7.25,4.5,7.5],"texture":"#12"}}},{"from":[4.9,5.78268,4.97612],"to":[11.1,7.98268,11.17612],"rotation":{"angle":22.5,"axis":"x","origin":[5,3.88268,4.07612]},"faces":{"north":{"uv":[6,6.25,7.5,6.75],"texture":"#12"},"east":{"uv":[3,6.75,4.5,7.25],"texture":"#12"},"south":{"uv":[6,6.75,7.5,7.25],"texture":"#12"},"west":{"uv":[1.5,7,3,7.5],"texture":"#12"},"up":{"uv":[1.5,7.5,0,6],"texture":"#12"},"down":{"uv":[7.5,0,6,1.5],"texture":"#12"}}},{"from":[5,3.5,3],"to":[2,2.5,2],"rotation":{"angle":0,"axis":"y","origin":[-19,-0.5,3]},"faces":{"north":{"uv":[5.25,7.25,6,7.5],"texture":"#12"},"east":{"uv":[0.75,7.5,1,7.75],"texture":"#12"},"south":{"uv":[6,7.25,6.75,7.5],"texture":"#12"},"west":{"uv":[1,7.5,1.25,7.75],"texture":"#12"},"up":{"uv":[7.5,7.5,6.75,7.25],"texture":"#12"},"down":{"uv":[0.75,7.5,0,7.75],"texture":"#12"}}},{"from":[11.05,6.82617,7.97661],"to":[11.05,10.82617,11.97661],"rotation":{"angle":22.5,"axis":"x","origin":[12.1,7.32617,6.47661]},"faces":{"north":{"uv":[0,0,0,1],"texture":"#12"},"east":{"uv":[6,4.25,7,5.25],"texture":"#12"},"south":{"uv":[0,0,0,1],"texture":"#12"},"west":{"uv":[7,4.25,6,5.25],"texture":"#12"},"up":{"uv":[0,1,0,0],"texture":"#12"},"down":{"uv":[0,0,0,1],"texture":"#12"}}}],"gui_light":"front","display":{"thirdperson_righthand":{"rotation":[-45,0,0],"translation":[0,0,-4.5],"scale":[0.7,0.7,0.7]},"thirdperson_lefthand":{"rotation":[-45,0,0],"translation":[0,0,-4.5],"scale":[0.7,0.7,0.7]},"firstperson_righthand":{"rotation":[160,60,160],"translation":[0.25,4,1],"scale":[0.5,0.5,0.5]},"firstperson_lefthand":{"rotation":[160,60,160],"translation":[0.25,4,1],"scale":[0.5,0.5,0.5]},"ground":{"scale":[0.6,0.6,0.6]},"gui":{"rotation":[30,-135,0],"translation":[0.25,1.25,0],"scale":[0.9,0.9,0.9]},"head":{"rotation":[5,0,0],"translation":[0,16,0.5],"scale":[1.8,1.8,1.8]},"fixed":{"rotation":[-90,0,0],"translation":[0,0,-11],"scale":[2,2,2]}},"groups":[{"name":"wizardhat","origin":[8,10.27617,9.74479],"color":0,"children":[0,1,2,3,4,5,6,7]}]}