{"credit":"Made by Elo106","texture_size":[32,32],"textures":{"10":"custom/general/cosmetics/hats/vs_witchhunter_hat"},"elements":[{"from":[1.5,2.5,1.5],"to":[14.5,3.5,14.5],"rotation":{"angle":0,"axis":"y","origin":[8,3,8]},"faces":{"north":{"uv":[7.75,9.25,11,9.5],"texture":"#10"},"east":{"uv":[9.25,7.75,12.5,8],"texture":"#10"},"south":{"uv":[9.25,8,12.5,8.25],"texture":"#10"},"west":{"uv":[9.25,8.25,12.5,8.5],"texture":"#10"},"up":{"uv":[7.25,3.25,4,0],"texture":"#10"},"down":{"uv":[7.25,3.25,4,6.5],"texture":"#10"}}},{"from":[3.75736,-1.65328,8.2294],"to":[3.75736,11.34672,24.2294],"rotation":{"angle":-45,"axis":"x","origin":[8.25736,2.84672,7.7294]},"faces":{"north":{"uv":[0,0,0,3.25],"texture":"#10"},"east":{"uv":[4,3.25,0,6.5],"texture":"#10"},"south":{"uv":[0,0,0,3.25],"texture":"#10"},"west":{"uv":[0,3.25,4,6.5],"texture":"#10"},"up":{"uv":[0,4,0,0],"texture":"#10"},"down":{"uv":[0,0,0,4],"texture":"#10"}}},{"from":[3.75736,3.34672,8.2294],"to":[3.75736,12.34672,21.2294],"rotation":{"angle":22.5,"axis":"y","origin":[3.75736,3.84672,8.2294]},"faces":{"north":{"uv":[0,0,0,2.25],"texture":"#10"},"east":{"uv":[0,6.5,3.25,8.75],"texture":"#10"},"south":{"uv":[0,0,0,2.25],"texture":"#10"},"west":{"uv":[3.25,6.5,6.5,8.75],"texture":"#10"},"up":{"uv":[0,3.25,0,0],"texture":"#10"},"down":{"uv":[0,0,0,3.25],"texture":"#10"}}},{"from":[5,3.5,5],"to":[11,10.5,11],"rotation":{"angle":45,"axis":"y","origin":[8,5,8]},"faces":{"north":{"uv":[7.75,5.75,9.25,7.5],"texture":"#10"},"east":{"uv":[7.75,7.5,9.25,9.25],"texture":"#10"},"south":{"uv":[8.5,0,10,1.75],"texture":"#10"},"west":{"uv":[0,8.75,1.5,10.5],"texture":"#10"},"up":{"uv":[10,3.25,8.5,1.75],"texture":"#10"},"down":{"uv":[3,8.75,1.5,10.25],"texture":"#10"}}},{"from":[4.5,3.5,3.5572],"to":[9.5,8.5,3.5572],"rotation":{"angle":0,"axis":"y","origin":[7,5,3.75736]},"faces":{"north":{"uv":[5.25,8.75,6.5,10],"texture":"#10"},"east":{"uv":[0,0,0,1.25],"texture":"#10"},"south":{"uv":[9.25,6.5,10.5,7.75],"texture":"#10"},"west":{"uv":[0,0,0,1.25],"texture":"#10"},"up":{"uv":[1.25,0,0,0],"texture":"#10"},"down":{"uv":[1.25,0,0,0],"texture":"#10"}}},{"from":[4,3.1,3.8575],"to":[9,16.1,3.8575],"rotation":{"angle":22.5,"axis":"z","origin":[7,5,3.75736]},"faces":{"north":{"uv":[6.5,6.5,7.75,9.75],"texture":"#10"},"east":{"uv":[0,0,0,3.25],"texture":"#10"},"south":{"uv":[7.25,0,8.5,3.25],"texture":"#10"},"west":{"uv":[0,0,0,3.25],"texture":"#10"},"up":{"uv":[1.25,0,0,0],"texture":"#10"},"down":{"uv":[1.25,0,0,0],"texture":"#10"}}},{"from":[-2.5,1.5,3.65736],"to":[8.5,6.5,3.65736],"rotation":{"angle":-22.5,"axis":"z","origin":[7,5,3.75736]},"faces":{"north":{"uv":[7.25,3.25,10,4.5],"texture":"#10"},"east":{"uv":[0,0,0,1.25],"texture":"#10"},"south":{"uv":[7.25,4.5,10,5.75],"texture":"#10"},"west":{"uv":[0,0,0,1.25],"texture":"#10"},"up":{"uv":[2.75,0,0,0],"texture":"#10"},"down":{"uv":[2.75,0,0,0],"texture":"#10"}}},{"from":[14.5,-0.5,3.5],"to":[14.5,2.5,12.5],"rotation":{"angle":0,"axis":"y","origin":[14.5,1.5,1.5]},"faces":{"north":{"uv":[0,0,0,0.75],"texture":"#10"},"east":{"uv":[3,8.75,5.25,9.5],"texture":"#10"},"south":{"uv":[0,0,0,0.75],"texture":"#10"},"west":{"uv":[5.25,8.75,3,9.5],"texture":"#10"},"up":{"uv":[0,2.25,0,0],"texture":"#10"},"down":{"uv":[0,0,0,2.25],"texture":"#10"}}}],"gui_light":"front","display":{"thirdperson_righthand":{"rotation":[-45,0,0],"translation":[0,0,-4.5],"scale":[0.7,0.7,0.7]},"thirdperson_lefthand":{"rotation":[-45,0,0],"translation":[0,0,-4.5],"scale":[0.7,0.7,0.7]},"firstperson_righthand":{"rotation":[160,60,160],"translation":[0.25,4,1],"scale":[0.5,0.5,0.5]},"firstperson_lefthand":{"rotation":[160,60,160],"translation":[0.25,4,1],"scale":[0.5,0.5,0.5]},"ground":{"scale":[0.6,0.6,0.6]},"gui":{"rotation":[30,-135,0],"translation":[-0.5,-0.23,0],"scale":[0.69,0.69,0.69]},"head":{"rotation":[3,0,0],"translation":[0,14.75,0.75],"scale":[1.6,1.6,1.6]},"fixed":{"rotation":[-90,0,0],"translation":[0,0,-11],"scale":[2,2,2]}},"groups":[{"name":"witchhunter","origin":[14.15642,9.22731,8],"color":0,"children":[0,1,2,3,4,5,6,7]}]}