{"credit":"by w11shes","parent":"custom/factions/items/healpotion/health_potion_0","textures":{"0":"custom/factions/items/healpotion/health_potion","particle":"custom/factions/items/healpotion/health_potion"},"elements":[{"from":[4,0,5],"to":[12,8,11],"rotation":{"angle":-22.5,"axis":"y","origin":[8,0,8]},"faces":{"north":{"uv":[0,12,4,16],"texture":"#0"},"east":{"uv":[0,2,3,6],"texture":"#0"},"south":{"uv":[4,12,0,16],"texture":"#0"},"west":{"uv":[0,2,3,6],"texture":"#0"},"up":{"uv":[0,9,4,12],"texture":"#0"},"down":{"uv":[0,6,4,9],"texture":"#0"}}},{"from":[7,8,7],"to":[9,14,9],"rotation":{"angle":-22.5,"axis":"y","origin":[8,0,8]},"faces":{"north":{"uv":[15,10,16,13],"texture":"#0"},"east":{"uv":[15,10,16,13],"texture":"#0"},"south":{"uv":[15,10,16,13],"texture":"#0"},"west":{"uv":[15,10,16,13],"texture":"#0"},"up":{"uv":[15,9,16,10],"texture":"#0"}}},{"from":[6,10,6],"to":[10,12,10],"rotation":{"angle":-22.5,"axis":"y","origin":[8,0,8]},"faces":{"north":{"uv":[14,15,16,16],"texture":"#0"},"east":{"uv":[14,15,16,16],"texture":"#0"},"south":{"uv":[14,15,16,16],"texture":"#0"},"west":{"uv":[14,15,16,16],"texture":"#0"},"up":{"uv":[14,13,16,15],"texture":"#0"},"down":{"uv":[12,14,14,16],"texture":"#0"}}},{"from":[5,1,6],"to":[11,4,10],"rotation":{"angle":-22.5,"axis":"y","origin":[8,0,8]},"faces":{"north":{"uv":[4,14.5,7,16],"texture":"#0"},"east":{"uv":[7,12.5,9,14],"texture":"#0"},"south":{"uv":[4,14.5,7,16],"texture":"#0"},"west":{"uv":[7,12.5,9,14],"texture":"#0"},"up":{"uv":[4,11,7,13],"texture":"#0"},"down":{"uv":[7,14,10,16],"texture":"#0"}}},{"from":[-1.2,7.2,7.5],"to":[3.8,14.2,7.52],"rotation":{"angle":-22.5,"axis":"z","origin":[0,0,0]},"faces":{"north":{"uv":[13.5,0,16,3.5],"texture":"#0"},"south":{"uv":[16,0,13.5,3.5],"texture":"#0"}}}],"gui_light":"front","display":{"thirdperson_righthand":{"rotation":[46,7,0],"translation":[0,1.5,1],"scale":[0.6,0.6,0.6]},"thirdperson_lefthand":{"rotation":[46,7,0],"translation":[0,1.5,1],"scale":[0.6,0.6,0.6]},"firstperson_righthand":{"translation":[4.75,3.5,-1.25],"scale":[0.75,0.75,0.75]},"firstperson_lefthand":{"translation":[4.75,3.5,-1.25],"scale":[0.75,0.75,0.75]},"ground":{"translation":[0,3,0],"scale":[0.5,0.5,0.5]},"gui":{"rotation":[22,167,11],"translation":[0,1.75,0],"scale":[0.9,0.9,0.9]}}}