{"providers":[{"type":"bitmap","file":"minecraft:customfont/arrow/arrow_n.png","ascent":12,"height":12,"chars":[""]},{"type":"bitmap","file":"minecraft:customfont/arrow/arrow_nne.png","ascent":12,"height":12,"chars":[""]},{"type":"bitmap","file":"minecraft:customfont/arrow/arrow_ne.png","ascent":12,"height":12,"chars":[""]},{"type":"bitmap","file":"minecraft:customfont/arrow/arrow_ene.png","ascent":12,"height":12,"chars":[""]},{"type":"bitmap","file":"minecraft:customfont/arrow/arrow_e.png","ascent":12,"height":12,"chars":[""]},{"type":"bitmap","file":"minecraft:customfont/arrow/arrow_ese.png","ascent":12,"height":12,"chars":[""]},{"type":"bitmap","file":"minecraft:customfont/arrow/arrow_es.png","ascent":12,"height":12,"chars":[""]},{"type":"bitmap","file":"minecraft:customfont/arrow/arrow_sse.png","ascent":12,"height":12,"chars":[""]},{"type":"bitmap","file":"minecraft:customfont/arrow/arrow_s.png","ascent":12,"height":12,"chars":[""]},{"type":"bitmap","file":"minecraft:customfont/arrow/arrow_ssw.png","ascent":12,"height":12,"chars":[""]},{"type":"bitmap","file":"minecraft:customfont/arrow/arrow_sw.png","ascent":12,"height":12,"chars":[""]},{"type":"bitmap","file":"minecraft:customfont/arrow/arrow_wsw.png","ascent":12,"height":12,"chars":[""]},{"type":"bitmap","file":"minecraft:customfont/arrow/arrow_w.png","ascent":12,"height":12,"chars":[""]},{"type":"bitmap","file":"minecraft:customfont/arrow/arrow_wnw.png","ascent":12,"height":12,"chars":[""]},{"type":"bitmap","file":"minecraft:customfont/arrow/arrow_nw.png","ascent":12,"height":12,"chars":[""]},{"type":"bitmap","file":"minecraft:customfont/arrow/arrow_nnw.png","ascent":12,"height":12,"chars":[""]}]}