{"providers":[{"type":"bitmap","file":"minecraft:customfont/bossbar/shadow_box.png","ascent":4,"height":14,"chars":["","","","","","","","",""]},{"type":"bitmap","file":"minecraft:customfont/icons/icons_10.png","ascent":1,"height":10,"chars":["",""]},{"type":"bitmap","file":"minecraft:customfont/icons/arrow_16.png","ascent":2,"height":10,"chars":["","","",""]},{"type":"bitmap","file":"minecraft:customfont/icons/arrow_16.png","ascent":2,"height":16,"chars":["","","",""]},{"type":"bitmap","file":"minecraft:customfont/pixels/backspace.png","ascent":-60000,"height":-3,"chars":[""]},{"type":"bitmap","file":"minecraft:customfont/pixels/backspace.png","ascent":-60000,"height":-4,"chars":[""]},{"type":"bitmap","file":"minecraft:customfont/pixels/backspace.png","ascent":-60000,"height":-6,"chars":[""]},{"type":"bitmap","file":"minecraft:customfont/pixels/backspace.png","ascent":-60000,"height":-10,"chars":[""]},{"type":"bitmap","file":"minecraft:customfont/pixels/backspace.png","ascent":-60000,"height":-18,"chars":[""]},{"type":"bitmap","file":"minecraft:customfont/pixels/backspace.png","ascent":-60000,"height":-34,"chars":[""]},{"type":"bitmap","file":"minecraft:customfont/pixels/backspace.png","ascent":-60000,"height":-66,"chars":[""]},{"type":"bitmap","file":"minecraft:customfont/pixels/backspace.png","ascent":-60000,"height":-130,"chars":[""]}]}