{"providers":[{"type":"bitmap","file":"minecraft:customfont/logo.png","ascent":20,"height":80,"chars":[""]},{"type":"bitmap","file":"minecraft:customfont/logo_tablist.png","ascent":10,"height":32,"chars":[""]},{"type":"bitmap","file":"minecraft:customfont/logo_tablist.png","ascent":10,"height":40,"chars":[""]},{"type":"bitmap","file":"minecraft:customfont/scoreboard-title.png","ascent":15,"height":15,"chars":[""]},{"type":"bitmap","file":"minecraft:customfont/scoreboard-title2.png","ascent":15,"height":15,"chars":[""]},{"type":"bitmap","file":"minecraft:customfont/nitrado_logo.png","ascent":15,"height":15,"chars":[""]},{"type":"bitmap","file":"minecraft:customfont/lenovo_logo.png","ascent":15,"height":15,"chars":[""]},{"type":"bitmap","file":"minecraft:customfont/intel_logo.png","ascent":15,"height":15,"chars":[""]}]}