{"providers":[{"type":"bitmap","file":"minecraft:customfont/pixels/pixel1.png","ascent":7,"height":8,"chars":[""]},{"type":"bitmap","file":"minecraft:customfont/pixels/pixel2.png","ascent":7,"height":8,"chars":[""]},{"type":"bitmap","file":"minecraft:customfont/pixels/pixel3.png","ascent":7,"height":8,"chars":[""]},{"type":"bitmap","file":"minecraft:customfont/pixels/pixel4.png","ascent":7,"height":8,"chars":[""]},{"type":"bitmap","file":"minecraft:customfont/pixels/pixel5.png","ascent":7,"height":8,"chars":[""]},{"type":"bitmap","file":"minecraft:customfont/pixels/pixel6.png","ascent":7,"height":8,"chars":[""]},{"type":"bitmap","file":"minecraft:customfont/pixels/pixel7.png","ascent":7,"height":8,"chars":[""]},{"type":"bitmap","file":"minecraft:customfont/pixels/pixel8.png","ascent":7,"height":8,"chars":[""]},{"type":"bitmap","file":"minecraft:customfont/pixels/pixel1.png","ascent":7,"height":16,"chars":[""]},{"type":"bitmap","file":"minecraft:customfont/pixels/pixel2.png","ascent":7,"height":16,"chars":[""]},{"type":"bitmap","file":"minecraft:customfont/pixels/pixel3.png","ascent":7,"height":16,"chars":[""]},{"type":"bitmap","file":"minecraft:customfont/pixels/pixel4.png","ascent":7,"height":16,"chars":[""]},{"type":"bitmap","file":"minecraft:customfont/pixels/pixel5.png","ascent":7,"height":16,"chars":[""]},{"type":"bitmap","file":"minecraft:customfont/pixels/pixel6.png","ascent":7,"height":16,"chars":[""]},{"type":"bitmap","file":"minecraft:customfont/pixels/pixel7.png","ascent":7,"height":16,"chars":[""]},{"type":"bitmap","file":"minecraft:customfont/pixels/pixel8.png","ascent":7,"height":16,"chars":[""]},{"type":"bitmap","file":"minecraft:customfont/pixels/pixel1.png","ascent":7,"height":24,"chars":[""]},{"type":"bitmap","file":"minecraft:customfont/pixels/pixel2.png","ascent":7,"height":24,"chars":[""]},{"type":"bitmap","file":"minecraft:customfont/pixels/pixel3.png","ascent":7,"height":24,"chars":[""]},{"type":"bitmap","file":"minecraft:customfont/pixels/pixel4.png","ascent":7,"height":24,"chars":[""]},{"type":"bitmap","file":"minecraft:customfont/pixels/pixel5.png","ascent":7,"height":24,"chars":[""]},{"type":"bitmap","file":"minecraft:customfont/pixels/pixel6.png","ascent":7,"height":24,"chars":[""]},{"type":"bitmap","file":"minecraft:customfont/pixels/pixel7.png","ascent":7,"height":24,"chars":[""]},{"type":"bitmap","file":"minecraft:customfont/pixels/pixel8.png","ascent":7,"height":24,"chars":[""]},{"type":"bitmap","file":"minecraft:customfont/pixels/pixel1.png","ascent":7,"height":32,"chars":[""]},{"type":"bitmap","file":"minecraft:customfont/pixels/pixel2.png","ascent":7,"height":32,"chars":[""]},{"type":"bitmap","file":"minecraft:customfont/pixels/pixel3.png","ascent":7,"height":32,"chars":[""]},{"type":"bitmap","file":"minecraft:customfont/pixels/pixel4.png","ascent":7,"height":32,"chars":[""]},{"type":"bitmap","file":"minecraft:customfont/pixels/pixel5.png","ascent":7,"height":32,"chars":[""]},{"type":"bitmap","file":"minecraft:customfont/pixels/pixel6.png","ascent":7,"height":32,"chars":[""]},{"type":"bitmap","file":"minecraft:customfont/pixels/pixel7.png","ascent":7,"height":32,"chars":[""]},{"type":"bitmap","file":"minecraft:customfont/pixels/pixel8.png","ascent":7,"height":32,"chars":[""]},{"type":"bitmap","file":"minecraft:customfont/pixels/pixel1.png","ascent":7,"height":40,"chars":[""]},{"type":"bitmap","file":"minecraft:customfont/pixels/pixel2.png","ascent":7,"height":40,"chars":[""]},{"type":"bitmap","file":"minecraft:customfont/pixels/pixel3.png","ascent":7,"height":40,"chars":[""]},{"type":"bitmap","file":"minecraft:customfont/pixels/pixel4.png","ascent":7,"height":40,"chars":[""]},{"type":"bitmap","file":"minecraft:customfont/pixels/pixel5.png","ascent":7,"height":40,"chars":[""]},{"type":"bitmap","file":"minecraft:customfont/pixels/pixel6.png","ascent":7,"height":40,"chars":[""]},{"type":"bitmap","file":"minecraft:customfont/pixels/pixel7.png","ascent":7,"height":40,"chars":[""]},{"type":"bitmap","file":"minecraft:customfont/pixels/pixel8.png","ascent":7,"height":40,"chars":[""]},{"type":"bitmap","file":"minecraft:customfont/pixels/pixel1.png","ascent":7,"height":48,"chars":[""]},{"type":"bitmap","file":"minecraft:customfont/pixels/pixel2.png","ascent":7,"height":48,"chars":[""]},{"type":"bitmap","file":"minecraft:customfont/pixels/pixel3.png","ascent":7,"height":48,"chars":[""]},{"type":"bitmap","file":"minecraft:customfont/pixels/pixel4.png","ascent":7,"height":48,"chars":[""]},{"type":"bitmap","file":"minecraft:customfont/pixels/pixel5.png","ascent":7,"height":48,"chars":[""]},{"type":"bitmap","file":"minecraft:customfont/pixels/pixel6.png","ascent":7,"height":48,"chars":[""]},{"type":"bitmap","file":"minecraft:customfont/pixels/pixel7.png","ascent":7,"height":48,"chars":[""]},{"type":"bitmap","file":"minecraft:customfont/pixels/pixel8.png","ascent":7,"height":48,"chars":[""]},{"type":"bitmap","file":"minecraft:customfont/pixels/pixel1.png","ascent":7,"height":56,"chars":[""]},{"type":"bitmap","file":"minecraft:customfont/pixels/pixel2.png","ascent":7,"height":56,"chars":[""]},{"type":"bitmap","file":"minecraft:customfont/pixels/pixel3.png","ascent":7,"height":56,"chars":[""]},{"type":"bitmap","file":"minecraft:customfont/pixels/pixel4.png","ascent":7,"height":56,"chars":[""]},{"type":"bitmap","file":"minecraft:customfont/pixels/pixel5.png","ascent":7,"height":56,"chars":[""]},{"type":"bitmap","file":"minecraft:customfont/pixels/pixel6.png","ascent":7,"height":56,"chars":[""]},{"type":"bitmap","file":"minecraft:customfont/pixels/pixel7.png","ascent":7,"height":56,"chars":[""]},{"type":"bitmap","file":"minecraft:customfont/pixels/pixel8.png","ascent":7,"height":56,"chars":[""]},{"type":"bitmap","file":"minecraft:customfont/pixels/pixel1.png","ascent":7,"height":64,"chars":[""]},{"type":"bitmap","file":"minecraft:customfont/pixels/pixel2.png","ascent":7,"height":64,"chars":[""]},{"type":"bitmap","file":"minecraft:customfont/pixels/pixel3.png","ascent":7,"height":64,"chars":[""]},{"type":"bitmap","file":"minecraft:customfont/pixels/pixel4.png","ascent":7,"height":64,"chars":[""]},{"type":"bitmap","file":"minecraft:customfont/pixels/pixel5.png","ascent":7,"height":64,"chars":[""]},{"type":"bitmap","file":"minecraft:customfont/pixels/pixel6.png","ascent":7,"height":64,"chars":[""]},{"type":"bitmap","file":"minecraft:customfont/pixels/pixel7.png","ascent":7,"height":64,"chars":[""]},{"type":"bitmap","file":"minecraft:customfont/pixels/pixel8.png","ascent":7,"height":64,"chars":[""]},{"type":"bitmap","file":"minecraft:customfont/pixels/backspace.png","ascent":-60000,"height":-3,"chars":[""]},{"type":"bitmap","file":"minecraft:customfont/pixels/backspace.png","ascent":-60000,"height":-4,"chars":[""]},{"type":"bitmap","file":"minecraft:customfont/pixels/backspace.png","ascent":-60000,"height":-5,"chars":[""]},{"type":"bitmap","file":"minecraft:customfont/pixels/backspace.png","ascent":-60000,"height":-6,"chars":[""]},{"type":"bitmap","file":"minecraft:customfont/pixels/backspace.png","ascent":-60000,"height":-7,"chars":[""]},{"type":"bitmap","file":"minecraft:customfont/pixels/backspace.png","ascent":-60000,"height":-8,"chars":[""]},{"type":"bitmap","file":"minecraft:customfont/pixels/backspace.png","ascent":-60000,"height":-9,"chars":[""]},{"type":"bitmap","file":"minecraft:customfont/pixels/backspace.png","ascent":-60000,"height":-10,"chars":[""]},{"type":"bitmap","file":"minecraft:customfont/pixels/backspace.png","ascent":-60000,"height":-11,"chars":[""]}]}