{"credit":"Made with Blockbench","texture_size":[32,32],"textures":{"0":"custom/general/cosmetics/hats/mob_hats/axolotl_hat","particle":"custom/general/cosmetics/hats/mob_hats/axolotl_hat"},"elements":[{"from":[8,0,9],"to":[8,5,17],"faces":{"north":{"uv":[0,0,0,2.5],"texture":"#0"},"east":{"uv":[12,8,8,10.5],"texture":"#0"},"south":{"uv":[0,0,0,2.5],"texture":"#0"},"west":{"uv":[8,8,12,10.5],"texture":"#0"},"up":{"uv":[0,0,0,4],"texture":"#0"},"down":{"uv":[0,0,0,4],"texture":"#0"}}},{"from":[4,0,4],"to":[12,4,12],"faces":{"north":{"uv":[12,14,16,16],"texture":"#0"},"east":{"uv":[8,14,12,16],"texture":"#0"},"south":{"uv":[12,8,16,10],"texture":"#0"},"west":{"uv":[12,14,8,16],"texture":"#0"},"up":{"uv":[12,10,16,14],"texture":"#0"},"down":{"uv":[12,4,16,8],"texture":"#0"}}},{"from":[0,1,8],"to":[4,4,8],"rotation":{"angle":45,"axis":"y","origin":[4,2,8]},"faces":{"north":{"uv":[10,10.5,12,12],"texture":"#0"},"east":{"uv":[0,0,0,1.5],"texture":"#0"},"south":{"uv":[12,10.5,10,12],"texture":"#0"},"west":{"uv":[0,0,0,1.5],"texture":"#0"},"up":{"uv":[0,0,2,0],"texture":"#0"},"down":{"uv":[0,0,2,0],"texture":"#0"}}},{"from":[12,1,8],"to":[16,4,8],"rotation":{"angle":-45,"axis":"y","origin":[12,2,8]},"faces":{"north":{"uv":[12,10.5,10,12],"texture":"#0"},"east":{"uv":[0,0,0,1.5],"texture":"#0"},"south":{"uv":[10,10.5,12,12],"texture":"#0"},"west":{"uv":[0,0,0,1.5],"texture":"#0"},"up":{"uv":[0,0,2,0],"texture":"#0"},"down":{"uv":[0,0,2,0],"texture":"#0"}}},{"from":[4,4,8],"to":[12,8,8],"rotation":{"angle":45,"axis":"x","origin":[8,4,8]},"faces":{"north":{"uv":[8,12,12,14],"texture":"#0"},"east":{"uv":[0,0,0,2],"texture":"#0"},"south":{"uv":[8,12,12,14],"texture":"#0"},"west":{"uv":[0,0,0,2],"texture":"#0"},"up":{"uv":[0,0,4,0],"texture":"#0"},"down":{"uv":[0,0,4,0],"texture":"#0"}}},{"from":[3.75,-0.25,3.75],"to":[12.25,4.25,8.25],"faces":{"north":{"uv":[12,14,16,16],"texture":"#0"},"east":{"uv":[10,14,12,16],"texture":"#0"},"south":{"uv":[12,0,16,2],"texture":"#0"},"west":{"uv":[12,14,10,16],"texture":"#0"},"up":{"uv":[12,10,16,12],"texture":"#0"},"down":{"uv":[12,2,16,4],"texture":"#0"}}},{"from":[12.25,-0.25,3.75],"to":[3.75,4.25,8.25],"faces":{"north":{"uv":[16,14,12,16],"texture":"#0"},"east":{"uv":[10,14,12,16],"texture":"#0"},"south":{"uv":[12,0,16,2],"texture":"#0"},"west":{"uv":[12,14,10,16],"texture":"#0"},"up":{"uv":[16,10,12,12],"texture":"#0"},"down":{"uv":[12,2,16,4],"texture":"#0"}}}],"display":{"thirdperson_righthand":{"rotation":[60,135,0],"translation":[0,3.75,1.75],"scale":[0.5,0.5,0.5]},"thirdperson_lefthand":{"rotation":[60,135,0],"translation":[0,3.75,1.75],"scale":[0.5,0.5,0.5]},"firstperson_righthand":{"rotation":[0,115,0],"translation":[0,6,0],"scale":[0.6,0.6,0.6]},"firstperson_lefthand":{"rotation":[0,115,0],"translation":[0,6,0],"scale":[0.6,0.6,0.6]},"ground":{"translation":[0,3,0],"scale":[0.3,0.3,0.3]},"gui":{"rotation":[30,-135,0],"translation":[0.5,5.5,0],"scale":[1.2,1.2,1.2]},"head":{"translation":[0,19.25,0],"scale":[2,2,2]},"fixed":{"translation":[0,5.25,0]}}}