{"credit":"Made with Blockbench","texture_size":[64,64],"textures":{"0":"custom/general/cosmetics/hats/mob_hats/camel_hat","particle":"custom/general/cosmetics/hats/mob_hats/camel_hat"},"elements":[{"from":[5,2,-1],"to":[11,7,3],"faces":{"north":{"uv":[1,5.25,2.5,6.5],"texture":"#0"},"east":{"uv":[0,5.25,1,6.5],"texture":"#0"},"south":{"uv":[3.5,5.25,5,6.5],"texture":"#0"},"west":{"uv":[2.5,5.25,3.5,6.5],"texture":"#0"},"up":{"uv":[2.5,5.25,1,4.25],"texture":"#0"},"down":{"uv":[4,4.25,2.5,5.25],"texture":"#0"}}},{"from":[3,0,3],"to":[13,7,13],"faces":{"north":{"uv":[2.5,2.5,5,4.25],"texture":"#0"},"east":{"uv":[0,2.5,2.5,4.25],"texture":"#0"},"south":{"uv":[7.5,2.5,10,4.25],"texture":"#0"},"west":{"uv":[5,2.5,7.5,4.25],"texture":"#0"},"up":{"uv":[5,2.5,2.5,0],"texture":"#0"},"down":{"uv":[7.5,0,5,2.5],"texture":"#0"}}},{"from":[0.8,6,8],"to":[1.8,10,11],"rotation":{"angle":45,"axis":"z","origin":[2.5,8.5,4]},"faces":{"north":{"uv":[5.75,5,6,6],"texture":"#0"},"east":{"uv":[5,5,5.75,6],"texture":"#0"},"south":{"uv":[6.75,5,7,6],"texture":"#0"},"west":{"uv":[6,5,6.75,6],"texture":"#0"},"up":{"uv":[6,5,5.75,4.25],"texture":"#0"},"down":{"uv":[6.25,4.25,6,5],"texture":"#0"}}},{"from":[14.2,6,8],"to":[15.2,10,11],"rotation":{"angle":-45,"axis":"z","origin":[13.5,8.5,4]},"faces":{"north":{"uv":[0.75,0.75,1,1.75],"texture":"#0"},"east":{"uv":[0,0.75,0.75,1.75],"texture":"#0"},"south":{"uv":[1.75,0.75,2,1.75],"texture":"#0"},"west":{"uv":[1,0.75,1.75,1.75],"texture":"#0"},"up":{"uv":[1,0.75,0.75,0],"texture":"#0"},"down":{"uv":[1.25,0,1,0.75],"texture":"#0"}}}],"display":{"thirdperson_righthand":{"rotation":[70,20,0],"translation":[-1,4.25,1.75],"scale":[0.8,0.8,0.8]},"thirdperson_lefthand":{"rotation":[70,20,0],"translation":[-1,4.25,1.75],"scale":[0.8,0.8,0.8]},"firstperson_righthand":{"rotation":[0,110,0],"translation":[0.25,4.25,0],"scale":[0.55,0.55,0.55]},"firstperson_lefthand":{"rotation":[0,110,0],"translation":[0.25,4.25,0],"scale":[0.55,0.55,0.55]},"ground":{"translation":[0,4.5,0],"scale":[0.8,0.8,0.8]},"gui":{"rotation":[30,-135,0],"translation":[-0.5,2.75,0],"scale":[0.9,0.9,0.9]},"head":{"rotation":[5.75,0,0],"translation":[0,15,1.25],"scale":[1.6,1.6,1.6]},"fixed":{"rotation":[-90,0,0],"translation":[0,0,-13],"scale":[1.61,1.61,1.61]}}}