{"credit":"Made with Blockbench","texture_size":[32,32],"textures":{"1":"custom/general/cosmetics/hats/mob_hats/chicken_hat"},"elements":[{"from":[12.25,-0.25,3.75],"to":[3.75,4.25,12.25],"rotation":{"angle":0,"axis":"y","origin":[8.5,0,4]},"faces":{"north":{"uv":[4,11.5,0,13.5],"texture":"#1"},"east":{"uv":[4,14,0,16],"texture":"#1"},"south":{"uv":[8,11.5,4,13.5],"texture":"#1"},"west":{"uv":[0,14,4,16],"texture":"#1"},"up":{"uv":[0,0,0,0],"texture":"#1"},"down":{"uv":[12,5.5,16,9.5],"texture":"#1"}}},{"from":[4,0,4],"to":[12,5,12],"rotation":{"angle":0,"axis":"y","origin":[0,0,4]},"faces":{"north":{"uv":[8,13.5,12,16],"texture":"#1"},"east":{"uv":[16,13.5,12,16],"texture":"#1"},"south":{"uv":[4,13.5,8,16],"texture":"#1"},"west":{"uv":[12,13.5,16,16],"texture":"#1"},"up":{"uv":[8,9.5,12,13.5],"texture":"#1"},"down":{"uv":[12,9.5,16,13.5],"texture":"#1"}}},{"from":[7,2.5,3],"to":[9,6.5,9],"rotation":{"angle":0,"axis":"y","origin":[0,2.5,4]},"faces":{"north":{"uv":[13,1,14,3],"texture":"#1"},"east":{"uv":[13,1,10,3],"texture":"#1"},"south":{"uv":[10,1,10.5,3],"texture":"#1"},"west":{"uv":[10,1,13,3],"texture":"#1"},"up":{"uv":[10,1,13,1.5],"rotation":90,"texture":"#1"},"down":{"uv":[10,4.5,13,5.5],"rotation":90,"texture":"#1"}}},{"from":[6,1,2],"to":[10,3,4],"rotation":{"angle":0,"axis":"y","origin":[0,1,4]},"faces":{"north":{"uv":[14,0,16,1],"texture":"#1"},"east":{"uv":[14,0,13,1],"texture":"#1"},"south":{"uv":[0,0,2,1],"texture":"#1"},"west":{"uv":[13,0,14,1],"texture":"#1"},"up":{"uv":[14,2,16,3],"texture":"#1"},"down":{"uv":[14,1,16,2],"texture":"#1"}}},{"from":[3.75,-0.25,3.75],"to":[12.25,4.25,12.25],"rotation":{"angle":0,"axis":"y","origin":[0,0,4]},"faces":{"north":{"uv":[0,11.5,4,13.5],"texture":"#1"},"east":{"uv":[4,14,0,16],"texture":"#1"},"south":{"uv":[4,11.5,8,13.5],"texture":"#1"},"west":{"uv":[0,14,4,16],"texture":"#1"},"up":{"uv":[0,0,0,0],"texture":"#1"},"down":{"uv":[12,5.5,16,9.5],"texture":"#1"}}},{"from":[7,-0.5,3],"to":[9,1.5,5],"rotation":{"angle":0,"axis":"y","origin":[0,-0.5,4]},"faces":{"north":{"uv":[13,3,14,2],"texture":"#1"},"east":{"uv":[11,2,10.5,1],"texture":"#1"},"south":{"uv":[10,2,11,2.5],"texture":"#1"},"west":{"uv":[10.5,2,11,1],"texture":"#1"},"up":{"uv":[10,1,10.5,2],"rotation":90,"texture":"#1"},"down":{"uv":[10.5,2.5,11,3.5],"rotation":90,"texture":"#1"}}}],"display":{"thirdperson_righthand":{"rotation":[60,135,0],"translation":[0,3.75,1.75],"scale":[0.5,0.5,0.5]},"thirdperson_lefthand":{"rotation":[60,135,0],"translation":[0,3.75,1.75],"scale":[0.5,0.5,0.5]},"firstperson_righthand":{"rotation":[0,115,0],"translation":[0,6,0],"scale":[0.6,0.6,0.6]},"firstperson_lefthand":{"rotation":[0,115,0],"translation":[0,6,0],"scale":[0.6,0.6,0.6]},"ground":{"translation":[0,3,0],"scale":[0.3,0.3,0.3]},"gui":{"rotation":[30,-135,0],"translation":[0,6,0],"scale":[1.3,1.3,1.3]},"head":{"translation":[0,19.25,0],"scale":[2,2,2]},"fixed":{"translation":[0,5.25,0]}}}