{"credit":"Made with Blockbench","texture_size":[32,32],"textures":{"0":"custom/general/cosmetics/hats/mob_hats/fox_hat","particle":"custom/general/cosmetics/hats/mob_hats/fox_hat"},"elements":[{"from":[4,4.5,7],"to":[6,7.5,8],"rotation":{"angle":22.5,"axis":"z","origin":[5.5,6.5,7.5]},"faces":{"north":{"uv":[2,13.5,3,15],"texture":"#0"},"east":{"uv":[3,13.5,3.5,15],"texture":"#0"},"south":{"uv":[2,12,3,13.5],"texture":"#0"},"west":{"uv":[2,12,2.5,13.5],"texture":"#0"},"up":{"uv":[3,13.5,3.5,14],"texture":"#0"},"down":{"uv":[0,0,1,0.5],"texture":"#0"}}},{"from":[10,4.5,7],"to":[12,7.5,8],"rotation":{"angle":-22.5,"axis":"z","origin":[10.5,6.5,7.5]},"faces":{"north":{"uv":[3,13.5,2,15],"texture":"#0"},"east":{"uv":[2,12,2.5,13.5],"texture":"#0"},"south":{"uv":[3,12,2,13.5],"texture":"#0"},"west":{"uv":[3,13.5,3.5,15],"texture":"#0"},"up":{"uv":[3,13.5,3.5,14],"texture":"#0"},"down":{"uv":[0,0,1,0.5],"texture":"#0"}}},{"from":[4,0,4],"to":[12,5,12],"faces":{"north":{"uv":[12,11,16,13.5],"texture":"#0"},"east":{"uv":[16,13.5,12,16],"texture":"#0"},"south":{"uv":[8,13.5,12,16],"texture":"#0"},"west":{"uv":[12,13.5,16,16],"texture":"#0"},"up":{"uv":[12,7,16,11],"texture":"#0"},"down":{"uv":[8,9.5,12,13.5],"texture":"#0"}}},{"from":[3.75,-0.25,3.75],"to":[12.25,2,12.25],"faces":{"north":{"uv":[12,0,16,1],"texture":"#0"},"east":{"uv":[16,2,12,3],"texture":"#0"},"south":{"uv":[12,1,16,2],"texture":"#0"},"west":{"uv":[12,2,16,3],"texture":"#0"},"up":{"uv":[8,5.5,12,9.5],"texture":"#0"},"down":{"uv":[12,3,16,7],"texture":"#0"}}},{"from":[12.25,-0.25,3.75],"to":[3.75,2,12.25],"faces":{"north":{"uv":[16,0,12,1],"texture":"#0"},"east":{"uv":[16,2,12,3],"texture":"#0"},"south":{"uv":[16,1,12,2],"texture":"#0"},"west":{"uv":[12,2,16,3],"texture":"#0"},"up":{"uv":[8,5.5,12,9.5],"texture":"#0"},"down":{"uv":[12,3,16,7],"texture":"#0"}}},{"from":[6,0,2],"to":[10,2,4],"faces":{"north":{"uv":[1.5,15,3.5,16],"texture":"#0"},"east":{"uv":[1,15,0,16],"texture":"#0"},"south":{"uv":[0,0,2,1],"texture":"#0"},"west":{"uv":[0,15,1,16],"texture":"#0"},"up":{"uv":[0,13.5,2,14.5],"texture":"#0"},"down":{"uv":[0,12,2,13],"texture":"#0"}}}],"display":{"thirdperson_righthand":{"rotation":[60,135,0],"translation":[0,3.75,1.75],"scale":[0.5,0.5,0.5]},"thirdperson_lefthand":{"rotation":[60,135,0],"translation":[0,3.75,1.75],"scale":[0.5,0.5,0.5]},"firstperson_righthand":{"rotation":[0,115,0],"translation":[0,6,0],"scale":[0.6,0.6,0.6]},"firstperson_lefthand":{"rotation":[0,115,0],"translation":[0,6,0],"scale":[0.6,0.6,0.6]},"ground":{"translation":[0,3,0],"scale":[0.3,0.3,0.3]},"gui":{"rotation":[30,-135,0],"translation":[0,6,0],"scale":[1.3,1.3,1.3]},"head":{"translation":[0,19.25,0],"scale":[2,2,2]},"fixed":{"translation":[0,5.25,0]}}}