{"credit":"Made with Blockbench","texture_size":[64,64],"textures":{"2":"custom/general/cosmetics/hats/mob_hats/sniffer_hat","particle":"custom/general/cosmetics/hats/mob_hats/sniffer_hat"},"elements":[{"from":[3,0,3],"to":[13,7,13],"faces":{"north":{"uv":[2.5,2.5,5,4.25],"texture":"#2"},"east":{"uv":[0,2.5,2.5,4.25],"texture":"#2"},"south":{"uv":[7.5,2.5,10,4.25],"texture":"#2"},"west":{"uv":[5,2.5,7.5,4.25],"texture":"#2"},"up":{"uv":[5,2.5,2.5,0],"texture":"#2"},"down":{"uv":[7.5,0,5,2.5],"texture":"#2"}}},{"from":[3,0,-1],"to":[13,6,3],"faces":{"north":{"uv":[1,5.25,3.5,6.75],"texture":"#2"},"east":{"uv":[0,5.25,1,6.75],"texture":"#2"},"south":{"uv":[4.5,5.25,7,6.75],"texture":"#2"},"west":{"uv":[3.5,5.25,4.5,6.75],"texture":"#2"},"up":{"uv":[3.5,5.25,1,4.25],"texture":"#2"},"down":{"uv":[6,4.25,3.5,5.25],"texture":"#2"}}},{"from":[3,-1,7.99609],"to":[4,7,12.99609],"rotation":{"angle":-22.5,"axis":"z","origin":[3,7,9.5]},"faces":{"north":{"uv":[7,6.75,7.25,8.75],"texture":"#2"},"east":{"uv":[5.75,6.75,7,8.75],"texture":"#2"},"south":{"uv":[8.5,6.75,8.75,8.75],"texture":"#2"},"west":{"uv":[7.25,6.75,8.5,8.75],"texture":"#2"},"up":{"uv":[7.25,6.75,7,5.5],"texture":"#2"},"down":{"uv":[7.5,5.5,7.25,6.75],"texture":"#2"}}},{"from":[12,-1,7.99609],"to":[13,7,12.99609],"rotation":{"angle":22.5,"axis":"z","origin":[13,7,9.5]},"faces":{"north":{"uv":[7.25,6.75,7,8.75],"texture":"#2"},"east":{"uv":[8.5,6.75,7.25,8.75],"texture":"#2"},"south":{"uv":[8.75,6.75,8.5,8.75],"texture":"#2"},"west":{"uv":[7,6.75,5.75,8.75],"texture":"#2"},"up":{"uv":[7,6.75,7.25,5.5],"texture":"#2"},"down":{"uv":[7.25,5.5,7.5,6.75],"texture":"#2"}}}],"display":{"thirdperson_righthand":{"rotation":[70,20,0],"translation":[-1,4.25,1.75],"scale":[0.8,0.8,0.8]},"thirdperson_lefthand":{"rotation":[70,20,0],"translation":[-1,4.25,1.75],"scale":[0.8,0.8,0.8]},"firstperson_righthand":{"rotation":[0,110,0],"translation":[0.25,4.25,0],"scale":[0.55,0.55,0.55]},"firstperson_lefthand":{"rotation":[0,110,0],"translation":[0.25,4.25,0],"scale":[0.55,0.55,0.55]},"ground":{"translation":[0,4.5,0],"scale":[0.8,0.8,0.8]},"gui":{"rotation":[30,-135,0],"translation":[-0.25,3.25,0],"scale":[0.8,0.8,0.8]},"head":{"translation":[0,14.5,0.25],"scale":[1.6,1.6,1.6]},"fixed":{"rotation":[-90,0,0],"translation":[0,0,-13],"scale":[1.61,1.61,1.61]}}}