{"credit":"Made with Blockbench","texture_size":[32,32],"textures":{"0":"custom/general/cosmetics/hats/mob_hats/squid_hat","particle":"custom/general/cosmetics/hats/mob_hats/squid_hat"},"elements":[{"from":[12,-6,4],"to":[12,1,12],"rotation":{"angle":22.5,"axis":"z","origin":[12,1,8]},"faces":{"north":{"uv":[0,0,0,3.5],"texture":"#0"},"east":{"uv":[12,3.5,16,7],"texture":"#0"},"south":{"uv":[0,0,0,3.5],"texture":"#0"},"west":{"uv":[12,3.5,16,7],"texture":"#0"},"up":{"uv":[0,0,4,0],"rotation":270,"texture":"#0"},"down":{"uv":[0,0,4,0],"rotation":90,"texture":"#0"}}},{"from":[4,1,4],"to":[12,10,12],"rotation":{"angle":0,"axis":"y","origin":[0,2,0]},"faces":{"north":{"uv":[12,11,16,15.5],"texture":"#0"},"east":{"uv":[4,11,8,15.5],"texture":"#0"},"south":{"uv":[0,11,4,15.5],"texture":"#0"},"west":{"uv":[12,11,8,15.5],"texture":"#0"},"up":{"uv":[12,7,16,11],"texture":"#0"},"down":{"uv":[8,7,12,11],"texture":"#0"}}},{"from":[4,-6,4],"to":[12,1,4],"rotation":{"angle":22.5,"axis":"x","origin":[8,1,4]},"faces":{"north":{"uv":[8,3.5,12,7],"texture":"#0"},"east":{"uv":[12,3.5,12,7],"texture":"#0"},"south":{"uv":[8,3.5,12,7],"texture":"#0"},"west":{"uv":[12,3.5,12,7],"texture":"#0"},"up":{"uv":[12,3.5,16,3.5],"texture":"#0"},"down":{"uv":[12,3.5,16,3.5],"texture":"#0"}}},{"from":[4,-6,12],"to":[12,1,12],"rotation":{"angle":-22.5,"axis":"x","origin":[8,1,12]},"faces":{"north":{"uv":[12,3.5,16,7],"texture":"#0"},"east":{"uv":[0,0,0,3.5],"texture":"#0"},"south":{"uv":[12,3.5,16,7],"texture":"#0"},"west":{"uv":[0,0,0,3.5],"texture":"#0"},"up":{"uv":[0,0,4,0],"texture":"#0"},"down":{"uv":[0,0,4,0],"texture":"#0"}}},{"from":[4,-6,4],"to":[4,1,12],"rotation":{"angle":-22.5,"axis":"z","origin":[4,1,8]},"faces":{"north":{"uv":[0,0,0,3.5],"texture":"#0"},"east":{"uv":[12,3.5,16,7],"texture":"#0"},"south":{"uv":[0,0,0,3.5],"texture":"#0"},"west":{"uv":[12,3.5,16,7],"texture":"#0"},"up":{"uv":[0,0,4,0],"rotation":270,"texture":"#0"},"down":{"uv":[0,0,4,0],"rotation":90,"texture":"#0"}}}],"display":{"thirdperson_righthand":{"rotation":[60,135,0],"translation":[0,3.75,1.75],"scale":[0.5,0.5,0.5]},"thirdperson_lefthand":{"rotation":[60,135,0],"translation":[0,3.75,1.75],"scale":[0.5,0.5,0.5]},"firstperson_righthand":{"rotation":[0,115,0],"translation":[0,6,0],"scale":[0.6,0.6,0.6]},"firstperson_lefthand":{"rotation":[0,115,0],"translation":[0,6,0],"scale":[0.6,0.6,0.6]},"ground":{"translation":[0,3,0],"scale":[0.3,0.3,0.3]},"gui":{"rotation":[30,-135,0],"translation":[0,4.25,0],"scale":[0.7832,0.7832,0.7832]},"head":{"translation":[0,19.25,0],"scale":[2,2,2]},"fixed":{"translation":[0,5.25,0]}}}