{"credit":"Made with Blockbench","texture_size":[32,32],"textures":{"0":"custom/general/cosmetics/hats/mob_hats/strider_hat","particle":"custom/general/cosmetics/hats/mob_hats/strider_hat"},"elements":[{"from":[13,3.75,5.5],"to":[13,9.75,13.5],"rotation":{"angle":22.5,"axis":"z","origin":[13,9.75,8.5]},"faces":{"north":{"uv":[0,0,0,3],"texture":"#0"},"east":{"uv":[6,9,2,12],"texture":"#0"},"south":{"uv":[0,0,0,3],"texture":"#0"},"west":{"uv":[2,9,6,12],"texture":"#0"},"up":{"uv":[0,0,0,4],"texture":"#0"},"down":{"uv":[0,0,0,4],"texture":"#0"}}},{"from":[3,3,4],"to":[13,11,14],"rotation":{"angle":22.5,"axis":"x","origin":[8,7,9]},"faces":{"north":{"uv":[11,12,16,16],"texture":"#0"},"east":{"uv":[6,12,11,16],"texture":"#0"},"south":{"uv":[6,12,1,16],"texture":"#0"},"west":{"uv":[11,12,6,16],"texture":"#0"},"up":{"uv":[16,12,11,7],"texture":"#0"},"down":{"uv":[6,7,11,12],"texture":"#0"}}},{"from":[3,1,4.5],"to":[3,7,12.5],"rotation":{"angle":-22.5,"axis":"z","origin":[3,7,8.5]},"faces":{"north":{"uv":[0,0,0,3],"texture":"#0"},"east":{"uv":[6,9,2,12],"texture":"#0"},"south":{"uv":[0,0,0,3],"texture":"#0"},"west":{"uv":[2,9,6,12],"texture":"#0"},"up":{"uv":[0,0,0,4],"texture":"#0"},"down":{"uv":[0,0,0,4],"texture":"#0"}}},{"from":[3,3.75,5.5],"to":[3,9.75,13.5],"rotation":{"angle":-22.5,"axis":"z","origin":[3,9.75,8.5]},"faces":{"north":{"uv":[0,0,0,3],"texture":"#0"},"east":{"uv":[6,9,2,12],"texture":"#0"},"south":{"uv":[0,0,0,3],"texture":"#0"},"west":{"uv":[2,9,6,12],"texture":"#0"},"up":{"uv":[0,0,0,4],"texture":"#0"},"down":{"uv":[0,0,0,4],"texture":"#0"}}},{"from":[13,1,4.5],"to":[13,7,12.5],"rotation":{"angle":22.5,"axis":"z","origin":[13,7,8.5]},"faces":{"north":{"uv":[0,0,0,3],"texture":"#0"},"east":{"uv":[6,9,2,12],"texture":"#0"},"south":{"uv":[0,0,0,3],"texture":"#0"},"west":{"uv":[2,9,6,12],"texture":"#0"},"up":{"uv":[0,0,0,4],"texture":"#0"},"down":{"uv":[0,0,0,4],"texture":"#0"}}},{"from":[1.9,0,1],"to":[4.9,3,11],"rotation":{"angle":22.5,"axis":"y","origin":[5.25,1.5,6]},"faces":{"north":{"uv":[14.5,0.5,16,2],"texture":"#0"},"east":{"uv":[13,2,14.5,7],"rotation":90,"texture":"#0"},"south":{"uv":[11.5,5,13,6.5],"texture":"#0"},"west":{"uv":[14.5,7,16,2],"rotation":90,"texture":"#0"},"up":{"uv":[14.5,2,16,7],"texture":"#0"},"down":{"uv":[13,7,14.5,2],"texture":"#0"}}},{"from":[11.1,0,1],"to":[14.1,3,11],"rotation":{"angle":-22.5,"axis":"y","origin":[10.75,1.5,6]},"faces":{"north":{"uv":[14.5,0.5,16,2],"texture":"#0"},"east":{"uv":[14.5,2,16,7],"rotation":90,"texture":"#0"},"south":{"uv":[13,5,11.5,6.5],"texture":"#0"},"west":{"uv":[13,7,14.5,2],"rotation":90,"texture":"#0"},"up":{"uv":[16,2,14.5,7],"texture":"#0"},"down":{"uv":[14.5,7,13,2],"texture":"#0"}}}],"display":{"thirdperson_righthand":{"rotation":[60,135,0],"translation":[0,3.75,1.75],"scale":[0.5,0.5,0.5]},"thirdperson_lefthand":{"rotation":[60,135,0],"translation":[0,3.75,1.75],"scale":[0.5,0.5,0.5]},"firstperson_righthand":{"rotation":[0,115,0],"translation":[0,6,0],"scale":[0.6,0.6,0.6]},"firstperson_lefthand":{"rotation":[0,115,0],"translation":[0,6,0],"scale":[0.6,0.6,0.6]},"ground":{"translation":[0,3,0],"scale":[0.3,0.3,0.3]},"gui":{"rotation":[30,-135,0],"translation":[-0.25,2.25,0],"scale":[0.85,0.85,0.85]},"head":{"rotation":[-13,0,0],"translation":[0,14,-0.75],"scale":[1.83,1.83,1.83]},"fixed":{"translation":[0,4.25,0]}}}