{"credit":"Made with Blockbench","texture_size":[32,32],"textures":{"0":"custom/general/cosmetics/hats/mob_hats/warden_hat","particle":"custom/general/cosmetics/hats/mob_hats/warden_hat"},"elements":[{"from":[13.25,4.75,3.75],"to":[2.75,9.25,12.25],"rotation":{"angle":0,"axis":"y","origin":[10.5,0,0]},"faces":{"north":{"uv":[16,5.5,11,7.5],"texture":"#0"},"east":{"uv":[11,5.5,7,7.5],"texture":"#0"},"south":{"uv":[7,5.5,2,7.5],"texture":"#0"},"west":{"uv":[7,5.5,11,7.5],"texture":"#0"},"up":{"uv":[16,1.5,11,5.5],"texture":"#0"}}},{"from":[3,0,4],"to":[13,9,12],"faces":{"north":{"uv":[11,11.5,16,16],"texture":"#0"},"east":{"uv":[11,11.5,7,16],"texture":"#0"},"south":{"uv":[2,11.5,7,16],"texture":"#0"},"west":{"uv":[7,11.5,11,16],"texture":"#0"},"up":{"uv":[11,7.5,16,11.5],"texture":"#0"},"down":{"uv":[2,7.5,7,11.5],"texture":"#0"}}},{"from":[-3,4,8],"to":[3,11,8],"rotation":{"angle":0,"axis":"y","origin":[0,7.5,8]},"faces":{"north":{"uv":[8,8,11,11.5],"texture":"#0"},"east":{"uv":[8,8,8,11.5],"texture":"#0"},"south":{"uv":[11,8,8,11.5],"texture":"#0"},"west":{"uv":[8,8,8,11.5],"texture":"#0"},"up":{"uv":[8,8,11,8],"texture":"#0"},"down":{"uv":[8,8,11,8],"texture":"#0"}}},{"from":[13,4,8],"to":[19,11,8],"rotation":{"angle":0,"axis":"y","origin":[16,0,8]},"faces":{"north":{"uv":[11,8,8,11.5],"texture":"#0"},"east":{"uv":[8,8,8,11.5],"texture":"#0"},"south":{"uv":[8,8,11,11.5],"texture":"#0"},"west":{"uv":[8,8,8,11.5],"texture":"#0"},"up":{"uv":[8,8,11,8],"texture":"#0"},"down":{"uv":[8,8,11,8],"texture":"#0"}}},{"from":[2.75,4.75,3.75],"to":[13.25,9.25,12.25],"faces":{"north":{"uv":[11,5.5,16,7.5],"texture":"#0"},"east":{"uv":[11,5.5,7,7.5],"texture":"#0"},"south":{"uv":[2,5.5,7,7.5],"texture":"#0"},"west":{"uv":[7,5.5,11,7.5],"texture":"#0"},"up":{"uv":[11,1.5,16,5.5],"texture":"#0"}}},{"from":[12.75,0.25,4.25],"to":[3.25,8.75,11.75],"rotation":{"angle":0,"axis":"y","origin":[9.5,0,0]},"faces":{"north":{"uv":[5,0,0,4.5],"texture":"#0"},"east":{"uv":[1,14,0,16],"texture":"#0"},"south":{"uv":[2,14,0,16],"texture":"#0"},"west":{"uv":[0,14,1,16],"texture":"#0"},"up":{"uv":[2,14,0,15.5],"texture":"#0"},"down":{"uv":[2,14,0,15.5],"texture":"#0"}}}],"display":{"thirdperson_righthand":{"rotation":[60,135,0],"translation":[0,3.75,1.75],"scale":[0.5,0.5,0.5]},"thirdperson_lefthand":{"rotation":[60,135,0],"translation":[0,3.75,1.75],"scale":[0.5,0.5,0.5]},"firstperson_righthand":{"rotation":[0,115,0],"translation":[0,6,0],"scale":[0.6,0.6,0.6]},"firstperson_lefthand":{"rotation":[0,115,0],"translation":[0,6,0],"scale":[0.6,0.6,0.6]},"ground":{"translation":[0,3,0],"scale":[0.3,0.3,0.3]},"gui":{"rotation":[30,-133,0],"translation":[0,2,0],"scale":[0.95,0.95,0.95]},"head":{"translation":[0,8.5,0],"scale":[2,2,2]},"fixed":{"translation":[0,3.25,0]}}}