{"credit":"Made with Blockbench by yungwilder","textures":{"0":"custom/general/cosmetics/hats/tintable/beanie_tint","particle":"custom/general/cosmetics/hats/tintable/beanie_tint"},"elements":[{"from":[4,1,4],"to":[12,4,12],"faces":{"north":{"uv":[8,0,16,3],"texture":"#0","tintindex":0},"east":{"uv":[16,3,8,6],"texture":"#0","tintindex":0},"south":{"uv":[8,0,16,3],"texture":"#0","tintindex":0},"west":{"uv":[16,3,8,6],"texture":"#0","tintindex":0},"up":{"uv":[8,8,0,0],"texture":"#0","tintindex":0}}},{"from":[3.75,0,3.75],"to":[12.25,2,12.25],"faces":{"north":{"uv":[8,6,16,8],"texture":"#0","tintindex":0},"east":{"uv":[16,8,8,10],"texture":"#0","tintindex":0},"south":{"uv":[8,6,16,8],"texture":"#0","tintindex":0},"west":{"uv":[16,8,8,10],"texture":"#0","tintindex":0},"down":{"uv":[8,8,0,16],"texture":"#0","tintindex":0}}},{"from":[3.75,0,12.25],"to":[12.25,2,3.75],"faces":{"north":{"uv":[16,6,8,8],"texture":"#0","tintindex":0},"east":{"uv":[8,8,16,10],"texture":"#0","tintindex":0},"south":{"uv":[16,6,8,8],"texture":"#0","tintindex":0},"west":{"uv":[8,8,16,10],"texture":"#0","tintindex":0}}}],"gui_light":"front","display":{"thirdperson_righthand":{"translation":[0,5.5,0],"scale":[0.7,0.7,0.7]},"thirdperson_lefthand":{"translation":[0,5.5,0],"scale":[0.7,0.7,0.7]},"firstperson_righthand":{"rotation":[0,125,0],"translation":[0,5.5,0],"scale":[0.5,0.5,0.5]},"firstperson_lefthand":{"rotation":[0,125,0],"translation":[0,5.5,0],"scale":[0.5,0.5,0.5]},"ground":{"translation":[0,2,0],"scale":[0.5,0.5,0.5]},"gui":{"rotation":[30,-135,0],"translation":[0,6,0],"scale":[1.2,1.2,1.2]},"head":{"translation":[0,16,0],"scale":[1.81,1.81,1.81]},"fixed":{"translation":[0,8,0],"scale":[1.5,1.5,1.5]}}}