{"credit":"Made with Blockbench","texture_size":[128,128],"textures":{"2":"custom/general/decoration/dungeon/caged_skeleton"},"elements":[{"from":[0,-3,0],"to":[16,-1,16],"faces":{"north":{"uv":[8,9,10,9.25],"texture":"#2"},"east":{"uv":[0,9.25,2,9.5],"texture":"#2"},"south":{"uv":[2,9.25,4,9.5],"texture":"#2"},"west":{"uv":[4,9.25,6,9.5],"texture":"#2"},"up":{"uv":[2,9.25,0,7.25],"texture":"#2"},"down":{"uv":[4,7.25,2,9.25],"texture":"#2"}}},{"from":[0,28,0],"to":[16,29,16],"faces":{"north":{"uv":[9.5,7,11.5,7.125],"texture":"#2"},"east":{"uv":[9.5,7.125,11.5,7.25],"texture":"#2"},"south":{"uv":[9.5,7.25,11.5,7.375],"texture":"#2"},"west":{"uv":[9.5,7.375,11.5,7.5],"texture":"#2"},"up":{"uv":[6,9.25,4,7.25],"texture":"#2"},"down":{"uv":[8,7.25,6,9.25],"texture":"#2"}}},{"from":[8,29,6],"to":[8,32,10],"rotation":{"angle":45,"axis":"y","origin":[8,30.5,8]},"faces":{"north":{"uv":[0,0,0,0.375],"texture":"#2"},"east":{"uv":[9.5,7.5,10,7.875],"texture":"#2"},"south":{"uv":[0,0,0,0.375],"texture":"#2"},"west":{"uv":[9.5,7.875,10,8.25],"texture":"#2"},"up":{"uv":[0,0.5,0,0],"texture":"#2"},"down":{"uv":[0,0,0,0.5],"texture":"#2"}}},{"from":[8,29,6],"to":[8,32,10],"rotation":{"angle":-45,"axis":"y","origin":[8,30.5,8]},"faces":{"north":{"uv":[0,0,0,0.375],"texture":"#2"},"east":{"uv":[8,9.5,8.5,9.875],"texture":"#2"},"south":{"uv":[0,0,0,0.375],"texture":"#2"},"west":{"uv":[9.5,8.25,10,8.625],"texture":"#2"},"up":{"uv":[0,0.5,0,0],"texture":"#2"},"down":{"uv":[0,0,0,0.5],"texture":"#2"}}},{"from":[0,-1,0.01],"to":[16,28,0.01],"faces":{"north":{"uv":[0,0,2,3.625],"texture":"#2"},"east":{"uv":[0,0,0,3.625],"texture":"#2"},"south":{"uv":[2,0,4,3.625],"texture":"#2"},"west":{"uv":[0,0,0,3.625],"texture":"#2"},"up":{"uv":[2,0,0,0],"texture":"#2"},"down":{"uv":[2,0,0,0],"texture":"#2"}}},{"from":[0,-1,15.99],"to":[16,28,15.99],"faces":{"north":{"uv":[0,3.625,2,7.25],"texture":"#2"},"east":{"uv":[0,0,0,3.625],"texture":"#2"},"south":{"uv":[2,3.625,4,7.25],"texture":"#2"},"west":{"uv":[0,0,0,3.625],"texture":"#2"},"up":{"uv":[2,0,0,0],"texture":"#2"},"down":{"uv":[2,0,0,0],"texture":"#2"}}},{"from":[0.01,-1,0],"to":[0.01,28,16],"rotation":{"angle":0,"axis":"y","origin":[8,13.5,8]},"faces":{"north":{"uv":[0,0,0,3.625],"texture":"#2"},"east":{"uv":[6,0,8,3.625],"texture":"#2"},"south":{"uv":[0,0,0,3.625],"texture":"#2"},"west":{"uv":[6,3.625,8,7.25],"texture":"#2"},"up":{"uv":[0,2,0,0],"texture":"#2"},"down":{"uv":[0,0,0,2],"texture":"#2"}}},{"from":[15.99,-1,0],"to":[15.99,28,16],"rotation":{"angle":0,"axis":"y","origin":[8,13.5,8]},"faces":{"north":{"uv":[0,0,0,3.625],"texture":"#2"},"east":{"uv":[4,0,6,3.625],"texture":"#2"},"south":{"uv":[0,0,0,3.625],"texture":"#2"},"west":{"uv":[4,3.625,6,7.25],"texture":"#2"},"up":{"uv":[0,2,0,0],"texture":"#2"},"down":{"uv":[0,0,0,2],"texture":"#2"}}},{"name":"head","from":[4,12.9,2.9],"to":[12.2,21.1,11.1],"rotation":{"angle":0,"axis":"y","origin":[-0.9,0,0]},"faces":{"north":{"uv":[8,6,9,7],"texture":"#2"},"east":{"uv":[8,7,9,8],"texture":"#2"},"south":{"uv":[8,8,9,9],"texture":"#2"},"west":{"uv":[9,0,10,1],"texture":"#2"},"up":{"uv":[10,2,9,1],"texture":"#2"},"down":{"uv":[10,1,9,2],"texture":"#2"}}},{"name":"body","from":[12.1,0,5],"to":[12.1,12,9],"rotation":{"angle":0,"axis":"y","origin":[8.1,1,5]},"faces":{"north":{"uv":[0,0,0,1.5],"texture":"#2"},"east":{"uv":[9,3,9.5,4.5],"texture":"#2"},"south":{"uv":[0,0,0,1.5],"texture":"#2"},"west":{"uv":[9,4.5,9.5,6],"texture":"#2"},"up":{"uv":[0,0.5,0,0],"texture":"#2"},"down":{"uv":[0,0,0,0.5],"texture":"#2"}}},{"name":"body","from":[4.1,0,5],"to":[4.1,12,9],"rotation":{"angle":0,"axis":"y","origin":[8.1,1,5]},"faces":{"north":{"uv":[0,0,0,1.5],"texture":"#2"},"east":{"uv":[9,6,9.5,7.5],"texture":"#2"},"south":{"uv":[0,0,0,1.5],"texture":"#2"},"west":{"uv":[9,7.5,9.5,9],"texture":"#2"},"up":{"uv":[0,0.5,0,0],"texture":"#2"},"down":{"uv":[0,0,0,0.5],"texture":"#2"}}},{"name":"body","from":[4.1,0,5],"to":[12.1,12,5],"rotation":{"angle":0,"axis":"y","origin":[8.1,1,5]},"faces":{"north":{"uv":[8,3,9,4.5],"texture":"#2"},"east":{"uv":[0,0,0,1.5],"texture":"#2"},"south":{"uv":[8,4.5,9,6],"texture":"#2"},"west":{"uv":[0,0,0,1.5],"texture":"#2"},"up":{"uv":[1,0,0,0],"texture":"#2"},"down":{"uv":[1,0,0,0],"texture":"#2"}}},{"name":"body","from":[4.1,0,5],"to":[12.1,0,9],"rotation":{"angle":0,"axis":"y","origin":[8.1,1,5]},"faces":{"north":{"uv":[0,0,1,0],"texture":"#2"},"east":{"uv":[0,0,0.5,0],"texture":"#2"},"south":{"uv":[0,0,1,0],"texture":"#2"},"west":{"uv":[0,0,0.5,0],"texture":"#2"},"up":{"uv":[7,9.75,6,9.25],"texture":"#2"},"down":{"uv":[8,9.25,7,9.75],"texture":"#2"}}},{"name":"body","from":[4.1,1,9],"to":[12.1,13,9],"rotation":{"angle":0,"axis":"y","origin":[-0.9,0,0]},"faces":{"north":{"uv":[8,0,9,1.5],"texture":"#2"},"east":{"uv":[0,0,0,1.5],"texture":"#2"},"south":{"uv":[8,1.5,9,3],"texture":"#2"},"west":{"uv":[0,0,0,1.5],"texture":"#2"},"up":{"uv":[1,0,0,0],"texture":"#2"},"down":{"uv":[1,0,0,0],"texture":"#2"}}},{"name":"left_arm","from":[2,11,-5],"to":[4,13,7],"shade":false,"rotation":{"angle":-22.5,"axis":"x","origin":[3.1,12,6]},"faces":{"north":{"uv":[8.5,9.5,8.75,9.75],"texture":"#2"},"east":{"uv":[2,9.5,3.5,9.75],"texture":"#2"},"south":{"uv":[9.5,8.625,9.75,8.875],"texture":"#2"},"west":{"uv":[3.5,9.5,2,9.75],"texture":"#2"},"up":{"uv":[1.75,11,1.5,9.5],"texture":"#2"},"down":{"uv":[2,9.5,1.75,11],"texture":"#2"}}},{"name":"right_arm","from":[12.1,12,-6],"to":[14.1,14,6],"rotation":{"angle":-45,"axis":"x","origin":[13.1,13,6]},"faces":{"north":{"uv":[8.75,9.5,9,9.75],"texture":"#2"},"east":{"uv":[2,9.5,3.5,9.75],"texture":"#2"},"south":{"uv":[9,9.5,9.25,9.75],"texture":"#2"},"west":{"uv":[9.5,3,11,3.25],"texture":"#2"},"up":{"uv":[9.75,4.75,9.5,3.25],"texture":"#2"},"down":{"uv":[3.75,9.5,3.5,11],"texture":"#2"}}},{"name":"right_leg","from":[9.4,-1,-4],"to":[11.4,1,8],"rotation":{"angle":-22.5,"axis":"y","origin":[11.1,0,7]},"faces":{"north":{"uv":[9.25,9.5,9.5,9.75],"texture":"#2"},"east":{"uv":[3.75,9.5,5.25,9.75],"texture":"#2"},"south":{"uv":[9.5,9.25,9.75,9.5],"texture":"#2"},"west":{"uv":[9.5,4.75,11,5],"texture":"#2"},"up":{"uv":[9.75,6.5,9.5,5],"texture":"#2"},"down":{"uv":[5.5,9.5,5.25,11],"texture":"#2"}}},{"name":"right_leg","from":[3.8,-1,-4],"to":[5.8,1,8],"rotation":{"angle":22.5,"axis":"y","origin":[3.1,0,7]},"faces":{"north":{"uv":[9.5,9.5,9.75,9.75],"texture":"#2"},"east":{"uv":[3.75,9.5,5.25,9.75],"texture":"#2"},"south":{"uv":[0,9.75,0.25,10],"texture":"#2"},"west":{"uv":[5.25,9.5,3.75,9.75],"texture":"#2"},"up":{"uv":[5.75,11,5.5,9.5],"texture":"#2"},"down":{"uv":[6,9.5,5.75,11],"texture":"#2"}}}],"display":{"thirdperson_righthand":{"rotation":[75,45,0],"translation":[0,2.5,0],"scale":[0.375,0.375,0.375]},"thirdperson_lefthand":{"rotation":[75,45,0],"translation":[0,2.5,0],"scale":[0.375,0.375,0.375]},"firstperson_righthand":{"rotation":[0,45,0],"scale":[0.4,0.4,0.4]},"firstperson_lefthand":{"rotation":[0,225,0],"scale":[0.4,0.4,0.4]},"ground":{"translation":[0,3,0],"scale":[0.25,0.25,0.25]},"gui":{"rotation":[30,-135,0],"translation":[0,-1.75,0],"scale":[0.4,0.4,0.4]},"head":{"translation":[0,17.5,0]},"fixed":{"rotation":[-90,-90,0],"translation":[0,0,-22],"scale":[2,2,2]}},"groups":[0,1,2,3,4,5,6,7,{"name":"head","origin":[0,24,0],"color":0,"children":[8]},{"name":"body","origin":[0,24,0],"color":0,"children":[9,10,11,12,13]},{"name":"left_arm","origin":[5,22,0],"color":0,"shade":false,"children":[14]},{"name":"right_arm","origin":[-5,22,0],"color":0,"children":[15]},{"name":"left_leg","origin":[2,12,0.1],"color":0,"shade":false,"children":[]},{"name":"right_leg","origin":[-2,12,0.1],"color":0,"children":[16,17]}]}