{"credit":"Made with Blockbench","texture_size":[32,32],"textures":{"1":"custom/general/decoration/dungeon/day_marks"},"elements":[{"from":[0,0,-0.1],"to":[16,16,-0.1],"faces":{"north":{"uv":[0,0,8,8],"texture":"#1"},"east":{"uv":[0,0,0,8],"texture":"#1"},"south":{"uv":[0,8,8,16],"texture":"#1"},"west":{"uv":[0,0,0,8],"texture":"#1"},"up":{"uv":[8,0,0,0],"texture":"#1"},"down":{"uv":[8,0,0,0],"texture":"#1"}}}],"display":{"thirdperson_righthand":{"rotation":[75,45,0],"translation":[0,2.5,0],"scale":[0.375,0.375,0.375]},"thirdperson_lefthand":{"rotation":[75,45,0],"translation":[0,2.5,0],"scale":[0.375,0.375,0.375]},"firstperson_righthand":{"rotation":[0,45,0],"scale":[0.4,0.4,0.4]},"firstperson_lefthand":{"rotation":[0,225,0],"scale":[0.4,0.4,0.4]},"ground":{"translation":[0,3,0],"scale":[0.25,0.25,0.25]},"gui":{"rotation":[30,45,0],"translation":[5.75,-3,0]},"head":{"translation":[0,14.5,0]},"fixed":{"rotation":[-90,90,0],"translation":[0.5,0,-14],"scale":[2,2,2]}}}