{"credit":"Made with Blockbench","texture_size":[32,32],"textures":{"1":"custom/general/decoration/dungeon/dungeon_pots"},"elements":[{"from":[7,0,8],"to":[14,7,15],"faces":{"north":{"uv":[0,0,3.5,3.5],"texture":"#1"},"east":{"uv":[0,3.5,3.5,7],"texture":"#1"},"south":{"uv":[3.5,0,7,3.5],"texture":"#1"},"west":{"uv":[3.5,3.5,7,7],"texture":"#1"},"up":{"uv":[3.5,10.5,0,7],"texture":"#1"},"down":{"uv":[10.5,0,7,3.5],"texture":"#1"}}},{"from":[1,0,6],"to":[6,4,11],"faces":{"north":{"uv":[8.5,8.5,11,10.5],"texture":"#1"},"east":{"uv":[3.5,9.5,6,11.5],"texture":"#1"},"south":{"uv":[9.5,3.5,12,5.5],"texture":"#1"},"west":{"uv":[6,9.5,8.5,11.5],"texture":"#1"},"up":{"uv":[6,9.5,3.5,7],"texture":"#1"},"down":{"uv":[9.5,3.5,7,6],"texture":"#1"}}},{"from":[7,0,2],"to":[11,2,6],"faces":{"north":{"uv":[11,9.5,13,10.5],"texture":"#1"},"east":{"uv":[0,12.5,2,13.5],"texture":"#1"},"south":{"uv":[12.5,0,14.5,1],"texture":"#1"},"west":{"uv":[12.5,1,14.5,2],"texture":"#1"},"up":{"uv":[13,7.5,11,5.5],"texture":"#1"},"down":{"uv":[13,7.5,11,9.5],"texture":"#1"}}},{"from":[6.5,2,1.6],"to":[11.5,3,6.6],"faces":{"north":{"uv":[12,5,14.5,5.5],"texture":"#1"},"east":{"uv":[8,12.5,10.5,13],"texture":"#1"},"south":{"uv":[10.5,12.5,13,13],"texture":"#1"},"west":{"uv":[12.5,10.5,15,11],"texture":"#1"},"up":{"uv":[8.5,9.5,6,7],"texture":"#1"},"down":{"uv":[11,6,8.5,8.5],"texture":"#1"}}},{"from":[2,4,7],"to":[5,5,10],"faces":{"north":{"uv":[7,6,8.5,6.5],"texture":"#1"},"east":{"uv":[7,6.5,8.5,7],"texture":"#1"},"south":{"uv":[9.5,5.5,11,6],"texture":"#1"},"west":{"uv":[13,7,14.5,7.5],"texture":"#1"},"up":{"uv":[13.5,3.5,12,2],"texture":"#1"},"down":{"uv":[13.5,3.5,12,5],"texture":"#1"}}},{"from":[1.5,5,6.5],"to":[5.5,6,10.5],"faces":{"north":{"uv":[5.5,13,7.5,13.5],"texture":"#1"},"east":{"uv":[13,5.5,15,6],"texture":"#1"},"south":{"uv":[13,6,15,6.5],"texture":"#1"},"west":{"uv":[13,6.5,15,7],"texture":"#1"},"up":{"uv":[10.5,12.5,8.5,10.5],"texture":"#1"},"down":{"uv":[12.5,10.5,10.5,12.5],"texture":"#1"}}},{"from":[9,7,10],"to":[12,10,13],"faces":{"north":{"uv":[2,10.5,3.5,12],"texture":"#1"},"east":{"uv":[10.5,2,12,3.5],"texture":"#1"},"south":{"uv":[3.5,11.5,5,13],"texture":"#1"},"west":{"uv":[5,11.5,6.5,13],"texture":"#1"},"up":{"uv":[8,13,6.5,11.5],"texture":"#1"},"down":{"uv":[3.5,12,2,13.5],"texture":"#1"}}},{"from":[8.5,10,9.5],"to":[12.5,11,13.5],"faces":{"north":{"uv":[12.5,11,14.5,11.5],"texture":"#1"},"east":{"uv":[12.5,11.5,14.5,12],"texture":"#1"},"south":{"uv":[12.5,12,14.5,12.5],"texture":"#1"},"west":{"uv":[3.5,13,5.5,13.5],"texture":"#1"},"up":{"uv":[2,12.5,0,10.5],"texture":"#1"},"down":{"uv":[12.5,0,10.5,2],"texture":"#1"}}}],"display":{"thirdperson_righthand":{"rotation":[75,45,0],"translation":[0,2.5,0],"scale":[0.375,0.375,0.375]},"thirdperson_lefthand":{"rotation":[75,45,0],"translation":[0,2.5,0],"scale":[0.375,0.375,0.375]},"firstperson_righthand":{"rotation":[0,45,0],"scale":[0.4,0.4,0.4]},"firstperson_lefthand":{"rotation":[0,225,0],"scale":[0.4,0.4,0.4]},"ground":{"translation":[0,3,0],"scale":[0.25,0.25,0.25]},"gui":{"rotation":[30,-135,0],"translation":[1.25,0.75,0],"scale":[0.625,0.625,0.625]},"fixed":{"rotation":[-90,0,0],"translation":[0,0,-16],"scale":[2,2,2]},"head":{"scale":[1,1,1],"translation":[0.0,14.5,0.0]}}}