{"credit":"Made with Blockbench","texture_size":[32,32],"textures":{"2":"custom/general/decoration/dungeon/dungeon_pot","particle":"custom/general/decoration/dungeon/dungeon_pot"},"elements":[{"from":[5,10,5],"to":[11,12,11],"faces":{"north":{"uv":[9,9,12,10],"texture":"#2"},"east":{"uv":[7,10,10,11],"texture":"#2"},"south":{"uv":[10,10,13,11],"texture":"#2"},"west":{"uv":[4,11,7,12],"texture":"#2"},"up":{"uv":[7,11,4,8],"texture":"#2"},"down":{"uv":[11,4,8,7],"texture":"#2"}}},{"from":[4,0,4],"to":[12,8,12],"faces":{"north":{"uv":[0,0,4,4],"texture":"#2"},"east":{"uv":[0,4,4,8],"texture":"#2"},"south":{"uv":[4,0,8,4],"texture":"#2"},"west":{"uv":[4,4,8,8],"texture":"#2"},"up":{"uv":[4,12,0,8],"texture":"#2"},"down":{"uv":[12,0,8,4],"texture":"#2"}}},{"from":[6,8,6],"to":[10,10,10],"faces":{"north":{"uv":[11,4,13,5],"texture":"#2"},"east":{"uv":[11,5,13,6],"texture":"#2"},"south":{"uv":[11,6,13,7],"texture":"#2"},"west":{"uv":[7,11,9,12],"texture":"#2"},"up":{"uv":[9,10,7,8],"texture":"#2"},"down":{"uv":[11,7,9,9],"texture":"#2"}}}],"display":{"thirdperson_righthand":{"rotation":[75,45,0],"translation":[0,2.5,0],"scale":[0.375,0.375,0.375]},"thirdperson_lefthand":{"rotation":[75,45,0],"translation":[0,2.5,0],"scale":[0.375,0.375,0.375]},"ground":{"translation":[0,3,0]},"gui":{"rotation":[30,-135,0],"scale":[0.625,0.625,0.625]},"fixed":{"rotation":[-90,0,0],"translation":[0,0,-16],"scale":[2,2,2]},"head":{"scale":[1,1,1],"translation":[0.0,14.5,0.0]}}}