{"credit":"Made with Blockbench","texture_size":[64,64],"textures":{"2":"custom/general/decoration/dungeon/dungeon_triangle_banner","particle":"custom/general/decoration/dungeon/dungeon_triangle_banner"},"elements":[{"from":[7.05,30,-11.05],"to":[9.05,32,-9.05],"rotation":{"angle":0,"axis":"y","origin":[9.5,23,0.95]},"faces":{"north":{"uv":[4.25,8.75,4.75,9.25],"texture":"#2"},"east":{"uv":[4.75,8.75,5.25,9.25],"texture":"#2"},"south":{"uv":[5.25,8.75,5.75,9.25],"texture":"#2"},"west":{"uv":[3.75,8.75,4.25,9.25],"texture":"#2"},"up":{"uv":[6.25,9.25,5.75,8.75],"rotation":270,"texture":"#2"},"down":{"uv":[6.75,8.75,6.25,9.25],"rotation":90,"texture":"#2"}}},{"from":[7.25,-0.7,-8.05],"to":[7.25,29.3,6.95],"rotation":{"angle":0,"axis":"y","origin":[9.5,23,0.95]},"faces":{"north":{"uv":[0,0,0,7.5],"texture":"#2"},"east":{"uv":[3.75,0,7.5,7.5],"texture":"#2"},"south":{"uv":[0,0,0,7.5],"texture":"#2"},"west":{"uv":[0,0,3.75,7.5],"texture":"#2"},"up":{"uv":[3.75,0,0,0],"rotation":270,"texture":"#2"},"down":{"uv":[3.75,0,0,0],"rotation":90,"texture":"#2"}}},{"from":[7.25,29.3,4.95],"to":[7.25,31.7,6.95],"rotation":{"angle":0,"axis":"y","origin":[9.5,23,0.95]},"faces":{"north":{"uv":[0,0,0,0.5],"texture":"#2"},"east":{"uv":[3.75,8.25,4.25,8.75],"texture":"#2"},"south":{"uv":[0,0,0,0.5],"texture":"#2"},"west":{"uv":[8,7.75,8.5,8.25],"texture":"#2"},"up":{"uv":[0.5,0,0,0],"rotation":270,"texture":"#2"},"down":{"uv":[0.5,0,0,0],"rotation":90,"texture":"#2"}}},{"from":[7.25,31.7,4.95],"to":[8.75,31.7,6.95],"rotation":{"angle":0,"axis":"y","origin":[9.5,23,0.95]},"faces":{"north":{"uv":[0,0,0.25,0],"texture":"#2"},"east":{"uv":[0,0,0.5,0],"texture":"#2"},"south":{"uv":[0,0,0.25,0],"texture":"#2"},"west":{"uv":[0,0,0.5,0],"texture":"#2"},"up":{"uv":[8.25,9,7.75,8.75],"rotation":270,"texture":"#2"},"down":{"uv":[8.75,8.75,8.25,9],"rotation":90,"texture":"#2"}}},{"from":[8.75,30.3,4.95],"to":[8.75,31.7,6.95],"rotation":{"angle":0,"axis":"y","origin":[9.5,23,0.95]},"faces":{"north":{"uv":[0,0,0,0.25],"texture":"#2"},"east":{"uv":[8.75,8.5,9.25,8.75],"texture":"#2"},"south":{"uv":[0,0,0,0.25],"texture":"#2"},"west":{"uv":[8.75,8.25,9.25,8.5],"texture":"#2"},"up":{"uv":[0.5,0,0,0],"rotation":270,"texture":"#2"},"down":{"uv":[0.5,0,0,0],"rotation":90,"texture":"#2"}}},{"from":[7.25,30.3,4.95],"to":[8.75,30.3,6.95],"rotation":{"angle":0,"axis":"y","origin":[9.5,23,0.95]},"faces":{"north":{"uv":[0,0,0.25,0],"texture":"#2"},"east":{"uv":[0,0,0.5,0],"texture":"#2"},"south":{"uv":[0,0,0.25,0],"texture":"#2"},"west":{"uv":[0,0,0.5,0],"texture":"#2"},"up":{"uv":[9.25,9,8.75,8.75],"rotation":270,"texture":"#2"},"down":{"uv":[8.25,9,7.75,9.25],"rotation":90,"texture":"#2"}}},{"from":[7.25,30.3,-8.05],"to":[8.75,30.3,-6.05],"rotation":{"angle":0,"axis":"y","origin":[9.5,23,0.95]},"faces":{"north":{"uv":[0,0,0.25,0],"texture":"#2"},"east":{"uv":[0,0,0.5,0],"texture":"#2"},"south":{"uv":[0,0,0.25,0],"texture":"#2"},"west":{"uv":[0,0,0.5,0],"texture":"#2"},"up":{"uv":[9.5,8,9,7.75],"rotation":270,"texture":"#2"},"down":{"uv":[9.5,8,9,8.25],"rotation":90,"texture":"#2"}}},{"from":[7.25,31.7,-8.05],"to":[8.75,31.7,-6.05],"rotation":{"angle":0,"axis":"y","origin":[9.5,23,0.95]},"faces":{"north":{"uv":[0,0,0.25,0],"texture":"#2"},"east":{"uv":[0,0,0.5,0],"texture":"#2"},"south":{"uv":[0,0,0.25,0],"texture":"#2"},"west":{"uv":[0,0,0.5,0],"texture":"#2"},"up":{"uv":[8.75,9.25,8.25,9],"rotation":270,"texture":"#2"},"down":{"uv":[9.25,9,8.75,9.25],"rotation":90,"texture":"#2"}}},{"from":[7.25,29.3,-8.05],"to":[7.25,31.7,-6.05],"rotation":{"angle":0,"axis":"y","origin":[9.5,23,0.95]},"faces":{"north":{"uv":[0,0,0,0.5],"texture":"#2"},"east":{"uv":[4.75,8.25,5.25,8.75],"texture":"#2"},"south":{"uv":[0,0,0,0.5],"texture":"#2"},"west":{"uv":[4.25,8.25,4.75,8.75],"texture":"#2"},"up":{"uv":[0.5,0,0,0],"rotation":270,"texture":"#2"},"down":{"uv":[0.5,0,0,0],"rotation":90,"texture":"#2"}}},{"from":[8.75,30.3,-8.05],"to":[8.75,31.7,-6.05],"rotation":{"angle":0,"axis":"y","origin":[9.5,23,0.95]},"faces":{"north":{"uv":[0,0,0,0.25],"texture":"#2"},"east":{"uv":[4.25,9.25,4.75,9.5],"texture":"#2"},"south":{"uv":[0,0,0,0.25],"texture":"#2"},"west":{"uv":[3.75,9.25,4.25,9.5],"texture":"#2"},"up":{"uv":[0.5,0,0,0],"rotation":270,"texture":"#2"},"down":{"uv":[0.5,0,0,0],"rotation":90,"texture":"#2"}}},{"from":[7.55,30.5,-9.05],"to":[8.55,31.5,9.95],"rotation":{"angle":0,"axis":"y","origin":[9.5,23,0.95]},"faces":{"north":{"uv":[9.25,9,9.5,9.25],"texture":"#2"},"east":{"uv":[3.75,7.75,8,8],"texture":"#2"},"south":{"uv":[9.25,9.25,9.5,9.5],"texture":"#2"},"west":{"uv":[3.75,7.5,8,7.75],"texture":"#2"},"up":{"uv":[8,8.25,3.75,8],"rotation":270,"texture":"#2"},"down":{"uv":[12.25,7.5,8,7.75],"rotation":90,"texture":"#2"}}},{"from":[7.25,-0.7,-8.05],"to":[7.25,29.3,6.95],"rotation":{"angle":0,"axis":"y","origin":[9.5,23,0.95]},"faces":{"north":{"uv":[0,0,0,7.5],"texture":"#2"},"east":{"uv":[7.5,0,11.25,7.5],"texture":"#2","tintindex":0},"south":{"uv":[0,0,0,7.5],"texture":"#2"},"west":{"uv":[0,7.5,3.75,15],"texture":"#2","tintindex":0},"up":{"uv":[3.75,0,0,0],"rotation":270,"texture":"#2","tintindex":0},"down":{"uv":[3.75,0,0,0],"rotation":90,"texture":"#2","tintindex":0}}},{"from":[7.25,29.3,4.95],"to":[7.25,31.7,6.95],"rotation":{"angle":0,"axis":"y","origin":[9.5,23,0.95]},"faces":{"north":{"uv":[0,0,0,0.5],"texture":"#2"},"east":{"uv":[8.5,7.75,9,8.25],"texture":"#2","tintindex":0},"south":{"uv":[0,0,0,0.5],"texture":"#2"},"west":{"uv":[8.25,8.25,8.75,8.75],"texture":"#2","tintindex":0},"up":{"uv":[0.5,0,0,0],"rotation":270,"texture":"#2","tintindex":0},"down":{"uv":[0.5,0,0,0],"rotation":90,"texture":"#2","tintindex":0}}},{"from":[7.25,29.3,-8.05],"to":[7.25,31.7,-6.05],"rotation":{"angle":0,"axis":"y","origin":[9.5,23,0.95]},"faces":{"north":{"uv":[0,0,0,0.5],"texture":"#2"},"east":{"uv":[7.25,8.75,7.75,9.25],"texture":"#2","tintindex":0},"south":{"uv":[0,0,0,0.5],"texture":"#2"},"west":{"uv":[6.75,8.75,7.25,9.25],"texture":"#2","tintindex":0},"up":{"uv":[0.5,0,0,0],"rotation":270,"texture":"#2","tintindex":0},"down":{"uv":[0.5,0,0,0],"rotation":90,"texture":"#2","tintindex":0}}},{"from":[7.25,31.7,-8.05],"to":[8.75,31.7,-6.05],"rotation":{"angle":0,"axis":"y","origin":[9.5,23,0.95]},"faces":{"north":{"uv":[0,0,0.25,0],"texture":"#2"},"east":{"uv":[0,0,0.5,0],"texture":"#2","tintindex":0},"south":{"uv":[0,0,0.25,0],"texture":"#2"},"west":{"uv":[0,0,0.5,0],"texture":"#2"},"up":{"uv":[9.75,8.5,9.25,8.25],"rotation":270,"texture":"#2"},"down":{"uv":[9.75,8.5,9.25,8.75],"rotation":90,"texture":"#2"}}},{"from":[7.25,31.7,4.95],"to":[8.75,31.7,6.95],"rotation":{"angle":0,"axis":"y","origin":[9.5,23,0.95]},"faces":{"north":{"uv":[0,0,0.25,0],"texture":"#2"},"east":{"uv":[0,0,0.5,0],"texture":"#2","tintindex":0},"south":{"uv":[0,0,0.25,0],"texture":"#2"},"west":{"uv":[0,0,0.5,0],"texture":"#2","tintindex":0},"up":{"uv":[5.25,9.5,4.75,9.25],"rotation":270,"texture":"#2","tintindex":0},"down":{"uv":[5.75,9.25,5.25,9.5],"rotation":90,"texture":"#2","tintindex":0}}},{"from":[8.75,30.3,4.95],"to":[8.75,31.7,6.95],"rotation":{"angle":0,"axis":"y","origin":[9.5,23,0.95]},"faces":{"north":{"uv":[0,0,0,0.25],"texture":"#2"},"east":{"uv":[6.25,9.25,6.75,9.5],"texture":"#2","tintindex":0},"south":{"uv":[0,0,0,0.25],"texture":"#2"},"west":{"uv":[5.75,9.25,6.25,9.5],"texture":"#2","tintindex":0},"up":{"uv":[0.5,0,0,0],"rotation":270,"texture":"#2","tintindex":0},"down":{"uv":[0.5,0,0,0],"rotation":90,"texture":"#2","tintindex":0}}},{"from":[8.75,30.3,-8.05],"to":[8.75,31.7,-6.05],"rotation":{"angle":0,"axis":"y","origin":[9.5,23,0.95]},"faces":{"north":{"uv":[0,0,0,0.25],"texture":"#2"},"east":{"uv":[9.25,8.75,9.75,9],"texture":"#2","tintindex":0},"south":{"uv":[0,0,0,0.25],"texture":"#2"},"west":{"uv":[8.75,9.25,9.25,9.5],"texture":"#2","tintindex":0},"up":{"uv":[0.5,0,0,0],"rotation":270,"texture":"#2","tintindex":0},"down":{"uv":[0.5,0,0,0],"rotation":90,"texture":"#2","tintindex":0}}},{"from":[7.25,30.3,-8.05],"to":[8.75,30.3,-6.05],"rotation":{"angle":0,"axis":"y","origin":[9.5,23,0.95]},"faces":{"north":{"uv":[0,0,0.25,0],"texture":"#2"},"east":{"uv":[0,0,0.5,0],"texture":"#2","tintindex":0},"south":{"uv":[0,0,0.25,0],"texture":"#2"},"west":{"uv":[0,0,0.5,0],"texture":"#2","tintindex":0},"up":{"uv":[8.25,9.5,7.75,9.25],"rotation":270,"texture":"#2","tintindex":0},"down":{"uv":[8.75,9.25,8.25,9.5],"rotation":90,"texture":"#2","tintindex":0}}},{"from":[7.25,30.3,4.95],"to":[8.75,30.3,6.95],"rotation":{"angle":0,"axis":"y","origin":[9.5,23,0.95]},"faces":{"north":{"uv":[0,0,0.25,0],"texture":"#2"},"east":{"uv":[0,0,0.5,0],"texture":"#2","tintindex":0},"south":{"uv":[0,0,0.25,0],"texture":"#2"},"west":{"uv":[0,0,0.5,0],"texture":"#2","tintindex":0},"up":{"uv":[7.25,9.5,6.75,9.25],"rotation":270,"texture":"#2","tintindex":0},"down":{"uv":[7.75,9.25,7.25,9.5],"rotation":90,"texture":"#2","tintindex":0}}}],"display":{"thirdperson_righthand":{"rotation":[75,45,0],"translation":[0,2.5,0],"scale":[0.375,0.375,0.375]},"thirdperson_lefthand":{"rotation":[75,45,0],"translation":[0,2.5,0],"scale":[0.375,0.375,0.375]},"firstperson_righthand":{"rotation":[0,45,0],"scale":[0.4,0.4,0.4]},"firstperson_lefthand":{"rotation":[0,225,0],"scale":[0.4,0.4,0.4]},"ground":{"translation":[0,3,0],"scale":[0.25,0.25,0.25]},"gui":{"rotation":[30,-135,0],"translation":[-2.25,-2,0],"scale":[0.4,0.4,0.4]},"head":{"translation":[0,14.5,0]},"fixed":{"rotation":[90,-90,-180],"translation":[-15,0,16],"scale":[2,2,2]}},"groups":[0,1,2,3,4,5,6,7,8,9,10,{"name":"tint","origin":[0,0,0],"color":0,"children":[11,12,13,14,15,16,17,18,19]}]}