{"credit":"Made with Blockbench","texture_size":[32,32],"textures":{"0":"custom/general/decoration/dungeon/metal_bars_stacked_gold","particle":"custom/general/decoration/dungeon/metal_bars_stacked_gold"},"elements":[{"from":[6.3,0,9],"to":[17.3,2,12],"rotation":{"angle":45,"axis":"y","origin":[11.8,1,10.5]},"faces":{"north":{"uv":[9,3,14.5,4],"texture":"#0"},"east":{"uv":[8.5,11,10,12],"texture":"#0"},"south":{"uv":[9,2,14.5,3],"texture":"#0"},"west":{"uv":[10,11,11.5,12],"texture":"#0"},"up":{"uv":[4.5,5.5,3,0],"rotation":90,"texture":"#0"},"down":{"uv":[6,0,4.5,5.5],"rotation":270,"texture":"#0"}}},{"from":[5.3,0,5],"to":[8.3,2,16],"rotation":{"angle":-22.5,"axis":"y","origin":[6.8,1,10.5]},"faces":{"north":{"uv":[1.5,12,3,13],"texture":"#0"},"east":{"uv":[9,6,14.5,7],"texture":"#0"},"south":{"uv":[3,12,4.5,13],"texture":"#0"},"west":{"uv":[9,7,14.5,8],"texture":"#0"},"up":{"uv":[4.5,11,3,5.5],"texture":"#0"},"down":{"uv":[6,5.5,4.5,11],"texture":"#0"}}},{"from":[10,2,2],"to":[13,4,13],"rotation":{"angle":22.5,"axis":"y","origin":[11.5,3,10.5]},"faces":{"north":{"uv":[11.5,11,13,12],"texture":"#0"},"east":{"uv":[9,4,14.5,5],"texture":"#0"},"south":{"uv":[0,12,1.5,13],"texture":"#0"},"west":{"uv":[9,5,14.5,6],"texture":"#0"},"up":{"uv":[1.5,11,0,5.5],"texture":"#0"},"down":{"uv":[3,5.5,1.5,11],"texture":"#0"}}},{"from":[-0.5,2,9],"to":[10.5,4,12],"rotation":{"angle":22.5,"axis":"z","origin":[5,3,10.5]},"faces":{"north":{"uv":[9,9,14.5,10],"texture":"#0"},"east":{"uv":[4.5,12,6,13],"texture":"#0"},"south":{"uv":[9,8,14.5,9],"texture":"#0"},"west":{"uv":[6,12,7.5,13],"texture":"#0"},"up":{"uv":[7.5,5.5,6,0],"rotation":90,"texture":"#0"},"down":{"uv":[7.5,5.5,6,11],"rotation":270,"texture":"#0"}}},{"from":[1.3,0,3.6],"to":[12.3,2,6.6],"rotation":{"angle":22.5,"axis":"y","origin":[2.8,1,7.5]},"faces":{"north":{"uv":[9,1,14.5,2],"texture":"#0"},"east":{"uv":[5.5,11,7,12],"texture":"#0"},"south":{"uv":[9,0,14.5,1],"texture":"#0"},"west":{"uv":[7,11,8.5,12],"texture":"#0"},"up":{"uv":[1.5,5.5,0,0],"rotation":90,"texture":"#0"},"down":{"uv":[3,0,1.5,5.5],"rotation":270,"texture":"#0"}}}],"display":{"thirdperson_righthand":{"rotation":[75,45,0],"translation":[0,2.5,0],"scale":[0.375,0.375,0.375]},"thirdperson_lefthand":{"rotation":[75,45,0],"translation":[0,2.5,0],"scale":[0.375,0.375,0.375]},"firstperson_righthand":{"rotation":[0,45,0],"scale":[0.4,0.4,0.4]},"firstperson_lefthand":{"rotation":[0,225,0],"scale":[0.4,0.4,0.4]},"ground":{"translation":[0,3,0],"scale":[0.25,0.25,0.25]},"gui":{"rotation":[30,-135,0],"translation":[0,2.5,0],"scale":[0.7,0.7,0.7]},"fixed":{"rotation":[-90,0,0],"translation":[0,0,-16],"scale":[2,2,2]},"head":{"scale":[1,1,1],"translation":[0.0,14.5,0.0]}}}