{"credit":"Made with Blockbench","texture_size":[32,32],"textures":{"2":"custom/general/decoration/dungeon/metal_bars_stacked_copper"},"elements":[{"from":[6.5,0,2],"to":[9.5,2,13],"rotation":{"angle":0,"axis":"y","origin":[23.5,6,7.5]},"faces":{"north":{"uv":[8.5,11,10,12],"texture":"#2"},"east":{"uv":[9,2,14.5,3],"texture":"#2"},"south":{"uv":[10,11,11.5,12],"texture":"#2"},"west":{"uv":[9,3,14.5,4],"texture":"#2"},"up":{"uv":[4.5,5.5,3,0],"texture":"#2"},"down":{"uv":[6,0,4.5,5.5],"texture":"#2"}}},{"from":[6.5,4,2],"to":[9.5,6,13],"rotation":{"angle":0,"axis":"y","origin":[23.5,6,7.5]},"faces":{"north":{"uv":[7.5,12,9,13],"texture":"#2"},"east":{"uv":[9,10,14.5,11],"texture":"#2"},"south":{"uv":[9,12,10.5,13],"texture":"#2"},"west":{"uv":[0,11,5.5,12],"texture":"#2"},"up":{"uv":[9,5.5,7.5,0],"texture":"#2"},"down":{"uv":[9,5.5,7.5,11],"texture":"#2"}}},{"from":[2.5,0,2],"to":[5.5,2,13],"rotation":{"angle":0,"axis":"y","origin":[23.5,6,7.5]},"faces":{"north":{"uv":[1.5,12,3,13],"texture":"#2"},"east":{"uv":[9,6,14.5,7],"texture":"#2"},"south":{"uv":[3,12,4.5,13],"texture":"#2"},"west":{"uv":[9,7,14.5,8],"texture":"#2"},"up":{"uv":[4.5,11,3,5.5],"texture":"#2"},"down":{"uv":[6,5.5,4.5,11],"texture":"#2"}}},{"from":[8.5,2,2],"to":[11.5,4,13],"rotation":{"angle":0,"axis":"y","origin":[23.5,6,7.5]},"faces":{"north":{"uv":[11.5,11,13,12],"texture":"#2"},"east":{"uv":[9,4,14.5,5],"texture":"#2"},"south":{"uv":[0,12,1.5,13],"texture":"#2"},"west":{"uv":[9,5,14.5,6],"texture":"#2"},"up":{"uv":[1.5,11,0,5.5],"texture":"#2"},"down":{"uv":[3,5.5,1.5,11],"texture":"#2"}}},{"from":[4.5,2,2],"to":[7.5,4,13],"rotation":{"angle":0,"axis":"y","origin":[23.5,6,7.5]},"faces":{"north":{"uv":[4.5,12,6,13],"texture":"#2"},"east":{"uv":[9,8,14.5,9],"texture":"#2"},"south":{"uv":[6,12,7.5,13],"texture":"#2"},"west":{"uv":[9,9,14.5,10],"texture":"#2"},"up":{"uv":[7.5,5.5,6,0],"texture":"#2"},"down":{"uv":[7.5,5.5,6,11],"texture":"#2"}}},{"from":[10.5,0,2],"to":[13.5,2,13],"rotation":{"angle":0,"axis":"y","origin":[23.5,6,7.5]},"faces":{"north":{"uv":[5.5,11,7,12],"texture":"#2"},"east":{"uv":[9,0,14.5,1],"texture":"#2"},"south":{"uv":[7,11,8.5,12],"texture":"#2"},"west":{"uv":[9,1,14.5,2],"texture":"#2"},"up":{"uv":[1.5,5.5,0,0],"texture":"#2"},"down":{"uv":[3,0,1.5,5.5],"texture":"#2"}}}],"display":{"thirdperson_righthand":{"rotation":[75,45,0],"translation":[0,2.5,0],"scale":[0.375,0.375,0.375]},"thirdperson_lefthand":{"rotation":[75,45,0],"translation":[0,2.5,0],"scale":[0.375,0.375,0.375]},"firstperson_righthand":{"rotation":[0,45,0],"scale":[0.4,0.4,0.4]},"firstperson_lefthand":{"rotation":[0,225,0],"scale":[0.4,0.4,0.4]},"ground":{"translation":[0,3,0],"scale":[0.25,0.25,0.25]},"gui":{"rotation":[30,-135,0],"translation":[0,2.5,0],"scale":[0.7,0.7,0.7]},"fixed":{"rotation":[-90,0,0],"translation":[0,0,-16],"scale":[2,2,2]},"head":{"scale":[1,1,1],"translation":[0.0,14.5,0.0]}}}