{"credit":"Made with Blockbench","textures":{"0":"custom/general/decoration/dungeon/skeleton"},"elements":[{"name":"head","from":[3,12.18776,16.19276],"to":[11,20.18776,16.19276],"rotation":{"angle":0,"axis":"y","origin":[7,17.18776,16.19276]},"faces":{"north":{"uv":[6,4,8,8],"texture":"#0"},"east":{"uv":[0,4,2,8],"texture":"#0"},"south":{"uv":[6,4,8,8],"texture":"#0"},"west":{"uv":[4,4,6,8],"texture":"#0"},"up":{"uv":[4,4,2,0],"texture":"#0"},"down":{"uv":[6,0,4,4],"texture":"#0"}}},{"name":"head","from":[11,12.18776,8.19276],"to":[11,20.18776,16.19276],"rotation":{"angle":0,"axis":"y","origin":[7,17.18776,16.19276]},"faces":{"north":{"uv":[2,4,4,8],"texture":"#0"},"east":{"uv":[0,4,2,8],"texture":"#0"},"south":{"uv":[6,4,8,8],"texture":"#0"},"west":{"uv":[4,4,6,8],"texture":"#0"},"up":{"uv":[4,4,2,0],"texture":"#0"},"down":{"uv":[6,0,4,4],"texture":"#0"}}},{"name":"head","from":[3,20.18776,8.19276],"to":[11,20.18776,16.19276],"rotation":{"angle":0,"axis":"y","origin":[7,17.18776,16.19276]},"faces":{"north":{"uv":[2,4,4,8],"texture":"#0"},"east":{"uv":[0,4,2,8],"texture":"#0"},"south":{"uv":[6,4,8,8],"texture":"#0"},"west":{"uv":[4,4,6,8],"texture":"#0"},"up":{"uv":[4,4,2,0],"texture":"#0"},"down":{"uv":[4,0,2,4],"texture":"#0"}}},{"name":"head","from":[3,12.18776,8.19276],"to":[11,12.18776,16.19276],"rotation":{"angle":0,"axis":"y","origin":[7,17.18776,16.19276]},"faces":{"north":{"uv":[2,4,4,8],"texture":"#0"},"east":{"uv":[0,4,2,8],"texture":"#0"},"south":{"uv":[6,4,8,8],"texture":"#0"},"west":{"uv":[4,4,6,8],"texture":"#0"},"up":{"uv":[6,4,4,0],"texture":"#0"},"down":{"uv":[6,0,4,4],"texture":"#0"}}},{"name":"head","from":[3,12.18776,8.19276],"to":[3,20.18776,16.19276],"rotation":{"angle":0,"axis":"y","origin":[7,17.18776,16.19276]},"faces":{"north":{"uv":[2,4,4,8],"texture":"#0"},"east":{"uv":[0,4,2,8],"texture":"#0"},"south":{"uv":[6,4,8,8],"texture":"#0"},"west":{"uv":[4,4,6,8],"texture":"#0"},"up":{"uv":[4,4,2,0],"texture":"#0"},"down":{"uv":[6,0,4,4],"texture":"#0"}}},{"name":"head","from":[3,12.18776,8.19276],"to":[11,20.18776,8.19276],"rotation":{"angle":0,"axis":"y","origin":[7,17.18776,16.19276]},"faces":{"north":{"uv":[2,4,4,8],"texture":"#0"},"east":{"uv":[0,4,2,8],"texture":"#0"},"south":{"uv":[4,4,2,8],"texture":"#0"},"west":{"uv":[4,4,6,8],"texture":"#0"},"up":{"uv":[4,4,2,0],"texture":"#0"},"down":{"uv":[6,0,4,4],"texture":"#0"}}},{"name":"body","from":[3,0,6],"to":[3,12,10],"rotation":{"angle":22.5,"axis":"x","origin":[7,2,8]},"faces":{"north":{"uv":[5,10,7,16],"texture":"#0"},"east":{"uv":[8,10,7,16],"texture":"#0"},"south":{"uv":[8,10,10,16],"texture":"#0"},"west":{"uv":[7,10,8,16],"texture":"#0"},"up":{"uv":[7,10,5,8],"texture":"#0"},"down":{"uv":[9,8,7,10],"texture":"#0"}}},{"name":"body","from":[11,0,6],"to":[11,12,10],"rotation":{"angle":22.5,"axis":"x","origin":[7,2,8]},"faces":{"north":{"uv":[7,10,5,16],"texture":"#0"},"east":{"uv":[8,10,7,16],"texture":"#0"},"south":{"uv":[10,10,8,16],"texture":"#0"},"west":{"uv":[7,10,8,16],"texture":"#0"},"up":{"uv":[5,10,7,8],"texture":"#0"},"down":{"uv":[7,8,9,10],"texture":"#0"}}},{"name":"body","from":[3,0,10],"to":[11,12,10],"rotation":{"angle":22.5,"axis":"x","origin":[7,2,8]},"faces":{"north":{"uv":[10,10,8,16],"texture":"#0"},"east":{"uv":[4,10,5,16],"texture":"#0"},"south":{"uv":[8,10,10,16],"texture":"#0"},"west":{"uv":[7,10,8,16],"texture":"#0"},"up":{"uv":[7,10,5,8],"texture":"#0"},"down":{"uv":[9,8,7,10],"texture":"#0"}}},{"name":"body","from":[3,0,6],"to":[11,0,10],"rotation":{"angle":22.5,"axis":"x","origin":[7,2,8]},"faces":{"north":{"uv":[5,10,7,16],"texture":"#0"},"east":{"uv":[4,10,5,16],"texture":"#0"},"south":{"uv":[8,10,10,16],"texture":"#0"},"west":{"uv":[7,10,8,16],"texture":"#0"},"up":{"uv":[9,10,7,8],"texture":"#0"},"down":{"uv":[9,8,7,10],"texture":"#0"}}},{"name":"body","from":[3,0,6],"to":[11,12,6],"rotation":{"angle":22.5,"axis":"x","origin":[7,2,8]},"faces":{"north":{"uv":[5,10,7,16],"texture":"#0"},"east":{"uv":[4,10,5,16],"texture":"#0"},"south":{"uv":[7,10,5,16],"texture":"#0"},"west":{"uv":[7,10,8,16],"texture":"#0"},"up":{"uv":[7,10,5,8],"texture":"#0"},"down":{"uv":[9,8,7,10],"texture":"#0"}}},{"name":"left_arm","from":[1,-2.13132,11.90085],"to":[3,9.86868,13.90085],"shade":false,"rotation":{"angle":45,"axis":"x","origin":[2,9.25345,12.83519]},"faces":{"north":{"uv":[11,9,10.5,15],"texture":"#0"},"east":{"uv":[11.5,9,11,15],"texture":"#0"},"south":{"uv":[12,9,11.5,15],"texture":"#0"},"west":{"uv":[10.5,9,10,15],"texture":"#0"},"up":{"uv":[10.5,9,11,8],"texture":"#0"},"down":{"uv":[11,8,11.5,9],"texture":"#0"}}},{"name":"right_arm","from":[12.57487,0.02122,9.83519],"to":[14.57487,12.02122,11.83519],"rotation":{"angle":22.5,"axis":"z","origin":[14.47487,6.02122,10.83519]},"faces":{"north":{"uv":[10.5,9,11,15],"texture":"#0"},"east":{"uv":[10,9,10.5,15],"texture":"#0"},"south":{"uv":[11.5,9,12,15],"texture":"#0"},"west":{"uv":[11,9,11.5,15],"texture":"#0"},"up":{"uv":[11,9,10.5,8],"texture":"#0"},"down":{"uv":[11.5,8,11,9],"texture":"#0"}}},{"name":"left_leg","from":[-7,-0.1,7],"to":[5,1.9,9],"shade":false,"rotation":{"angle":-22.5,"axis":"y","origin":[5,2,8]},"faces":{"north":{"uv":[1.5,9,1,15],"rotation":270,"texture":"#0"},"east":{"uv":[0.5,9,1,8],"texture":"#0"},"south":{"uv":[0.5,9,0,15],"rotation":90,"texture":"#0"},"west":{"uv":[1,8,1.5,9],"rotation":180,"texture":"#0"},"up":{"uv":[1,9,0.5,15],"rotation":90,"texture":"#0"},"down":{"uv":[2,9,1.5,15],"rotation":90,"texture":"#0"}}},{"name":"right_leg","from":[8,-0.1,-3],"to":[10,1.9,9],"rotation":{"angle":-22.5,"axis":"y","origin":[9,1,8]},"faces":{"north":{"uv":[1.5,8,1,9],"rotation":180,"texture":"#0"},"east":{"uv":[0,9,0.5,15],"rotation":270,"texture":"#0"},"south":{"uv":[1,9,0.5,8],"texture":"#0"},"west":{"uv":[1,9,1.5,15],"rotation":90,"texture":"#0"},"up":{"uv":[0.5,9,1,15],"rotation":180,"texture":"#0"},"down":{"uv":[1.5,9,2,15],"texture":"#0"}}}],"display":{"thirdperson_righthand":{"rotation":[75,45,0],"translation":[0,2.5,0],"scale":[0.375,0.375,0.375]},"thirdperson_lefthand":{"rotation":[75,45,0],"translation":[0,2.5,0],"scale":[0.375,0.375,0.375]},"firstperson_righthand":{"rotation":[0,45,0],"scale":[0.4,0.4,0.4]},"firstperson_lefthand":{"rotation":[0,225,0],"scale":[0.4,0.4,0.4]},"ground":{"translation":[0,3,0],"scale":[0.25,0.25,0.25]},"gui":{"rotation":[30,-135,0],"translation":[0,-0.5,0],"scale":[0.5,0.5,0.5]},"fixed":{"rotation":[-90,-90,0],"translation":[0,0,-16],"scale":[2,2,2]},"head":{"scale":[1,1,1],"translation":[0.0,14.5,0.0]}},"groups":[{"name":"head","origin":[0,24,0],"color":0,"children":[0,1,2,3,4,5]},{"name":"body","origin":[0,24,0],"color":0,"children":[6,7,8,9,10]},{"name":"left_arm","origin":[5,22,0],"color":0,"shade":false,"children":[11]},{"name":"right_arm","origin":[-5,22,0],"color":0,"children":[12]},{"name":"left_leg","origin":[2,12,0.1],"color":0,"shade":false,"children":[13]},{"name":"right_leg","origin":[-2,12,0.1],"color":0,"children":[14]}]}