{"credit":"Made with Blockbench","texture_size":[64,64],"textures":{"1":"custom/general/decoration/dungeon/tombstone_big","particle":"custom/general/decoration/dungeon/tombstone_big"},"elements":[{"from":[0,3,10],"to":[16,17,15],"faces":{"north":{"uv":[0,0,4,3.5],"texture":"#1"},"east":{"uv":[4,6,5.25,9.5],"texture":"#1"},"south":{"uv":[0,3.5,4,7],"texture":"#1"},"west":{"uv":[5.25,6,6.5,9.5],"texture":"#1"},"up":{"uv":[8,4.75,4,3.5],"texture":"#1"},"down":{"uv":[8,4.75,4,6],"texture":"#1"}}},{"from":[-1,0,9],"to":[17,3,16],"faces":{"north":{"uv":[6.5,6,11,6.75],"texture":"#1"},"east":{"uv":[0,8.25,1.75,9],"texture":"#1"},"south":{"uv":[6.5,6.75,11,7.5],"texture":"#1"},"west":{"uv":[1.75,8.25,3.5,9],"texture":"#1"},"up":{"uv":[8.5,1.75,4,0],"texture":"#1"},"down":{"uv":[8.5,1.75,4,3.5],"texture":"#1"}}},{"from":[3,17,10],"to":[13,21,15],"faces":{"north":{"uv":[8,3.5,10.5,4.5],"texture":"#1"},"east":{"uv":[2.5,7,3.75,8],"texture":"#1"},"south":{"uv":[8,4.5,10.5,5.5],"texture":"#1"},"west":{"uv":[8.5,0,9.75,1],"texture":"#1"},"up":{"uv":[2.5,8.25,0,7],"texture":"#1"},"down":{"uv":[9,7.5,6.5,8.75],"texture":"#1"}}},{"from":[7,21,12],"to":[9,31,13],"faces":{"north":{"uv":[3.5,8,4,10.5],"texture":"#1"},"east":{"uv":[2.5,9,2.75,11.5],"texture":"#1"},"south":{"uv":[8.5,1,9,3.5],"texture":"#1"},"west":{"uv":[2.75,9,3,11.5],"texture":"#1"},"up":{"uv":[6.5,9.75,6,9.5],"texture":"#1"},"down":{"uv":[10,8.25,9.5,8.5],"texture":"#1"}}},{"from":[4,27,12],"to":[7,29,13],"faces":{"north":{"uv":[8,5.5,8.75,6],"texture":"#1"},"east":{"uv":[3.75,7,4,7.5],"texture":"#1"},"south":{"uv":[8.75,5.5,9.5,6],"texture":"#1"},"west":{"uv":[3.75,7.5,4,8],"texture":"#1"},"up":{"uv":[3.25,8.25,2.5,8],"texture":"#1"},"down":{"uv":[10.25,7.5,9.5,7.75],"texture":"#1"}}},{"from":[9,27,12],"to":[12,29,13],"faces":{"north":{"uv":[9.5,1,10.25,1.5],"texture":"#1"},"east":{"uv":[9.5,8.5,9.75,9],"texture":"#1"},"south":{"uv":[9.5,1.5,10.25,2],"texture":"#1"},"west":{"uv":[9.5,9,9.75,9.5],"texture":"#1"},"up":{"uv":[10.25,8,9.5,7.75],"texture":"#1"},"down":{"uv":[10.25,8,9.5,8.25],"texture":"#1"}}},{"from":[13,17,10],"to":[15,23,12],"faces":{"north":{"uv":[8.5,8.75,9,10.25],"texture":"#1"},"east":{"uv":[0,9,0.5,10.5],"texture":"#1","tintindex":0},"south":{"uv":[0.5,9,1,10.5],"texture":"#1","tintindex":0},"west":{"uv":[1,9,1.5,10.5],"texture":"#1"},"up":{"uv":[10,2.5,9.5,2],"texture":"#1"},"down":{"uv":[10,2.5,9.5,3],"texture":"#1"}}},{"from":[1,17,10],"to":[3,25,12],"faces":{"north":{"uv":[6.5,8.75,7,10.75],"texture":"#1"},"east":{"uv":[7,8.75,7.5,10.75],"texture":"#1","tintindex":0},"south":{"uv":[7.5,8.75,8,10.75],"texture":"#1","tintindex":0},"west":{"uv":[8,8.75,8.5,10.75],"texture":"#1"},"up":{"uv":[5,10,4.5,9.5],"texture":"#1"},"down":{"uv":[5.5,9.5,5,10],"texture":"#1"}}},{"from":[14,17,12],"to":[16,20,14],"faces":{"north":{"uv":[3,9,3.5,9.75],"texture":"#1"},"east":{"uv":[9,7.5,9.5,8.25],"texture":"#1","tintindex":0},"south":{"uv":[9,8.25,9.5,9],"texture":"#1","tintindex":0},"west":{"uv":[9,9,9.5,9.75],"texture":"#1"},"up":{"uv":[10,3.5,9.5,3],"texture":"#1"},"down":{"uv":[4.5,9.5,4,10],"texture":"#1"}}},{"from":[13.5,23,11],"to":[14.5,24,11],"rotation":{"angle":0,"axis":"y","origin":[13,23,10]},"faces":{"north":{"uv":[3.25,8,3.5,8.25],"texture":"#1"},"east":{"uv":[0,0,0,0.25],"texture":"#1"},"south":{"uv":[9.5,9.5,9.75,9.75],"texture":"#1"},"west":{"uv":[0,0,0,0.25],"texture":"#1"},"up":{"uv":[0.25,0,0,0],"texture":"#1"},"down":{"uv":[0.25,0,0,0],"texture":"#1"}}},{"from":[14,23,10.5],"to":[14,24,11.5],"rotation":{"angle":0,"axis":"y","origin":[13,23,10]},"faces":{"north":{"uv":[0,0,0,0.25],"texture":"#1"},"east":{"uv":[9.75,0,10,0.25],"texture":"#1"},"south":{"uv":[0,0,0,0.25],"texture":"#1"},"west":{"uv":[9.75,0.25,10,0.5],"texture":"#1"},"up":{"uv":[0,0.25,0,0],"texture":"#1"},"down":{"uv":[0,0,0,0.25],"texture":"#1"}}},{"from":[1.5,25,11],"to":[2.5,26,11],"rotation":{"angle":0,"axis":"y","origin":[13,23,10]},"faces":{"north":{"uv":[9.75,8.5,10,8.75],"texture":"#1"},"east":{"uv":[0,0,0,0.25],"texture":"#1"},"south":{"uv":[9.75,8.75,10,9],"texture":"#1"},"west":{"uv":[0,0,0,0.25],"texture":"#1"},"up":{"uv":[0.25,0,0,0],"texture":"#1"},"down":{"uv":[0.25,0,0,0],"texture":"#1"}}},{"from":[2,25,10.5],"to":[2,26,11.5],"rotation":{"angle":0,"axis":"y","origin":[13,23,10]},"faces":{"north":{"uv":[0,0,0,0.25],"texture":"#1"},"east":{"uv":[6,9.75,6.25,10],"texture":"#1"},"south":{"uv":[0,0,0,0.25],"texture":"#1"},"west":{"uv":[6.25,9.75,6.5,10],"texture":"#1"},"up":{"uv":[0,0.25,0,0],"texture":"#1"},"down":{"uv":[0,0,0,0.25],"texture":"#1"}}},{"from":[15,20,12.5],"to":[15,21,13.5],"rotation":{"angle":0,"axis":"y","origin":[13,23,10]},"faces":{"north":{"uv":[0,0,0,0.25],"texture":"#1"},"east":{"uv":[3,9.75,3.25,10],"texture":"#1"},"south":{"uv":[0,0,0,0.25],"texture":"#1"},"west":{"uv":[3.25,9.75,3.5,10],"texture":"#1"},"up":{"uv":[0,0.25,0,0],"texture":"#1"},"down":{"uv":[0,0,0,0.25],"texture":"#1"}}},{"from":[14.5,20,13],"to":[15.5,21,13],"rotation":{"angle":0,"axis":"y","origin":[13,23,10]},"faces":{"north":{"uv":[9.75,0.5,10,0.75],"texture":"#1"},"east":{"uv":[0,0,0,0.25],"texture":"#1"},"south":{"uv":[9.75,0.75,10,1],"texture":"#1"},"west":{"uv":[0,0,0,0.25],"texture":"#1"},"up":{"uv":[0.25,0,0,0],"texture":"#1"},"down":{"uv":[0.25,0,0,0],"texture":"#1"}}},{"from":[0,17,12],"to":[2,22,14],"faces":{"north":{"uv":[9,1,9.5,2.25],"texture":"#1"},"east":{"uv":[1.5,9,2,10.25],"texture":"#1","tintindex":0},"south":{"uv":[2,9,2.5,10.25],"texture":"#1","tintindex":0},"west":{"uv":[9,2.25,9.5,3.5],"texture":"#1"},"up":{"uv":[6,10,5.5,9.5],"texture":"#1"},"down":{"uv":[10,5.5,9.5,6],"texture":"#1"}}},{"from":[0.5,22,13],"to":[1.5,23,13],"rotation":{"angle":0,"axis":"y","origin":[13,23,10]},"faces":{"north":{"uv":[9.25,9.75,9.5,10],"texture":"#1"},"east":{"uv":[0,0,0,0.25],"texture":"#1"},"south":{"uv":[9.75,9.25,10,9.5],"texture":"#1"},"west":{"uv":[0,0,0,0.25],"texture":"#1"},"up":{"uv":[0.25,0,0,0],"texture":"#1"},"down":{"uv":[0.25,0,0,0],"texture":"#1"}}},{"from":[1,22,12.5],"to":[1,23,13.5],"rotation":{"angle":0,"axis":"y","origin":[13,23,10]},"faces":{"north":{"uv":[0,0,0,0.25],"texture":"#1"},"east":{"uv":[9,9.75,9.25,10],"texture":"#1"},"south":{"uv":[0,0,0,0.25],"texture":"#1"},"west":{"uv":[9.75,9,10,9.25],"texture":"#1"},"up":{"uv":[0,0.25,0,0],"texture":"#1"},"down":{"uv":[0,0,0,0.25],"texture":"#1"}}}],"display":{"thirdperson_righthand":{"rotation":[75,45,0],"translation":[0,2.5,0],"scale":[0.375,0.375,0.375]},"thirdperson_lefthand":{"rotation":[75,45,0],"translation":[0,2.5,0],"scale":[0.375,0.375,0.375]},"firstperson_righthand":{"rotation":[0,45,0],"scale":[0.4,0.4,0.4]},"firstperson_lefthand":{"rotation":[0,225,0],"scale":[0.4,0.4,0.4]},"ground":{"translation":[0,3,0],"scale":[0.25,0.25,0.25]},"gui":{"rotation":[30,-135,0],"translation":[1.75,-2.75,0],"scale":[0.45,0.45,0.45]},"head":{"translation":[0,14.5,0]},"fixed":{"rotation":[-90,-90,0],"translation":[0,0,-16],"scale":[2,2,2]}}}