{"credit":"Made with Blockbench","texture_size":[128,128],"textures":{"2":"custom/event/onlyup_board","particle":"custom/event/onlyup_board"},"elements":[{"from":[-10,16,-2.5],"to":[26,18,-0.5],"faces":{"north":{"uv":[0.25,4.75,4.75,5],"texture":"#2"},"east":{"uv":[0,4.75,0.25,5],"texture":"#2"},"south":{"uv":[5,4.75,9.5,5],"texture":"#2"},"west":{"uv":[4.75,4.75,5,5],"texture":"#2"},"up":{"uv":[4.75,4.75,0.25,4.5],"texture":"#2"},"down":{"uv":[9.25,4.5,4.75,4.75],"texture":"#2"}}},{"from":[2.5,15.5,-3],"to":[13.5,18.5,0],"faces":{"north":{"uv":[0.375,5.375,1.75,5.75],"texture":"#2"},"east":{"uv":[0,5.375,0.375,5.75],"texture":"#2"},"south":{"uv":[2.125,5.375,3.5,5.75],"texture":"#2"},"west":{"uv":[1.75,5.375,2.125,5.75],"texture":"#2"},"up":{"uv":[1.75,5.375,0.375,5],"texture":"#2"},"down":{"uv":[3.125,5,1.75,5.375],"texture":"#2"}}},{"from":[-10,-2,-2.5],"to":[26,0,-0.5],"faces":{"north":{"uv":[0.25,4.25,4.75,4.5],"texture":"#2"},"east":{"uv":[0,4.25,0.25,4.5],"texture":"#2"},"south":{"uv":[5,4.25,9.5,4.5],"texture":"#2"},"west":{"uv":[4.75,4.25,5,4.5],"texture":"#2"},"up":{"uv":[4.75,4.25,0.25,4],"texture":"#2"},"down":{"uv":[9.25,4,4.75,4.25],"texture":"#2"}}},{"from":[24,0,-2.5],"to":[26,16,-0.5],"faces":{"north":{"uv":[2.25,6,2.5,8],"texture":"#2"},"east":{"uv":[2,6,2.25,8],"texture":"#2"},"south":{"uv":[2.75,6,3,8],"texture":"#2"},"west":{"uv":[2.5,6,2.75,8],"texture":"#2"},"up":{"uv":[2.5,6,2.25,5.75],"texture":"#2"},"down":{"uv":[2.75,5.75,2.5,6],"texture":"#2"}}},{"from":[-10,0,-2.5],"to":[-8,16,-0.5],"faces":{"north":{"uv":[5.75,5.25,6,7.25],"texture":"#2"},"east":{"uv":[5.5,5.25,5.75,7.25],"texture":"#2"},"south":{"uv":[6.25,5.25,6.5,7.25],"texture":"#2"},"west":{"uv":[6,5.25,6.25,7.25],"texture":"#2"},"up":{"uv":[6,5.25,5.75,5],"texture":"#2"},"down":{"uv":[6.25,5,6,5.25],"texture":"#2"}}},{"from":[0,0,-1],"to":[0,8,7],"faces":{"north":{"uv":[1,5.75,1,6.75],"texture":"#2"},"east":{"uv":[0,5.75,1,6.75],"texture":"#2"},"south":{"uv":[2,5.75,2,6.75],"texture":"#2"},"west":{"uv":[1,5.75,2,6.75],"texture":"#2"},"up":{"uv":[1,5.75,1,4.75],"texture":"#2"},"down":{"uv":[1,4.75,1,5.75],"texture":"#2"}}},{"from":[16,0,-1],"to":[16,8,7],"faces":{"north":{"uv":[4.5,5,4.5,6],"texture":"#2"},"east":{"uv":[3.5,5,4.5,6],"texture":"#2"},"south":{"uv":[5.5,5,5.5,6],"texture":"#2"},"west":{"uv":[4.5,5,5.5,6],"texture":"#2"},"up":{"uv":[4.5,5,4.5,4],"texture":"#2"},"down":{"uv":[4.5,4,4.5,5],"texture":"#2"}}},{"name":"ad","from":[-8,0,-2],"to":[24,16,-2],"faces":{"north":{"uv":[0,8,16,16],"texture":"#2"},"east":{"uv":[8,2,8,4],"texture":"#2"},"south":{"uv":[12,2,16,4],"texture":"#2"},"west":{"uv":[12,2,12,4],"texture":"#2"},"up":{"uv":[12,2,8,2],"texture":"#2"},"down":{"uv":[16,2,12,2],"texture":"#2"}}},{"name":"ad_shadow","from":[-8,0,-2.25],"to":[24,16,-2.25],"faces":{"north":{"uv":[0,2,4,4],"texture":"#2"},"east":{"uv":[0,2,0,4],"texture":"#2"},"south":{"uv":[4,2,8,4],"texture":"#2"},"west":{"uv":[4,2,4,4],"texture":"#2"},"up":{"uv":[4,2,0,2],"texture":"#2"},"down":{"uv":[8,2,4,2],"texture":"#2"}}},{"name":"back","from":[-8,0,-0.5],"to":[24,16,-0.5],"faces":{"north":{"uv":[0,0,4,2],"texture":"#2"},"east":{"uv":[0,0,0,2],"texture":"#2"},"south":{"uv":[4,0,8,2],"texture":"#2"},"west":{"uv":[4,0,4,2],"texture":"#2"},"up":{"uv":[4,0,0,0],"texture":"#2"},"down":{"uv":[8,0,4,0],"texture":"#2"}}}],"display":{"thirdperson_righthand":{"rotation":[78,92,0],"translation":[4.25,0,0],"scale":[0.46,0.46,0.46]},"thirdperson_lefthand":{"rotation":[72,98,0],"translation":[3.75,0,0],"scale":[0.4,0.4,0.4]},"firstperson_righthand":{"rotation":[2,86,0],"translation":[6.75,0,0],"scale":[0.38,0.38,0.38]},"firstperson_lefthand":{"rotation":[0,71,0],"translation":[7.25,0,0],"scale":[0.49,0.49,0.49]},"head":{"translation":[0,0,0.75]},"fixed":{"rotation":[-90,-90,0],"translation":[-52,0,-32],"scale":[4,4,4]}},"groups":[{"name":"group","origin":[8,8,8],"color":0,"children":[{"name":"frame","origin":[0,0,0],"color":2,"children":[0,1,2,3,4]},{"name":"group","origin":[0,0,0],"color":0,"children":[5,6]},7,8,9]}]}