{"credit":"Made with Blockbench","textures":{"1":"custom/general/decoration/collectibles/easter_eggs/2023_egg","2":"custom/general/decoration/collectibles/easter_eggs/sparkle_ani"},"elements":[{"from":[4,2,4],"to":[12,9,12],"faces":{"north":{"uv":[4,4.5,8,8],"texture":"#1"},"east":{"uv":[4,4.5,8,8],"texture":"#1"},"south":{"uv":[4,4.5,8,8],"texture":"#1"},"west":{"uv":[4,4.5,8,8],"texture":"#1"},"up":{"uv":[4,8,8,12],"texture":"#1"},"down":{"uv":[0,8,4,12],"texture":"#1"}}},{"from":[5,9,5],"to":[11,12,11],"faces":{"north":{"uv":[5,2,8,3.5],"texture":"#1"},"east":{"uv":[5,2,8,3.5],"texture":"#1"},"south":{"uv":[5,2,8,3.5],"texture":"#1"},"west":{"uv":[5,2,8,3.5],"texture":"#1"},"up":{"uv":[1,5,4,8],"texture":"#1"},"down":{"uv":[0,0,3,3],"texture":"#1"}}},{"from":[5,0,5],"to":[11,2,11],"faces":{"north":{"uv":[5,3.5,8,4.5],"texture":"#1"},"east":{"uv":[5,3.5,8,4.5],"texture":"#1"},"south":{"uv":[5,3.5,8,4.5],"texture":"#1"},"west":{"uv":[5,3.5,8,4.5],"texture":"#1"},"up":{"uv":[0,0,3,3],"texture":"#1"},"down":{"uv":[0,12,3,15],"texture":"#1"}}},{"from":[-0.5,12.525,7],"to":[16.5,19.525,9],"faces":{"north":{"uv":[7.5,12.5,16,16],"texture":"#1"},"east":{"uv":[0,0,1,3.5],"texture":"#1"},"south":{"uv":[7.5,12.5,16,16],"texture":"#1"},"west":{"uv":[0,0,1,3.5],"texture":"#1"},"up":{"uv":[0,0,8.5,1],"texture":"#1"},"down":{"uv":[0,0,8.5,1],"texture":"#1"}}},{"from":[-1,12.025,6.5],"to":[17,20.025,9.5],"faces":{"north":{"uv":[11,3.5,15,12.5],"rotation":90,"texture":"#1"},"east":{"uv":[11,2.5,15,4],"rotation":90,"texture":"#1"},"south":{"uv":[11,12.5,15,3.5],"rotation":90,"texture":"#1"},"west":{"uv":[11,2.5,15,4],"rotation":90,"texture":"#1"},"up":{"uv":[10,12.5,11.5,3.5],"rotation":90,"texture":"#1"},"down":{"uv":[14.5,3.5,16,12.5],"rotation":90,"texture":"#1"}}},{"from":[17,12.025,6.5],"to":[-1,20.025,9.5],"faces":{"north":{"uv":[11,3.5,15,12.5],"rotation":90,"texture":"#1"},"east":{"uv":[11,2.5,15,4],"rotation":90,"texture":"#1"},"south":{"uv":[11,12.5,15,3.5],"rotation":90,"texture":"#1"},"west":{"uv":[11,2.5,15,4],"rotation":90,"texture":"#1"},"up":{"uv":[10,3.5,11.5,12.5],"rotation":90,"texture":"#1"},"down":{"uv":[14.5,3.5,16,12.5],"rotation":90,"texture":"#1"}}},{"from":[13,16,6],"to":[20,23,6],"faces":{"north":{"uv":[7,7,14,14],"texture":"#2"},"east":{"uv":[0,0,0,1],"texture":"#2"},"west":{"uv":[0,0,0,1],"texture":"#2"},"up":{"uv":[0,0,8,0],"texture":"#2"},"down":{"uv":[0,0,8,0],"texture":"#2"}}},{"from":[1,5,3],"to":[8,12,3],"faces":{"north":{"uv":[0,0,7,7],"texture":"#2"},"east":{"uv":[0,0,0,1],"texture":"#2"},"west":{"uv":[0,0,0,1],"texture":"#2"},"up":{"uv":[0,0,8,0],"texture":"#2"},"down":{"uv":[0,0,8,0],"texture":"#2"}}},{"from":[8,0,3],"to":[15,7,3],"faces":{"north":{"uv":[7,7,14,14],"texture":"#2"},"east":{"uv":[0,0,0,1],"texture":"#2"},"west":{"uv":[0,0,0,1],"texture":"#2"},"up":{"uv":[0,0,8,0],"texture":"#2"},"down":{"uv":[0,0,8,0],"texture":"#2"}}},{"from":[-4,16,10],"to":[3,23,10],"faces":{"east":{"uv":[0,0,0,1],"texture":"#2"},"south":{"uv":[7,7,14,14],"texture":"#2"},"west":{"uv":[0,0,0,1],"texture":"#2"},"up":{"uv":[0,0,8,0],"texture":"#2"},"down":{"uv":[0,0,8,0],"texture":"#2"}}},{"from":[8,5,13],"to":[15,12,13],"faces":{"east":{"uv":[0,0,0,1],"texture":"#2"},"south":{"uv":[0,0,7,7],"texture":"#2"},"west":{"uv":[0,0,0,1],"texture":"#2"},"up":{"uv":[0,0,8,0],"texture":"#2"},"down":{"uv":[0,0,8,0],"texture":"#2"}}},{"from":[1,0,13],"to":[8,7,13],"faces":{"east":{"uv":[0,0,0,1],"texture":"#2"},"south":{"uv":[7,7,14,14],"texture":"#2"},"west":{"uv":[0,0,0,1],"texture":"#2"},"up":{"uv":[0,0,8,0],"texture":"#2"},"down":{"uv":[0,0,8,0],"texture":"#2"}}}],"display":{"thirdperson_righthand":{"rotation":[60,135,0],"translation":[0,3,0.25],"scale":[0.5,0.5,0.5]},"thirdperson_lefthand":{"rotation":[60,135,0],"translation":[0,3,0.25],"scale":[0.5,0.5,0.5]},"firstperson_righthand":{"rotation":[0,135,0],"translation":[0,3,0],"scale":[0.6,0.6,0.6]},"firstperson_lefthand":{"rotation":[0,135,0],"translation":[0,3,0],"scale":[0.6,0.6,0.6]},"ground":{"translation":[0,3,0],"scale":[0.3,0.3,0.3]},"gui":{"rotation":[30,-135,0],"translation":[0,-1.25,0],"scale":[0.6,0.6,0.6]},"fixed":{"rotation":[-90,-90,0],"translation":[0,0,-16],"scale":[2,2,2]}}}