{"credit":"Made with Blockbench","texture_size":[32,32],"textures":{"1":"custom/general/decoration/collectibles/easter_eggs/alien_egg"},"elements":[{"from":[4,2,4],"to":[12,9,12],"faces":{"north":{"uv":[4,4.5,8,8],"texture":"#1"},"east":{"uv":[0,4.5,4,8],"texture":"#1"},"south":{"uv":[0,1,4,4.5],"texture":"#1"},"west":{"uv":[4,4.5,0,8],"texture":"#1"},"up":{"uv":[4,8,8,12],"texture":"#1"},"down":{"uv":[0,8,4,12],"texture":"#1"}}},{"from":[5,9,5],"to":[11,12,11],"faces":{"north":{"uv":[5,2,8,3.5],"texture":"#1"},"east":{"uv":[5,2,8,3.5],"texture":"#1"},"south":{"uv":[5,2,8,3.5],"texture":"#1"},"west":{"uv":[5,2,8,3.5],"texture":"#1"},"up":{"uv":[8,4.5,11,7.5],"texture":"#1"},"down":{"uv":[0,0,3,3],"texture":"#1"}}},{"from":[5,0,5],"to":[11,2,11],"faces":{"north":{"uv":[5,3.5,8,4.5],"texture":"#1"},"east":{"uv":[5,3.5,8,4.5],"texture":"#1"},"south":{"uv":[5,3.5,8,4.5],"texture":"#1"},"west":{"uv":[5,3.5,8,4.5],"texture":"#1"},"up":{"uv":[0,0,3,3],"texture":"#1"},"down":{"uv":[8,1.5,11,4.5],"texture":"#1"}}},{"from":[3.75,2.75,3.75],"to":[12.25,6.25,6.25],"rotation":{"angle":0,"axis":"y","origin":[0,-1,0]},"faces":{"north":{"uv":[12,0,16,1.5],"texture":"#1"},"east":{"uv":[12,0,11,1.5],"texture":"#1"},"west":{"uv":[11,0,12,1.5],"texture":"#1"}}},{"from":[12.25,2.75,3.75],"to":[3.75,6.25,6.25],"rotation":{"angle":0,"axis":"y","origin":[8.5,-1,0]},"faces":{"north":{"uv":[12,0,16,1.5],"texture":"#1"},"east":{"uv":[12,0,11,1.5],"texture":"#1"},"west":{"uv":[11,0,12,1.5],"texture":"#1"}}},{"from":[2.5,8.35,4.25],"to":[5.5,12.35,4.25],"rotation":{"angle":22.5,"axis":"z","origin":[4,8.35,4.25]},"faces":{"north":{"uv":[16,1.5,14.5,3.5],"texture":"#1"},"east":{"uv":[0,0,0,2],"texture":"#missing"},"south":{"uv":[14.5,1.5,16,3.5],"texture":"#1"},"west":{"uv":[0,0,0,2],"texture":"#missing"},"up":{"uv":[0,0,1.5,0],"texture":"#missing"},"down":{"uv":[0,0,1.5,0],"texture":"#missing"}}},{"from":[10.5,8.35,4.25],"to":[13.5,12.35,4.25],"rotation":{"angle":-22.5,"axis":"z","origin":[12,8.35,4.25]},"faces":{"north":{"uv":[14.5,1.5,16,3.5],"texture":"#1"},"east":{"uv":[0,0,0,2],"texture":"#missing"},"south":{"uv":[16,1.5,14.5,3.5],"texture":"#1"},"west":{"uv":[0,0,0,2],"texture":"#missing"},"up":{"uv":[0,0,1.5,0],"texture":"#missing"},"down":{"uv":[0,0,1.5,0],"texture":"#missing"}}}],"display":{"thirdperson_righthand":{"rotation":[60,135,0],"translation":[0,3,0.25],"scale":[0.5,0.5,0.5]},"thirdperson_lefthand":{"rotation":[60,135,0],"translation":[0,3,0.25],"scale":[0.5,0.5,0.5]},"firstperson_righthand":{"rotation":[0,135,0],"translation":[0,3,0],"scale":[0.6,0.6,0.6]},"firstperson_lefthand":{"rotation":[0,135,0],"translation":[0,3,0],"scale":[0.6,0.6,0.6]},"ground":{"translation":[0,3,0],"scale":[0.3,0.3,0.3]},"gui":{"rotation":[30,-135,0],"translation":[0,1.5,0]},"fixed":{"rotation":[-90,-90,0],"translation":[0,0,-16],"scale":[2,2,2]}}}