{"credit":"Made with Blockbench","texture_size":[32,32],"textures":{"0":"custom/general/decoration/collectibles/easter_eggs/chick_egg","particle":"custom/general/decoration/collectibles/easter_eggs/chick_egg"},"elements":[{"from":[7,7,2.5],"to":[9,8,4.5],"rotation":{"angle":0,"axis":"y","origin":[7,7,2.5]},"faces":{"north":{"uv":[14,2.5,15,3],"texture":"#0"},"east":{"uv":[14,2.5,14.5,3.5],"rotation":90,"texture":"#0"},"south":{"uv":[14,2.5,15,3],"texture":"#0"},"west":{"uv":[14,3.5,14.5,2.5],"rotation":90,"texture":"#0"},"up":{"uv":[14,2.5,15,3.5],"texture":"#0"},"down":{"uv":[14,3.5,15,2.5],"texture":"#0"}}},{"from":[5,4,4.5],"to":[11,11,9.5],"rotation":{"angle":0,"axis":"y","origin":[5,5,4.5]},"faces":{"north":{"uv":[11,1.5,14,5],"texture":"#0"},"east":{"uv":[11.5,5,14,8.5],"texture":"#0"},"south":{"uv":[14,5,11,8.5],"texture":"#0"},"west":{"uv":[11,5,13.5,8.5],"texture":"#0"},"up":{"uv":[11,8.5,14,11],"texture":"#0"},"down":{"uv":[0,0,3,3],"texture":"#0"}}},{"from":[5,3.025,5.5],"to":[5,7.025,10.5],"rotation":{"angle":-45,"axis":"z","origin":[5,7.025,8]},"faces":{"north":{"uv":[0,0,0,2],"texture":"#0"},"east":{"uv":[16,14,13.5,16],"texture":"#0"},"south":{"uv":[0,0,0,2],"texture":"#0"},"west":{"uv":[13.5,14,16,16],"texture":"#0"},"up":{"uv":[0,0,0,2.5],"texture":"#0"},"down":{"uv":[0,0,0,2.5],"texture":"#0"}}},{"from":[11,3.025,5.5],"to":[11,7.025,10.5],"rotation":{"angle":45,"axis":"z","origin":[11,7.025,8]},"faces":{"north":{"uv":[0,0,0,2],"texture":"#0"},"east":{"uv":[16,14,13.5,16],"texture":"#0"},"south":{"uv":[0,0,0,2],"texture":"#0"},"west":{"uv":[13.5,14,16,16],"texture":"#0"},"up":{"uv":[0,0,0,2.5],"texture":"#0"},"down":{"uv":[0,0,0,2.5],"texture":"#0"}}},{"from":[5,4,9.5],"to":[11,7,11.5],"rotation":{"angle":0,"axis":"y","origin":[5,5,5.5]},"faces":{"north":{"uv":[11,1.5,14,5],"texture":"#0"},"east":{"uv":[11,6.5,12,8],"texture":"#0"},"south":{"uv":[14,6.5,11,8],"texture":"#0"},"west":{"uv":[13,6.5,14,8],"texture":"#0"},"up":{"uv":[11,10.5,14,11.5],"texture":"#0"},"down":{"uv":[0,0,3,3],"texture":"#0"}}},{"from":[5,7,11.5],"to":[11,7,14.5],"rotation":{"angle":-22.5,"axis":"x","origin":[8,7,11.5]},"faces":{"north":{"uv":[0,0,3,0],"rotation":180,"texture":"#0"},"east":{"uv":[0,0,0,1.5],"rotation":270,"texture":"#0"},"south":{"uv":[0,0,3,0],"texture":"#0"},"west":{"uv":[0,0,0,1.5],"rotation":90,"texture":"#0"},"up":{"uv":[14,11.5,11,13],"rotation":180,"texture":"#0"},"down":{"uv":[11,11.5,14,13],"texture":"#0"}}},{"from":[4,5.75,4],"to":[12,12.75,12],"rotation":{"angle":22.5,"axis":"x","origin":[8,9.25,8]},"faces":{"north":{"uv":[8,15.5,4,12],"rotation":180,"texture":"#0"},"east":{"uv":[4,15.5,0,12],"rotation":180,"texture":"#0"},"south":{"uv":[8,15.5,4,12],"rotation":180,"texture":"#0"},"west":{"uv":[4,15.5,0,12],"rotation":180,"texture":"#0"},"up":{"uv":[4,8,8,12],"rotation":180,"texture":"#0"},"down":{"uv":[0,0,0,0],"rotation":180,"texture":"#0"}}},{"from":[5,12.75,5],"to":[11,15.75,11],"rotation":{"angle":22.5,"axis":"x","origin":[8,9.25,8]},"faces":{"north":{"uv":[8,2,5,3.5],"rotation":180,"texture":"#0"},"east":{"uv":[8,2,5,3.5],"rotation":180,"texture":"#0"},"south":{"uv":[8,2,5,3.5],"rotation":180,"texture":"#0"},"west":{"uv":[8,2,5,3.5],"rotation":180,"texture":"#0"},"up":{"uv":[8,4.5,11,7.5],"texture":"#0"},"down":{"uv":[0,0,3,3],"rotation":180,"texture":"#0"}}},{"from":[12,5.75,4],"to":[4,12.75,12],"rotation":{"angle":22.5,"axis":"x","origin":[8,9.25,8]},"faces":{"north":{"uv":[4,15.5,8,12],"rotation":180,"texture":"#0"},"east":{"uv":[0,15.5,4,12],"rotation":180,"texture":"#0"},"south":{"uv":[4,15.5,8,12],"rotation":180,"texture":"#0"},"west":{"uv":[0,15.5,4,12],"rotation":180,"texture":"#0"},"up":{"uv":[0,8,4,12],"rotation":180,"texture":"#0"},"down":{"uv":[0,0,0,0],"rotation":180,"texture":"#0"}}},{"from":[5,0,5],"to":[11,2,11],"faces":{"north":{"uv":[5,3.5,8,4.5],"texture":"#0"},"east":{"uv":[5,3.5,8,4.5],"texture":"#0"},"south":{"uv":[5,3.5,8,4.5],"texture":"#0"},"west":{"uv":[5,3.5,8,4.5],"texture":"#0"},"up":{"uv":[0,0,3,3],"texture":"#0"},"down":{"uv":[8,1.5,11,4.5],"texture":"#0"}}},{"from":[12,2,4],"to":[4,9,12],"faces":{"north":{"uv":[8,4.5,4,8],"texture":"#0"},"east":{"uv":[4,4.5,0,8],"texture":"#0"},"south":{"uv":[8,4.5,4,8],"texture":"#0"},"west":{"uv":[4,4.5,0,8],"texture":"#0"},"up":{"uv":[0,0,0,0],"texture":"#0"},"down":{"uv":[0,8,4,12],"texture":"#0"}}},{"from":[4,2,4],"to":[12,9,12],"faces":{"north":{"uv":[4,4.5,8,8],"texture":"#0"},"east":{"uv":[0,4.5,4,8],"texture":"#0"},"south":{"uv":[4,4.5,8,8],"texture":"#0"},"west":{"uv":[0,4.5,4,8],"texture":"#0"},"up":{"uv":[0,0,0,0],"texture":"#0"},"down":{"uv":[0,8,4,12],"texture":"#0"}}}],"display":{"thirdperson_righthand":{"rotation":[60,135,0],"translation":[0,3,0.25],"scale":[0.5,0.5,0.5]},"thirdperson_lefthand":{"rotation":[60,135,0],"translation":[0,3,0.25],"scale":[0.5,0.5,0.5]},"firstperson_righthand":{"rotation":[0,135,0],"translation":[0,3,0],"scale":[0.6,0.6,0.6]},"firstperson_lefthand":{"rotation":[0,135,0],"translation":[0,3,0],"scale":[0.6,0.6,0.6]},"ground":{"translation":[0,3,0],"scale":[0.3,0.3,0.3]},"gui":{"rotation":[30,-135,0],"translation":[0,0.25,0],"scale":[0.8,0.8,0.8]},"fixed":{"rotation":[-90,-90,0],"translation":[0,0,-16],"scale":[2,2,2]}},"groups":[0,1,2,3,4,5,{"name":"group","origin":[8,9.5,8],"color":0,"children":[6,7,8]},{"name":"group","origin":[0,0,0],"color":0,"children":[9,10,11]}]}