{"credit":"Made with Blockbench","texture_size":[32,32],"textures":{"1":"custom/general/decoration/collectibles/easter_eggs/hero_egg"},"elements":[{"from":[4,2,4],"to":[12,9,12],"faces":{"north":{"uv":[4,4.5,8,8],"texture":"#1"},"east":{"uv":[4,4.5,0,8],"texture":"#1"},"south":{"uv":[1,1,5,4.5],"texture":"#1"},"west":{"uv":[0,4.5,4,8],"texture":"#1"},"up":{"uv":[4,8,8,12],"texture":"#1"},"down":{"uv":[0,8,4,12],"texture":"#1"}}},{"from":[5,9,5],"to":[11,12,11],"faces":{"north":{"uv":[5,2,8,3.5],"texture":"#1"},"east":{"uv":[5,2,8,3.5],"texture":"#1"},"south":{"uv":[5,2,8,3.5],"texture":"#1"},"west":{"uv":[5,2,8,3.5],"texture":"#1"},"up":{"uv":[8,4.5,11,7.5],"texture":"#1"},"down":{"uv":[0,0,3,3],"texture":"#1"}}},{"from":[5,0,5],"to":[11,2,11],"faces":{"north":{"uv":[5,3.5,8,4.5],"texture":"#1"},"east":{"uv":[5,3.5,8,4.5],"texture":"#1"},"south":{"uv":[5,3.5,8,4.5],"texture":"#1"},"west":{"uv":[5,3.5,8,4.5],"texture":"#1"},"up":{"uv":[0,0,3,3],"texture":"#1"},"down":{"uv":[8,1.5,11,4.5],"texture":"#1"}}},{"from":[3,-0.2782,12.60685],"to":[13,10.7218,14.60685],"rotation":{"angle":-22.5,"axis":"x","origin":[8,3.9718,13.10685]},"faces":{"east":{"uv":[11,10,10,15.5],"texture":"#1"},"south":{"uv":[11,10,16,15.5],"texture":"#1"},"west":{"uv":[10,10,11,15.5],"texture":"#1"},"up":{"uv":[11,9,16,10],"texture":"#1"},"down":{"uv":[0,0,5,1],"texture":"#1"}}},{"from":[13,-0.2782,12.60685],"to":[3,10.7218,14.60685],"rotation":{"angle":-22.5,"axis":"x","origin":[18,3.9718,13.10685]},"faces":{"east":{"uv":[11,10,10,15.5],"texture":"#1"},"south":{"uv":[11,10,16,15.5],"texture":"#1"},"west":{"uv":[10,10,11,15.5],"texture":"#1"},"up":{"uv":[11,9,16,10],"texture":"#1"},"down":{"uv":[0,0,5,1],"texture":"#1"}}},{"from":[3.75,3.5,3.75],"to":[12.25,8,6.25],"rotation":{"angle":0,"axis":"y","origin":[4,4.75,4]},"faces":{"north":{"uv":[12,7,16,9],"texture":"#1"},"east":{"uv":[12,7,11,9],"texture":"#1"},"west":{"uv":[11,7,12,9],"texture":"#1"}}}],"display":{"thirdperson_righthand":{"rotation":[60,135,0],"translation":[0,3,0.25],"scale":[0.5,0.5,0.5]},"thirdperson_lefthand":{"rotation":[60,135,0],"translation":[0,3,0.25],"scale":[0.5,0.5,0.5]},"firstperson_righthand":{"rotation":[0,135,0],"translation":[0,3,0],"scale":[0.6,0.6,0.6]},"firstperson_lefthand":{"rotation":[0,135,0],"translation":[0,3,0],"scale":[0.6,0.6,0.6]},"ground":{"translation":[0,3,0],"scale":[0.3,0.3,0.3]},"gui":{"rotation":[30,-135,0],"translation":[0,1.5,0],"scale":[0.85,0.85,0.85]},"fixed":{"rotation":[-90,-90,0],"translation":[0,0,-16],"scale":[2,2,2]}}}