{"credit":"Made with Blockbench","texture_size":[32,32],"textures":{"0":"custom/general/cosmetics/tools/laptop","particle":"custom/general/cosmetics/tools/laptop"},"elements":[{"from":[-0.5,0,1],"to":[16.5,1,14],"rotation":{"angle":0,"axis":"y","origin":[-0.5,0,1]},"faces":{"north":{"uv":[7.5,9.5,16,10],"texture":"#0"},"east":{"uv":[15.5,9.5,16,16],"rotation":90,"texture":"#0"},"south":{"uv":[7.5,15.75,16,16],"texture":"#0"},"west":{"uv":[7.5,16,8,9.5],"rotation":90,"texture":"#0"},"up":{"uv":[7.5,9.5,16,16],"texture":"#0"},"down":{"uv":[15.5,16,16,9.5],"texture":"#0"}}},{"from":[0.5,1.1,7.2],"to":[15.5,1.1,12.2],"rotation":{"angle":0,"axis":"y","origin":[-0.5,0.1,1.2]},"faces":{"north":{"uv":[7.5,9.5,16,10],"texture":"#0"},"east":{"uv":[15.5,9.5,16,16],"rotation":90,"texture":"#0"},"south":{"uv":[7.5,15.75,16,16],"texture":"#0"},"west":{"uv":[7.5,16,8,9.5],"rotation":90,"texture":"#0"},"up":{"uv":[8,1,15.5,3.5],"texture":"#0"},"down":{"uv":[8,3.5,15.5,1],"texture":"#0"}}},{"from":[-0.5,4.28564,13.45464],"to":[16.5,16.28564,14.45464],"rotation":{"angle":22.5,"axis":"x","origin":[-0.5,3.28564,3.45464]},"faces":{"north":{"uv":[7.5,3.5,16,9.5],"texture":"#0"},"east":{"uv":[7.5,3.5,8,9.5],"texture":"#0"},"south":{"uv":[1.5,7.5,7.5,16],"rotation":90,"texture":"#0"},"west":{"uv":[15.5,3.5,16,9.5],"texture":"#0"},"up":{"uv":[7.5,3.5,16,4],"texture":"#0"},"down":{"uv":[0,0,8.5,0.25],"texture":"#0"}}},{"from":[5.5,7.48564,14.55464],"to":[10.5,13.48564,14.55464],"rotation":{"angle":22.5,"axis":"x","origin":[-0.5,3.28564,3.45464]},"faces":{"north":{"uv":[6,5,3,7.5],"rotation":90,"texture":"#0"},"east":{"uv":[7.5,3.5,8,9.5],"texture":"#0"},"south":{"uv":[3,5,6,7.5],"rotation":90,"texture":"#0"},"west":{"uv":[15.5,3.5,16,9.5],"texture":"#0"},"up":{"uv":[7.5,3.5,16,4],"texture":"#0"},"down":{"uv":[0,0,8.5,0.25],"texture":"#0"}}}],"display":{"thirdperson_righthand":{"rotation":[60,166,0],"translation":[-2,10.25,3.75]},"thirdperson_lefthand":{"rotation":[60,166,0],"translation":[-2,10.25,3.75]},"firstperson_righthand":{"rotation":[0,160,0],"translation":[0,6.25,-0.75],"scale":[0.8,0.8,0.8]},"firstperson_lefthand":{"rotation":[0,160,0],"translation":[0,6.25,-0.75],"scale":[0.8,0.8,0.8]},"ground":{"translation":[0,3,0],"scale":[0.3,0.3,0.3]},"gui":{"rotation":[30,-135,0],"translation":[0.75,1,0],"scale":[0.62,0.62,0.62]},"head":{"translation":[0,15,0]},"fixed":{"translation":[0,2,-8.75]}}}