{"credit":"Made with Blockbench","texture_size":[32,32],"textures":{"0":"custom/general/cosmetics/tools/laser_sword","particle":"custom/general/cosmetics/tools/laser_sword"},"elements":[{"from":[7,-6,7],"to":[9,4,9],"faces":{"north":{"uv":[15,11,16,16],"texture":"#0"},"east":{"uv":[16,11,15,16],"texture":"#0"},"south":{"uv":[12.5,11,11.5,16],"texture":"#0"},"west":{"uv":[11.5,11,12.5,16],"texture":"#0"},"up":{"uv":[0,0,1,1],"texture":"#0"},"down":{"uv":[0,0,1,1],"texture":"#0"}}},{"from":[6.75,-6.25,6.75],"to":[9.25,-0.75,9.25],"faces":{"north":{"uv":[14,13.5,15,16],"texture":"#0"},"east":{"uv":[15,13.5,14,16],"texture":"#0"},"south":{"uv":[14,13.5,15,16],"texture":"#0"},"west":{"uv":[15,13.5,14,16],"texture":"#0"},"up":{"uv":[0,0,1,1],"texture":"#0"},"down":{"uv":[11.5,10,12.5,11],"texture":"#0"}}},{"from":[6.75,1.75,6.75],"to":[9.25,4.25,9.25],"faces":{"north":{"uv":[14,12.5,15,13.5],"texture":"#0"},"east":{"uv":[15,12.5,14,13.5],"texture":"#0"},"south":{"uv":[14,12.5,15,13.5],"texture":"#0"},"west":{"uv":[15,12.5,14,13.5],"texture":"#0"},"up":{"uv":[0,0,1,1],"texture":"#0"},"down":{"uv":[0,0,1,1],"texture":"#0"}}},{"from":[7.4,2.9,7.4],"to":[8.6,29.1,8.6],"faces":{"north":{"uv":[15.5,0,16,11],"texture":"#0","tintindex":0},"east":{"uv":[15.5,0,16,11],"texture":"#0","tintindex":0},"south":{"uv":[15.5,0,16,11],"texture":"#0","tintindex":0},"west":{"uv":[15.5,0,16,11],"texture":"#0","tintindex":0},"up":{"uv":[15.5,0,16,0.5],"texture":"#0","tintindex":0},"down":{"uv":[15.5,0,16,0.5],"texture":"#0","tintindex":0}}},{"from":[9.25,4.25,6.75],"to":[6.75,30.25,9.25],"faces":{"north":{"uv":[12.5,0,13.5,11.5],"texture":"#0","tintindex":0},"east":{"uv":[12.5,0,13.5,11.5],"texture":"#0","tintindex":0},"south":{"uv":[12.5,0,13.5,11.5],"texture":"#0","tintindex":0},"west":{"uv":[12.5,0,13.5,11.5],"texture":"#0","tintindex":0},"up":{"uv":[12.5,0,13.5,1],"texture":"#0","tintindex":0},"down":{"uv":[0,0,1,1],"texture":"#0","tintindex":0}}},{"from":[9.85,4.25,6.15],"to":[6.1,31.25,9.9],"faces":{"north":{"uv":[13.5,0,15,11.5],"texture":"#0","tintindex":0},"east":{"uv":[13.5,0,15,11.5],"texture":"#0","tintindex":0},"south":{"uv":[13.5,0,15,11.5],"texture":"#0","tintindex":0},"west":{"uv":[13.5,0,15,11.5],"texture":"#0","tintindex":0},"up":{"uv":[12.5,13,14,14.5],"texture":"#0","tintindex":0},"down":{"uv":[12.5,14.5,14,16],"texture":"#0","tintindex":0}}}],"display":{"thirdperson_righthand":{"rotation":[50,-5,-5],"translation":[0.5,5.75,8]},"thirdperson_lefthand":{"rotation":[50,-5,-5],"translation":[0.5,6.25,8.75]},"firstperson_righthand":{"rotation":[-12,0,0],"translation":[3.5,2.25,0],"scale":[0.5,0.5,0.5]},"firstperson_lefthand":{"rotation":[-12,0,0],"translation":[3.5,2.25,0],"scale":[0.5,0.5,0.5]},"gui":{"rotation":[180,30,-135],"translation":[-1.75,-1.75,0],"scale":[0.5,0.5,0.5]}}}