{"credit":"Made with Blockbench","texture_size":[32,32],"textures":{"0":"custom/general/cosmetics/tools/skateboard","particle":"custom/general/cosmetics/tools/skateboard"},"elements":[{"from":[3,0,-4.5],"to":[13,1,20.5],"faces":{"north":{"uv":[6,1,11,1.5],"texture":"#0"},"east":{"uv":[6,2.5,6.5,15],"rotation":90,"texture":"#0","tintindex":0},"south":{"uv":[6,1,11,1.5],"texture":"#0"},"west":{"uv":[6,15,6.5,2.5],"rotation":90,"texture":"#0","tintindex":0},"down":{"uv":[6,15,11,2.5],"texture":"#0","tintindex":0}}},{"from":[3,0,-4.5],"to":[13,1,20.5],"faces":{"north":{"uv":[0.5,2.5,5.5,3],"texture":"#0"},"east":{"uv":[5.5,2.5,6,15],"rotation":90,"texture":"#0"},"south":{"uv":[0.5,14.5,5.5,15],"texture":"#0"},"west":{"uv":[5.5,2.5,6,15],"rotation":90,"texture":"#0"},"up":{"uv":[11,2.5,16,15],"texture":"#0"},"down":{"uv":[0.5,15,5.5,2.5],"texture":"#0"}}},{"from":[3,1.5731,-6.3862],"to":[13,1.5731,-4.3862],"rotation":{"angle":22.5,"axis":"x","origin":[8,1.5731,-5.8862]},"faces":{"north":{"uv":[0,0,5,0],"texture":"#0"},"east":{"uv":[0,0,1,0],"texture":"#0"},"south":{"uv":[0,0,5,0],"texture":"#0"},"west":{"uv":[0,0,1,0],"texture":"#0"},"up":{"uv":[11,1.5,16,2.5],"texture":"#0"},"down":{"uv":[11,2.5,6,1.5],"texture":"#0"}}},{"from":[3,1.38176,20.42426],"to":[13,1.38176,22.42426],"rotation":{"angle":-22.5,"axis":"x","origin":[8,1.38176,21.42426]},"faces":{"north":{"uv":[0,0,5,0],"texture":"#0"},"east":{"uv":[0,0,1,0],"texture":"#0"},"south":{"uv":[0,0,5,0],"texture":"#0"},"west":{"uv":[0,0,1,0],"texture":"#0"},"up":{"uv":[11,15,16,16],"texture":"#0"},"down":{"uv":[6,16,11,15],"texture":"#0"}}},{"from":[6,-2,-0.5],"to":[10,0,0.5],"faces":{"north":{"uv":[9,0,11,1],"texture":"#0"},"east":{"uv":[0,0,0.5,1],"texture":"#0"},"south":{"uv":[9,0,11,1],"texture":"#0"},"west":{"uv":[0,0,0.5,1],"texture":"#0"},"up":{"uv":[0,0,2,0.5],"texture":"#0"},"down":{"uv":[9,0.5,11,1],"texture":"#0"}}},{"from":[6,-2,15.5],"to":[10,0,16.5],"faces":{"north":{"uv":[9,0,11,1],"texture":"#0"},"east":{"uv":[0,0,0.5,1],"texture":"#0"},"south":{"uv":[9,0,11,1],"texture":"#0"},"west":{"uv":[0,0,0.5,1],"texture":"#0"},"up":{"uv":[0,0,2,0.5],"texture":"#0"},"down":{"uv":[9,0.5,11,1],"texture":"#0"}}},{"from":[4,-3,-1.5],"to":[6,0,1.5],"rotation":{"angle":0,"axis":"x","origin":[8,-1.5,0]},"faces":{"north":{"uv":[8,0,9,1.5],"texture":"#0","tintindex":0},"east":{"uv":[16,0,14.5,1.5],"texture":"#0","tintindex":0},"south":{"uv":[7,0,8,1.5],"texture":"#0","tintindex":0},"west":{"uv":[14.5,0,16,1.5],"texture":"#0","tintindex":0},"up":{"uv":[14.5,0,16,0.5],"rotation":90,"texture":"#0","tintindex":0},"down":{"uv":[13.5,0,14.5,1.5],"texture":"#0","tintindex":0}}},{"from":[4,-3,14.5],"to":[6,0,17.5],"faces":{"north":{"uv":[8,0,9,1.5],"texture":"#0","tintindex":0},"east":{"uv":[16,0,14.5,1.5],"texture":"#0","tintindex":0},"south":{"uv":[7,0,8,1.5],"texture":"#0","tintindex":0},"west":{"uv":[14.5,0,16,1.5],"texture":"#0","tintindex":0},"up":{"uv":[14.5,0,16,0.5],"rotation":90,"texture":"#0","tintindex":0},"down":{"uv":[13.5,0,14.5,1.5],"texture":"#0","tintindex":0}}},{"from":[10,-3,14.5],"to":[12,0,17.5],"faces":{"north":{"uv":[9,0,8,1.5],"texture":"#0","tintindex":0},"east":{"uv":[16,0,14.5,1.5],"texture":"#0","tintindex":0},"south":{"uv":[8,0,7,1.5],"texture":"#0","tintindex":0},"west":{"uv":[14.5,0,16,1.5],"texture":"#0","tintindex":0},"up":{"uv":[14.5,0,16,0.5],"rotation":90,"texture":"#0","tintindex":0},"down":{"uv":[14.5,0,13.5,1.5],"texture":"#0","tintindex":0}}},{"from":[10,-3,-1.5],"to":[12,0,1.5],"rotation":{"angle":0,"axis":"x","origin":[8,-1.5,0]},"faces":{"north":{"uv":[9,0,8,1.5],"texture":"#0","tintindex":0},"east":{"uv":[16,0,14.5,1.5],"texture":"#0","tintindex":0},"south":{"uv":[8,0,7,1.5],"texture":"#0","tintindex":0},"west":{"uv":[14.5,0,16,1.5],"texture":"#0","tintindex":0},"up":{"uv":[14.5,0,16,0.5],"rotation":90,"texture":"#0","tintindex":0},"down":{"uv":[14.5,0,13.5,1.5],"texture":"#0","tintindex":0}}},{"from":[4.25,-2.75,-1.25],"to":[5.75,-0.25,1.25],"rotation":{"angle":0,"axis":"x","origin":[8,-1.5,0]},"faces":{"north":{"uv":[11,0,12,1.5],"texture":"#0"},"east":{"uv":[12,0,13.5,1.5],"texture":"#0"},"south":{"uv":[11,0,12,1.5],"texture":"#0"},"west":{"uv":[12,0,13.5,1.5],"texture":"#0"},"up":{"uv":[11,0,12,1.5],"texture":"#0"},"down":{"uv":[11,0,12,1.5],"texture":"#0"}}},{"from":[10.25,-2.75,-1.25],"to":[11.75,-0.25,1.25],"rotation":{"angle":0,"axis":"x","origin":[8,-1.5,0]},"faces":{"north":{"uv":[11,0,12,1.5],"texture":"#0"},"east":{"uv":[12,0,13.5,1.5],"texture":"#0"},"south":{"uv":[11,0,12,1.5],"texture":"#0"},"west":{"uv":[12,0,13.5,1.5],"texture":"#0"},"up":{"uv":[11,0,12,1.5],"texture":"#0"},"down":{"uv":[11,0,12,1.5],"texture":"#0"}}},{"from":[10.25,-2.75,14.75],"to":[11.75,-0.25,17.25],"faces":{"north":{"uv":[11,0,12,1.5],"texture":"#0"},"east":{"uv":[12,0,13.5,1.5],"texture":"#0"},"south":{"uv":[11,0,12,1.5],"texture":"#0"},"west":{"uv":[12,0,13.5,1.5],"texture":"#0"},"up":{"uv":[11,0,12,1.5],"texture":"#0"},"down":{"uv":[11,0,12,1.5],"texture":"#0"}}},{"from":[4.25,-2.75,14.75],"to":[5.75,-0.25,17.25],"faces":{"north":{"uv":[11,0,12,1.5],"texture":"#0"},"east":{"uv":[12,0,13.5,1.5],"texture":"#0"},"south":{"uv":[11,0,12,1.5],"texture":"#0"},"west":{"uv":[12,0,13.5,1.5],"texture":"#0"},"up":{"uv":[11,0,12,1.5],"texture":"#0"},"down":{"uv":[11,0,12,1.5],"texture":"#0"}}}],"display":{"thirdperson_righthand":{"rotation":[75,0,90],"translation":[-9.02,-2.25,3]},"thirdperson_lefthand":{"rotation":[75,0,90],"translation":[-9.02,-2.25,3]},"firstperson_righthand":{"rotation":[25,0,90],"translation":[0,-1.5,0],"scale":[0.8,0.8,0.8]},"firstperson_lefthand":{"rotation":[25,0,90],"translation":[0,-1.5,0],"scale":[0.8,0.8,0.8]},"ground":{"translation":[0,3,0],"scale":[0.3,0.3,0.3]},"gui":{"rotation":[30,-135,0],"translation":[0,3.75,0],"scale":[0.61133,0.61133,0.61133]}},"groups":[0,1,2,3,4,5,{"name":"group","origin":[0,0,0],"color":0,"children":[6,7,8,9]},{"name":"group","origin":[0,0,0],"color":0,"children":[10,11,12,13]}]}