{"credit":"Made with Blockbench","texture_size":[32,32],"textures":{"0":"custom/general/cosmetics/tools/surfboard","particle":"custom/general/cosmetics/tools/surfboard"},"elements":[{"from":[1.5,6,13],"to":[7.5,6,20],"faces":{"north":{"uv":[0,0,3,0],"texture":"#0","tintindex":0},"east":{"uv":[0,0,3.5,0],"texture":"#0","tintindex":0},"south":{"uv":[0,0,3,0],"texture":"#0","tintindex":0},"west":{"uv":[0,0,3.5,0],"texture":"#0","tintindex":0},"up":{"uv":[0,0,3,3.5],"texture":"#0","tintindex":0},"down":{"uv":[0,3.5,3,0],"texture":"#0","tintindex":0}}},{"from":[7.5,0,-4],"to":[8.5,12,20],"faces":{"north":{"uv":[4,10,4.5,16],"texture":"#0"},"east":{"uv":[16,10,4,16],"texture":"#0"},"south":{"uv":[15.5,10,16,16],"texture":"#0"},"west":{"uv":[4,10,16,16],"texture":"#0"},"up":{"uv":[4,10,16,10.5],"rotation":90,"texture":"#0"},"down":{"uv":[4,15.5,16,16],"rotation":90,"texture":"#0"}}},{"from":[8,0,-12],"to":[8,12,-4],"faces":{"north":{"uv":[0,0,0,6],"texture":"#0"},"east":{"uv":[4,10,0,16],"texture":"#0"},"south":{"uv":[0,0,0,6],"texture":"#0"},"west":{"uv":[0,10,4,16],"texture":"#0"},"up":{"uv":[0,0,0,4],"texture":"#0"},"down":{"uv":[0,0,0,4],"texture":"#0"}}},{"from":[8,0,20],"to":[8,12,28],"faces":{"north":{"uv":[0,0,0,6],"texture":"#0"},"east":{"uv":[16,4,12,10],"texture":"#0"},"south":{"uv":[0,0,0,6],"texture":"#0"},"west":{"uv":[12,4,16,10],"texture":"#0"},"up":{"uv":[0,0,0,4],"texture":"#0"},"down":{"uv":[0,0,0,4],"texture":"#0"}}},{"from":[7.5,0,-4],"to":[8.5,12,20],"faces":{"north":{"uv":[0,4,0.5,10],"texture":"#0","tintindex":0},"east":{"uv":[12,4,0,10],"texture":"#0","tintindex":0},"south":{"uv":[11.5,4,12,10],"texture":"#0","tintindex":0},"west":{"uv":[0,4,12,10],"texture":"#0","tintindex":0},"up":{"uv":[0,4,12,4.5],"rotation":90,"texture":"#0","tintindex":0},"down":{"uv":[0,9.5,12,10],"rotation":90,"texture":"#0","tintindex":0}}},{"from":[8,0,-12],"to":[8,12,-4],"faces":{"north":{"uv":[0,0,0,6],"texture":"#0","tintindex":0},"east":{"uv":[10,4,16,0],"rotation":90,"texture":"#0","tintindex":0},"south":{"uv":[0,0,0,6],"texture":"#0","tintindex":0},"west":{"uv":[10,0,16,4],"rotation":90,"texture":"#0","tintindex":0},"up":{"uv":[0,0,0,4],"texture":"#0","tintindex":0},"down":{"uv":[0,0,0,4],"texture":"#0","tintindex":0}}},{"from":[8,0,20],"to":[8,12,28],"faces":{"north":{"uv":[0,0,0,6],"texture":"#0","tintindex":0},"east":{"uv":[4,4,10,0],"rotation":90,"texture":"#0","tintindex":0},"south":{"uv":[0,0,0,6],"texture":"#0","tintindex":0},"west":{"uv":[4,0,10,4],"rotation":90,"texture":"#0","tintindex":0},"up":{"uv":[0,0,0,4],"texture":"#0","tintindex":0},"down":{"uv":[0,0,0,4],"texture":"#0","tintindex":0}}}],"display":{"thirdperson_righthand":{"rotation":[75,0,0],"translation":[-1.52,-1.25,5]},"thirdperson_lefthand":{"rotation":[75,0,0],"translation":[-1.52,-1.25,5]},"firstperson_righthand":{"rotation":[20,0,0],"translation":[2.25,-0.5,3.5],"scale":[0.8,0.8,0.8]},"firstperson_lefthand":{"rotation":[20,0,0],"translation":[2.25,-0.5,3.5],"scale":[0.8,0.8,0.8]},"ground":{"rotation":[0,0,-90],"translation":[0,1,0],"scale":[0.3,0.3,0.3]},"gui":{"rotation":[30,-135,90],"translation":[0.75,0,0],"scale":[0.5,0.5,0.5]},"fixed":{"rotation":[0,-90,0],"translation":[0,4,-0.5],"scale":[2,2,2]}},"groups":[0,{"name":"group","origin":[0,0,0],"color":0,"children":[1,2,3]},{"name":"group","origin":[0,0,0],"color":0,"children":[4,5,6]}]}