{"credit":"Made with Blockbench","texture_size":[32,32],"textures":{"0":"custom/general/cosmetics/tools/walking_stick","particle":"custom/general/cosmetics/tools/walking_stick"},"elements":[{"from":[7,0,2],"to":[9,25,4],"faces":{"north":{"uv":[0,0,1,12.5],"texture":"#0"},"east":{"uv":[1,0,2,12.5],"texture":"#0"},"south":{"uv":[2,0,3,12.5],"texture":"#0"},"west":{"uv":[3,0,4,12.5],"texture":"#0"},"up":{"uv":[5,1,4,0],"texture":"#0"},"down":{"uv":[5,1,4,2],"texture":"#0"}}}],"display":{"thirdperson_righthand":{"rotation":[57,-5,0],"translation":[-0.25,-8.5,-0.25],"scale":[1.1,1.1,1.1]},"thirdperson_lefthand":{"rotation":[57,-5,0],"translation":[-0.25,-8.5,-0.25],"scale":[1.1,1.1,1.1]},"firstperson_righthand":{"translation":[4,-2.5,0],"scale":[0.7,0.7,1]},"firstperson_lefthand":{"translation":[4,-2.5,0],"scale":[0.7,0.7,0.7]},"ground":{"translation":[0,-1.25,3],"scale":[0.5,0.5,0.5]},"gui":{"rotation":[180,30,-135],"translation":[-0.5,-2.75,0],"scale":[0.7,0.7,0.7]}},"groups":[{"name":"walking_stick","origin":[8,8,8],"color":0,"children":[0]}]}