{"credit":"Made with Blockbench - By Toffy","ambientocclusion":false,"texture_size":[128,128],"textures":{"0":"custom/general/cosmetics/tools/xmas_fishingrod","particle":"custom/general/cosmetics/tools/xmas_fishingrod"},"elements":[{"from":[5,0,5],"to":[11,6,11],"rotation":{"angle":0,"axis":"x","origin":[8,14,-5]},"faces":{"north":{"uv":[6.75,0.75,6,0],"rotation":180,"texture":"#0"},"east":{"uv":[4.25,5.125,5,5.875],"rotation":90,"texture":"#0"},"south":{"uv":[6.75,0.875,6,1.625],"texture":"#0"},"west":{"uv":[5.125,5.125,5.875,5.875],"rotation":270,"texture":"#0"},"up":{"uv":[5.125,4.25,5.875,5],"texture":"#0"},"down":{"uv":[4.25,4.25,5,5],"rotation":180,"texture":"#0"}}},{"from":[3,-6,8],"to":[13,11,8],"rotation":{"angle":0,"axis":"x","origin":[8,14,-5]},"faces":{"north":{"uv":[1.25,6.375,0,4.25],"rotation":180,"texture":"#0"},"east":{"uv":[7.25,5.75,9.375,5.75],"rotation":90,"texture":"#0"},"south":{"uv":[2.625,4.25,1.375,6.375],"texture":"#0"},"west":{"uv":[7.375,1.5,9.5,1.5],"rotation":270,"texture":"#0"},"up":{"uv":[6.375,7.25,7.625,7.25],"texture":"#0"},"down":{"uv":[7.125,6.875,8.375,6.875],"rotation":180,"texture":"#0"}}},{"from":[8,-6,3],"to":[8,11,13],"rotation":{"angle":0,"axis":"y","origin":[8,2.5,8]},"faces":{"north":{"uv":[7.375,1.5,9.5,1.5],"rotation":270,"texture":"#0"},"east":{"uv":[1.25,6.375,0,4.25],"rotation":180,"texture":"#0"},"south":{"uv":[7.25,5.75,9.375,5.75],"rotation":90,"texture":"#0"},"west":{"uv":[2.625,4.25,1.375,6.375],"texture":"#0"},"up":{"uv":[6.375,7.25,7.625,7.25],"rotation":90,"texture":"#0"},"down":{"uv":[7.125,6.875,8.375,6.875],"rotation":90,"texture":"#0"}}}],"gui_light":"front","display":{"thirdperson_righthand":{"rotation":[90,-46,0],"translation":[0,2,3.25],"scale":[0.65,0.65,0.65]},"thirdperson_lefthand":{"rotation":[90,-46,0],"translation":[0,2,3.25],"scale":[0.65,0.65,0.65]},"firstperson_righthand":{"translation":[0,3,0],"scale":[0.5,0.5,0.5]},"firstperson_lefthand":{"translation":[0,3,0],"scale":[0.5,0.5,0.5]},"ground":{"translation":[0,2.5,0],"scale":[0.8,0.8,0.8]},"gui":{"rotation":[30,-135,-180],"translation":[0.5,3.75,0],"scale":[-1,-1,1]},"head":{"translation":[0,12.25,0]},"fixed":{"translation":[0,5,0]}}}