{"credit":"Made with Blockbench","texture_size":[64,64],"textures":{"0":"custom/general/decoration/collectibles/ducks/nitraduck","particle":"custom/general/decoration/collectibles/ducks/nitraduck"},"elements":[{"from":[6,-1.5,9.5],"to":[10,2.5,12.5],"rotation":{"angle":45,"axis":"x","origin":[8,2.5,14]},"faces":{"north":{"uv":[12.25,13.25,13.25,14.25],"rotation":180,"texture":"#0"},"east":{"uv":[12.25,12.5,13.25,13.25],"rotation":90,"texture":"#0"},"south":{"uv":[12.25,14.25,13.25,15.25],"texture":"#0"},"west":{"uv":[12.25,15.25,13.25,16],"rotation":270,"texture":"#0"},"up":{"uv":[12.25,11.75,13.25,12.5],"texture":"#0"},"down":{"uv":[8,8,9,8.75],"rotation":180,"texture":"#0"}}},{"from":[4.75,0.75,4.75],"to":[6.25,4.25,11.25],"faces":{"north":{"uv":[0,0,0.25,0.75],"texture":"#0"},"east":{"uv":[1.5,0,0,0.75],"texture":"#0"},"south":{"uv":[9,15.25,9.25,16],"texture":"#0"},"west":{"uv":[7.75,15.25,9.25,16],"texture":"#0"},"up":{"uv":[7.75,15.25,9.25,15.5],"rotation":90,"texture":"#0"},"down":{"uv":[0,0,0.25,1.5],"texture":"#0"}}},{"from":[9.75,0.75,4.75],"to":[11.25,4.25,11.25],"faces":{"north":{"uv":[0,0,0.25,0.75],"texture":"#0"},"east":{"uv":[9.25,15.25,7.75,16],"texture":"#0"},"south":{"uv":[9,15.25,9.25,16],"texture":"#0"},"up":{"uv":[7.75,15.25,9.25,15.5],"rotation":90,"texture":"#0"},"down":{"uv":[0,0,0.25,1.5],"texture":"#0"}}},{"from":[4.75,0.75,11.25],"to":[6.25,4.25,4.75],"faces":{"north":{"uv":[9,15.25,9.25,16],"texture":"#0"},"east":{"uv":[1.5,0,0,0.75],"texture":"#0"},"west":{"uv":[9.25,15.25,7.75,16],"texture":"#0"},"up":{"uv":[9.25,15.25,7.75,15.5],"rotation":90,"texture":"#0"},"down":{"uv":[0,0,0.25,1.5],"texture":"#0"}}},{"from":[9.75,0.75,11.25],"to":[11.25,4.25,4.75],"faces":{"north":{"uv":[9,15.25,9.25,16],"texture":"#0"},"east":{"uv":[7.75,15.25,9.25,16],"texture":"#0"},"up":{"uv":[9.25,15.25,7.75,15.5],"rotation":90,"texture":"#0"},"down":{"uv":[0,0,0.25,1.5],"texture":"#0"}}},{"from":[5,0,4],"to":[11,4,11],"faces":{"north":{"uv":[10.75,15,12.25,16],"texture":"#0"},"east":{"uv":[15,15,13.25,16],"texture":"#0"},"south":{"uv":[9.25,15,10.75,16],"texture":"#0"},"west":{"uv":[13.25,15,15,16],"texture":"#0"},"up":{"uv":[9.25,13.25,10.75,15],"texture":"#0"},"down":{"uv":[10.75,13.25,12.25,15],"texture":"#0"}}},{"from":[6,1,3],"to":[10,7,7],"rotation":{"angle":0,"axis":"y","origin":[8,5,4.5]},"faces":{"north":{"uv":[15,13,16,14.5],"texture":"#0"},"east":{"uv":[16,14.5,15,16],"texture":"#0"},"south":{"uv":[11.25,11.75,12.25,13.25],"texture":"#0"},"west":{"uv":[15,14.5,16,16],"texture":"#0"},"up":{"uv":[15,12,16,13],"texture":"#0"},"down":{"uv":[14,12.75,15,13.75],"texture":"#0"}}},{"from":[6,4,1],"to":[10,5,3],"rotation":{"angle":0,"axis":"y","origin":[8,5,4.5]},"faces":{"north":{"uv":[13.5,14.75,14.5,15],"texture":"#0"},"east":{"uv":[15,14.75,14.5,15],"texture":"#0"},"south":{"uv":[8,8,9,8.25],"texture":"#0"},"west":{"uv":[14.5,14.75,15,15],"texture":"#0"},"up":{"uv":[13.5,13.75,14.5,14.25],"texture":"#0"},"down":{"uv":[13.5,14.25,14.5,14.75],"texture":"#0"}}},{"from":[6.2,0.675,2.975],"to":[9.77143,2.81786,2.975],"faces":{"north":{"uv":[3.5,0,16,7.5],"texture":"#0"},"east":{"uv":[3.5,0,3.5,0.53571],"texture":"#0"},"south":{"uv":[16,0,3.5,7.5],"texture":"#0"},"west":{"uv":[3.5,0,3.5,0.53571],"texture":"#0"},"up":{"uv":[3.5,0,4.39286,0],"texture":"#0"},"down":{"uv":[3.5,0,4.39286,0],"texture":"#0"}}}],"display":{"thirdperson_righthand":{"rotation":[60,45,-5],"translation":[1.25,6.5,4.75]},"thirdperson_lefthand":{"rotation":[60,45,-5],"translation":[1.25,6.5,4.75]},"firstperson_righthand":{"rotation":[0,20,0],"translation":[1.5,4.25,0]},"firstperson_lefthand":{"rotation":[0,20,0],"translation":[1.5,4.25,0]},"ground":{"translation":[0,3,0],"scale":[0.3,0.3,0.3]},"gui":{"rotation":[30,-135,0],"translation":[-1,5.75,0],"scale":[1.3,1.3,1.3]},"head":{"translation":[0,22,1],"scale":[1.83,1.83,1.83]},"fixed":{"rotation":[-90,-90,0],"translation":[-2,0,-16],"scale":[2,2,2]}}}