{"credit":"Made with Blockbench","texture_size":[128,128],"textures":{"0":"custom/general/decoration/christmas/big_winter_tree","particle":"custom/general/decoration/christmas/big_winter_tree"},"elements":[{"from":[6,-16,6],"to":[10,14,10],"rotation":{"angle":0,"axis":"y","origin":[0,3,0]},"faces":{"north":{"uv":[3.25,4.75,3.75,8.5],"texture":"#0"},"east":{"uv":[3.75,4.75,4.25,8.5],"texture":"#0"},"south":{"uv":[6,6,6.5,9.75],"texture":"#0"},"west":{"uv":[1.75,6.25,2.25,10],"texture":"#0"},"up":{"uv":[5,2.5,4.5,2],"texture":"#0"},"down":{"uv":[5.5,2,5,2.5],"texture":"#0"}}},{"from":[-10,-3,-2],"to":[8,-3,18],"rotation":{"angle":22.5,"axis":"z","origin":[7.5,-3,8]},"faces":{"north":{"uv":[0,0,2.25,0],"texture":"#0"},"east":{"uv":[0,0,2.5,0],"texture":"#0"},"south":{"uv":[0,0,2.25,0],"texture":"#0"},"west":{"uv":[0,0,2.5,0],"texture":"#0"},"up":{"uv":[2.25,2.5,0,0],"texture":"#0"},"down":{"uv":[2.25,0,0,2.5],"texture":"#0"}}},{"from":[-9,2,-1],"to":[8,2,17],"rotation":{"angle":22.5,"axis":"z","origin":[7.5,2,8]},"faces":{"north":{"uv":[0,0,2.125,0],"texture":"#0"},"east":{"uv":[0,0,2.25,0],"texture":"#0"},"south":{"uv":[0,0,2.125,0],"texture":"#0"},"west":{"uv":[0,0,2.25,0],"texture":"#0"},"up":{"uv":[2.25,2.4375,0.125,0.1875],"texture":"#0"},"down":{"uv":[2.25,0.125,0.125,2.375],"texture":"#0"}}},{"from":[-6,11,1],"to":[8,11,15],"rotation":{"angle":45,"axis":"z","origin":[7.5,11,8]},"faces":{"north":{"uv":[0,0,1.75,0],"texture":"#0"},"east":{"uv":[0,0,1.75,0],"texture":"#0"},"south":{"uv":[0,0,1.75,0],"texture":"#0"},"west":{"uv":[0,0,1.75,0],"texture":"#0"},"up":{"uv":[2.25,2.125,0.5,0.375],"texture":"#0"},"down":{"uv":[2.25,0.375,0.5,2.125],"texture":"#0"}}},{"from":[-8,6,0],"to":[8,6,16],"rotation":{"angle":22.5,"axis":"z","origin":[7.5,6,8]},"faces":{"north":{"uv":[0,0,2,0],"texture":"#0"},"east":{"uv":[0,0,2,0],"texture":"#0"},"south":{"uv":[0,0,2,0],"texture":"#0"},"west":{"uv":[0,0,2,0],"texture":"#0"},"up":{"uv":[2.25,2.25,0.25,0.25],"texture":"#0"},"down":{"uv":[2.25,0.25,0.25,2.25],"texture":"#0"}}},{"from":[-3,21,3],"to":[8,21,13],"rotation":{"angle":45,"axis":"z","origin":[7.5,21,8]},"faces":{"north":{"uv":[0,0,1.375,0],"texture":"#0"},"east":{"uv":[0,0,1.25,0],"texture":"#0"},"south":{"uv":[0,0,1.375,0],"texture":"#0"},"west":{"uv":[0,0,1.25,0],"texture":"#0"},"up":{"uv":[2.25,1.9375,0.875,0.6875],"texture":"#0"},"down":{"uv":[2.1875,0.6875,0.8125,1.9375],"texture":"#0"}}},{"from":[-4,16,2],"to":[8,16,14],"rotation":{"angle":45,"axis":"z","origin":[7.5,16,8]},"faces":{"north":{"uv":[0,0,1.5,0],"texture":"#0"},"east":{"uv":[0,0,1.5,0],"texture":"#0"},"south":{"uv":[0,0,1.5,0],"texture":"#0"},"west":{"uv":[0,0,1.5,0],"texture":"#0"},"up":{"uv":[2.25,2.0625,0.75,0.5625],"texture":"#0"},"down":{"uv":[2.25,0.5625,0.75,2.0625],"texture":"#0"}}},{"from":[-2,26,4],"to":[8,26,12],"rotation":{"angle":45,"axis":"z","origin":[7.5,26,8]},"faces":{"north":{"uv":[0,0,1.25,0],"texture":"#0"},"east":{"uv":[0,0,1,0],"texture":"#0"},"south":{"uv":[0,0,1.25,0],"texture":"#0"},"west":{"uv":[0,0,1,0],"texture":"#0"},"up":{"uv":[2.25,1.8125,1,0.8125],"texture":"#0"},"down":{"uv":[2.25,0.8125,1,1.8125],"texture":"#0"}}},{"from":[7.5,22.5,5],"to":[7.5,31.5,11],"rotation":{"angle":-22.5,"axis":"z","origin":[7.5,31,8]},"faces":{"north":{"uv":[0,0,0,1.125],"texture":"#0"},"east":{"uv":[7.25,0,6.5,1.125],"texture":"#0"},"south":{"uv":[0,0,0,1.125],"texture":"#0"},"west":{"uv":[6.5,0,7.25,1.125],"texture":"#0"},"up":{"uv":[0,0.75,0,0],"texture":"#0"},"down":{"uv":[0,0,0,0.75],"texture":"#0"}}},{"from":[8,-3,-2],"to":[26,-3,18],"rotation":{"angle":-22.5,"axis":"z","origin":[8.5,-3,8]},"faces":{"north":{"uv":[2.25,0,0,0],"texture":"#0"},"east":{"uv":[2.5,0,0,0],"texture":"#0"},"south":{"uv":[2.25,0,0,0],"texture":"#0"},"west":{"uv":[2.5,0,0,0],"texture":"#0"},"up":{"uv":[0,2.5,2.25,0],"texture":"#0"},"down":{"uv":[0,0,2.25,2.5],"texture":"#0"}}},{"from":[8,2,-1],"to":[25,2,17],"rotation":{"angle":-22.5,"axis":"z","origin":[8.5,2,8]},"faces":{"north":{"uv":[2.125,0,0,0],"texture":"#0"},"east":{"uv":[2.25,0,0,0],"texture":"#0"},"south":{"uv":[2.125,0,0,0],"texture":"#0"},"west":{"uv":[2.25,0,0,0],"texture":"#0"},"up":{"uv":[0.125,2.4375,2.25,0.1875],"texture":"#0"},"down":{"uv":[0.125,0.125,2.25,2.375],"texture":"#0"}}},{"from":[8,6,0],"to":[24,6,16],"rotation":{"angle":-22.5,"axis":"z","origin":[8.5,6,8]},"faces":{"north":{"uv":[2,0,0,0],"texture":"#0"},"east":{"uv":[2,0,0,0],"texture":"#0"},"south":{"uv":[2,0,0,0],"texture":"#0"},"west":{"uv":[2,0,0,0],"texture":"#0"},"up":{"uv":[0.25,2.25,2.25,0.25],"texture":"#0"},"down":{"uv":[0.25,0.25,2.25,2.25],"texture":"#0"}}},{"from":[8,11,1],"to":[22,11,15],"rotation":{"angle":-45,"axis":"z","origin":[8.5,11,8]},"faces":{"north":{"uv":[1.75,0,0,0],"texture":"#0"},"east":{"uv":[1.75,0,0,0],"texture":"#0"},"south":{"uv":[1.75,0,0,0],"texture":"#0"},"west":{"uv":[1.75,0,0,0],"texture":"#0"},"up":{"uv":[0.5,2.125,2.25,0.375],"texture":"#0"},"down":{"uv":[0.5,0.375,2.25,2.125],"texture":"#0"}}},{"from":[8,16,2],"to":[20,16,14],"rotation":{"angle":-45,"axis":"z","origin":[8.5,16,8]},"faces":{"north":{"uv":[1.5,0,0,0],"texture":"#0"},"east":{"uv":[1.5,0,0,0],"texture":"#0"},"south":{"uv":[1.5,0,0,0],"texture":"#0"},"west":{"uv":[1.5,0,0,0],"texture":"#0"},"up":{"uv":[0.75,2.0625,2.25,0.5625],"texture":"#0"},"down":{"uv":[0.75,0.5625,2.25,2.0625],"texture":"#0"}}},{"from":[8,21,3],"to":[19,21,13],"rotation":{"angle":-45,"axis":"z","origin":[8.5,21,8]},"faces":{"north":{"uv":[1.375,0,0,0],"texture":"#0"},"east":{"uv":[1.25,0,0,0],"texture":"#0"},"south":{"uv":[1.375,0,0,0],"texture":"#0"},"west":{"uv":[1.25,0,0,0],"texture":"#0"},"up":{"uv":[0.875,1.9375,2.25,0.6875],"texture":"#0"},"down":{"uv":[0.8125,0.6875,2.1875,1.9375],"texture":"#0"}}},{"from":[8,26,4],"to":[18,26,12],"rotation":{"angle":-45,"axis":"z","origin":[8.5,26,8]},"faces":{"north":{"uv":[1.25,0,0,0],"texture":"#0"},"east":{"uv":[1,0,0,0],"texture":"#0"},"south":{"uv":[1.25,0,0,0],"texture":"#0"},"west":{"uv":[1,0,0,0],"texture":"#0"},"up":{"uv":[1,1.8125,2.25,0.8125],"texture":"#0"},"down":{"uv":[1,0.8125,2.25,1.8125],"texture":"#0"}}},{"from":[8.5,22.5,5],"to":[8.5,31.5,11],"rotation":{"angle":22.5,"axis":"z","origin":[8.5,31,8]},"faces":{"north":{"uv":[0,0,0,1.125],"texture":"#0"},"east":{"uv":[7.25,0,6.5,1.125],"texture":"#0"},"south":{"uv":[0,0,0,1.125],"texture":"#0"},"west":{"uv":[6.5,0,7.25,1.125],"texture":"#0"},"up":{"uv":[0,0.75,0,0],"texture":"#0"},"down":{"uv":[0,0,0,0.75],"texture":"#0"}}},{"from":[5,20.75016,16.29706],"to":[11,29.75016,16.29706],"rotation":{"angle":-22.5,"axis":"x","origin":[8,10.52584,8]},"faces":{"north":{"uv":[6.5,0,7.25,1.125],"texture":"#0"},"east":{"uv":[0,0,0,1.125],"texture":"#0"},"south":{"uv":[7.25,0,6.5,1.125],"texture":"#0"},"west":{"uv":[0,0,0,1.125],"texture":"#0"},"up":{"uv":[0,0.75,0,0],"rotation":90,"texture":"#0"},"down":{"uv":[0,0,0,0.75],"rotation":270,"texture":"#0"}}},{"from":[4,21.82128,-3.08833],"to":[12,21.82128,6.91167],"rotation":{"angle":45,"axis":"x","origin":[8,10.52584,8]},"faces":{"north":{"uv":[1,0,0,0],"texture":"#0"},"east":{"uv":[1.25,0,0,0],"texture":"#0"},"south":{"uv":[1,0,0,0],"texture":"#0"},"west":{"uv":[1.25,0,0,0],"texture":"#0"},"up":{"uv":[1,1.8125,2.25,0.8125],"rotation":90,"texture":"#0"},"down":{"uv":[1,0.8125,2.25,1.8125],"rotation":270,"texture":"#0"}}},{"from":[3,18.28574,0.4472],"to":[13,18.28574,11.4472],"rotation":{"angle":45,"axis":"x","origin":[8,10.52584,8]},"faces":{"north":{"uv":[1.25,0,0,0],"texture":"#0"},"east":{"uv":[1.375,0,0,0],"texture":"#0"},"south":{"uv":[1.25,0,0,0],"texture":"#0"},"west":{"uv":[1.375,0,0,0],"texture":"#0"},"up":{"uv":[0.875,1.9375,2.25,0.6875],"rotation":90,"texture":"#0"},"down":{"uv":[0.8125,0.6875,2.1875,1.9375],"rotation":270,"texture":"#0"}}},{"from":[2,14.75021,3.98274],"to":[14,14.75021,15.98274],"rotation":{"angle":45,"axis":"x","origin":[8,10.52584,8]},"faces":{"north":{"uv":[1.5,0,0,0],"texture":"#0"},"east":{"uv":[1.5,0,0,0],"texture":"#0"},"south":{"uv":[1.5,0,0,0],"texture":"#0"},"west":{"uv":[1.5,0,0,0],"texture":"#0"},"up":{"uv":[0.75,2.0625,2.25,0.5625],"rotation":90,"texture":"#0"},"down":{"uv":[0.75,0.5625,2.25,2.0625],"rotation":270,"texture":"#0"}}},{"from":[1,11.21467,7.51827],"to":[15,11.21467,21.51827],"rotation":{"angle":45,"axis":"x","origin":[8,10.52584,8]},"faces":{"north":{"uv":[1.75,0,0,0],"texture":"#0"},"east":{"uv":[1.75,0,0,0],"texture":"#0"},"south":{"uv":[1.75,0,0,0],"texture":"#0"},"west":{"uv":[1.75,0,0,0],"texture":"#0"},"up":{"uv":[0.5,2.125,2.25,0.375],"rotation":90,"texture":"#0"},"down":{"uv":[0.5,0.375,2.25,2.125],"rotation":270,"texture":"#0"}}},{"from":[0,6.53585,9.6939],"to":[16,6.53585,25.6939],"rotation":{"angle":22.5,"axis":"x","origin":[8,10.52584,8]},"faces":{"north":{"uv":[2,0,0,0],"texture":"#0"},"east":{"uv":[2,0,0,0],"texture":"#0"},"south":{"uv":[2,0,0,0],"texture":"#0"},"west":{"uv":[2,0,0,0],"texture":"#0"},"up":{"uv":[0.25,2.25,2.25,0.25],"rotation":90,"texture":"#0"},"down":{"uv":[0.25,0.25,2.25,2.25],"rotation":270,"texture":"#0"}}},{"from":[-1,2.84033,11.22464],"to":[17,2.84033,28.22464],"rotation":{"angle":22.5,"axis":"x","origin":[8,10.52584,8]},"faces":{"north":{"uv":[2.25,0,0,0],"texture":"#0"},"east":{"uv":[2.125,0,0,0],"texture":"#0"},"south":{"uv":[2.25,0,0,0],"texture":"#0"},"west":{"uv":[2.125,0,0,0],"texture":"#0"},"up":{"uv":[0.125,2.4375,2.25,0.1875],"rotation":90,"texture":"#0"},"down":{"uv":[0.125,0.125,2.25,2.375],"rotation":270,"texture":"#0"}}},{"from":[-2,-1.77907,13.13805],"to":[18,-1.77907,31.13805],"rotation":{"angle":22.5,"axis":"x","origin":[8,10.52584,8]},"faces":{"north":{"uv":[2.5,0,0,0],"texture":"#0"},"east":{"uv":[2.25,0,0,0],"texture":"#0"},"south":{"uv":[2.5,0,0,0],"texture":"#0"},"west":{"uv":[2.25,0,0,0],"texture":"#0"},"up":{"uv":[0,2.5,2.25,0],"rotation":90,"texture":"#0"},"down":{"uv":[0,0,2.25,2.5],"rotation":270,"texture":"#0"}}},{"from":[-1,2.84033,-12.22464],"to":[17,2.84033,4.77536],"rotation":{"angle":-22.5,"axis":"x","origin":[8,10.52584,8]},"faces":{"north":{"uv":[0,0,2.25,0],"texture":"#0"},"east":{"uv":[0,0,2.125,0],"texture":"#0"},"south":{"uv":[0,0,2.25,0],"texture":"#0"},"west":{"uv":[0,0,2.125,0],"texture":"#0"},"up":{"uv":[2.25,2.4375,0.125,0.1875],"rotation":90,"texture":"#0"},"down":{"uv":[2.25,0.125,0.125,2.375],"rotation":270,"texture":"#0"}}},{"from":[-2,-1.77907,-15.13805],"to":[18,-1.77907,2.86195],"rotation":{"angle":-22.5,"axis":"x","origin":[8,10.52584,8]},"faces":{"north":{"uv":[0,0,2.5,0],"texture":"#0"},"east":{"uv":[0,0,2.25,0],"texture":"#0"},"south":{"uv":[0,0,2.5,0],"texture":"#0"},"west":{"uv":[0,0,2.25,0],"texture":"#0"},"up":{"uv":[2.25,2.5,0,0],"rotation":90,"texture":"#0"},"down":{"uv":[2.25,0,0,2.5],"rotation":270,"texture":"#0"}}},{"from":[0,6.53585,-9.6939],"to":[16,6.53585,6.3061],"rotation":{"angle":-22.5,"axis":"x","origin":[8,10.52584,8]},"faces":{"north":{"uv":[0,0,2,0],"texture":"#0"},"east":{"uv":[0,0,2,0],"texture":"#0"},"south":{"uv":[0,0,2,0],"texture":"#0"},"west":{"uv":[0,0,2,0],"texture":"#0"},"up":{"uv":[2.25,2.25,0.25,0.25],"rotation":90,"texture":"#0"},"down":{"uv":[2.25,0.25,0.25,2.25],"rotation":270,"texture":"#0"}}},{"from":[1,11.21467,-5.51827],"to":[15,11.21467,8.48173],"rotation":{"angle":-45,"axis":"x","origin":[8,10.52584,8]},"faces":{"north":{"uv":[0,0,1.75,0],"texture":"#0"},"east":{"uv":[0,0,1.75,0],"texture":"#0"},"south":{"uv":[0,0,1.75,0],"texture":"#0"},"west":{"uv":[0,0,1.75,0],"texture":"#0"},"up":{"uv":[2.25,2.125,0.5,0.375],"rotation":90,"texture":"#0"},"down":{"uv":[2.25,0.375,0.5,2.125],"rotation":270,"texture":"#0"}}},{"from":[2,14.75021,0.01726],"to":[14,14.75021,12.01726],"rotation":{"angle":-45,"axis":"x","origin":[8,10.52584,8]},"faces":{"north":{"uv":[0,0,1.5,0],"texture":"#0"},"east":{"uv":[0,0,1.5,0],"texture":"#0"},"south":{"uv":[0,0,1.5,0],"texture":"#0"},"west":{"uv":[0,0,1.5,0],"texture":"#0"},"up":{"uv":[2.25,2.0625,0.75,0.5625],"rotation":90,"texture":"#0"},"down":{"uv":[2.25,0.5625,0.75,2.0625],"rotation":270,"texture":"#0"}}},{"from":[3,18.28574,4.5528],"to":[13,18.28574,15.5528],"rotation":{"angle":-45,"axis":"x","origin":[8,10.52584,8]},"faces":{"north":{"uv":[0,0,1.25,0],"texture":"#0"},"east":{"uv":[0,0,1.375,0],"texture":"#0"},"south":{"uv":[0,0,1.25,0],"texture":"#0"},"west":{"uv":[0,0,1.375,0],"texture":"#0"},"up":{"uv":[2.25,1.9375,0.875,0.6875],"rotation":90,"texture":"#0"},"down":{"uv":[2.1875,0.6875,0.8125,1.9375],"rotation":270,"texture":"#0"}}},{"from":[4,21.82128,9.08833],"to":[12,21.82128,19.08833],"rotation":{"angle":-45,"axis":"x","origin":[8,10.52584,8]},"faces":{"north":{"uv":[0,0,1,0],"texture":"#0"},"east":{"uv":[0,0,1.25,0],"texture":"#0"},"south":{"uv":[0,0,1,0],"texture":"#0"},"west":{"uv":[0,0,1.25,0],"texture":"#0"},"up":{"uv":[2.25,1.8125,1,0.8125],"rotation":90,"texture":"#0"},"down":{"uv":[2.25,0.8125,1,1.8125],"rotation":270,"texture":"#0"}}},{"from":[5,20.75016,-0.29706],"to":[11,29.75016,-0.29706],"rotation":{"angle":22.5,"axis":"x","origin":[8,10.52584,8]},"faces":{"north":{"uv":[6.5,0,7.25,1.125],"texture":"#0"},"east":{"uv":[0,0,0,1.125],"texture":"#0"},"south":{"uv":[7.25,0,6.5,1.125],"texture":"#0"},"west":{"uv":[0,0,0,1.125],"texture":"#0"},"up":{"uv":[0,0.75,0,0],"rotation":90,"texture":"#0"},"down":{"uv":[0,0,0,0.75],"rotation":270,"texture":"#0"}}}],"display":{"thirdperson_righthand":{"rotation":[75,45,0],"translation":[0,2.5,0],"scale":[0.375,0.375,0.375]},"thirdperson_lefthand":{"rotation":[75,45,0],"translation":[0,2.5,0],"scale":[0.375,0.375,0.375]},"firstperson_righthand":{"rotation":[0,45,0],"scale":[0.4,0.4,0.4]},"firstperson_lefthand":{"rotation":[0,225,0],"scale":[0.4,0.4,0.4]},"ground":{"translation":[0,3,0],"scale":[0.25,0.25,0.25]},"gui":{"rotation":[30,-135,0],"scale":[0.3,0.3,0.3]},"fixed":{"rotation":[-90,0,0],"translation":[0,0,-80],"scale":[4,4,4]}}}