{"credit":"Made with Blockbench","texture_size":[32,32],"textures":{"2":"custom/general/decoration/christmas/santa_toy_7","particle":"custom/general/decoration/christmas/santa_toy_7"},"elements":[{"from":[6,0,7],"to":[10,7,10],"faces":{"north":{"uv":[0,0,2,3.5],"texture":"#2"},"east":{"uv":[2.5,6,4,9.5],"texture":"#2"},"south":{"uv":[2,0,4,3.5],"texture":"#2"},"west":{"uv":[7.5,0,9,3.5],"texture":"#2"},"up":{"uv":[9.5,5,7.5,3.5],"texture":"#2"},"down":{"uv":[6,7.5,4,9],"texture":"#2"}}},{"from":[4,1.2,7.5],"to":[6,7.2,9.5],"rotation":{"angle":-22.5,"axis":"z","origin":[5,4,9]},"faces":{"north":{"uv":[7.5,5,8.5,8],"texture":"#2"},"east":{"uv":[6,7.5,7,10.5],"texture":"#2"},"south":{"uv":[7,8,8,11],"texture":"#2"},"west":{"uv":[8,8,9,11],"texture":"#2"},"up":{"uv":[4,10.5,3,9.5],"texture":"#2"},"down":{"uv":[10.5,5,9.5,6],"texture":"#2"}}},{"from":[10,1.2,7.5],"to":[12,7.2,9.5],"rotation":{"angle":22.5,"axis":"z","origin":[11,4,9]},"faces":{"north":{"uv":[0,8.5,1,11.5],"texture":"#2"},"east":{"uv":[1,8.5,2,11.5],"texture":"#2"},"south":{"uv":[8.5,5,9.5,8],"texture":"#2"},"west":{"uv":[9,0,10,3],"texture":"#2"},"up":{"uv":[11,1,10,0],"texture":"#2"},"down":{"uv":[11,1,10,2],"texture":"#2"}}},{"from":[5,0,3],"to":[7,2,8],"rotation":{"angle":22.5,"axis":"y","origin":[7,1,5.5]},"faces":{"north":{"uv":[4,2.5,5,3.5],"texture":"#2"},"east":{"uv":[9,8,11.5,9],"texture":"#2"},"south":{"uv":[4,6,5,7],"texture":"#2"},"west":{"uv":[9,9,11.5,10],"texture":"#2"},"up":{"uv":[7.5,2.5,6.5,0],"texture":"#2"},"down":{"uv":[5,9,4,11.5],"texture":"#2"}}},{"from":[9,0,3],"to":[11,2,8],"rotation":{"angle":-22.5,"axis":"y","origin":[9,1,5.5]},"faces":{"north":{"uv":[9.5,6,10.5,7],"texture":"#2"},"east":{"uv":[9.5,3,12,4],"texture":"#2"},"south":{"uv":[9.5,7,10.5,8],"texture":"#2"},"west":{"uv":[9.5,4,12,5],"texture":"#2"},"up":{"uv":[6,11.5,5,9],"texture":"#2"},"down":{"uv":[3,9.5,2,12],"texture":"#2"}}},{"from":[5.5,7,6],"to":[10.5,12,11],"faces":{"north":{"uv":[0,3.5,2.5,6],"texture":"#2"},"east":{"uv":[2.5,3.5,5,6],"texture":"#2"},"south":{"uv":[4,0,6.5,2.5],"texture":"#2"},"west":{"uv":[5,2.5,7.5,5],"texture":"#2"},"up":{"uv":[7.5,7.5,5,5],"texture":"#2"},"down":{"uv":[2.5,6,0,8.5],"texture":"#2"}}}],"display":{"thirdperson_righthand":{"rotation":[75,45,0],"translation":[0,2.5,0],"scale":[0.375,0.375,0.375]},"thirdperson_lefthand":{"rotation":[75,45,0],"translation":[0,2.5,0],"scale":[0.375,0.375,0.375]},"firstperson_righthand":{"rotation":[0,45,0],"scale":[0.4,0.4,0.4]},"firstperson_lefthand":{"rotation":[0,225,0],"scale":[0.4,0.4,0.4]},"ground":{"translation":[0,3,0],"scale":[0.25,0.25,0.25]},"gui":{"rotation":[30,-135,0],"translation":[0,2.25,0]},"fixed":{"rotation":[-90,-90,0],"translation":[0,0,-16],"scale":[2,2,2]}}}