{"credit":"Made with Blockbench","texture_size":[32,32],"textures":{"2":"custom/general/decoration/christmas/santa_toy_5","particle":"custom/general/decoration/christmas/santa_toy_5"},"elements":[{"from":[4.5,0.1,4],"to":[6.5,2.1,11],"rotation":{"angle":0,"axis":"y","origin":[1.5,0.1,-1]},"faces":{"north":{"uv":[10,4,11,5],"texture":"#2"},"east":{"uv":[2,0,5.5,1],"texture":"#2"},"south":{"uv":[10,5,11,6],"texture":"#2"},"west":{"uv":[2,1,5.5,2],"texture":"#2"},"up":{"uv":[3,5.5,2,2],"texture":"#2"},"down":{"uv":[4,2,3,5.5],"texture":"#2"}}},{"from":[4.6,0,11.1],"to":[6.4,2.2,11.1],"rotation":{"angle":0,"axis":"y","origin":[1.5,0.1,-1]},"faces":{"north":{"uv":[10,8,11,9],"texture":"#2"},"east":{"uv":[0,0,0,1],"texture":"#2"},"south":{"uv":[9,10,10,11],"texture":"#2"},"west":{"uv":[0,0,0,1],"texture":"#2"},"up":{"uv":[1,0,0,0],"texture":"#2"},"down":{"uv":[1,0,0,0],"texture":"#2"}}},{"from":[4.6,2.2,3.9],"to":[6.4,2.2,11.1],"rotation":{"angle":0,"axis":"y","origin":[1.5,0.1,-1]},"faces":{"north":{"uv":[0,0,1,0],"texture":"#2"},"east":{"uv":[0,0,3.5,0],"texture":"#2"},"south":{"uv":[0,0,1,0],"texture":"#2"},"west":{"uv":[0,0,3.5,0],"texture":"#2"},"up":{"uv":[1,7.5,0,4],"texture":"#2"},"down":{"uv":[2,4,1,7.5],"texture":"#2"}}},{"from":[4.6,0,3.9],"to":[6.4,0,11.1],"rotation":{"angle":0,"axis":"y","origin":[1.5,0.1,-1]},"faces":{"north":{"uv":[0,0,1,0],"texture":"#2"},"east":{"uv":[0,0,3.5,0],"texture":"#2"},"south":{"uv":[0,0,1,0],"texture":"#2"},"west":{"uv":[0,0,3.5,0],"texture":"#2"},"up":{"uv":[5,5.5,4,2],"texture":"#2"},"down":{"uv":[6,2,5,5.5],"texture":"#2"}}},{"from":[4.6,0,3.9],"to":[6.4,2.2,3.9],"rotation":{"angle":0,"axis":"y","origin":[1.5,0.1,-1]},"faces":{"north":{"uv":[10,9,11,10],"texture":"#2"},"east":{"uv":[0,0,0,1],"texture":"#2"},"south":{"uv":[10,10,11,11],"texture":"#2"},"west":{"uv":[0,0,0,1],"texture":"#2"},"up":{"uv":[1,0,0,0],"texture":"#2"},"down":{"uv":[1,0,0,0],"texture":"#2"}}},{"from":[9.5,0.1,4],"to":[11.5,2.1,11],"rotation":{"angle":0,"axis":"y","origin":[17.5,0.1,-1]},"faces":{"north":{"uv":[2.5,10.5,3.5,11.5],"texture":"#2"},"east":{"uv":[5.5,0,9,1],"texture":"#2"},"south":{"uv":[10.5,3,11.5,4],"texture":"#2"},"west":{"uv":[5.5,1,9,2],"texture":"#2"},"up":{"uv":[7,5.5,6,2],"texture":"#2"},"down":{"uv":[7,5.5,6,9],"texture":"#2"}}},{"from":[9.6,0,3.9],"to":[11.4,2.2,3.9],"rotation":{"angle":0,"axis":"y","origin":[17.5,0.1,-1]},"faces":{"north":{"uv":[1.5,10.5,2.5,11.5],"texture":"#2"},"east":{"uv":[0,0,0,1],"texture":"#2"},"south":{"uv":[10.5,2,11.5,3],"texture":"#2"},"west":{"uv":[0,0,0,1],"texture":"#2"},"up":{"uv":[1,0,0,0],"texture":"#2"},"down":{"uv":[1,0,0,0],"texture":"#2"}}},{"from":[9.6,2.2,3.9],"to":[11.4,2.2,11.1],"rotation":{"angle":0,"axis":"y","origin":[17.5,0.1,-1]},"faces":{"north":{"uv":[0,0,1,0],"texture":"#2"},"east":{"uv":[0,0,3.5,0],"texture":"#2"},"south":{"uv":[0,0,1,0],"texture":"#2"},"west":{"uv":[0,0,3.5,0],"texture":"#2"},"up":{"uv":[5,9,4,5.5],"texture":"#2"},"down":{"uv":[6,5.5,5,9],"texture":"#2"}}},{"from":[9.6,0,11.1],"to":[11.4,2.2,11.1],"rotation":{"angle":0,"axis":"y","origin":[17.5,0.1,-1]},"faces":{"north":{"uv":[10.5,0,11.5,1],"texture":"#2"},"east":{"uv":[0,0,0,1],"texture":"#2"},"south":{"uv":[10.5,1,11.5,2],"texture":"#2"},"west":{"uv":[0,0,0,1],"texture":"#2"},"up":{"uv":[1,0,0,0],"texture":"#2"},"down":{"uv":[1,0,0,0],"texture":"#2"}}},{"from":[9.6,0,3.9],"to":[11.4,0,11.1],"rotation":{"angle":0,"axis":"y","origin":[17.5,0.1,-1]},"faces":{"north":{"uv":[0,0,1,0],"texture":"#2"},"east":{"uv":[0,0,3.5,0],"texture":"#2"},"south":{"uv":[0,0,1,0],"texture":"#2"},"west":{"uv":[0,0,3.5,0],"texture":"#2"},"up":{"uv":[3,9,2,5.5],"texture":"#2"},"down":{"uv":[4,5.5,3,9],"texture":"#2"}}},{"from":[7,1.1,10],"to":[9,4.1,13],"rotation":{"angle":0,"axis":"y","origin":[1.5,0.1,-1]},"faces":{"north":{"uv":[6,9,7,10.5],"texture":"#2"},"east":{"uv":[9,0,10.5,1.5],"texture":"#2"},"south":{"uv":[9,7,10,8.5],"texture":"#2"},"west":{"uv":[1.5,9,3,10.5],"texture":"#2"},"up":{"uv":[10,10,9,8.5],"texture":"#2"},"down":{"uv":[1,9.5,0,11],"texture":"#2"}}},{"from":[6.5,1.1,6],"to":[9.5,5.1,10],"rotation":{"angle":0,"axis":"y","origin":[1.5,0.1,-1]},"faces":{"north":{"uv":[7,2,8.5,4],"texture":"#2"},"east":{"uv":[0,0,2,2],"texture":"#2"},"south":{"uv":[7,4,8.5,6],"texture":"#2"},"west":{"uv":[0,2,2,4],"texture":"#2"},"up":{"uv":[8.5,8,7,6],"texture":"#2"},"down":{"uv":[1.5,7.5,0,9.5],"texture":"#2"}}},{"from":[8.5,1.1,7],"to":[10.5,6.1,9],"rotation":{"angle":-22.5,"axis":"x","origin":[9.5,4.1,8]},"faces":{"north":{"uv":[7,8,8,10.5],"texture":"#2"},"east":{"uv":[8,8,9,10.5],"texture":"#2"},"south":{"uv":[8.5,2,9.5,4.5],"texture":"#2"},"west":{"uv":[8.5,4.5,9.5,7],"texture":"#2"},"up":{"uv":[11,7,10,6],"texture":"#2"},"down":{"uv":[11,7,10,8],"texture":"#2"}}},{"from":[9,4.8911,4.68364],"to":[10,9.8911,5.68364],"rotation":{"angle":-45,"axis":"x","origin":[9.5,7.3911,5.68364]},"faces":{"north":{"uv":[1,9.5,1.5,12],"texture":"#2"},"east":{"uv":[9.5,1.5,10,4],"texture":"#2"},"south":{"uv":[9.5,4,10,6.5],"texture":"#2"},"west":{"uv":[10,1.5,10.5,4],"texture":"#2"},"up":{"uv":[9,7.5,8.5,7],"texture":"#2"},"down":{"uv":[9,7.5,8.5,8],"texture":"#2"}}},{"from":[8,8.8911,1.68364],"to":[11,9.8911,4.68364],"rotation":{"angle":-45,"axis":"x","origin":[9.5,7.3911,5.68364]},"faces":{"north":{"uv":[4,10.5,5.5,11],"texture":"#2"},"east":{"uv":[5.5,10.5,7,11],"texture":"#2"},"south":{"uv":[7,10.5,8.5,11],"texture":"#2"},"west":{"uv":[4,11,5.5,11.5],"texture":"#2"},"up":{"uv":[4.5,10.5,3,9],"texture":"#2"},"down":{"uv":[6,9,4.5,10.5],"texture":"#2"}}},{"from":[8,7.8911,1.68364],"to":[11,8.8911,1.68364],"rotation":{"angle":-45,"axis":"x","origin":[9.5,7.3911,5.68364]},"faces":{"north":{"uv":[11,4,12.5,4.5],"texture":"#2"},"east":{"uv":[0,0,0,0.5],"texture":"#2"},"south":{"uv":[11,4.5,12.5,5],"texture":"#2"},"west":{"uv":[0,0,0,0.5],"texture":"#2"},"up":{"uv":[1.5,0,0,0],"texture":"#2"},"down":{"uv":[1.5,0,0,0],"texture":"#2"}}},{"from":[9,7.28715,5.34881],"to":[10,7.28715,8.34881],"rotation":{"angle":22.5,"axis":"x","origin":[10,7.28715,5.84881]},"faces":{"north":{"uv":[0,0,0.5,0],"texture":"#2"},"east":{"uv":[0,0,1.5,0],"texture":"#2"},"south":{"uv":[0,0,0.5,0],"texture":"#2"},"west":{"uv":[0,0,1.5,0],"texture":"#2"},"up":{"uv":[2,9,1.5,7.5],"texture":"#2"},"down":{"uv":[4,10.5,3.5,12],"texture":"#2"}}}],"display":{"thirdperson_righthand":{"rotation":[75,45,0],"translation":[0,2.5,0],"scale":[0.375,0.375,0.375]},"thirdperson_lefthand":{"rotation":[75,45,0],"translation":[0,2.5,0],"scale":[0.375,0.375,0.375]},"firstperson_righthand":{"rotation":[0,45,0],"scale":[0.4,0.4,0.4]},"firstperson_lefthand":{"rotation":[0,225,0],"scale":[0.4,0.4,0.4]},"ground":{"translation":[0,3,0],"scale":[0.25,0.25,0.25]},"gui":{"rotation":[30,-135,0],"translation":[0,2.5,0]},"fixed":{"rotation":[-90,-90,0],"translation":[0,0,-16],"scale":[2,2,2]}}}