{"credit":"Made with Blockbench","texture_size":[32,32],"textures":{"1":"custom/general/decoration/christmas/santa_toy_6"},"elements":[{"from":[6,1,2.5],"to":[10,2,13.5],"rotation":{"angle":0,"axis":"y","origin":[-0.5,0,0]},"faces":{"north":{"uv":[9,8.5,11,9],"texture":"#1"},"east":{"uv":[7,3,12.5,3.5],"texture":"#1"},"south":{"uv":[9,9,11,9.5],"texture":"#1"},"west":{"uv":[7,3.5,12.5,4],"texture":"#1"},"up":{"uv":[2,5.5,0,0],"texture":"#1"},"down":{"uv":[4,0,2,5.5],"texture":"#1"}}},{"from":[6,2,7.5],"to":[10,7,13.5],"rotation":{"angle":0,"axis":"y","origin":[-0.5,0,0]},"faces":{"north":{"uv":[2,5.5,4,8],"texture":"#1"},"east":{"uv":[4,0,7,2.5],"texture":"#1"},"south":{"uv":[6,5,8,7.5],"texture":"#1"},"west":{"uv":[4,2.5,7,5],"texture":"#1"},"up":{"uv":[6,8,4,5],"texture":"#1"},"down":{"uv":[2,5.5,0,8.5],"texture":"#1"}}},{"from":[5.5,0,10.5],"to":[6.5,3,13.5],"rotation":{"angle":45,"axis":"x","origin":[5.5,1.5,12]},"faces":{"north":{"uv":[9.5,5.5,10,7],"texture":"#1"},"east":{"uv":[8,4,9.5,5.5],"texture":"#1"},"south":{"uv":[9,9.5,9.5,11],"texture":"#1"},"west":{"uv":[8,5.5,9.5,7],"texture":"#1"},"up":{"uv":[10,11,9.5,9.5],"texture":"#1"},"down":{"uv":[0.5,10,0,11.5],"texture":"#1"}}},{"from":[5.5,0,6.5],"to":[6.5,2,8.5],"rotation":{"angle":45,"axis":"x","origin":[5.5,1,7.5]},"faces":{"north":{"uv":[1.5,8.5,2,9.5],"texture":"#1"},"east":{"uv":[7,4,8,5],"texture":"#1"},"south":{"uv":[5.5,10,6,11],"texture":"#1"},"west":{"uv":[5,8,6,9],"texture":"#1"},"up":{"uv":[10.5,6.5,10,5.5],"texture":"#1"},"down":{"uv":[6.5,10,6,11],"texture":"#1"}}},{"from":[5.5,0,3.5],"to":[6.5,2,5.5],"rotation":{"angle":45,"axis":"x","origin":[5.5,1,4.5]},"faces":{"north":{"uv":[6.5,10,7,11],"texture":"#1"},"east":{"uv":[5,9,6,10],"texture":"#1"},"south":{"uv":[7,10,7.5,11],"texture":"#1"},"west":{"uv":[9.5,0,10.5,1],"texture":"#1"},"up":{"uv":[8,11,7.5,10],"texture":"#1"},"down":{"uv":[8.5,10,8,11],"texture":"#1"}}},{"from":[9.5,0,3.5],"to":[10.5,2,5.5],"rotation":{"angle":45,"axis":"x","origin":[9.5,1,4.5]},"faces":{"north":{"uv":[1.5,10.5,2,11.5],"texture":"#1"},"east":{"uv":[9.5,2,10.5,3],"texture":"#1"},"south":{"uv":[2,10.5,2.5,11.5],"texture":"#1"},"west":{"uv":[2.5,9.5,3.5,10.5],"texture":"#1"},"up":{"uv":[11,3,10.5,2],"texture":"#1"},"down":{"uv":[3,10.5,2.5,11.5],"texture":"#1"}}},{"from":[9.5,0,6.5],"to":[10.5,2,8.5],"rotation":{"angle":45,"axis":"x","origin":[9.5,1,7.5]},"faces":{"north":{"uv":[8.5,10,9,11],"texture":"#1"},"east":{"uv":[9.5,1,10.5,2],"texture":"#1"},"south":{"uv":[10,9.5,10.5,10.5],"texture":"#1"},"west":{"uv":[1.5,9.5,2.5,10.5],"texture":"#1"},"up":{"uv":[11,1,10.5,0],"texture":"#1"},"down":{"uv":[11,1,10.5,2],"texture":"#1"}}},{"from":[9.5,0,10.5],"to":[10.5,3,13.5],"rotation":{"angle":45,"axis":"x","origin":[9.5,1.5,12]},"faces":{"north":{"uv":[0.5,10,1,11.5],"texture":"#1"},"east":{"uv":[0,8.5,1.5,10],"texture":"#1"},"south":{"uv":[1,10,1.5,11.5],"texture":"#1"},"west":{"uv":[9,7,10.5,8.5],"texture":"#1"},"up":{"uv":[10.5,5.5,10,4],"texture":"#1"},"down":{"uv":[5.5,10,5,11.5],"texture":"#1"}}},{"from":[6,7,11.5],"to":[7,10,12.5],"rotation":{"angle":0,"axis":"y","origin":[-0.5,0,0]},"faces":{"north":{"uv":[3.5,9.5,4,11],"texture":"#1"},"east":{"uv":[4,9.5,4.5,11],"texture":"#1"},"south":{"uv":[9.5,4,10,5.5],"texture":"#1"},"west":{"uv":[4.5,9.5,5,11],"texture":"#1"},"up":{"uv":[8.5,7.5,8,7],"texture":"#1"},"down":{"uv":[9,7,8.5,7.5],"texture":"#1"}}},{"from":[6,9,12.5],"to":[7,10,13.5],"rotation":{"angle":0,"axis":"y","origin":[-0.5,0,0]},"faces":{"north":{"uv":[10,6.5,10.5,7],"texture":"#1"},"east":{"uv":[3,10.5,3.5,11],"texture":"#1"},"south":{"uv":[10.5,4,11,4.5],"texture":"#1"},"west":{"uv":[10.5,4.5,11,5],"texture":"#1"},"up":{"uv":[11,5.5,10.5,5],"texture":"#1"},"down":{"uv":[11,5.5,10.5,6],"texture":"#1"}}},{"from":[6.5,2,3],"to":[9.5,5,8],"rotation":{"angle":0,"axis":"y","origin":[-0.5,0,0]},"faces":{"north":{"uv":[2,8,3.5,9.5],"texture":"#1"},"east":{"uv":[7,0,9.5,1.5],"texture":"#1"},"south":{"uv":[3.5,8,5,9.5],"texture":"#1"},"west":{"uv":[7,1.5,9.5,3],"texture":"#1"},"up":{"uv":[7.5,10,6,7.5],"texture":"#1"},"down":{"uv":[9,7.5,7.5,10],"texture":"#1"}}}],"display":{"thirdperson_righthand":{"rotation":[75,45,0],"translation":[0,2.5,0],"scale":[0.375,0.375,0.375]},"thirdperson_lefthand":{"rotation":[75,45,0],"translation":[0,2.5,0],"scale":[0.375,0.375,0.375]},"firstperson_righthand":{"rotation":[0,45,0],"scale":[0.4,0.4,0.4]},"firstperson_lefthand":{"rotation":[0,225,0],"scale":[0.4,0.4,0.4]},"ground":{"translation":[0,3,0],"scale":[0.25,0.25,0.25]},"gui":{"rotation":[30,-135,0],"translation":[0,2.5,0]},"fixed":{"rotation":[-90,-90,0],"translation":[0,0,-16],"scale":[2,2,2]}}}