{"providers":[{"type":"bitmap","file":"minecraft:customfont/gold_question_mark.png","ascent":16,"height":16,"chars":[""]},{"type":"bitmap","file":"minecraft:customfont/gold_exclamation_mark.png","ascent":16,"height":16,"chars":[""]},{"type":"bitmap","file":"minecraft:customfont/coin.png","ascent":7,"height":7,"chars":[""]},{"type":"bitmap","file":"minecraft:customfont/dollar.png","ascent":7,"height":7,"chars":[""]},{"type":"bitmap","file":"minecraft:customfont/treasurechest.png","ascent":8,"height":40,"chars":[""]},{"type":"bitmap","file":"minecraft:customfont/icons/icons_14.png","ascent":7,"height":7,"chars":["",""]},"ascent":25,"height":25,"chars":[""]},{"type":"bitmap","file":"minecraft:customfont/icons/icons_10.png","ascent":8,"height":10,"chars":["",""]}]}