{"providers":[{"type":"space","advances":{" ":4,"‌":0}},{"type":"bitmap","file":"minecraft:customfont/charset/sign_language.png","ascent":-90,"height":21,"chars":["012345678","9ABCDEFGH","IJKLMNOPQ","RSTUVWXYZ","abcdefghi","jklmnopqr","stuvwxyz-","/."]},{"type":"bitmap","file":"minecraft:customfont/lobby/frame_overlay.png","ascent":-9,"height":61,"chars":[""]},{"type":"bitmap","file":"minecraft:customfont/lobby/noserver.png","ascent":-9,"height":61,"chars":[""]},{"type":"bitmap","file":"minecraft:customfont/lobby/maps.png","ascent":-9,"height":61,"chars":["","","","","","","","",""]},{"type":"bitmap","file":"minecraft:customfont/pixels/backspace.png","ascent":-60000,"height":-3,"chars":[""]},{"type":"bitmap","file":"minecraft:customfont/pixels/backspace.png","ascent":-60000,"height":-4,"chars":[""]},{"type":"bitmap","file":"minecraft:customfont/pixels/backspace.png","ascent":-60000,"height":-6,"chars":[""]},{"type":"bitmap","file":"minecraft:customfont/pixels/backspace.png","ascent":-60000,"height":-10,"chars":[""]},{"type":"bitmap","file":"minecraft:customfont/pixels/backspace.png","ascent":-60000,"height":-18,"chars":[""]},{"type":"bitmap","file":"minecraft:customfont/pixels/backspace.png","ascent":-60000,"height":-34,"chars":[""]},{"type":"bitmap","file":"minecraft:customfont/pixels/backspace.png","ascent":-60000,"height":-66,"chars":[""]},{"type":"bitmap","file":"minecraft:customfont/pixels/backspace.png","ascent":-60000,"height":-130,"chars":[""]}]}