{"providers":[{"type":"bitmap","file":"minecraft:customfont/tags/ranks.png","ascent":7,"height":7,"chars":["","","","","","","","","","","",""]},{"type":"bitmap","file":"minecraft:customfont/tags/sparkles.png","ascent":7,"height":7,"chars":["","","","","","","","","","","",""]},{"type":"bitmap","file":"minecraft:customfont/tags/de/konto.png","ascent":7,"height":8,"chars":[""]},{"type":"bitmap","file":"minecraft:customfont/tags/de/zone.png","ascent":7,"height":8,"chars":[""]},{"type":"bitmap","file":"minecraft:customfont/tags/de/chips.png","ascent":7,"height":8,"chars":[""]},{"type":"bitmap","file":"minecraft:customfont/tags/de/stadtgruppe.png","ascent":7,"height":8,"chars":[""]},{"type":"bitmap","file":"minecraft:customfont/tags/de/preis.png","ascent":7,"height":8,"chars":[""]},{"type":"bitmap","file":"minecraft:customfont/tags/de/belohnung.png","ascent":7,"height":8,"chars":[""]},{"type":"bitmap","file":"minecraft:customfont/tags/de/befehle.png","ascent":18,"height":18,"chars":[""]},{"type":"bitmap","file":"minecraft:customfont/tags/de/inselbank.png","ascent":7,"height":8,"chars":[""]},{"type":"bitmap","file":"minecraft:customfont/tags/de/besitzer.png","ascent":7,"height":8,"chars":[""]},{"type":"bitmap","file":"minecraft:customfont/tags/de/grenze.png","ascent":7,"height":8,"chars":[""]},{"type":"bitmap","file":"minecraft:customfont/tags/international/vote.png","ascent":7,"height":8,"chars":[""]},{"type":"bitmap","file":"minecraft:customfont/tags/de/spieler.png","ascent":7,"height":8,"chars":[""]},{"type":"bitmap","file":"minecraft:customfont/tags/de/teleport.png","ascent":20,"height":20,"chars":[""]},{"type":"bitmap","file":"minecraft:customfont/tags/de/bargeld.png","ascent":7,"height":8,"chars":[""]},{"type":"bitmap","file":"minecraft:customfont/tags/de/sterne.png","ascent":7,"height":8,"chars":[""]},{"type":"bitmap","file":"minecraft:customfont/tags/de/aktueller_job.png","ascent":7,"height":8,"chars":[""]},{"type":"bitmap","file":"minecraft:customfont/tags/de/welt.png","ascent":7,"height":8,"chars":[""]},{"type":"bitmap","file":"minecraft:customfont/tags/boxes.png","ascent":7,"height":7,"chars":["","","","","","","","","","","","","","","",""]},{"type":"bitmap","file":"minecraft:customfont/pixels/backspace.png","ascent":-60000,"height":-4,"chars":[""]},{"type":"bitmap","file":"minecraft:customfont/pixels/backspace.png","ascent":-60000,"height":-8,"chars":[""]}]}