{"credit":"Made with Blockbench","texture_size":[128,128],"textures":{"0":"custom/general/decoration/medieval_market/medieval_market_wood_pile","particle":"custom/general/decoration/medieval_market/medieval_market_wood_pile"},"elements":[{"from":[-3.5,0,-2],"to":[1.5,5,18],"faces":{"north":{"uv":[2.5,2.5,3.125,3.125],"texture":"#0"},"east":{"uv":[0,2.5,2.5,3.125],"texture":"#0"},"south":{"uv":[5.625,2.5,6.25,3.125],"texture":"#0"},"west":{"uv":[3.125,2.5,5.625,3.125],"texture":"#0"},"up":{"uv":[3.125,2.5,2.5,0],"texture":"#0"},"down":{"uv":[3.75,0,3.125,2.5],"texture":"#0"}}},{"from":[2.5,0,-1],"to":[7.5,5,19],"faces":{"north":{"uv":[2.5,2.5,3.125,3.125],"texture":"#0"},"east":{"uv":[0,2.5,2.5,3.125],"texture":"#0"},"south":{"uv":[5.625,2.5,6.25,3.125],"texture":"#0"},"west":{"uv":[3.125,2.5,5.625,3.125],"texture":"#0"},"up":{"uv":[3.125,2.5,2.5,0],"texture":"#0"},"down":{"uv":[3.75,0,3.125,2.5],"texture":"#0"}}},{"from":[8.5,0,-2],"to":[13.5,5,18],"faces":{"north":{"uv":[2.5,2.5,3.125,3.125],"texture":"#0"},"east":{"uv":[0,2.5,2.5,3.125],"texture":"#0"},"south":{"uv":[5.625,2.5,6.25,3.125],"texture":"#0"},"west":{"uv":[3.125,2.5,5.625,3.125],"texture":"#0"},"up":{"uv":[3.125,2.5,2.5,0],"texture":"#0"},"down":{"uv":[3.75,0,3.125,2.5],"texture":"#0"}}},{"from":[2.5,10,-2],"to":[7.5,15,18],"faces":{"north":{"uv":[2.5,2.5,3.125,3.125],"texture":"#0"},"east":{"uv":[0,2.5,2.5,3.125],"texture":"#0"},"south":{"uv":[5.625,2.5,6.25,3.125],"texture":"#0"},"west":{"uv":[3.125,2.5,5.625,3.125],"texture":"#0"},"up":{"uv":[3.125,2.5,2.5,0],"texture":"#0"},"down":{"uv":[3.75,0,3.125,2.5],"texture":"#0"}}},{"from":[14.5,0,-1],"to":[19.5,5,19],"faces":{"north":{"uv":[2.5,2.5,3.125,3.125],"texture":"#0"},"east":{"uv":[0,2.5,2.5,3.125],"texture":"#0"},"south":{"uv":[5.625,2.5,6.25,3.125],"texture":"#0"},"west":{"uv":[3.125,2.5,5.625,3.125],"texture":"#0"},"up":{"uv":[3.125,2.5,2.5,0],"texture":"#0"},"down":{"uv":[3.75,0,3.125,2.5],"texture":"#0"}}},{"from":[11.5,5,-2],"to":[16.5,10,18],"faces":{"north":{"uv":[2.5,2.5,3.125,3.125],"texture":"#0"},"east":{"uv":[0,2.5,2.5,3.125],"texture":"#0"},"south":{"uv":[5.625,2.5,6.25,3.125],"texture":"#0"},"west":{"uv":[3.125,2.5,5.625,3.125],"texture":"#0"},"up":{"uv":[3.125,2.5,2.5,0],"texture":"#0"},"down":{"uv":[3.75,0,3.125,2.5],"texture":"#0"}}},{"from":[19,0,1],"to":[24,5,21],"rotation":{"angle":22.5,"axis":"y","origin":[0,0,0]},"faces":{"north":{"uv":[2.5,2.5,3.125,3.125],"texture":"#0"},"east":{"uv":[0,2.5,2.5,3.125],"texture":"#0"},"south":{"uv":[5.625,2.5,6.25,3.125],"texture":"#0"},"west":{"uv":[3.125,2.5,5.625,3.125],"texture":"#0"},"up":{"uv":[3.125,2.5,2.5,0],"texture":"#0"},"down":{"uv":[3.75,0,3.125,2.5],"texture":"#0"}}},{"from":[5.5,5,-3],"to":[10.5,10,17],"faces":{"north":{"uv":[2.5,2.5,3.125,3.125],"texture":"#0"},"east":{"uv":[0,2.5,2.5,3.125],"texture":"#0"},"south":{"uv":[5.625,2.5,6.25,3.125],"texture":"#0"},"west":{"uv":[3.125,2.5,5.625,3.125],"texture":"#0"},"up":{"uv":[3.125,2.5,2.5,0],"texture":"#0"},"down":{"uv":[3.75,0,3.125,2.5],"texture":"#0"}}},{"from":[-0.5,5,-1],"to":[4.5,10,19],"faces":{"north":{"uv":[2.5,2.5,3.125,3.125],"texture":"#0"},"east":{"uv":[0,2.5,2.5,3.125],"texture":"#0"},"south":{"uv":[5.625,2.5,6.25,3.125],"texture":"#0"},"west":{"uv":[3.125,2.5,5.625,3.125],"texture":"#0"},"up":{"uv":[3.125,2.5,2.5,0],"texture":"#0"},"down":{"uv":[3.75,0,3.125,2.5],"texture":"#0"}}}],"display":{"thirdperson_righthand":{"rotation":[60,-160,0],"translation":[0,4.25,0.5],"scale":[0.4,0.4,0.4]},"thirdperson_lefthand":{"rotation":[60,-160,0],"translation":[0,4.25,0.5],"scale":[0.4,0.4,0.4]},"firstperson_righthand":{"rotation":[0,-73,6],"translation":[0,1.5,0],"scale":[0.35,0.35,0.35]},"firstperson_lefthand":{"rotation":[0,-73,6],"translation":[0,1.5,0],"scale":[0.35,0.35,0.35]},"ground":{"translation":[0,1.5,0],"scale":[0.35,0.35,0.35]},"gui":{"rotation":[30,-45,0],"translation":[-1,0.5,0],"scale":[0.35,0.35,0.35]},"head":{"rotation":[0,90,0],"translation":[0,14.5,0]},"fixed":{"rotation":[-90,0,0],"translation":[0,0,-16],"scale":[2,2,2]}}}