{"credit":"Made with Blockbench","texture_size":[64,64],"textures":{"0":"custom/general/decoration/medieval_market/medieval_market_stool","particle":"custom/general/decoration/medieval_market/medieval_market_stool"},"elements":[{"name":"Element","from":[2,0,2],"to":[4,8,4],"faces":{"north":{"uv":[0.5,0.5,1,2.5],"texture":"#0"},"east":{"uv":[0,0.5,0.5,2.5],"texture":"#0"},"south":{"uv":[1.5,0.5,2,2.5],"texture":"#0"},"west":{"uv":[1,0.5,1.5,2.5],"texture":"#0"},"up":{"uv":[1,0.5,0.5,0],"texture":"#0"},"down":{"uv":[1.5,0,1,0.5],"texture":"#0"}}},{"name":"Element","from":[12,0,2],"to":[14,8,4],"shade":false,"rotation":{"angle":0,"axis":"y","origin":[16,0,0]},"faces":{"north":{"uv":[1,0.5,0.5,2.5],"texture":"#0"},"east":{"uv":[1.5,0.5,1,2.5],"texture":"#0"},"south":{"uv":[2,0.5,1.5,2.5],"texture":"#0"},"west":{"uv":[0.5,0.5,0,2.5],"texture":"#0"},"up":{"uv":[0.5,0.5,1,0],"texture":"#0"},"down":{"uv":[1,0,1.5,0.5],"texture":"#0"}}},{"name":"Element","from":[12,0,12],"to":[14,8,14],"shade":false,"rotation":{"angle":0,"axis":"y","origin":[16,0,16]},"faces":{"north":{"uv":[1,0.5,0.5,2.5],"texture":"#0"},"east":{"uv":[1.5,0.5,1,2.5],"texture":"#0"},"south":{"uv":[2,0.5,1.5,2.5],"texture":"#0"},"west":{"uv":[0.5,0.5,0,2.5],"texture":"#0"},"up":{"uv":[0.5,0.5,1,0],"texture":"#0"},"down":{"uv":[1,0,1.5,0.5],"texture":"#0"}}},{"name":"Element","from":[2,0,12],"to":[4,8,14],"rotation":{"angle":0,"axis":"y","origin":[0,0,16]},"faces":{"north":{"uv":[0.5,0.5,1,2.5],"texture":"#0"},"east":{"uv":[0,0.5,0.5,2.5],"texture":"#0"},"south":{"uv":[1.5,0.5,2,2.5],"texture":"#0"},"west":{"uv":[1,0.5,1.5,2.5],"texture":"#0"},"up":{"uv":[1,0.5,0.5,0],"texture":"#0"},"down":{"uv":[1.5,0,1,0.5],"texture":"#0"}}},{"name":"Element","from":[1,8,1],"to":[15,10,15],"faces":{"north":{"uv":[3.5,3.5,7,4],"texture":"#0"},"east":{"uv":[0,3.5,3.5,4],"texture":"#0"},"south":{"uv":[10.5,3.5,14,4],"texture":"#0"},"west":{"uv":[7,3.5,10.5,4],"texture":"#0"},"up":{"uv":[7,3.5,3.5,0],"texture":"#0"},"down":{"uv":[10.5,0,7,3.5],"texture":"#0"}}}],"display":{"thirdperson_righthand":{"rotation":[60,-160,0],"translation":[1.25,4.5,0],"scale":[0.6,0.6,0.6]},"thirdperson_lefthand":{"rotation":[60,-160,0],"translation":[1.25,4.5,0],"scale":[0.6,0.6,0.6]},"firstperson_righthand":{"rotation":[0,-73,6],"translation":[0,1.5,0],"scale":[0.5,0.5,0.5]},"firstperson_lefthand":{"rotation":[0,-73,6],"translation":[0,1.5,0],"scale":[0.5,0.5,0.5]},"ground":{"translation":[0,1.5,0],"scale":[0.35,0.35,0.35]},"gui":{"rotation":[30,45,0],"translation":[0.25,0.75,0],"scale":[0.55,0.55,0.55]},"head":{"rotation":[0,-180,0],"translation":[0,14.5,0]},"fixed":{"rotation":[90,0,-180],"translation":[0,0,-16],"scale":[2,2,2]}}}