{"credit":"Made with Blockbench","texture_size":[64,64],"textures":{"1":"custom/general/decoration/medieval_market/medieval_market_lantern_small","particle":"custom/general/decoration/medieval_market/medieval_market_lantern_small"},"elements":[{"from":[6,4,6],"to":[10,20,10],"faces":{"north":{"uv":[8,8.5,9,12.5],"texture":"#1"},"east":{"uv":[7,8.5,8,12.5],"texture":"#1"},"south":{"uv":[10,8.5,11,12.5],"texture":"#1"},"west":{"uv":[9,8.5,10,12.5],"texture":"#1"},"up":{"uv":[9,8.5,8,7.5],"texture":"#1"},"down":{"uv":[10,7.5,9,8.5],"texture":"#1"}}},{"from":[6.5,16,10],"to":[9.5,19,24],"rotation":{"angle":0,"axis":"y","origin":[0,-9,0]},"faces":{"north":{"uv":[3.5,3.5,4.25,4.25],"texture":"#1"},"east":{"uv":[0,3.5,3.5,4.25],"texture":"#1"},"south":{"uv":[7.75,3.5,8.5,4.25],"texture":"#1"},"west":{"uv":[4.25,3.5,7.75,4.25],"texture":"#1"},"up":{"uv":[4.25,3.5,3.5,0],"texture":"#1"},"down":{"uv":[5,0,4.25,3.5],"texture":"#1"}}},{"from":[6,15.5,20],"to":[10,19.5,23],"rotation":{"angle":0,"axis":"y","origin":[0,-9,0]},"faces":{"north":{"uv":[0.75,0.75,1.75,1.75],"texture":"#1"},"east":{"uv":[0,0.75,0.75,1.75],"texture":"#1"},"south":{"uv":[2.5,0.75,3.5,1.75],"texture":"#1"},"west":{"uv":[1.75,0.75,2.5,1.75],"texture":"#1"},"up":{"uv":[1.75,0.75,0.75,0],"texture":"#1"},"down":{"uv":[2.75,0,1.75,0.75],"texture":"#1"}}},{"from":[7.5,11.6,21],"to":[8.5,15.6,22],"rotation":{"angle":0,"axis":"y","origin":[0,-9,0]},"faces":{"north":{"uv":[0.25,2,0.5,3],"texture":"#1"},"east":{"uv":[0,2,0.25,3],"texture":"#1"},"south":{"uv":[0.75,2,1,3],"texture":"#1"},"west":{"uv":[0.5,2,0.75,3],"texture":"#1"},"up":{"uv":[0.5,2,0.25,1.75],"texture":"#1"},"down":{"uv":[0.75,1.75,0.5,2],"texture":"#1"}}},{"from":[6.5,10.6,21.5],"to":[9.5,12.6,21.5],"rotation":{"angle":45,"axis":"y","origin":[8,6.5,21.5]},"faces":{"north":{"uv":[1,1.75,1.75,2.25],"texture":"#1"},"east":{"uv":[1,1.75,1,2.25],"texture":"#1"},"south":{"uv":[1.75,1.75,2.5,2.25],"texture":"#1"},"west":{"uv":[1.75,1.75,1.75,2.25],"texture":"#1"},"up":{"uv":[1.75,1.75,1,1.75],"texture":"#1"},"down":{"uv":[2.5,1.75,1.75,1.75],"texture":"#1"}}},{"from":[6,8.6,19.5],"to":[10,10.6,23.5],"rotation":{"angle":0,"axis":"y","origin":[0,-9,0]},"faces":{"north":{"uv":[1,9.25,2,9.75],"texture":"#1"},"east":{"uv":[0,9.25,1,9.75],"texture":"#1"},"south":{"uv":[3,9.25,4,9.75],"texture":"#1"},"west":{"uv":[2,9.25,3,9.75],"texture":"#1"},"up":{"uv":[2,9.25,1,8.25],"texture":"#1"},"down":{"uv":[3,8.25,2,9.25],"texture":"#1"}}},{"from":[5,1.6,18.5],"to":[11,8.6,24.5],"rotation":{"angle":0,"axis":"y","origin":[0,-9,0]},"faces":{"north":{"uv":[6,5.75,7.5,7.5],"texture":"#1"},"east":{"uv":[4.5,5.75,6,7.5],"texture":"#1"},"south":{"uv":[9,5.75,10.5,7.5],"texture":"#1"},"west":{"uv":[7.5,5.75,9,7.5],"texture":"#1"},"up":{"uv":[7.5,5.75,6,4.25],"texture":"#1"},"down":{"uv":[9,4.25,7.5,5.75],"texture":"#1"}}},{"from":[7,-5,18],"to":[9,-3,32],"rotation":{"angle":-45,"axis":"x","origin":[0,-9,0]},"faces":{"north":{"uv":[3.5,7.75,4,8.25],"texture":"#1"},"east":{"uv":[0,7.75,3.5,8.25],"texture":"#1"},"south":{"uv":[7.5,7.75,8,8.25],"texture":"#1"},"west":{"uv":[4,7.75,7.5,8.25],"texture":"#1"},"up":{"uv":[4,7.75,3.5,4.25],"texture":"#1"},"down":{"uv":[4.5,4.25,4,7.75],"texture":"#1"}}},{"from":[5.5,0,5.5],"to":[10.5,4,10.5],"faces":{"north":{"uv":[6.25,1.25,7.5,2.25],"texture":"#1"},"east":{"uv":[5,1.25,6.25,2.25],"texture":"#1"},"south":{"uv":[8.75,1.25,10,2.25],"texture":"#1"},"west":{"uv":[7.5,1.25,8.75,2.25],"texture":"#1"},"up":{"uv":[7.5,1.25,6.25,0],"texture":"#1"},"down":{"uv":[8.75,0,7.5,1.25],"texture":"#1"}}}],"display":{"thirdperson_righthand":{"rotation":[60,-160,0],"translation":[0,0.75,0],"scale":[0.6,0.6,0.6]},"thirdperson_lefthand":{"rotation":[60,-160,0],"translation":[0,0.75,0],"scale":[0.6,0.6,0.6]},"firstperson_righthand":{"rotation":[0,-73,6],"translation":[3.25,0.5,0],"scale":[0.4,0.4,0.4]},"firstperson_lefthand":{"rotation":[0,-73,6],"translation":[3.25,0.5,0],"scale":[0.4,0.4,0.4]},"ground":{"translation":[0,1.5,0],"scale":[0.35,0.35,0.35]},"gui":{"rotation":[30,45,0],"translation":[-0.75,-0.75,0],"scale":[0.5,0.5,0.5]},"head":{"rotation":[0,-180,0],"translation":[0,14.5,0]},"fixed":{"rotation":[-90,90,0],"translation":[0,0,-16],"scale":[2,2,2]}}}