{"credit":"by w11shes","textures":{"0":"custom/general/cosmetics/hats/mp/piranha_plant","particle":"custom/general/cosmetics/hats/mp/piranha_plant"},"elements":[{"from":[3,0,3],"to":[13,10,13],"faces":{"north":{"uv":[0,2.5,2.5,5],"texture":"#0"},"east":{"uv":[5,2.5,2.5,5],"texture":"#0"},"south":{"uv":[2.5,0,5,2.5],"texture":"#0"},"west":{"uv":[2.5,2.5,5,5],"texture":"#0"},"up":{"uv":[0,0,2.5,2.5],"texture":"#0"},"down":{"uv":[0,5,2.5,7.5],"texture":"#0"}}},{"from":[13,6,8],"to":[3,2,3],"faces":{"east":{"uv":[2.5,3.5,3.75,4.5],"texture":"#0"},"south":{"uv":[0,3.5,2.5,4.5],"texture":"#0"},"west":{"uv":[3.75,3.5,2.5,4.5],"texture":"#0"}}},{"from":[2,0,2],"to":[14,2,10],"faces":{"north":{"uv":[5,4.5,8,4],"texture":"#0"},"east":{"uv":[10,0,8,0.5],"texture":"#0"},"south":{"uv":[8,2,11,2.5],"texture":"#0"},"west":{"uv":[8,0,10,0.5],"texture":"#0"},"up":{"uv":[5,2,8,4],"texture":"#0"},"down":{"uv":[5,0,8,2],"texture":"#0"}}},{"from":[2,6,2],"to":[14,8,10],"faces":{"north":{"uv":[5,7.5,8,8],"texture":"#0"},"east":{"uv":[8,2.5,10,3],"texture":"#0"},"south":{"uv":[8,0.5,11,1],"texture":"#0"},"west":{"uv":[10,2.5,8,3],"texture":"#0"},"up":{"uv":[5,7.5,8,5.5],"texture":"#0"},"down":{"uv":[5,10,8,8],"texture":"#0"}}},{"from":[2,2,8],"to":[14,6,10],"faces":{"north":{"uv":[5,4.5,8,5.5],"texture":"#0"},"east":{"uv":[8,3,8.5,4],"texture":"#0"},"south":{"uv":[8,1,11,2],"texture":"#0"},"west":{"uv":[8.5,3,8,4],"texture":"#0"},"up":{"uv":[0,0,12,2],"texture":"#0"},"down":{"uv":[0,0,12,2],"texture":"#0"}}}],"gui_light":"front","display":{"thirdperson_righthand":{"rotation":[75,45,0],"translation":[-0.75,1,0.75],"scale":[0.5,0.5,0.5]},"thirdperson_lefthand":{"rotation":[75,45,0],"translation":[-0.75,1,0.75],"scale":[0.5,0.5,0.5]},"firstperson_righthand":{"rotation":[0,97,0],"translation":[2.25,3,0],"scale":[0.4,0.4,0.4]},"firstperson_lefthand":{"rotation":[0,97,0],"translation":[2.25,3,0],"scale":[0.4,0.4,0.4]},"ground":{"translation":[0,3,0],"scale":[0.5,0.5,0.5]},"gui":{"rotation":[30,-135,0],"translation":[0,1.5,0],"scale":[0.7,0.7,0.7]},"head":{"translation":[0,5.5,0],"scale":[1.6,1.6,1.6]}}}