{"credit":"by w11shes","textures":{"0":"custom/general/cosmetics/hats/mp/toad_mushroom_hat","particle":"custom/general/cosmetics/hats/mp/toad_mushroom_hat"},"elements":[{"from":[0,2,0],"to":[16,16,16],"faces":{"north":{"uv":[0,4,4,7.75],"texture":"#0"},"east":{"uv":[8,4,4,7.75],"texture":"#0"},"south":{"uv":[8,4,12,7.75],"texture":"#0"},"west":{"uv":[4,4,8,7.75],"texture":"#0"},"up":{"uv":[0,4,4,0],"texture":"#0"},"down":{"uv":[4,4,8,0],"texture":"#0"}}},{"from":[0,2,0],"to":[16,16,16],"faces":{"north":{"uv":[0,12.25,4,16],"texture":"#0","tintindex":0},"east":{"uv":[8,12.25,4,16],"texture":"#0","tintindex":0},"south":{"uv":[8,12.25,12,16],"texture":"#0","tintindex":0},"west":{"uv":[4,12.25,8,16],"texture":"#0","tintindex":0},"up":{"uv":[0,12.25,4,8.25],"texture":"#0","tintindex":0},"down":{"uv":[4,12.25,8,8.25],"texture":"#0","tintindex":0}}}],"gui_light":"front","display":{"thirdperson_righthand":{"rotation":[75,45,0],"translation":[-1.5,2.5,-1],"scale":[0.4,0.4,0.4]},"thirdperson_lefthand":{"rotation":[75,45,0],"translation":[-1.5,2.5,-1],"scale":[0.4,0.4,0.4]},"firstperson_righthand":{"rotation":[0,108,0],"scale":[0.4,0.4,0.4]},"firstperson_lefthand":{"rotation":[0,108,0],"scale":[0.4,0.4,0.4]},"ground":{"translation":[0,3,0],"scale":[0.5,0.5,0.5]},"gui":{"rotation":[30,-135,0],"scale":[0.5,0.5,0.5]},"head":{"rotation":[10,0,0],"translation":[0,7.25,1.25],"scale":[1.3,1.3,1.3]}}}