{"credit":"by w11shes","textures":{"0":"custom/general/cosmetics/hats/mp/toadette_mushroom_hat","particle":"custom/general/cosmetics/hats/mp/toadette_mushroom_hat"},"elements":[{"from":[0,2,0],"to":[16,16,16],"rotation":{"angle":-45,"axis":"y","origin":[8,0,8]},"faces":{"north":{"uv":[0,4,4,7.75],"texture":"#0"},"east":{"uv":[8,4,4,7.75],"texture":"#0"},"south":{"uv":[8,4,12,7.75],"texture":"#0"},"west":{"uv":[4,4,8,7.75],"texture":"#0"},"up":{"uv":[0,4,4,0],"texture":"#0"},"down":{"uv":[4,4,8,0],"texture":"#0"}}},{"from":[4.49949,-9.7,15.35051],"to":[11.49949,-2.7,22.35051],"rotation":{"angle":-45,"axis":"x","origin":[8.1,-4.8,18.75]},"faces":{"north":{"uv":[1.75,9.5,0,11.25],"texture":"#0"},"east":{"uv":[3.5,9.5,1.75,7.75],"texture":"#0"},"south":{"uv":[1.75,7.75,0,9.5],"texture":"#0"},"west":{"uv":[1.75,9.5,3.5,7.75],"texture":"#0"},"up":{"uv":[3.5,7.75,5.25,9.5],"rotation":90,"texture":"#0"},"down":{"uv":[3.5,11.25,1.75,9.5],"rotation":90,"texture":"#0"}}},{"from":[-6.40051,-9.85,4.40051],"to":[0.59949,-2.85,11.40051],"rotation":{"angle":-45,"axis":"z","origin":[-2.8,-4.95,7.8]},"faces":{"north":{"uv":[1.75,9.5,3.5,7.75],"texture":"#0"},"east":{"uv":[0,9.5,1.75,11.25],"texture":"#0"},"south":{"uv":[3.5,9.5,1.75,7.75],"texture":"#0"},"west":{"uv":[0,7.75,1.75,9.5],"texture":"#0"},"up":{"uv":[5.25,7.75,3.5,9.5],"texture":"#0"},"down":{"uv":[3.5,9.5,1.75,11.25],"texture":"#0"}}},{"from":[-0.7,-5.5,5.9],"to":[3.3,3.5,9.9],"rotation":{"angle":-22.5,"axis":"z","origin":[3.3,3,6.4]},"faces":{"north":{"uv":[8,0,9,2.25],"texture":"#0"},"east":{"uv":[9,0,8,2.25],"texture":"#0"},"south":{"uv":[8,0,9,2.25],"texture":"#0"},"west":{"uv":[9,0,8,2.25],"texture":"#0"}}},{"from":[6,-5.5,12.75],"to":[10,3.5,16.75],"rotation":{"angle":-22.5,"axis":"x","origin":[8.5,3,12.75]},"faces":{"north":{"uv":[8,0,9,2.25],"texture":"#0"},"east":{"uv":[9,0,8,2.25],"texture":"#0"},"south":{"uv":[8,0,9,2.25],"texture":"#0"},"west":{"uv":[9,0,8,2.25],"texture":"#0"}}}],"gui_light":"front","display":{"thirdperson_righthand":{"rotation":[75,90,0],"translation":[-1.5,2.5,-1],"scale":[0.4,0.4,0.4]},"thirdperson_lefthand":{"rotation":[75,-14,0],"translation":[-1.5,2.5,-1],"scale":[0.4,0.4,0.4]},"firstperson_righthand":{"rotation":[0,108,0],"scale":[0.4,0.4,0.4]},"firstperson_lefthand":{"rotation":[0,108,0],"scale":[0.4,0.4,0.4]},"ground":{"translation":[0,6,0],"scale":[0.5,0.5,0.5]},"gui":{"rotation":[30,-90,0],"translation":[1,1.25,0],"scale":[0.5,0.5,0.5]},"head":{"rotation":[10,45,0],"translation":[0,6.25,1.25],"scale":[1.3,1.3,1.3]},"fixed":{"rotation":[0,45,0]}}}