{"credit":"Made with Blockbench","texture_size":[32,32],"textures":{"0":"custom/general/cosmetics/back/angel_wings","particle":"custom/general/cosmetics/back/angel_wings"},"elements":[{"from":[-13,0,2],"to":[8,25,2],"rotation":{"angle":22.5,"axis":"z","origin":[-2.5,12.5,8]},"faces":{"north":{"uv":[5.5,3.5,16,16],"texture":"#0"},"east":{"uv":[0,0,0,12.5],"texture":"#0"},"south":{"uv":[16,3.5,5.5,16],"texture":"#0"},"west":{"uv":[0,0,0,12.5],"texture":"#0"},"up":{"uv":[0,0,0,10.5],"rotation":90,"texture":"#0"},"down":{"uv":[0,0,0,10.5],"rotation":270,"texture":"#0"}}},{"from":[13.999,0,8],"to":[13.999,25,29],"rotation":{"angle":22.5,"axis":"x","origin":[6.999,12.5,17.5]},"faces":{"north":{"uv":[0,0,0,12.5],"texture":"#0"},"east":{"uv":[16,3.5,5.5,16],"texture":"#0"},"south":{"uv":[0,0,0,12.5],"texture":"#0"},"west":{"uv":[5.5,3.5,16,16],"texture":"#0"},"up":{"uv":[0,0,0,10.5],"texture":"#0"},"down":{"uv":[0,0,0,10.5],"texture":"#0"}}}],"display":{"thirdperson_righthand":{"rotation":[60,-135,0],"translation":[0,2,0],"scale":[0.4,0.4,0.4]},"thirdperson_lefthand":{"rotation":[60,135,0],"translation":[0,2,0],"scale":[0.4,0.4,0.4]},"firstperson_righthand":{"rotation":[0,-180,0],"translation":[0,1,0],"scale":[0.3,0.3,0.3]},"firstperson_lefthand":{"rotation":[0,90,0],"translation":[0,1,0],"scale":[0.3,0.3,0.3]},"ground":{"translation":[0,3,0],"scale":[0.3,0.3,0.3]},"gui":{"rotation":[30,48,0],"translation":[0,-0.75,0],"scale":[0.35938,0.35938,0.35938]},"head":{"rotation":[0,45,0],"translation":[0,-44,11.5],"scale":[1.5,1.5,1.5]},"fixed":{"rotation":[0,-135,0],"translation":[0,-3,-3.75]}}}