{"credit":"Made with Blockbench","texture_size":[32,32],"textures":{"0":"custom/general/cosmetics/back/broken_egg","particle":"custom/general/cosmetics/back/broken_egg"},"elements":[{"from":[3,2,3],"to":[13,11,13],"rotation":{"angle":0,"axis":"y","origin":[8,6.5,8]},"faces":{"north":{"uv":[11,7,16,11.5],"texture":"#0"},"east":{"uv":[16,7,11,11.5],"texture":"#0"},"south":{"uv":[11,11.5,16,16],"texture":"#0"},"west":{"uv":[16,11.5,11,16],"texture":"#0"},"up":{"uv":[5,0,10,5],"rotation":90,"texture":"#0"},"down":{"uv":[0,0,5,5],"rotation":270,"texture":"#0"}}},{"from":[13,2,3],"to":[3,11,13],"rotation":{"angle":0,"axis":"y","origin":[8,6.5,8]},"faces":{"north":{"uv":[16,7,11,11.5],"texture":"#0"},"east":{"uv":[11,7,16,11.5],"texture":"#0"},"south":{"uv":[16,11.5,11,16],"texture":"#0"},"west":{"uv":[11,11.5,16,16],"texture":"#0"},"up":{"uv":[5,0,10,5],"rotation":90,"texture":"#0"},"down":{"uv":[0,0,5,5],"rotation":270,"texture":"#0"}}},{"from":[4,0,4],"to":[12,2,12],"faces":{"north":{"uv":[7,15,11,16],"texture":"#0"},"east":{"uv":[7,15,11,16],"texture":"#0"},"south":{"uv":[7,15,11,16],"texture":"#0"},"west":{"uv":[7,15,11,16],"texture":"#0"},"up":{"uv":[5,0,9,4],"texture":"#0"},"down":{"uv":[7,11,11,15],"texture":"#0"}}}],"gui_light":"front","display":{"thirdperson_righthand":{"rotation":[60,135,0],"translation":[0,4,1.25],"scale":[0.5,0.5,0.5]},"thirdperson_lefthand":{"rotation":[60,135,0],"translation":[0,4,1.25],"scale":[0.5,0.5,0.5]},"firstperson_righthand":{"rotation":[0,35,0],"translation":[1.5,5,0],"scale":[0.5,0.5,0.5]},"firstperson_lefthand":{"rotation":[0,35,0],"translation":[1.5,5,0],"scale":[0.5,0.5,0.5]},"ground":{"translation":[0,3,0],"scale":[0.3,0.3,0.3]},"gui":{"rotation":[30,-135,0],"translation":[0,1.75,0],"scale":[0.9,0.9,0.9]},"head":{"translation":[0,-46,0],"scale":[1.75,1.75,1.75]}}}