{"credit":"Made with Blockbench by yungwilder","texture_size":[32,32],"textures":{"0":"custom/general/cosmetics/back/burger_suit","particle":"custom/general/cosmetics/back/burger_suit"},"elements":[{"from":[4,0,4],"to":[12,2,12],"rotation":{"angle":0,"axis":"x","origin":[8,4,8]},"faces":{"north":{"uv":[16,3,12,4],"rotation":180,"texture":"#0"},"east":{"uv":[11,8,12,12],"rotation":270,"texture":"#0"},"south":{"uv":[16,3,12,2],"texture":"#0"},"west":{"uv":[0,12,1,16],"rotation":90,"texture":"#0"},"down":{"uv":[5,9,9,13],"texture":"#0"}}},{"from":[4,6,4],"to":[12,8,12],"rotation":{"angle":0,"axis":"x","origin":[8,4,8]},"faces":{"north":{"uv":[15,7,11,8],"rotation":180,"texture":"#0"},"east":{"uv":[4,10,5,14],"rotation":270,"texture":"#0"},"south":{"uv":[15,7,11,6],"texture":"#0"},"west":{"uv":[11,2,12,6],"rotation":90,"texture":"#0"},"up":{"uv":[5,5,9,9],"rotation":180,"texture":"#0"}}},{"from":[4,2,4],"to":[12,6,12],"rotation":{"angle":0,"axis":"x","origin":[8,4,8]},"faces":{"north":{"uv":[14,0,10,2],"rotation":180,"texture":"#0"},"east":{"uv":[9,5,11,9],"rotation":270,"texture":"#0"},"south":{"uv":[4,12,0,10],"texture":"#0"},"west":{"uv":[9,9,11,13],"rotation":90,"texture":"#0"}}},{"from":[3,5,3],"to":[13,5,13],"rotation":{"angle":0,"axis":"x","origin":[8,4,8]},"faces":{"north":{"uv":[5,0,0,0],"rotation":180,"texture":"#0"},"east":{"uv":[0,0,0,5],"rotation":270,"texture":"#0"},"south":{"uv":[5,0,0,0],"texture":"#0"},"west":{"uv":[0,0,0,5],"rotation":90,"texture":"#0"},"up":{"uv":[0,5,5,10],"rotation":180,"texture":"#0"},"down":{"uv":[5,5,0,10],"texture":"#0"}}},{"from":[3,4,3],"to":[13,4,13],"rotation":{"angle":-45,"axis":"y","origin":[8,4,8]},"faces":{"north":{"uv":[0,0,0,5],"rotation":90,"texture":"#0"},"east":{"uv":[5,0,0,0],"rotation":180,"texture":"#0"},"south":{"uv":[0,0,0,5],"rotation":270,"texture":"#0"},"west":{"uv":[5,0,0,0],"texture":"#0"},"up":{"uv":[0,0,5,5],"rotation":270,"texture":"#0"},"down":{"uv":[5,0,0,5],"rotation":270,"texture":"#0"}}},{"from":[3,3,3],"to":[13,3,13],"rotation":{"angle":0,"axis":"x","origin":[8,4,8]},"faces":{"north":{"uv":[5,0,0,0],"rotation":180,"texture":"#0"},"east":{"uv":[0,0,0,5],"rotation":270,"texture":"#0"},"south":{"uv":[5,0,0,0],"texture":"#0"},"west":{"uv":[0,0,0,5],"rotation":90,"texture":"#0"},"up":{"uv":[5,0,10,5],"rotation":180,"texture":"#0"},"down":{"uv":[10,0,5,5],"texture":"#0"}}}],"gui_light":"front","display":{"thirdperson_righthand":{"rotation":[70,0,0],"translation":[0,2,2],"scale":[0.5,0.5,0.5]},"thirdperson_lefthand":{"rotation":[70,0,0],"translation":[0,2,2],"scale":[0.5,0.5,0.5]},"firstperson_righthand":{"translation":[0,4,0],"scale":[0.5,0.5,0.5]},"firstperson_lefthand":{"translation":[0,4,0],"scale":[0.5,0.5,0.5]},"ground":{"rotation":[30,0,0],"scale":[0.4,0.4,0.4]},"gui":{"rotation":[30,-135,0],"translation":[0,3.5,0]},"head":{"rotation":[-90,0,0],"translation":[0,-50.5,-8.5],"scale":[2.5,2.5,2.5]},"fixed":{"rotation":[-90,0,0],"translation":[0,0,-8]}}}