{"credit":"Made with Blockbench","texture_size":[64,64],"textures":{"0":"custom/general/cosmetics/back/cartographers_backpack_texture","particle":"custom/general/cosmetics/back/cartographers_backpack_texture"},"elements":[{"name":"flap","from":[4,9,3],"to":[12,12,4],"rotation":{"angle":22.5,"axis":"x","origin":[4,12,3]},"faces":{"north":{"uv":[8.25,3.25,10.25,4],"texture":"#0"},"east":{"uv":[8,3.25,8.25,4],"texture":"#0"},"south":{"uv":[10.5,3.25,12.5,4],"texture":"#0"},"west":{"uv":[10.25,3.25,10.5,4],"texture":"#0"},"up":{"uv":[10.25,3.25,8.25,3],"texture":"#0"},"down":{"uv":[12.25,3,10.25,3.25],"texture":"#0"}}},{"name":"body","from":[3.99,1.99,-0.01],"to":[12.01,12.01,3.01],"rotation":{"angle":0,"axis":"y","origin":[8,7,1.5]},"faces":{"north":{"uv":[0.75,6.25,2.75,8.75],"texture":"#0"},"east":{"uv":[0,6.25,0.75,8.75],"texture":"#0"},"south":{"uv":[3.5,6.25,5.5,8.75],"texture":"#0"},"west":{"uv":[2.75,6.25,3.5,8.75],"texture":"#0"},"up":{"uv":[2.75,6.25,0.75,5.5],"texture":"#0"},"down":{"uv":[4.75,5.5,2.75,6.25],"texture":"#0"}}},{"name":"body_bottom","from":[4.49,0.99,-0.01],"to":[11.51,2.01,3.01],"rotation":{"angle":0,"axis":"y","origin":[8,1.5,1.5]},"faces":{"north":{"uv":[4,0.75,5.75,1],"texture":"#0"},"east":{"uv":[3.25,0.75,4,1],"texture":"#0"},"south":{"uv":[6.5,0.75,8.25,1],"texture":"#0"},"west":{"uv":[5.75,0.75,6.5,1],"texture":"#0"},"up":{"uv":[5.75,0.75,4,0],"texture":"#0"},"down":{"uv":[7.5,0,5.75,0.75],"texture":"#0"}}},{"name":"latch","from":[7.5,9,3],"to":[8.5,11,4],"faces":{"north":{"uv":[0.25,0.25,0.5,0.75],"texture":"#0"},"east":{"uv":[0,0.25,0.25,0.75],"texture":"#0"},"south":{"uv":[0.75,0.25,1,0.75],"texture":"#0"},"west":{"uv":[0.5,0.25,0.75,0.75],"texture":"#0"},"up":{"uv":[0.5,0.25,0.25,0],"texture":"#0"},"down":{"uv":[0.75,0,0.5,0.25],"texture":"#0"}}},{"name":"map_1","from":[11,1.5,0],"to":[14,10.5,3],"rotation":{"angle":45,"axis":"y","origin":[12.5,6,1.5]},"faces":{"north":{"uv":[5.75,9.25,6.5,11.5],"texture":"#0"},"east":{"uv":[5,9.25,5.75,11.5],"texture":"#0"},"south":{"uv":[7.25,9.25,8,11.5],"texture":"#0"},"west":{"uv":[6.5,9.25,7.25,11.5],"texture":"#0"},"up":{"uv":[6.5,9.25,5.75,8.5],"texture":"#0"},"down":{"uv":[7.25,8.5,6.5,9.25],"texture":"#0"}}},{"name":"map_2","from":[2,5,-2.75],"to":[4,7,6.25],"rotation":{"angle":-22.5,"axis":"x","origin":[3,6,1.75]},"faces":{"north":{"uv":[10.25,2.25,10.75,2.75],"texture":"#0"},"east":{"uv":[8,2.25,10.25,2.75],"texture":"#0"},"south":{"uv":[13,2.25,13.5,2.75],"texture":"#0"},"west":{"uv":[10.75,2.25,13,2.75],"texture":"#0"},"up":{"uv":[10.75,2.25,10.25,0],"texture":"#0"},"down":{"uv":[11.25,0,10.75,2.25],"texture":"#0"}}},{"name":"map_3","from":[1.25,7.25,-2.75],"to":[4.25,10.25,7.25],"rotation":{"angle":-22.5,"axis":"x","origin":[2.25,8.25,1.75]},"faces":{"north":{"uv":[6.25,4.5,7,5.25],"texture":"#0"},"east":{"uv":[3.75,4.5,6.25,5.25],"texture":"#0"},"south":{"uv":[9.5,4.5,10.25,5.25],"texture":"#0"},"west":{"uv":[7,4.5,9.5,5.25],"texture":"#0"},"up":{"uv":[7,4.5,6.25,2],"texture":"#0"},"down":{"uv":[7.75,2,7,4.5],"texture":"#0"}}},{"name":"map_4","from":[2.95,3.5,-2.75],"to":[3.95,4.5,7.25],"rotation":{"angle":-22.5,"axis":"x","origin":[3.95,4.5,1.75]},"faces":{"north":{"uv":[8.25,8,8.5,8.25],"texture":"#0"},"east":{"uv":[5.75,8,8.25,8.25],"texture":"#0"},"south":{"uv":[11,8,11.25,8.25],"texture":"#0"},"west":{"uv":[8.5,8,11,8.25],"texture":"#0"},"up":{"uv":[8.5,8,8.25,5.5],"texture":"#0"},"down":{"uv":[8.75,5.5,8.5,8],"texture":"#0"}}},{"name":"map_4_1","from":[3.95,-1.5,-3.75],"to":[3.95,3.5,8.25],"rotation":{"angle":-22.5,"axis":"x","origin":[3.95,4.5,1.75]},"faces":{"north":{"uv":[3,3,3,4.25],"texture":"#0"},"east":{"uv":[0,3,3,4.25],"texture":"#0"},"south":{"uv":[6,3,6,4.25],"texture":"#0"},"west":{"uv":[3,3,6,4.25],"texture":"#0"},"up":{"uv":[3,3,3,0],"texture":"#0"},"down":{"uv":[3,0,3,3],"texture":"#0"}}}],"display":{"thirdperson_righthand":{"rotation":[75,172,0],"translation":[0,2.5,0],"scale":[0.375,0.375,0.375]},"thirdperson_lefthand":{"rotation":[75,172,0],"translation":[0,2.5,0],"scale":[0.375,0.375,0.375]},"firstperson_righthand":{"rotation":[0,-75,0],"translation":[-2.5,0,0],"scale":[1.1,1.1,1.1]},"firstperson_lefthand":{"rotation":[0,-75,0],"translation":[-2.5,0,0],"scale":[1.1,1.1,1.1]},"ground":{"translation":[0,3,2.5],"scale":[0.45,0.45,0.45]},"gui":{"rotation":[30,45,0],"translation":[5,0,0],"scale":[0.9,0.9,0.9]},"head":{"translation":[0,-13.5,16],"scale":[1.61,1.61,1.61]},"fixed":{"rotation":[0,-180,0],"translation":[0,1.5,-7],"scale":[0.9,0.9,0.9]}},"groups":[{"name":"cartographers_backpack","origin":[8,8,8],"color":0,"children":[0,1,2,3,4,5,6,7,8]}]}