{"credit":"Made with Blockbench by yungwilder","textures":{"1":"custom/general/cosmetics/back/claw_machine_animation","2":"custom/general/cosmetics/back/claw_machine","particle":"custom/general/cosmetics/back/claw_machine_animation"},"elements":[{"from":[3.5,5,3.5],"to":[12.5,17,12.5],"faces":{"north":{"uv":[0,0,4.5,6],"texture":"#2"},"east":{"uv":[0,0,4.5,6],"texture":"#2"},"south":{"uv":[0,0,4.5,6],"texture":"#2"},"west":{"uv":[0,0,4.5,6],"texture":"#2"},"up":{"uv":[9,4.5,4.5,0],"texture":"#2"}}},{"from":[12.5,5,3.5],"to":[3.5,17,12.5],"rotation":{"angle":0,"axis":"y","origin":[8,11,8]},"faces":{"north":{"uv":[0,0,4.5,6],"texture":"#2"},"east":{"uv":[0,0,4.5,6],"texture":"#2"},"south":{"uv":[0,0,4.5,6],"texture":"#2"},"west":{"uv":[0,0,4.5,6],"texture":"#2"},"up":{"uv":[9,4.5,4.5,0],"rotation":90,"texture":"#2"}}},{"from":[3.5,0,3.5],"to":[12.5,5,12.5],"faces":{"north":{"uv":[9,0,13.5,2.5],"texture":"#2"},"east":{"uv":[13.5,0,9,2.5],"texture":"#2"},"south":{"uv":[9,0,13.5,2.5],"texture":"#2"},"west":{"uv":[13.5,0,9,2.5],"texture":"#2"},"down":{"uv":[0,6,4.5,10.5],"texture":"#2"}}},{"from":[3.5,5,3.5],"to":[12.5,5,12.5],"faces":{"north":{"uv":[0,0,4.5,0],"texture":"#2"},"east":{"uv":[0,0,4.5,0],"texture":"#2"},"south":{"uv":[0,0,4.5,0],"texture":"#2"},"west":{"uv":[0,0,4.5,0],"texture":"#2"},"up":{"uv":[9,9,4.5,4.5],"texture":"#2"}}},{"from":[3.525,-0.55546,1.65901],"to":[12.475,2.44454,4.65901],"rotation":{"angle":-45,"axis":"x","origin":[8.5,1.94454,1.90901]},"faces":{"north":{"uv":[9,2.5,13.5,4],"texture":"#2"},"east":{"uv":[9,7,10.5,8.5],"texture":"#2"},"south":{"uv":[9,4,13.5,5.5],"texture":"#2"},"west":{"uv":[9,8.5,10.5,10],"texture":"#2"},"up":{"uv":[9,10.5,4.5,9],"texture":"#2"},"down":{"uv":[13.5,5.5,9,7],"texture":"#2"}}},{"from":[10.5,2.44454,2.65901],"to":[11.5,4.44454,3.65901],"rotation":{"angle":-45,"axis":"x","origin":[8.5,1.94454,1.90901]},"faces":{"north":{"uv":[8,10.5,8.5,11.5],"texture":"#2"},"east":{"uv":[10.5,8,11,9],"texture":"#2"},"south":{"uv":[8.5,10.5,9,11.5],"texture":"#2"},"west":{"uv":[10.5,9,11,10],"texture":"#2"},"up":{"uv":[6.5,11.5,6,11],"texture":"#2"},"down":{"uv":[7,11,6.5,11.5],"texture":"#2"}}},{"from":[10,4.3033,-0.68198],"to":[12,6.3033,1.31802],"rotation":{"angle":-45,"axis":"x","origin":[11,5.3033,0.31802]},"faces":{"north":{"uv":[0,10.5,1,11.5],"texture":"#2"},"east":{"uv":[1,10.5,2,11.5],"texture":"#2"},"south":{"uv":[2,10.5,3,11.5],"texture":"#2"},"west":{"uv":[3,10.5,4,11.5],"texture":"#2"},"up":{"uv":[5,11.5,4,10.5],"texture":"#2"},"down":{"uv":[6,10.5,5,11.5],"texture":"#2"}}},{"from":[4.5,2.44454,2.15901],"to":[6.5,3.44454,4.15901],"rotation":{"angle":-45,"axis":"x","origin":[8.5,1.94454,1.90901]},"faces":{"north":{"uv":[6,10.5,7,11],"texture":"#2"},"east":{"uv":[7,10.5,8,11],"texture":"#2"},"south":{"uv":[10.5,7,11.5,7.5],"texture":"#2"},"west":{"uv":[10.5,7.5,11.5,8],"texture":"#2"},"up":{"uv":[10,11,9,10],"texture":"#2"},"down":{"uv":[11,10,10,11],"texture":"#2"}}},{"from":[5.5,12,8],"to":[10.5,17,8],"faces":{"north":{"uv":[11.5,7,14,9.5],"texture":"#2"},"east":{"uv":[0,0,0,5],"texture":"#missing"},"west":{"uv":[0,0,0,5],"texture":"#missing"},"up":{"uv":[0,0,5,0],"texture":"#missing"},"down":{"uv":[0,0,5,0],"texture":"#missing"}}},{"from":[3,16,3],"to":[13,19,13],"faces":{"north":{"uv":[11,9.5,16,11],"texture":"#2"},"east":{"uv":[11,9.5,16,11],"texture":"#2"},"south":{"uv":[11,9.5,16,11],"texture":"#2"},"west":{"uv":[11,9.5,16,11],"texture":"#2"},"up":{"uv":[11,11,16,16],"texture":"#2"}}},{"from":[2.9375,16,2.9375],"to":[13.0625,19,13.0625],"faces":{"north":{"uv":[0,0,10,3],"texture":"#1"},"east":{"uv":[0,0,10,3],"texture":"#1"},"south":{"uv":[0,0,10,3],"texture":"#1"},"west":{"uv":[0,0,10,3],"texture":"#1"}}},{"from":[3,16,13],"to":[13,19,3],"faces":{"north":{"uv":[11,9.5,16,11],"texture":"#2"},"east":{"uv":[11,9.5,16,11],"texture":"#2"},"south":{"uv":[11,9.5,16,11],"texture":"#2"},"west":{"uv":[11,9.5,16,11],"texture":"#2"},"up":{"uv":[11,11,16,16],"texture":"#2"}}},{"from":[4.5,9,3.5],"to":[11.5,16,3.5],"faces":{"north":{"uv":[0,12.5,3.5,16],"texture":"#2"},"east":{"uv":[0,0,0,7],"texture":"#missing"},"south":{"uv":[3.5,12.5,0,16],"texture":"#2"},"west":{"uv":[0,0,0,7],"texture":"#missing"},"up":{"uv":[0,0,7,0],"texture":"#missing"},"down":{"uv":[0,0,7,0],"texture":"#missing"}}},{"from":[4.5,4,12.5],"to":[11.5,11,12.5],"rotation":{"angle":0,"axis":"y","origin":[16,0,16]},"faces":{"north":{"uv":[3.5,12.5,0,16],"texture":"#2"},"east":{"uv":[0,0,0,7],"texture":"#missing"},"south":{"uv":[0,12.5,3.5,16],"texture":"#2"},"west":{"uv":[0,0,0,7],"texture":"#missing"},"up":{"uv":[7,0,0,0],"texture":"#missing"},"down":{"uv":[7,0,0,0],"texture":"#missing"}}}],"gui_light":"front","display":{"thirdperson_righthand":{"rotation":[60,0,0],"translation":[0,3,2],"scale":[0.4,0.4,0.4]},"thirdperson_lefthand":{"rotation":[60,0,0],"translation":[0,3,2],"scale":[0.4,0.4,0.4]},"firstperson_righthand":{"rotation":[0,135,0],"translation":[0,4,0],"scale":[0.4,0.4,0.4]},"firstperson_lefthand":{"rotation":[0,135,0],"translation":[0,4,0],"scale":[0.4,0.4,0.4]},"ground":{"translation":[0,1,0],"scale":[0.4,0.4,0.4]},"gui":{"rotation":[30,-135,0],"translation":[0,-1,0],"scale":[0.68,0.68,0.68]},"head":{"translation":[0,-37.25,0],"scale":[2.1,2.1,2.1]},"fixed":{"translation":[0,-1.5,-5]}}}