{"credit":"Made with Blockbench","textures":{"1":"custom/general/cosmetics/back/devil_wings"},"elements":[{"from":[6,-2,0],"to":[6,4,12],"rotation":{"angle":0,"axis":"y","origin":[-2,2,1.75]},"faces":{"north":{"uv":[0,0,0,1.5],"texture":"#1"},"east":{"uv":[0,10,3,11.5],"texture":"#1"},"south":{"uv":[0,0,0,1.5],"texture":"#1"},"west":{"uv":[10,0,13,1.5],"texture":"#1"},"up":{"uv":[0,3,0,0],"texture":"#1"},"down":{"uv":[0,0,0,3],"texture":"#1"}}},{"from":[6,-1.5,13],"to":[6,2.5,17],"rotation":{"angle":0,"axis":"y","origin":[-2,2,1.75]},"faces":{"north":{"uv":[0,0,0,1],"texture":"#1"},"east":{"uv":[10,1.5,11,2.5],"texture":"#1"},"south":{"uv":[0,0,0,1],"texture":"#1"},"west":{"uv":[10,2.5,11,3.5],"texture":"#1"},"up":{"uv":[0,1,0,0],"texture":"#1"},"down":{"uv":[0,0,0,1],"texture":"#1"}}},{"from":[5,-0.5,12],"to":[7,1.5,13],"rotation":{"angle":0,"axis":"y","origin":[-2,2,1.75]},"faces":{"north":{"uv":[3,10,3.5,10.5],"texture":"#1"},"east":{"uv":[10,3.5,10.25,4],"texture":"#1"},"south":{"uv":[3.5,10,4,10.5],"texture":"#1"},"west":{"uv":[4,10,4.25,10.5],"texture":"#1"},"up":{"uv":[10.5,4.25,10,4],"texture":"#1"},"down":{"uv":[4.75,10,4.25,10.25],"texture":"#1"}}},{"from":[5,-3,-7.25],"to":[25,17,-7.25],"rotation":{"angle":-45,"axis":"y","origin":[-2,2,0.75]},"faces":{"north":{"uv":[0,0,5,5],"texture":"#1"},"east":{"uv":[0,0,0,5],"texture":"#1"},"south":{"uv":[0,5,5,10],"texture":"#1"},"west":{"uv":[0,0,0,5],"texture":"#1"},"up":{"uv":[5,0,0,0],"texture":"#1"},"down":{"uv":[5,0,0,0],"texture":"#1"}}},{"from":[1.5,-3,-3.5],"to":[1.5,17,16.5],"rotation":{"angle":-45,"axis":"y","origin":[-2,2,0.75]},"faces":{"north":{"uv":[0,0,0,5],"texture":"#1"},"east":{"uv":[5,0,10,5],"texture":"#1"},"south":{"uv":[0,0,0,5],"texture":"#1"},"west":{"uv":[5,5,10,10],"texture":"#1"},"up":{"uv":[0,5,0,0],"texture":"#1"},"down":{"uv":[0,0,0,5],"texture":"#1"}}}],"display":{"thirdperson_righthand":{"translation":[0.5,-0.25,1.5],"scale":[0.4,0.4,0.4]},"thirdperson_lefthand":{"translation":[-0.5,-0.25,1.5],"scale":[0.4,0.4,0.4]},"firstperson_righthand":{"scale":[0.6,0.6,0.6]},"firstperson_lefthand":{"scale":[0.6,0.6,0.6]},"ground":{"scale":[0.4,0.4,0.4]},"gui":{"rotation":[-30,180,0],"translation":[-1,1.25,0],"scale":[0.5,0.5,0.5]},"head":{"translation":[2.75,-44,14.25],"scale":[1.4,1.4,1.4]}},"groups":[{"name":"devil_wings","origin":[0,23,10.75],"color":0,"children":[{"name":"tail","origin":[0,23,11.75],"color":0,"children":[0,1,2]},{"name":"left_wing","origin":[0,23,10.75],"color":0,"children":[3]},{"name":"right_wing","origin":[-8,15,2.75],"color":0,"children":[4]}]}]}