{"credit":"Made with Blockbench","texture_size":[32,32],"textures":{"1":"custom/general/cosmetics/back/dinosaur_tail"},"elements":[{"from":[5,0,4],"to":[11,6,10],"rotation":{"angle":0,"axis":"y","origin":[8,3.52157,6.96593]},"faces":{"north":{"uv":[0,4,3,7],"texture":"#1"},"east":{"uv":[3,13,0,16],"texture":"#1"},"south":{"uv":[10,13,13,16],"texture":"#1"},"west":{"uv":[0,13,3,16],"texture":"#1"},"up":{"uv":[0,10,3,13],"texture":"#1"},"down":{"uv":[0,7,3,10],"texture":"#1"}}},{"from":[7,6,4],"to":[9,9,10],"rotation":{"angle":0,"axis":"y","origin":[8,3.52157,6.96593]},"faces":{"north":{"uv":[13,14.5,14,16],"texture":"#1"},"east":{"uv":[13,14.5,16,16],"texture":"#1"},"south":{"uv":[13,14.5,14,16],"texture":"#1"},"west":{"uv":[16,14.5,13,16],"texture":"#1"},"up":{"uv":[15,7.5,16,10.5],"texture":"#1"},"down":{"uv":[0,0,1,3],"texture":"#missing"}}},{"from":[5.5,2.4195,7.35882],"to":[10.5,7.4195,14.35882],"rotation":{"angle":45,"axis":"x","origin":[8,3.52157,6.96593]},"faces":{"north":{"uv":[0,0,2.5,2.5],"texture":"#1"},"east":{"uv":[6.5,13.5,3,16],"texture":"#1"},"south":{"uv":[10,10.5,12.5,13],"texture":"#1"},"west":{"uv":[3,13.5,6.5,16],"texture":"#1"},"up":{"uv":[3,11,6.5,13.5],"rotation":90,"texture":"#1"},"down":{"uv":[3,8.5,6.5,11],"rotation":90,"texture":"#1"}}},{"from":[7.5,7.4195,6.35882],"to":[8.5,9.4195,14.35882],"rotation":{"angle":45,"axis":"x","origin":[8,3.52157,6.96593]},"faces":{"north":{"uv":[15,14,16,14.5],"rotation":90,"texture":"#1"},"east":{"uv":[15,14.5,16,10.5],"rotation":90,"texture":"#1"},"south":{"uv":[15,10.5,16,11],"rotation":90,"texture":"#1"},"west":{"uv":[15,10.5,16,14.5],"rotation":90,"texture":"#1"},"up":{"uv":[14.5,10,15,14],"texture":"#1"},"down":{"uv":[0,0,0.5,4],"texture":"#missing"}}},{"from":[6.5,-1.95685,11.90685],"to":[9.5,1.04315,18.90685],"rotation":{"angle":0,"axis":"x","origin":[8,3.52157,6.96593]},"faces":{"north":{"uv":[0,0,1.5,1.5],"texture":"#1"},"east":{"uv":[10,14.5,6.5,16],"texture":"#1"},"south":{"uv":[10,9,11.5,10.5],"texture":"#1"},"west":{"uv":[6.5,14.5,10,16],"texture":"#1"},"up":{"uv":[6.5,13,10,14.5],"rotation":90,"texture":"#1"},"down":{"uv":[6.5,11.5,10,13],"rotation":90,"texture":"#1"}}},{"from":[7.525,1.04315,14.95685],"to":[8.475,1.99315,18.90685],"rotation":{"angle":0,"axis":"x","origin":[8,3.52157,6.96593]},"faces":{"north":{"uv":[0,0,0.5,0.5],"texture":"#missing"},"east":{"uv":[15,14,13,14.5],"texture":"#1"},"south":{"uv":[14.5,14,15,14.5],"texture":"#1"},"west":{"uv":[13,14,15,14.5],"texture":"#1"},"up":{"uv":[13,14,15,14.5],"rotation":90,"texture":"#1"},"down":{"uv":[0,0,0.5,2],"texture":"#missing"}}}],"display":{"thirdperson_righthand":{"rotation":[60,135,0],"translation":[0.25,3,2.25],"scale":[0.5,0.5,0.5]},"thirdperson_lefthand":{"rotation":[60,135,0],"translation":[0.25,3,2.25],"scale":[0.5,0.5,0.5]},"firstperson_righthand":{"rotation":[0,100,0],"translation":[1.5,4,0],"scale":[0.4,0.4,0.4]},"firstperson_lefthand":{"rotation":[0,100,0],"translation":[1.5,4,0],"scale":[0.4,0.4,0.4]},"ground":{"translation":[0,3,0],"scale":[0.3,0.3,0.3]},"gui":{"rotation":[30,45,0],"translation":[-2,5.25,0],"scale":[1.01172,1.01172,1.01172]},"head":{"rotation":[0,-1,0],"translation":[0,-48,8.25],"scale":[1.6,1.6,1.6]},"fixed":{"translation":[0,4.25,-3]}}}