{"credit":"Made with Blockbench","texture_size":[32,32],"textures":{"0":"custom/general/cosmetics/back/dragon_wings","particle":"custom/general/cosmetics/back/dragon_wings"},"elements":[{"from":[-16,0,6],"to":[9,18,6],"rotation":{"angle":0,"axis":"z","origin":[8.5,8.5,5.9875]},"faces":{"north":{"uv":[3.5,7,16,16],"texture":"#0"},"east":{"uv":[0,1,0,10],"texture":"#0"},"south":{"uv":[16,7,3.5,16],"texture":"#0"},"west":{"uv":[0,1,0,10],"texture":"#0"},"up":{"uv":[0,1,0,13.5],"rotation":90,"texture":"#0"},"down":{"uv":[0,1,0,13.5],"rotation":270,"texture":"#0"}}},{"from":[9.999,0,7],"to":[9.999,18,32],"rotation":{"angle":22.5,"axis":"y","origin":[10.0115,8.5,7.5]},"faces":{"north":{"uv":[0,1,0,10],"texture":"#0"},"east":{"uv":[16,7,3.5,16],"texture":"#0"},"south":{"uv":[0,1,0,10],"texture":"#0"},"west":{"uv":[3.5,7,16,16],"texture":"#0"},"up":{"uv":[0,1,0,13.5],"texture":"#0"},"down":{"uv":[0,1,0,13.5],"texture":"#0"}}},{"from":[10.024,1,7],"to":[10.024,15,32],"rotation":{"angle":22.5,"axis":"y","origin":[10.0115,8.5,7.5]},"faces":{"north":{"uv":[0,0,0,7],"texture":"#0","tintindex":0},"east":{"uv":[16,0,3.5,7],"texture":"#0","tintindex":0},"south":{"uv":[0,0,0,7],"texture":"#0","tintindex":0},"west":{"uv":[3.5,0,16,7],"texture":"#0","tintindex":0},"up":{"uv":[0,0,0,12.5],"texture":"#0","tintindex":0},"down":{"uv":[0,0,0,12.5],"texture":"#0","tintindex":0}}},{"from":[-16,1,5.975],"to":[9,15,5.975],"rotation":{"angle":0,"axis":"z","origin":[8.5,8.5,5.9875]},"faces":{"north":{"uv":[3.5,0,16,7],"texture":"#0","tintindex":0},"east":{"uv":[0,0,0,7],"texture":"#0","tintindex":0},"south":{"uv":[16,0,3.5,7],"texture":"#0","tintindex":0},"west":{"uv":[0,0,0,7],"texture":"#0","tintindex":0},"up":{"uv":[0,0,0,12.5],"rotation":90,"texture":"#0","tintindex":0},"down":{"uv":[0,0,0,12.5],"rotation":270,"texture":"#0","tintindex":0}}}],"display":{"thirdperson_righthand":{"rotation":[60,-146.25,0],"translation":[0,0.75,1],"scale":[0.4,0.4,0.4]},"thirdperson_lefthand":{"rotation":[60,146.25,0],"translation":[0,0.75,1],"scale":[0.4,0.4,0.4]},"firstperson_righthand":{"rotation":[0,-180,0],"translation":[0,1,0],"scale":[0.3,0.3,0.3]},"firstperson_lefthand":{"rotation":[0,101.25,0],"translation":[0,1,0],"scale":[0.3,0.3,0.3]},"ground":{"translation":[0,3,0],"scale":[0.3,0.3,0.3]},"gui":{"rotation":[0,-145,0],"translation":[0.25,-0.5,0],"scale":[0.37501,0.37501,0.37501]},"head":{"rotation":[0,33.75,0],"translation":[0,-43,3.25],"scale":[1.5,1.5,1.5]},"fixed":{"rotation":[0,-146.25,0],"translation":[0,-0.25,-0.25]}},"groups":[0,1,{"name":"group","origin":[8.5,8.5,5.9875],"color":0,"children":[2,3]}]}