{"credit":"Made with Blockbench","texture_size":[64,64],"textures":{"1":"custom/general/cosmetics/back/explorer_backpack"},"elements":[{"from":[3,0,2],"to":[13,11,7],"faces":{"north":{"uv":[0,3,2.5,5.75],"texture":"#1"},"east":{"uv":[5.5,6,6.75,8.75],"texture":"#1"},"south":{"uv":[2.5,3,5,5.75],"texture":"#1"},"west":{"uv":[6.5,3,7.75,5.75],"texture":"#1"},"up":{"uv":[2.5,8.5,0,7.25],"texture":"#1"},"down":{"uv":[5,7.5,2.5,8.75],"texture":"#1"}}},{"from":[5,1,7],"to":[11,6,9],"faces":{"north":{"uv":[7.5,9.25,9,10.5],"texture":"#1"},"east":{"uv":[5,7.5,5.5,8.75],"texture":"#1"},"south":{"uv":[9.25,8.25,10.75,9.5],"texture":"#1"},"west":{"uv":[3,11,3.5,12.25],"texture":"#1"},"up":{"uv":[6.5,9.25,5,8.75],"texture":"#1"},"down":{"uv":[3,11,1.5,11.5],"texture":"#1"}}},{"from":[1,1,2],"to":[3,6,6],"faces":{"north":{"uv":[3.5,11,4,12.25],"texture":"#1"},"east":{"uv":[9.75,0.75,10.75,2],"texture":"#1"},"south":{"uv":[4,11,4.5,12.25],"texture":"#1"},"west":{"uv":[2.5,9.75,3.5,11],"texture":"#1"},"up":{"uv":[11.75,5.25,11.25,4.25],"texture":"#1"},"down":{"uv":[11.75,5.25,11.25,6.25],"texture":"#1"}}},{"from":[13,1,2],"to":[15,6,6],"faces":{"north":{"uv":[11.25,1.75,11.75,3],"texture":"#1"},"east":{"uv":[3.5,9.75,4.5,11],"texture":"#1"},"south":{"uv":[11.25,3,11.75,4.25],"texture":"#1"},"west":{"uv":[4.5,10.25,5.5,11.5],"texture":"#1"},"up":{"uv":[11.75,7.25,11.25,6.25],"texture":"#1"},"down":{"uv":[11,11.25,10.5,12.25],"texture":"#1"}}},{"from":[3,11,2.5],"to":[13,15,6.5],"faces":{"north":{"uv":[6.75,8.25,9.25,9.25],"texture":"#1"},"east":{"uv":[10.5,10.25,11.5,11.25],"texture":"#1"},"south":{"uv":[0,8.5,2.5,9.5],"texture":"#1"},"west":{"uv":[10.75,0.75,11.75,1.75],"texture":"#1"},"up":{"uv":[5,9.75,2.5,8.75],"texture":"#1"},"down":{"uv":[7.5,9.25,5,10.25],"texture":"#1"}}},{"from":[4,10,-2],"to":[6,11,2],"faces":{"north":{"uv":[7,2.5,7.5,2.75],"texture":"#1"},"east":{"uv":[2.75,5.75,3.75,6],"texture":"#1"},"south":{"uv":[7,2.75,7.5,3],"texture":"#1"},"west":{"uv":[3.75,5.75,4.75,6],"texture":"#1"},"up":{"uv":[11.5,12.25,11,11.25],"texture":"#1"},"down":{"uv":[2,11.5,1.5,12.5],"texture":"#1"}}},{"from":[10,10,-2],"to":[12,11,2],"faces":{"north":{"uv":[8.75,5.5,9.25,5.75],"texture":"#1"},"east":{"uv":[7.75,5.5,8.75,5.75],"texture":"#1"},"south":{"uv":[4.5,9.75,5,10],"texture":"#1"},"west":{"uv":[9.5,8,10.5,8.25],"texture":"#1"},"up":{"uv":[2.5,12.5,2,11.5],"texture":"#1"},"down":{"uv":[3,11.5,2.5,12.5],"texture":"#1"}}},{"from":[10,1,-2],"to":[12,2,2],"faces":{"north":{"uv":[4.5,10,5,10.25],"texture":"#1"},"east":{"uv":[9.75,2,10.75,2.25],"texture":"#1"},"south":{"uv":[7,10.25,7.5,10.5],"texture":"#1"},"west":{"uv":[9.75,2.25,10.75,2.5],"texture":"#1"},"up":{"uv":[5,12.5,4.5,11.5],"texture":"#1"},"down":{"uv":[5.5,11.5,5,12.5],"texture":"#1"}}},{"from":[4,1,-2],"to":[6,2,2],"faces":{"north":{"uv":[11.75,4.5,12.25,4.75],"texture":"#1"},"east":{"uv":[11.75,4,12.75,4.25],"texture":"#1"},"south":{"uv":[11.75,4.75,12.25,5],"texture":"#1"},"west":{"uv":[11.75,4.25,12.75,4.5],"texture":"#1"},"up":{"uv":[12,8.25,11.5,7.25],"texture":"#1"},"down":{"uv":[12,8.25,11.5,9.25],"texture":"#1"}}},{"from":[4,2,-2],"to":[6,10,-1],"faces":{"north":{"uv":[8.5,10.5,9,12.5],"texture":"#1"},"east":{"uv":[11.5,9.25,11.75,11.25],"texture":"#1"},"south":{"uv":[10.75,1.75,11.25,3.75],"texture":"#1"},"west":{"uv":[11.5,11.25,11.75,13.25],"texture":"#1"},"up":{"uv":[12.25,5.25,11.75,5],"texture":"#1"},"down":{"uv":[12.25,5.25,11.75,5.5],"texture":"#1"}}},{"from":[10,2,-2],"to":[12,10,-1],"faces":{"north":{"uv":[10.75,3.75,11.25,5.75],"texture":"#1"},"east":{"uv":[11.75,0,12,2],"texture":"#1"},"south":{"uv":[10.75,5.75,11.25,7.75],"texture":"#1"},"west":{"uv":[11.75,2,12,4],"texture":"#1"},"up":{"uv":[6,12,5.5,11.75],"texture":"#1"},"down":{"uv":[12.25,5.5,11.75,5.75],"texture":"#1"}}},{"name":"layer1","from":[2.75,10.75,2.25],"to":[13.25,15.25,6.75],"faces":{"north":{"uv":[6.75,5.75,9.5,7],"texture":"#1"},"east":{"uv":[9.5,5.5,10.75,6.75],"texture":"#1"},"south":{"uv":[7,0,9.75,1.25],"texture":"#1"},"west":{"uv":[9.5,6.75,10.75,8],"texture":"#1"},"up":{"uv":[9.75,2.5,7,1.25],"texture":"#1"},"down":{"uv":[9.5,7,6.75,8.25],"texture":"#1"}}},{"name":"layer2","from":[4.75,0.75,6.75],"to":[11.25,6.25,9.25],"faces":{"north":{"uv":[7.75,2.5,9.5,4],"texture":"#1"},"east":{"uv":[5.5,10.25,6.25,11.75],"texture":"#1"},"south":{"uv":[7.75,4,9.5,5.5],"texture":"#1"},"west":{"uv":[6.25,10.25,7,11.75],"texture":"#1"},"up":{"uv":[10.75,10.25,9,9.5],"texture":"#1"},"down":{"uv":[11.5,0,9.75,0.75],"texture":"#1"}}},{"name":"layer3","from":[0.75,0.75,1.75],"to":[3.25,6.25,6.25],"faces":{"north":{"uv":[9,10.25,9.75,11.75],"texture":"#1"},"east":{"uv":[0,9.5,1.25,11],"texture":"#1"},"south":{"uv":[9.75,10.25,10.5,11.75],"texture":"#1"},"west":{"uv":[1.25,9.5,2.5,11],"texture":"#1"},"up":{"uv":[11.5,9,10.75,7.75],"texture":"#1"},"down":{"uv":[11.5,9,10.75,10.25],"texture":"#1"}}},{"name":"layer4","from":[12.75,0.75,1.75],"to":[15.25,6.25,6.25],"faces":{"north":{"uv":[7,10.5,7.75,12],"texture":"#1"},"east":{"uv":[9.5,2.5,10.75,4],"texture":"#1"},"south":{"uv":[7.75,10.5,8.5,12],"texture":"#1"},"west":{"uv":[9.5,4,10.75,5.5],"texture":"#1"},"up":{"uv":[0.75,12.25,0,11],"texture":"#1"},"down":{"uv":[1.5,11,0.75,12.25],"texture":"#1"}}},{"name":"layer5","from":[2.75,-0.25,1.75],"to":[13.25,11.25,7.25],"faces":{"north":{"uv":[0,0,2.75,3],"texture":"#1"},"east":{"uv":[5,3,6.5,6],"texture":"#1"},"south":{"uv":[2.75,0,5.5,3],"texture":"#1"},"west":{"uv":[5.5,0,7,3],"texture":"#1"},"up":{"uv":[2.75,7.25,0,5.75],"texture":"#1"},"down":{"uv":[5.5,6,2.75,7.5],"texture":"#1"}}}],"display":{"thirdperson_righthand":{"rotation":[0,-180,0],"translation":[0,-0.25,-4.25],"scale":[0.6,0.6,0.6]},"thirdperson_lefthand":{"rotation":[0,-180,0],"translation":[0,-0.25,-4.25],"scale":[0.6,0.6,0.6]},"firstperson_righthand":{"scale":[0.7,0.7,0.7]},"firstperson_lefthand":{"scale":[0.7,0.7,0.6]},"ground":{"translation":[0,0,2.25],"scale":[0.6,0.6,0.6]},"gui":{"rotation":[30,45,0],"translation":[1.75,-1,0],"scale":[0.7,0.7,0.7]},"head":{"translation":[0,-46,14.5],"scale":[1.7,1.7,1.9]}},"groups":[{"name":"explorer_backpack","origin":[8,8,8],"color":0,"children":[0,1,2,3,4,5,6,7,8,9,10,11,12,13,14,15]}]}