{"credit":"Made with Blockbench by yungwilder","texture_size":[64,64],"textures":{"main":"custom/general/cosmetics/back/gear"},"elements":[{"from":[6.5,2.5,4],"to":[9.5,5.5,11],"faces":{"north":{"uv":[4,3.5,4.75,4.25],"texture":"#main"},"east":{"uv":[5,2.75,3.25,3.5],"texture":"#main"},"south":{"uv":[4,3.5,4.75,4.25],"texture":"#main"},"west":{"uv":[3.25,2.75,5,3.5],"texture":"#main"},"up":{"uv":[4,5.25,3.25,3.5],"texture":"#main"},"down":{"uv":[4,3.5,3.25,5.25],"texture":"#main"}}},{"from":[4.5,0.5,6.75],"to":[11.5,7.5,9.25],"faces":{"north":{"uv":[1.75,0,0,1.75],"texture":"#main"},"east":{"uv":[0,3.75,0.5,5.5],"texture":"#main"},"south":{"uv":[0,0,1.75,1.75],"texture":"#main"},"west":{"uv":[0.5,3.75,1,5.5],"texture":"#main"},"up":{"uv":[5.25,2,3.5,1.5],"texture":"#main"},"down":{"uv":[2.75,3.75,1,4.25],"texture":"#main"}}},{"from":[4.5,7.5,7.5],"to":[11.5,8.5,8.5],"faces":{"north":{"uv":[1.75,1.5,3.5,1.75],"texture":"#main"},"east":{"uv":[2.5,4.5,2.75,4.75],"texture":"#main"},"south":{"uv":[3.5,2,5.25,2.25],"texture":"#main"},"west":{"uv":[2.5,4.75,2.75,5],"texture":"#main"},"up":{"uv":[2.75,4.5,1,4.25],"texture":"#main"},"down":{"uv":[5.75,4.25,4,4.5],"texture":"#main"}}},{"from":[4.5,-0.5,7.5],"to":[11.5,0.5,8.5],"rotation":{"angle":0,"axis":"y","origin":[0,16,0]},"faces":{"north":{"uv":[1.75,1.75,3.5,1.5],"texture":"#main"},"east":{"uv":[2.5,4.75,2.75,4.5],"texture":"#main"},"south":{"uv":[3.5,2.25,5.25,2],"texture":"#main"},"west":{"uv":[2.5,5,2.75,4.75],"texture":"#main"},"up":{"uv":[5.75,4.5,4,4.25],"texture":"#main"},"down":{"uv":[2.75,4.25,1,4.5],"texture":"#main"}}},{"from":[11.5,0.5,7.5],"to":[12.5,7.5,8.5],"faces":{"north":{"uv":[2.75,3.75,3,5.5],"texture":"#main"},"east":{"uv":[3,3.75,3.25,5.5],"texture":"#main"},"south":{"uv":[1,4.5,1.25,6.25],"texture":"#main"},"west":{"uv":[1.25,4.5,1.5,6.25],"texture":"#main"},"up":{"uv":[5,3.75,4.75,3.5],"texture":"#main"},"down":{"uv":[5,3.75,4.75,4],"texture":"#main"}}},{"from":[3.5,0.5,7.5],"to":[4.5,7.5,8.5],"rotation":{"angle":0,"axis":"y","origin":[16,0,0]},"faces":{"north":{"uv":[3,3.75,2.75,5.5],"texture":"#main"},"east":{"uv":[1.5,4.5,1.25,6.25],"texture":"#main"},"south":{"uv":[1.25,4.5,1,6.25],"texture":"#main"},"west":{"uv":[3.25,3.75,3,5.5],"texture":"#main"},"up":{"uv":[4.75,3.75,5,3.5],"texture":"#main"},"down":{"uv":[4.75,3.75,5,4],"texture":"#main"}}},{"from":[1.5,3,7],"to":[14.5,5,9],"rotation":{"angle":0,"axis":"z","origin":[8,4,8]},"faces":{"north":{"uv":[0,2.25,3.25,2.75],"texture":"#main"},"east":{"uv":[4,4.5,4.5,5],"texture":"#main"},"south":{"uv":[0,2.75,3.25,3.25],"texture":"#main"},"west":{"uv":[4.5,4.5,5,5],"texture":"#main"},"up":{"uv":[3.25,3.75,0,3.25],"texture":"#main"},"down":{"uv":[6.5,2.25,3.25,2.75],"texture":"#main"}}},{"from":[1,3,7],"to":[15,5,9],"rotation":{"angle":-45,"axis":"z","origin":[8,4,8]},"faces":{"north":{"uv":[0,1.75,3.5,2.25],"texture":"#main"},"east":{"uv":[1.5,4.5,2,5],"texture":"#main"},"south":{"uv":[1.75,0,5.25,0.5],"texture":"#main"},"west":{"uv":[2,4.5,2.5,5],"texture":"#main"},"up":{"uv":[5.25,1,1.75,0.5],"texture":"#main"},"down":{"uv":[5.25,1,1.75,1.5],"texture":"#main"}}},{"from":[7,-3,7],"to":[9,11,9],"rotation":{"angle":-45,"axis":"z","origin":[8,4,8]},"faces":{"north":{"uv":[0,1.75,3.5,2.25],"rotation":270,"texture":"#main"},"east":{"uv":[5.25,1,1.75,0.5],"rotation":90,"texture":"#main"},"south":{"uv":[1.75,0,5.25,0.5],"rotation":90,"texture":"#main"},"west":{"uv":[5.25,1,1.75,1.5],"rotation":90,"texture":"#main"},"up":{"uv":[2,4.5,2.5,5],"rotation":90,"texture":"#main"},"down":{"uv":[1.5,4.5,2,5],"rotation":90,"texture":"#main"}}},{"from":[7,-2.5,7],"to":[9,10.5,9],"rotation":{"angle":0,"axis":"z","origin":[8,4,8]},"faces":{"north":{"uv":[0,2.25,3.25,2.75],"rotation":270,"texture":"#main"},"east":{"uv":[3.25,3.75,0,3.25],"rotation":90,"texture":"#main"},"south":{"uv":[0,2.75,3.25,3.25],"rotation":90,"texture":"#main"},"west":{"uv":[6.5,2.25,3.25,2.75],"rotation":90,"texture":"#main"},"up":{"uv":[4.5,4.5,5,5],"rotation":90,"texture":"#main"},"down":{"uv":[4,4.5,4.5,5],"rotation":90,"texture":"#main"}}},{"from":[6.5,2.5,4],"to":[9.5,5.5,11],"rotation":{"angle":-22.5,"axis":"z","origin":[8,4,7.95]},"faces":{"north":{"uv":[12,3.5,12.75,4.25],"texture":"#main"},"east":{"uv":[13,2.75,11.25,3.5],"texture":"#main"},"south":{"uv":[12,3.5,12.75,4.25],"texture":"#main"},"west":{"uv":[11.25,2.75,13,3.5],"texture":"#main"},"up":{"uv":[12,5.25,11.25,3.5],"texture":"#main"},"down":{"uv":[12,3.5,11.25,5.25],"texture":"#main"}}},{"from":[4.5,0.5,6.75],"to":[11.5,7.5,9.25],"rotation":{"angle":-22.5,"axis":"z","origin":[8,4,7.95]},"faces":{"north":{"uv":[9.75,0,8,1.75],"texture":"#main"},"east":{"uv":[8,3.75,8.5,5.5],"texture":"#main"},"south":{"uv":[8,0,9.75,1.75],"texture":"#main"},"west":{"uv":[8.5,3.75,9,5.5],"texture":"#main"},"up":{"uv":[13.25,2,11.5,1.5],"texture":"#main"},"down":{"uv":[10.75,3.75,9,4.25],"texture":"#main"}}},{"from":[4.5,7.5,7.5],"to":[11.5,8.5,8.5],"rotation":{"angle":-22.5,"axis":"z","origin":[8,4,7.95]},"faces":{"north":{"uv":[9.75,1.5,11.5,1.75],"texture":"#main"},"east":{"uv":[10.5,4.5,10.75,4.75],"texture":"#main"},"south":{"uv":[11.5,2,13.25,2.25],"texture":"#main"},"west":{"uv":[10.5,4.75,10.75,5],"texture":"#main"},"up":{"uv":[10.75,4.5,9,4.25],"texture":"#main"},"down":{"uv":[13.75,4.25,12,4.5],"texture":"#main"}}},{"from":[4.5,-0.5,7.5],"to":[11.5,0.5,8.5],"rotation":{"angle":-22.5,"axis":"z","origin":[8,4,7.95]},"faces":{"north":{"uv":[9.75,1.75,11.5,1.5],"texture":"#main"},"east":{"uv":[10.5,4.75,10.75,4.5],"texture":"#main"},"south":{"uv":[11.5,2.25,13.25,2],"texture":"#main"},"west":{"uv":[10.5,5,10.75,4.75],"texture":"#main"},"up":{"uv":[13.75,4.5,12,4.25],"texture":"#main"},"down":{"uv":[10.75,4.25,9,4.5],"texture":"#main"}}},{"from":[11.5,0.5,7.5],"to":[12.5,7.5,8.5],"rotation":{"angle":-22.5,"axis":"z","origin":[8,4,7.95]},"faces":{"north":{"uv":[10.75,3.75,11,5.5],"texture":"#main"},"east":{"uv":[11,3.75,11.25,5.5],"texture":"#main"},"south":{"uv":[9,4.5,9.25,6.25],"texture":"#main"},"west":{"uv":[9.25,4.5,9.5,6.25],"texture":"#main"},"up":{"uv":[13,3.75,12.75,3.5],"texture":"#main"},"down":{"uv":[13,3.75,12.75,4],"texture":"#main"}}},{"from":[3.5,0.5,7.5],"to":[4.5,7.5,8.5],"rotation":{"angle":-22.5,"axis":"z","origin":[8,4,7.95]},"faces":{"north":{"uv":[11,3.75,10.75,5.5],"texture":"#main"},"east":{"uv":[9.5,4.5,9.25,6.25],"texture":"#main"},"south":{"uv":[9.25,4.5,9,6.25],"texture":"#main"},"west":{"uv":[11.25,3.75,11,5.5],"texture":"#main"},"up":{"uv":[12.75,3.75,13,3.5],"texture":"#main"},"down":{"uv":[12.75,3.75,13,4],"texture":"#main"}}},{"from":[1.5,3,7],"to":[14.5,5,9],"rotation":{"angle":-22.5,"axis":"z","origin":[8,4,7.95]},"faces":{"north":{"uv":[8,2.25,11.25,2.75],"texture":"#main"},"east":{"uv":[12,4.5,12.5,5],"texture":"#main"},"south":{"uv":[8,2.75,11.25,3.25],"texture":"#main"},"west":{"uv":[12.5,4.5,13,5],"texture":"#main"},"up":{"uv":[11.25,3.75,8,3.25],"texture":"#main"},"down":{"uv":[14.5,2.25,11.25,2.75],"texture":"#main"}}},{"from":[7,-3,7],"to":[9,11,9],"rotation":{"angle":22.5,"axis":"z","origin":[8,4,7.95]},"faces":{"north":{"uv":[8,1.75,11.5,2.25],"rotation":270,"texture":"#main"},"east":{"uv":[13.25,1,9.75,0.5],"rotation":90,"texture":"#main"},"south":{"uv":[9.75,0,13.25,0.5],"rotation":90,"texture":"#main"},"west":{"uv":[13.25,1,9.75,1.5],"rotation":90,"texture":"#main"},"up":{"uv":[10,4.5,10.5,5],"rotation":90,"texture":"#main"},"down":{"uv":[9.5,4.5,10,5],"rotation":90,"texture":"#main"}}},{"from":[1,3,7],"to":[15,5,9],"rotation":{"angle":22.5,"axis":"z","origin":[8,4,7.95]},"faces":{"north":{"uv":[8,1.75,11.5,2.25],"rotation":180,"texture":"#main"},"east":{"uv":[10,4.5,10.5,5],"rotation":180,"texture":"#main"},"south":{"uv":[9.75,0,13.25,0.5],"rotation":180,"texture":"#main"},"west":{"uv":[9.5,4.5,10,5],"rotation":180,"texture":"#main"},"up":{"uv":[13.25,1,9.75,1.5],"rotation":180,"texture":"#main"},"down":{"uv":[13.25,1,9.75,0.5],"rotation":180,"texture":"#main"}}},{"from":[7,-2.5,7],"to":[9,10.5,9],"rotation":{"angle":-22.5,"axis":"z","origin":[8,4,7.95]},"faces":{"north":{"uv":[8,2.25,11.25,2.75],"rotation":270,"texture":"#main"},"east":{"uv":[11.25,3.75,8,3.25],"rotation":90,"texture":"#main"},"south":{"uv":[8,2.75,11.25,3.25],"rotation":90,"texture":"#main"},"west":{"uv":[14.5,2.25,11.25,2.75],"rotation":90,"texture":"#main"},"up":{"uv":[12.5,4.5,13,5],"rotation":90,"texture":"#main"},"down":{"uv":[12,4.5,12.5,5],"rotation":90,"texture":"#main"}}},{"from":[6.5,2.5,4],"to":[9.5,5.5,11],"rotation":{"angle":-45,"axis":"z","origin":[8,4,7.95]},"faces":{"north":{"uv":[4,11.5,4.75,12.25],"texture":"#main"},"east":{"uv":[5,10.75,3.25,11.5],"texture":"#main"},"south":{"uv":[4,11.5,4.75,12.25],"texture":"#main"},"west":{"uv":[3.25,10.75,5,11.5],"texture":"#main"},"up":{"uv":[4,13.25,3.25,11.5],"texture":"#main"},"down":{"uv":[4,11.5,3.25,13.25],"texture":"#main"}}},{"from":[4.5,0.5,6.75],"to":[11.5,7.5,9.25],"rotation":{"angle":-45,"axis":"z","origin":[8,4,7.95]},"faces":{"north":{"uv":[1.75,8,0,9.75],"texture":"#main"},"east":{"uv":[0,11.75,0.5,13.5],"texture":"#main"},"south":{"uv":[0,8,1.75,9.75],"texture":"#main"},"west":{"uv":[0.5,11.75,1,13.5],"texture":"#main"},"up":{"uv":[5.25,10,3.5,9.5],"texture":"#main"},"down":{"uv":[2.75,11.75,1,12.25],"texture":"#main"}}},{"from":[4.5,7.5,7.5],"to":[11.5,8.5,8.5],"rotation":{"angle":-45,"axis":"z","origin":[8,4,7.95]},"faces":{"north":{"uv":[1.75,9.5,3.5,9.75],"texture":"#main"},"east":{"uv":[2.5,12.5,2.75,12.75],"texture":"#main"},"south":{"uv":[3.5,10,5.25,10.25],"texture":"#main"},"west":{"uv":[2.5,12.75,2.75,13],"texture":"#main"},"up":{"uv":[2.75,12.5,1,12.25],"texture":"#main"},"down":{"uv":[5.75,12.25,4,12.5],"texture":"#main"}}},{"from":[4.5,-0.5,7.5],"to":[11.5,0.5,8.5],"rotation":{"angle":-45,"axis":"z","origin":[8,4,7.95]},"faces":{"north":{"uv":[1.75,9.75,3.5,9.5],"texture":"#main"},"east":{"uv":[2.5,12.75,2.75,12.5],"texture":"#main"},"south":{"uv":[3.5,10.25,5.25,10],"texture":"#main"},"west":{"uv":[2.5,13,2.75,12.75],"texture":"#main"},"up":{"uv":[5.75,12.5,4,12.25],"texture":"#main"},"down":{"uv":[2.75,12.25,1,12.5],"texture":"#main"}}},{"from":[11.5,0.5,7.5],"to":[12.5,7.5,8.5],"rotation":{"angle":-45,"axis":"z","origin":[8,4,7.95]},"faces":{"north":{"uv":[2.75,11.75,3,13.5],"texture":"#main"},"east":{"uv":[3,11.75,3.25,13.5],"texture":"#main"},"south":{"uv":[1,12.5,1.25,14.25],"texture":"#main"},"west":{"uv":[1.25,12.5,1.5,14.25],"texture":"#main"},"up":{"uv":[5,11.75,4.75,11.5],"texture":"#main"},"down":{"uv":[5,11.75,4.75,12],"texture":"#main"}}},{"from":[3.5,0.5,7.5],"to":[4.5,7.5,8.5],"rotation":{"angle":-45,"axis":"z","origin":[8,4,7.95]},"faces":{"north":{"uv":[3,11.75,2.75,13.5],"texture":"#main"},"east":{"uv":[1.5,12.5,1.25,14.25],"texture":"#main"},"south":{"uv":[1.25,12.5,1,14.25],"texture":"#main"},"west":{"uv":[3.25,11.75,3,13.5],"texture":"#main"},"up":{"uv":[4.75,11.75,5,11.5],"texture":"#main"},"down":{"uv":[4.75,11.75,5,12],"texture":"#main"}}},{"from":[1.5,3,7],"to":[14.5,5,9],"rotation":{"angle":-45,"axis":"z","origin":[8,4,7.95]},"faces":{"north":{"uv":[0,10.25,3.25,10.75],"texture":"#main"},"east":{"uv":[4,12.5,4.5,13],"texture":"#main"},"south":{"uv":[0,10.75,3.25,11.25],"texture":"#main"},"west":{"uv":[4.5,12.5,5,13],"texture":"#main"},"up":{"uv":[3.25,11.75,0,11.25],"texture":"#main"},"down":{"uv":[6.5,10.25,3.25,10.75],"texture":"#main"}}},{"from":[7,-3,7],"to":[9,11,9],"rotation":{"angle":0,"axis":"z","origin":[8,4,7.95]},"faces":{"north":{"uv":[0,9.75,3.5,10.25],"rotation":270,"texture":"#main"},"east":{"uv":[5.25,9,1.75,8.5],"rotation":90,"texture":"#main"},"south":{"uv":[1.75,8,5.25,8.5],"rotation":90,"texture":"#main"},"west":{"uv":[5.25,9,1.75,9.5],"rotation":90,"texture":"#main"},"up":{"uv":[2,12.5,2.5,13],"rotation":90,"texture":"#main"},"down":{"uv":[1.5,12.5,2,13],"rotation":90,"texture":"#main"}}},{"from":[1,3,7],"to":[15,5,9],"rotation":{"angle":0,"axis":"z","origin":[8,4,7.95]},"faces":{"north":{"uv":[0,9.75,3.5,10.25],"rotation":180,"texture":"#main"},"east":{"uv":[2,12.5,2.5,13],"rotation":180,"texture":"#main"},"south":{"uv":[1.75,8,5.25,8.5],"rotation":180,"texture":"#main"},"west":{"uv":[1.5,12.5,2,13],"rotation":180,"texture":"#main"},"up":{"uv":[5.25,9,1.75,9.5],"rotation":180,"texture":"#main"},"down":{"uv":[5.25,9,1.75,8.5],"rotation":180,"texture":"#main"}}},{"from":[7,-2.5,7],"to":[9,10.5,9],"rotation":{"angle":-45,"axis":"z","origin":[8,4,7.95]},"faces":{"north":{"uv":[0,10.25,3.25,10.75],"rotation":270,"texture":"#main"},"east":{"uv":[3.25,11.75,0,11.25],"rotation":90,"texture":"#main"},"south":{"uv":[0,10.75,3.25,11.25],"rotation":90,"texture":"#main"},"west":{"uv":[6.5,10.25,3.25,10.75],"rotation":90,"texture":"#main"},"up":{"uv":[4.5,12.5,5,13],"rotation":90,"texture":"#main"},"down":{"uv":[4,12.5,4.5,13],"rotation":90,"texture":"#main"}}},{"from":[6.5,2.5,4],"to":[9.5,5.5,11],"rotation":{"angle":22.5,"axis":"z","origin":[8,4,7.95]},"faces":{"north":{"uv":[12,11.5,12.75,12.25],"rotation":270,"texture":"#main"},"east":{"uv":[12,13.25,11.25,11.5],"rotation":90,"texture":"#main"},"south":{"uv":[12,11.5,12.75,12.25],"rotation":90,"texture":"#main"},"west":{"uv":[12,11.5,11.25,13.25],"rotation":90,"texture":"#main"},"up":{"uv":[11.25,10.75,13,11.5],"rotation":90,"texture":"#main"},"down":{"uv":[13,10.75,11.25,11.5],"rotation":90,"texture":"#main"}}},{"from":[4.5,0.5,6.75],"to":[11.5,7.5,9.25],"rotation":{"angle":22.5,"axis":"z","origin":[8,4,7.95]},"faces":{"north":{"uv":[9.75,8,8,9.75],"rotation":270,"texture":"#main"},"east":{"uv":[13.25,10,11.5,9.5],"rotation":90,"texture":"#main"},"south":{"uv":[8,8,9.75,9.75],"rotation":90,"texture":"#main"},"west":{"uv":[10.75,11.75,9,12.25],"rotation":90,"texture":"#main"},"up":{"uv":[8.5,11.75,9,13.5],"rotation":90,"texture":"#main"},"down":{"uv":[8,11.75,8.5,13.5],"rotation":90,"texture":"#main"}}},{"from":[11.5,0.5,7.5],"to":[12.5,7.5,8.5],"rotation":{"angle":22.5,"axis":"z","origin":[8,4,7.95]},"faces":{"north":{"uv":[9.75,9.5,11.5,9.75],"rotation":270,"texture":"#main"},"east":{"uv":[10.75,12.5,9,12.25],"rotation":90,"texture":"#main"},"south":{"uv":[11.5,10,13.25,10.25],"rotation":90,"texture":"#main"},"west":{"uv":[13.75,12.25,12,12.5],"rotation":90,"texture":"#main"},"up":{"uv":[10.5,12.75,10.75,13],"rotation":90,"texture":"#main"},"down":{"uv":[10.5,12.5,10.75,12.75],"rotation":90,"texture":"#main"}}},{"from":[3.5,0.5,7.5],"to":[4.5,7.5,8.5],"rotation":{"angle":22.5,"axis":"z","origin":[8,4,7.95]},"faces":{"north":{"uv":[9.75,9.75,11.5,9.5],"rotation":270,"texture":"#main"},"east":{"uv":[13.75,12.5,12,12.25],"rotation":90,"texture":"#main"},"south":{"uv":[11.5,10.25,13.25,10],"rotation":90,"texture":"#main"},"west":{"uv":[10.75,12.25,9,12.5],"rotation":90,"texture":"#main"},"up":{"uv":[10.5,13,10.75,12.75],"rotation":90,"texture":"#main"},"down":{"uv":[10.5,12.75,10.75,12.5],"rotation":90,"texture":"#main"}}},{"from":[4.5,-0.5,7.5],"to":[11.5,0.5,8.5],"rotation":{"angle":22.5,"axis":"z","origin":[8,4,7.95]},"faces":{"north":{"uv":[10.75,11.75,11,13.5],"rotation":270,"texture":"#main"},"east":{"uv":[13,11.75,12.75,11.5],"rotation":90,"texture":"#main"},"south":{"uv":[9,12.5,9.25,14.25],"rotation":90,"texture":"#main"},"west":{"uv":[13,11.75,12.75,12],"rotation":90,"texture":"#main"},"up":{"uv":[9.25,12.5,9.5,14.25],"rotation":90,"texture":"#main"},"down":{"uv":[11,11.75,11.25,13.5],"rotation":90,"texture":"#main"}}},{"from":[4.5,7.5,7.5],"to":[11.5,8.5,8.5],"rotation":{"angle":22.5,"axis":"z","origin":[8,4,7.95]},"faces":{"north":{"uv":[11,11.75,10.75,13.5],"rotation":270,"texture":"#main"},"east":{"uv":[12.75,11.75,13,11.5],"rotation":90,"texture":"#main"},"south":{"uv":[9.25,12.5,9,14.25],"rotation":90,"texture":"#main"},"west":{"uv":[12.75,11.75,13,12],"rotation":90,"texture":"#main"},"up":{"uv":[11.25,11.75,11,13.5],"rotation":90,"texture":"#main"},"down":{"uv":[9.5,12.5,9.25,14.25],"rotation":90,"texture":"#main"}}},{"from":[7,-2.5,7],"to":[9,10.5,9],"rotation":{"angle":22.5,"axis":"z","origin":[8,4,7.95]},"faces":{"north":{"uv":[8,10.25,11.25,10.75],"rotation":270,"texture":"#main"},"east":{"uv":[11.25,11.75,8,11.25],"rotation":90,"texture":"#main"},"south":{"uv":[8,10.75,11.25,11.25],"rotation":90,"texture":"#main"},"west":{"uv":[14.5,10.25,11.25,10.75],"rotation":90,"texture":"#main"},"up":{"uv":[12.5,12.5,13,13],"rotation":90,"texture":"#main"},"down":{"uv":[12,12.5,12.5,13],"rotation":90,"texture":"#main"}}},{"from":[7,-3,7],"to":[9,11,9],"rotation":{"angle":-22.5,"axis":"z","origin":[8,4,7.95]},"faces":{"north":{"uv":[8,9.75,11.5,10.25],"rotation":270,"texture":"#main"},"east":{"uv":[13.25,9,9.75,8.5],"rotation":90,"texture":"#main"},"south":{"uv":[9.75,8,13.25,8.5],"rotation":90,"texture":"#main"},"west":{"uv":[13.25,9,9.75,9.5],"rotation":90,"texture":"#main"},"up":{"uv":[10,12.5,10.5,13],"rotation":90,"texture":"#main"},"down":{"uv":[9.5,12.5,10,13],"rotation":90,"texture":"#main"}}},{"from":[1,3,7],"to":[15,5,9],"rotation":{"angle":-22.5,"axis":"z","origin":[8,4,7.95]},"faces":{"north":{"uv":[8,9.75,11.5,10.25],"rotation":180,"texture":"#main"},"east":{"uv":[10,12.5,10.5,13],"rotation":180,"texture":"#main"},"south":{"uv":[9.75,8,13.25,8.5],"rotation":180,"texture":"#main"},"west":{"uv":[9.5,12.5,10,13],"rotation":180,"texture":"#main"},"up":{"uv":[13.25,9,9.75,9.5],"rotation":180,"texture":"#main"},"down":{"uv":[13.25,9,9.75,8.5],"rotation":180,"texture":"#main"}}},{"from":[1.5,3,7],"to":[14.5,5,9],"rotation":{"angle":22.5,"axis":"z","origin":[8,4,7.95]},"faces":{"north":{"uv":[8,10.25,11.25,10.75],"rotation":180,"texture":"#main"},"east":{"uv":[12.5,12.5,13,13],"rotation":180,"texture":"#main"},"south":{"uv":[8,10.75,11.25,11.25],"rotation":180,"texture":"#main"},"west":{"uv":[12,12.5,12.5,13],"rotation":180,"texture":"#main"},"up":{"uv":[14.5,10.25,11.25,10.75],"rotation":180,"texture":"#main"},"down":{"uv":[11.25,11.75,8,11.25],"rotation":180,"texture":"#main"}}}],"gui_light":"front","display":{"thirdperson_righthand":{"translation":[0,5.5,0],"scale":[0.7,0.7,0.7]},"thirdperson_lefthand":{"translation":[0,5.5,0],"scale":[0.7,0.7,0.7]},"firstperson_righthand":{"rotation":[0,15,0],"translation":[0,5.5,0],"scale":[0.7,0.7,0.7]},"firstperson_lefthand":{"rotation":[0,15,0],"translation":[0,5.5,0],"scale":[0.7,0.7,0.7]},"ground":{"rotation":[-45,0,0],"translation":[0,2,0],"scale":[0.5,0.5,0.5]},"gui":{"rotation":[30,45,0],"translation":[0,3.5,0]},"head":{"translation":[0,-41.25,9],"scale":[1.81,1.81,1.81]},"fixed":{"rotation":[0,-180,0],"translation":[0,7,-1.75],"scale":[1.81,1.81,1.81]}}}