{"credit":"Made with Blockbench by yungwilder","texture_size":[32,32],"textures":{"0":"custom/general/cosmetics/back/giant_scroll"},"elements":[{"from":[4.375,2.375,5],"to":[10.375,4.375,11],"rotation":{"angle":0,"axis":"z","origin":[8,12.375,8.33333]},"faces":{"north":{"uv":[10,10.5,13,11.5],"rotation":180,"texture":"#0"},"east":{"uv":[12,1,15,2],"rotation":180,"texture":"#0"},"south":{"uv":[12,0,15,1],"rotation":180,"texture":"#0"},"west":{"uv":[10,11.5,13,12.5],"rotation":180,"texture":"#0"}}},{"from":[10.375,2.375,5],"to":[4.375,4.375,11],"rotation":{"angle":0,"axis":"z","origin":[8,12.375,8.33333]},"faces":{"north":{"uv":[13,10.5,10,11.5],"rotation":180,"texture":"#0"},"east":{"uv":[13,11.5,10,12.5],"rotation":180,"texture":"#0"},"south":{"uv":[15,0,12,1],"rotation":180,"texture":"#0"},"west":{"uv":[15,1,12,2],"rotation":180,"texture":"#0"}}},{"from":[3.375,3.375,4],"to":[11.375,4.375,12],"rotation":{"angle":0,"axis":"z","origin":[8,12.375,8.33333]},"faces":{"north":{"uv":[12,2,16,2.5],"rotation":180,"texture":"#0"},"east":{"uv":[12,3.5,16,4],"rotation":180,"texture":"#0"},"south":{"uv":[12,3,16,3.5],"rotation":180,"texture":"#0"},"west":{"uv":[12,2.5,16,3],"rotation":180,"texture":"#0"}}},{"from":[3.375,20.375,4],"to":[11.375,21.375,12],"rotation":{"angle":0,"axis":"z","origin":[8,12.375,8.33333]},"faces":{"north":{"uv":[12,2.5,16,2],"rotation":180,"texture":"#0"},"east":{"uv":[12,4,16,3.5],"rotation":180,"texture":"#0"},"south":{"uv":[12,3.5,16,3],"rotation":180,"texture":"#0"},"west":{"uv":[12,3,16,2.5],"rotation":180,"texture":"#0"}}},{"from":[3.375,20.375,12],"to":[11.375,21.375,4],"rotation":{"angle":0,"axis":"z","origin":[8,12.375,8.33333]},"faces":{"north":{"uv":[16,3.5,12,3],"rotation":180,"texture":"#0"},"east":{"uv":[16,4,12,3.5],"rotation":180,"texture":"#0"},"south":{"uv":[16,2.5,12,2],"rotation":180,"texture":"#0"},"west":{"uv":[16,3,12,2.5],"rotation":180,"texture":"#0"}}},{"from":[4.375,20.375,5],"to":[10.375,22.375,11],"rotation":{"angle":0,"axis":"z","origin":[8,12.375,8.33333]},"faces":{"north":{"uv":[10,11.5,13,10.5],"rotation":180,"texture":"#0"},"east":{"uv":[12,2,15,1],"rotation":180,"texture":"#0"},"south":{"uv":[12,1,15,0],"rotation":180,"texture":"#0"},"west":{"uv":[10,12.5,13,11.5],"rotation":180,"texture":"#0"}}},{"from":[4.375,20.375,11],"to":[10.375,22.375,5],"rotation":{"angle":0,"axis":"z","origin":[8,12.375,8.33333]},"faces":{"north":{"uv":[15,1,12,0],"rotation":180,"texture":"#0"},"east":{"uv":[15,2,12,1],"rotation":180,"texture":"#0"},"south":{"uv":[13,11.5,10,10.5],"rotation":180,"texture":"#0"},"west":{"uv":[13,12.5,10,11.5],"rotation":180,"texture":"#0"}}},{"from":[5.375,20.375,6],"to":[9.375,25.375,10],"rotation":{"angle":0,"axis":"z","origin":[8,12.375,8.33333]},"faces":{"north":{"uv":[10,10.5,8,8],"rotation":180,"texture":"#0"},"east":{"uv":[12,10.5,10,8],"rotation":180,"texture":"#0"},"south":{"uv":[10,10.5,8,8],"rotation":180,"texture":"#0"},"west":{"uv":[12,10.5,10,8],"rotation":180,"texture":"#0"},"up":{"uv":[10,10.5,8,12.5],"rotation":180,"texture":"#0"}}},{"from":[5.375,-0.625,6],"to":[9.375,4.375,10],"rotation":{"angle":0,"axis":"z","origin":[8,12.375,8.33333]},"faces":{"north":{"uv":[10,8,8,10.5],"rotation":180,"texture":"#0"},"east":{"uv":[12,8,10,10.5],"rotation":180,"texture":"#0"},"south":{"uv":[10,8,8,10.5],"rotation":180,"texture":"#0"},"west":{"uv":[12,8,10,10.5],"rotation":180,"texture":"#0"},"down":{"uv":[10,12.5,8,10.5],"rotation":180,"texture":"#0"}}},{"from":[11.375,3.375,4],"to":[3.375,4.375,12],"rotation":{"angle":0,"axis":"z","origin":[8,12.375,8.33333]},"faces":{"north":{"uv":[12,2,16,2.5],"rotation":180,"texture":"#0"},"east":{"uv":[16,2.5,12,3],"rotation":180,"texture":"#0"},"south":{"uv":[16,3,12,3.5],"rotation":180,"texture":"#0"},"west":{"uv":[16,3.5,12,4],"rotation":180,"texture":"#0"}}},{"from":[3.375,10.375,4],"to":[11.375,14.375,12],"rotation":{"angle":0,"axis":"z","origin":[8,12.375,8.33333]},"faces":{"north":{"uv":[0,3,4,5],"rotation":180,"texture":"#0"},"east":{"uv":[8,3,12,5],"rotation":180,"texture":"#0"},"south":{"uv":[0,11,4,13],"rotation":180,"texture":"#0"},"west":{"uv":[4,3,8,5],"rotation":180,"texture":"#0"}}},{"from":[3.375,4.375,4],"to":[11.375,10.375,12],"rotation":{"angle":0,"axis":"z","origin":[8,12.375,8.33333]},"faces":{"north":{"uv":[0,0,4,3],"rotation":180,"texture":"#0"},"east":{"uv":[8,0,12,3],"rotation":180,"texture":"#0"},"south":{"uv":[0,8,4,11],"rotation":180,"texture":"#0"},"west":{"uv":[4,0,8,3],"rotation":180,"texture":"#0"},"down":{"uv":[8,12,4,8],"rotation":180,"texture":"#0"}}},{"from":[3.375,14.375,4],"to":[11.375,20.375,12],"rotation":{"angle":0,"axis":"z","origin":[8,12.375,8.33333]},"faces":{"north":{"uv":[0,5,4,8],"rotation":180,"texture":"#0"},"east":{"uv":[8,5,12,8],"rotation":180,"texture":"#0"},"south":{"uv":[0,13,4,16],"rotation":180,"texture":"#0"},"west":{"uv":[4,5,8,8],"rotation":180,"texture":"#0"},"up":{"uv":[4,8,8,12],"rotation":180,"texture":"#0"}}},{"from":[11.375,6.375,12],"to":[18.375,18.375,12],"rotation":{"angle":0,"axis":"z","origin":[8,12.375,8.33333]},"faces":{"north":{"uv":[10.5,12.5,4.5,16],"rotation":90,"texture":"#0"},"east":{"uv":[0,0,6,0],"rotation":270,"texture":"#missing"},"south":{"uv":[4.5,12.5,10.5,16],"rotation":270,"texture":"#0"},"west":{"uv":[0,0,6,0],"rotation":270,"texture":"#missing"},"up":{"uv":[0,0,0,3.5],"rotation":270,"texture":"#missing"},"down":{"uv":[0,0,0,3.5],"rotation":270,"texture":"#missing"}}}],"gui_light":"front","display":{"thirdperson_righthand":{"translation":[0,4,0],"scale":[0.5,0.5,0.5]},"thirdperson_lefthand":{"translation":[0,4,0],"scale":[0.5,0.5,0.5]},"firstperson_righthand":{"rotation":[0,15,0],"translation":[0,2,0],"scale":[0.4,0.4,0.4]},"firstperson_lefthand":{"rotation":[0,15,0],"translation":[0,2,0],"scale":[0.4,0.4,0.4]},"ground":{"rotation":[-45,0,0],"translation":[0,2,0],"scale":[0.5,0.5,0.5]},"gui":{"rotation":[30,45,-60],"translation":[-1,-2,0],"scale":[0.65,0.65,0.65]},"head":{"rotation":[0,0,-60],"translation":[-4,-52.25,9],"scale":[1.4,1.4,1.4]},"fixed":{"rotation":[0,-180,130],"translation":[-3,3,-1.75]}}}