{"credit":"Made with Blockbench","texture_size":[32,32],"textures":{"0":"custom/general/cosmetics/back/jetpack","1":"custom/general/cosmetics/back/jetpack_fire","particle":"custom/general/cosmetics/back/jetpack"},"elements":[{"from":[5,0,4],"to":[11,4,8],"rotation":{"angle":0,"axis":"y","origin":[8,3.28807,7.18454]},"faces":{"north":{"uv":[11,14,14,16],"texture":"#0"},"east":{"uv":[12,4,14,6],"texture":"#0"},"south":{"uv":[11,14,14,16],"texture":"#0"},"west":{"uv":[12,4,14,6],"texture":"#0"},"up":{"uv":[0,0,3,2],"texture":"#0"},"down":{"uv":[11,12,14,14],"texture":"#0"}}},{"from":[4.75,3.75,3.75],"to":[11.25,8.25,8.25],"rotation":{"angle":0,"axis":"y","origin":[8,3.28807,7.18454]},"faces":{"north":{"uv":[11,6,14,8],"texture":"#0"},"east":{"uv":[14,2.5,16,4.5],"texture":"#0"},"south":{"uv":[11,10,14,12],"texture":"#0"},"west":{"uv":[16,2.5,14,4.5],"texture":"#0"},"up":{"uv":[11,8,14,10],"texture":"#0"},"down":{"uv":[6,14,9,16],"texture":"#0"}}},{"from":[4.75,3.75,3.75],"to":[11.25,8.25,8.25],"rotation":{"angle":0,"axis":"y","origin":[8,3.28807,7.18454]},"faces":{"south":{"uv":[2,14,5,16],"texture":"#0","tintindex":0},"up":{"uv":[2,12,5,14],"texture":"#0","tintindex":0}}},{"from":[12,3.57926,6.74111],"to":[14,6.57926,8.74111],"rotation":{"angle":-22.5,"axis":"x","origin":[8,3.28807,7.18454]},"faces":{"north":{"uv":[1,0,0,1.5],"texture":"#0","tintindex":0},"east":{"uv":[1,14.5,2,16],"texture":"#0","tintindex":0},"south":{"uv":[2,14.5,1,16],"texture":"#0","tintindex":0},"west":{"uv":[0,0,1,1.5],"texture":"#0","tintindex":0},"up":{"uv":[0,0,1,1],"texture":"#0","tintindex":0},"down":{"uv":[0,0,1,1],"texture":"#0","tintindex":0}}},{"from":[2,3.57926,6.74111],"to":[4,6.57926,8.74111],"rotation":{"angle":-22.5,"axis":"x","origin":[8,3.28807,7.18454]},"faces":{"north":{"uv":[0,0,1,1.5],"texture":"#0","tintindex":0},"east":{"uv":[1,0,0,1.5],"texture":"#0","tintindex":0},"south":{"uv":[1,14.5,2,16],"texture":"#0","tintindex":0},"west":{"uv":[2,14.5,1,16],"texture":"#0","tintindex":0},"up":{"uv":[1,0,0,1],"texture":"#0","tintindex":0},"down":{"uv":[0,0,1,1],"texture":"#0","tintindex":0}}},{"from":[11.5,-0.42074,9.24111],"to":[13.5,2.57926,9.24111],"rotation":{"angle":-22.5,"axis":"x","origin":[8,3.28807,7.18454]},"faces":{"north":{"uv":[0,14.5,1,16],"texture":"#0","tintindex":0},"east":{"uv":[0,0,0,1.5],"texture":"#0","tintindex":0},"south":{"uv":[0,14.5,1,16],"texture":"#0","tintindex":0},"west":{"uv":[0,0,0,1.5],"texture":"#0","tintindex":0},"up":{"uv":[0,0,1,0],"texture":"#0","tintindex":0},"down":{"uv":[0,0,1,0],"texture":"#0","tintindex":0}}},{"from":[2.5,-0.42074,9.24111],"to":[4.5,2.57926,9.24111],"rotation":{"angle":-22.5,"axis":"x","origin":[8,3.28807,7.18454]},"faces":{"north":{"uv":[0,14.5,1,16],"texture":"#0","tintindex":0},"east":{"uv":[0,0,0,1.5],"texture":"#0","tintindex":0},"south":{"uv":[0,14.5,1,16],"texture":"#0","tintindex":0},"west":{"uv":[0,0,0,1.5],"texture":"#0","tintindex":0},"up":{"uv":[0,0,1,0],"texture":"#0","tintindex":0},"down":{"uv":[0,0,1,0],"texture":"#0","tintindex":0}}},{"from":[1.5,-8.17074,7.24111],"to":[5.5,-2.17074,7.24111],"rotation":{"angle":-22.5,"axis":"x","origin":[8,3.28807,7.18454]},"faces":{"north":{"uv":[12,10,16,16],"texture":"#1","tintindex":0},"east":{"uv":[12,2.5,12,4],"texture":"#1","tintindex":0},"south":{"uv":[16,10,12,16],"texture":"#1","tintindex":0},"west":{"uv":[12,2.5,12,4],"texture":"#1","tintindex":0},"up":{"uv":[12,2.5,16,2.5],"texture":"#1","tintindex":0},"down":{"uv":[12,2.5,16,2.5],"texture":"#1","tintindex":0}}},{"from":[12.5,-8.17074,5.24111],"to":[12.5,-2.17074,9.24111],"rotation":{"angle":-22.5,"axis":"x","origin":[8,3.28807,7.18454]},"faces":{"north":{"uv":[12,10,12,16],"texture":"#1","tintindex":0},"east":{"uv":[16,10,12,16],"texture":"#1","tintindex":0},"south":{"uv":[12,10,12,16],"texture":"#1","tintindex":0},"west":{"uv":[12,10,16,16],"texture":"#1","tintindex":0},"up":{"uv":[12,2.5,12,6.5],"texture":"#1","tintindex":0},"down":{"uv":[12,2.5,12,6.5],"texture":"#1","tintindex":0}}},{"from":[10.25,-2.67074,4.99111],"to":[14.75,-0.17074,9.49111],"rotation":{"angle":-22.5,"axis":"x","origin":[8,3.28807,7.18454]},"faces":{"north":{"uv":[9,13.5,11,14.5],"texture":"#0"},"east":{"uv":[11,13.5,9,14.5],"texture":"#0"},"south":{"uv":[9,13.5,11,14.5],"texture":"#0"},"west":{"uv":[9,13.5,11,14.5],"texture":"#0"},"up":{"uv":[0,0,2,2],"texture":"#0"},"down":{"uv":[9,14,11,16],"texture":"#0"}}},{"from":[1.25,-2.67074,4.99111],"to":[5.75,-0.17074,9.49111],"rotation":{"angle":-22.5,"axis":"x","origin":[8,3.28807,7.18454]},"faces":{"north":{"uv":[9,13.5,11,14.5],"texture":"#0"},"east":{"uv":[11,13.5,9,14.5],"texture":"#0"},"south":{"uv":[9,13.5,11,14.5],"texture":"#0"},"west":{"uv":[9,13.5,11,14.5],"texture":"#0"},"up":{"uv":[0,0,2,2],"texture":"#0"},"down":{"uv":[9,14,11,16],"texture":"#0"}}},{"from":[1.25,-2.67074,4.99111],"to":[5.75,-0.17074,9.49111],"rotation":{"angle":-22.5,"axis":"x","origin":[8,3.28807,7.18454]},"faces":{"north":{"uv":[9,13.5,11,14.5],"texture":"#0"},"east":{"uv":[11,13.5,9,14.5],"texture":"#0"},"south":{"uv":[9,13.5,11,14.5],"texture":"#0"},"west":{"uv":[9,13.5,11,14.5],"texture":"#0"},"up":{"uv":[0,0,2,2],"texture":"#0"},"down":{"uv":[9,14,11,16],"texture":"#0"}}},{"from":[10.25,-2.67074,4.99111],"to":[14.75,-0.17074,9.49111],"rotation":{"angle":-22.5,"axis":"x","origin":[8,3.28807,7.18454]},"faces":{"north":{"uv":[9,13.5,11,14.5],"texture":"#0"},"east":{"uv":[11,13.5,9,14.5],"texture":"#0"},"south":{"uv":[9,13.5,11,14.5],"texture":"#0"},"west":{"uv":[9,13.5,11,14.5],"texture":"#0"},"up":{"uv":[0,0,2,2],"texture":"#0"},"down":{"uv":[9,14,11,16],"texture":"#0"}}},{"from":[5.75,-2.67074,4.99111],"to":[1.25,-0.17074,9.49111],"rotation":{"angle":-22.5,"axis":"x","origin":[8,3.28807,7.18454]},"faces":{"north":{"uv":[9,13.5,11,14.5],"texture":"#0"},"east":{"uv":[11,13.5,9,14.5],"texture":"#0"},"south":{"uv":[9,13.5,11,14.5],"texture":"#0"},"west":{"uv":[9,13.5,11,14.5],"texture":"#0"},"up":{"uv":[0,0,2,2],"texture":"#0"},"down":{"uv":[9,14,11,16],"texture":"#0"}}},{"from":[14.75,-2.67074,4.99111],"to":[10.25,-0.17074,9.49111],"rotation":{"angle":-22.5,"axis":"x","origin":[8,3.28807,7.18454]},"faces":{"north":{"uv":[9,13.5,11,14.5],"texture":"#0"},"east":{"uv":[11,13.5,9,14.5],"texture":"#0"},"south":{"uv":[9,13.5,11,14.5],"texture":"#0"},"west":{"uv":[9,13.5,11,14.5],"texture":"#0"},"up":{"uv":[0,0,2,2],"texture":"#0"},"down":{"uv":[9,14,11,16],"texture":"#0"}}},{"from":[10.5,-8.17074,7.24111],"to":[14.5,-2.17074,7.24111],"rotation":{"angle":-22.5,"axis":"x","origin":[8,3.28807,7.18454]},"faces":{"north":{"uv":[16,10,12,16],"texture":"#1","tintindex":0},"east":{"uv":[12,2.5,12,4],"texture":"#1","tintindex":0},"south":{"uv":[12,10,16,16],"texture":"#1","tintindex":0},"west":{"uv":[12,2.5,12,4],"texture":"#1","tintindex":0},"up":{"uv":[12,2.5,16,2.5],"texture":"#1","tintindex":0},"down":{"uv":[12,2.5,16,2.5],"texture":"#1","tintindex":0}}},{"from":[3.5,-8.17074,5.24111],"to":[3.5,-2.17074,9.24111],"rotation":{"angle":-22.5,"axis":"x","origin":[8,3.28807,7.18454]},"faces":{"north":{"uv":[12,10,12,16],"texture":"#1","tintindex":0},"east":{"uv":[16,10,12,16],"texture":"#1","tintindex":0},"south":{"uv":[12,10,12,16],"texture":"#1","tintindex":0},"west":{"uv":[12,10,16,16],"texture":"#1","tintindex":0},"up":{"uv":[12,2.5,12,6.5],"texture":"#1","tintindex":0},"down":{"uv":[12,2.5,12,6.5],"texture":"#1","tintindex":0}}},{"from":[1.5,-1.42074,5.24111],"to":[5.5,3.57926,9.24111],"rotation":{"angle":-22.5,"axis":"x","origin":[8,3.28807,7.18454]},"faces":{"north":{"uv":[14,6.5,16,9],"texture":"#0"},"east":{"uv":[16,9,14,11.5],"texture":"#0"},"south":{"uv":[14,13.5,16,16],"texture":"#0"},"west":{"uv":[14,9,16,11.5],"texture":"#0"},"up":{"uv":[14,4.5,16,6.5],"texture":"#0"},"down":{"uv":[14,0.5,16,2.5],"texture":"#0"}}},{"from":[10.5,-1.42074,5.24111],"to":[14.5,3.57926,9.24111],"rotation":{"angle":-22.5,"axis":"x","origin":[8,3.28807,7.18454]},"faces":{"north":{"uv":[14,6.5,16,9],"texture":"#0"},"east":{"uv":[16,9,14,11.5],"texture":"#0"},"south":{"uv":[14,13.5,16,16],"texture":"#0"},"west":{"uv":[14,9,16,11.5],"texture":"#0"},"up":{"uv":[14,4.5,16,6.5],"texture":"#0"},"down":{"uv":[14,0.5,16,2.5],"texture":"#0"}}},{"from":[2,3.57926,5.74111],"to":[5,7.57926,8.74111],"rotation":{"angle":-22.5,"axis":"x","origin":[8,3.28807,7.18454]},"faces":{"north":{"uv":[9.5,10,11,12],"texture":"#0"},"east":{"uv":[11,10,9.5,12],"texture":"#0"},"south":{"uv":[14.5,11.5,16,13.5],"texture":"#0"},"west":{"uv":[16,11.5,14.5,13.5],"texture":"#0"},"up":{"uv":[11,12,9.5,13.5],"texture":"#0"},"down":{"uv":[0,0,1.5,1.5],"texture":"#0"}}},{"from":[11,3.57926,5.74111],"to":[14,7.57926,8.74111],"rotation":{"angle":-22.5,"axis":"x","origin":[8,3.28807,7.18454]},"faces":{"north":{"uv":[11,10,9.5,12],"texture":"#0"},"east":{"uv":[14.5,11.5,16,13.5],"texture":"#0"},"south":{"uv":[16,11.5,14.5,13.5],"texture":"#0"},"west":{"uv":[9.5,10,11,12],"texture":"#0"},"up":{"uv":[9.5,12,11,13.5],"texture":"#0"},"down":{"uv":[0,0,1.5,1.5],"texture":"#0"}}}],"display":{"thirdperson_righthand":{"rotation":[60,135,0],"translation":[1,2.75,1.5],"scale":[0.6,0.6,0.6]},"thirdperson_lefthand":{"rotation":[60,135,0],"translation":[1,2.75,1.5],"scale":[0.6,0.6,0.6]},"firstperson_righthand":{"rotation":[0,115,0],"translation":[0,5,0],"scale":[0.5,0.5,0.5]},"firstperson_lefthand":{"rotation":[0,115,0],"translation":[0,5,0],"scale":[0.5,0.5,0.5]},"ground":{"translation":[0,3,0],"scale":[0.3,0.3,0.3]},"gui":{"rotation":[30,45,0],"translation":[0,5.25,0],"scale":[0.8,0.8,0.8]},"head":{"rotation":[0,-1,0],"translation":[0,-43,8.25],"scale":[1.6,1.6,1.6]},"fixed":{"translation":[0,5.25,0]}},"groups":[0,1,2,{"name":"group","origin":[8,3.28807,7.18454],"color":0,"children":[3,4,5,6,7,8,9,10,11,12,13,14,15,16,17,18,19,20]}]}