{"credit":"Made with Blockbench","texture_size":[32,32],"textures":{"0":"custom/general/cosmetics/back/kilt","particle":"custom/general/cosmetics/back/kilt"},"elements":[{"from":[4,3,6],"to":[12,8,6],"rotation":{"angle":22.5,"axis":"x","origin":[8,8,6]},"faces":{"north":{"uv":[12,13.5,16,16],"texture":"#0","tintindex":0},"east":{"uv":[12,13.5,12.5,16],"texture":"#0","tintindex":0},"south":{"uv":[16,13.5,12,16],"texture":"#0","tintindex":0},"west":{"uv":[15.5,13.5,16,16],"texture":"#0","tintindex":0},"up":{"uv":[0,0,4,0.5],"texture":"#0","tintindex":0},"down":{"uv":[0,0,4,0.5],"texture":"#0","tintindex":0}}},{"from":[4,3,10],"to":[12,8,10],"rotation":{"angle":-22.5,"axis":"x","origin":[8,8,10]},"faces":{"north":{"uv":[16,13.5,12,16],"texture":"#0","tintindex":0},"east":{"uv":[12,13.5,12.5,16],"texture":"#0","tintindex":0},"south":{"uv":[12,13.5,16,16],"texture":"#0","tintindex":0},"west":{"uv":[12,13.5,12.5,16],"texture":"#0","tintindex":0},"up":{"uv":[0,0,4,0.5],"texture":"#0","tintindex":0},"down":{"uv":[0,0,4,0.5],"texture":"#0","tintindex":0}}},{"from":[4,3,6],"to":[4,8,10],"rotation":{"angle":-22.5,"axis":"z","origin":[4,8,8]},"faces":{"north":{"uv":[10,13.5,10.5,16],"texture":"#0","tintindex":0},"east":{"uv":[12,13.5,10,16],"texture":"#0","tintindex":0},"south":{"uv":[11.5,13.5,12,16],"texture":"#0","tintindex":0},"west":{"uv":[10,13.5,12,16],"texture":"#0","tintindex":0},"up":{"uv":[0,0,2,0.5],"rotation":90,"texture":"#0","tintindex":0},"down":{"uv":[0,0,2,0.5],"rotation":270,"texture":"#0","tintindex":0}}},{"from":[12,3,6],"to":[12,8,10],"rotation":{"angle":22.5,"axis":"z","origin":[12,8,8]},"faces":{"north":{"uv":[10,13.5,10.5,16],"texture":"#0","tintindex":0},"east":{"uv":[10,13.5,12,16],"texture":"#0","tintindex":0},"south":{"uv":[11.5,13.5,12,16],"texture":"#0","tintindex":0},"west":{"uv":[12,13.5,10,16],"texture":"#0","tintindex":0},"up":{"uv":[0,0,2,0.5],"rotation":90,"texture":"#0","tintindex":0},"down":{"uv":[0,0,2,0.5],"rotation":270,"texture":"#0","tintindex":0}}},{"from":[4,8,6],"to":[12,10,10],"rotation":{"angle":0,"axis":"y","origin":[0,0,1]},"faces":{"north":{"uv":[12,11.5,16,12.5],"texture":"#0","tintindex":0},"east":{"uv":[10,11.5,12,12.5],"texture":"#0","tintindex":0},"south":{"uv":[12,11.5,16,12.5],"texture":"#0","tintindex":0},"west":{"uv":[10,11.5,12,12.5],"texture":"#0","tintindex":0},"up":{"uv":[0,0,4,2],"texture":"#0","tintindex":0},"down":{"uv":[0,0,4,2],"texture":"#0","tintindex":0}}},{"from":[12,6,6],"to":[4,10,10],"rotation":{"angle":0,"axis":"y","origin":[0,0,1]},"faces":{"north":{"uv":[12,11.5,16,13.5],"texture":"#0","tintindex":0},"east":{"uv":[10,11.5,12,13.5],"texture":"#0","tintindex":0},"south":{"uv":[12,11.5,16,13.5],"texture":"#0","tintindex":0},"west":{"uv":[10,11.5,12,13.5],"texture":"#0","tintindex":0},"up":{"uv":[0,0,4,2],"texture":"#0","tintindex":0},"down":{"uv":[0,0,4,2],"texture":"#0","tintindex":0}}}],"display":{"thirdperson_righthand":{"rotation":[60,135,0],"translation":[-0.75,2.25,-1.25],"scale":[0.6,0.6,0.6]},"thirdperson_lefthand":{"rotation":[60,135,0],"translation":[-0.75,2.25,-1.25],"scale":[0.6,0.6,0.6]},"firstperson_righthand":{"rotation":[0,130,0],"translation":[0,2,0],"scale":[0.7,0.7,0.7]},"firstperson_lefthand":{"rotation":[0,130,0],"translation":[0,2,0],"scale":[0.7,0.7,0.7]},"ground":{"translation":[0,3,0],"scale":[0.3,0.3,0.3]},"gui":{"rotation":[30,45,0],"translation":[0,2,0],"scale":[1.44336,1.44336,1.44336]},"head":{"translation":[0,-58,0],"scale":[1.71719,1.85,1.85]},"fixed":{"translation":[0,1.5,0]}}}