{"credit":"Made with Blockbench by yungwilder","textures":{"2":"custom/general/cosmetics/back/life_preserver"},"elements":[{"from":[4,0,11],"to":[12,3,12],"rotation":{"angle":0,"axis":"y","origin":[8,1.5,8]},"faces":{"north":{"uv":[0,0,8,3],"texture":"#2"},"east":{"uv":[0,5,1,8],"texture":"#2"},"south":{"uv":[0,0,8,3],"texture":"#2"},"west":{"uv":[0,5,1,8],"texture":"#2"},"up":{"uv":[8,4,0,3],"texture":"#2"},"down":{"uv":[8,4,0,5],"texture":"#2"}}},{"from":[4,0,4],"to":[12,3,5],"rotation":{"angle":0,"axis":"y","origin":[8,1.5,8]},"faces":{"north":{"uv":[0,0,8,3],"texture":"#2"},"east":{"uv":[0,5,1,8],"texture":"#2"},"south":{"uv":[0,0,8,3],"texture":"#2"},"west":{"uv":[0,5,1,8],"texture":"#2"},"up":{"uv":[8,4,0,3],"texture":"#2"},"down":{"uv":[8,4,0,5],"texture":"#2"}}},{"from":[4,0,4],"to":[5,3,12],"rotation":{"angle":0,"axis":"y","origin":[8,1.5,8]},"faces":{"north":{"uv":[0,5,1,8],"texture":"#2"},"east":{"uv":[0,0,8,3],"texture":"#2"},"south":{"uv":[0,5,1,8],"texture":"#2"},"west":{"uv":[0,0,8,3],"texture":"#2"},"up":{"uv":[8,4,0,3],"rotation":90,"texture":"#2"},"down":{"uv":[8,4,0,5],"rotation":270,"texture":"#2"}}},{"from":[11,0,4],"to":[12,3,12],"rotation":{"angle":0,"axis":"y","origin":[8,1.5,8]},"faces":{"north":{"uv":[0,5,1,8],"texture":"#2"},"east":{"uv":[0,0,8,3],"texture":"#2"},"south":{"uv":[0,5,1,8],"texture":"#2"},"west":{"uv":[0,0,8,3],"texture":"#2"},"up":{"uv":[8,4,0,3],"rotation":90,"texture":"#2"},"down":{"uv":[8,4,0,5],"rotation":270,"texture":"#2"}}}],"gui_light":"front","display":{"thirdperson_righthand":{"translation":[0,5.5,0],"scale":[0.7,0.7,0.7]},"thirdperson_lefthand":{"translation":[0,5.5,0],"scale":[0.7,0.7,0.7]},"firstperson_righthand":{"translation":[0,6,0],"scale":[0.7,0.7,0.7]},"firstperson_lefthand":{"translation":[0,6,0],"scale":[0.7,0.7,0.7]},"ground":{"translation":[0,2,0],"scale":[0.5,0.5,0.5]},"gui":{"rotation":[30,45,0],"translation":[0,6.5,0],"scale":[1.2,1.2,1.2]},"head":{"translation":[0,-39.25,0],"scale":[2.2,2.2,2.2]},"fixed":{"rotation":[-90,0,0],"translation":[0,0,-12],"scale":[1.5,1.5,1.5]}}}