{"credit":"Made with Blockbench","texture_size":[32,32],"textures":{"0":"custom/general/cosmetics/back/mail_bag_texture_2","particle":"custom/general/cosmetics/back/mail_bag_texture_2"},"elements":[{"name":"body","from":[2,0,0],"to":[14,7,3],"rotation":{"angle":22.5,"axis":"z","origin":[8,3.5,1.5]},"faces":{"north":{"uv":[1.5,1.5,7.5,5],"texture":"#0"},"east":{"uv":[0,1.5,1.5,5],"texture":"#0"},"south":{"uv":[9,1.5,15,5],"texture":"#0"},"west":{"uv":[7.5,1.5,9,5],"texture":"#0"},"up":{"uv":[7.5,1.5,1.5,0],"texture":"#0"},"down":{"uv":[13.5,0,7.5,1.5],"texture":"#0"}}},{"name":"flap","from":[2,4,3],"to":[14,7,4],"rotation":{"angle":22.5,"axis":"z","origin":[8,3.5,1.5]},"faces":{"north":{"uv":[0.5,6,6.5,7.5],"texture":"#0"},"east":{"uv":[0,6,0.5,7.5],"texture":"#0"},"south":{"uv":[7,6,13,7.5],"texture":"#0"},"west":{"uv":[6.5,6,7,7.5],"texture":"#0"},"up":{"uv":[6.5,6,0.5,5.5],"texture":"#0"},"down":{"uv":[12.5,5.5,6.5,6],"texture":"#0"}}},{"name":"latch","from":[7,3,3],"to":[9,4,4],"rotation":{"angle":22.5,"axis":"z","origin":[8,3.5,1.5]},"faces":{"north":{"uv":[9.5,8.5,10.5,9],"texture":"#0"},"east":{"uv":[9,8.5,9.5,9],"texture":"#0"},"south":{"uv":[11,8.5,12,9],"texture":"#0"},"west":{"uv":[10.5,8.5,11,9],"texture":"#0"},"up":{"uv":[10.5,8.5,9.5,8],"texture":"#0"},"down":{"uv":[11.5,8,10.5,8.5],"texture":"#0"}}},{"name":"strap_l","from":[2.11733,3.93748,-1],"to":[4.11733,12.93748,1],"rotation":{"angle":0,"axis":"y","origin":[2.11733,3.93748,-1]},"faces":{"north":{"uv":[5.5,9,6.5,13.5],"texture":"#0"},"east":{"uv":[4.5,9,5.5,13.5],"texture":"#0"},"south":{"uv":[7.5,9,8.5,13.5],"texture":"#0"},"west":{"uv":[6.5,9,7.5,13.5],"texture":"#0"},"up":{"uv":[6.5,9,5.5,8],"texture":"#0"},"down":{"uv":[7.5,8,6.5,9],"texture":"#0"}}},{"name":"strap_r","from":[10.11733,3.93748,-1],"to":[12.11733,12.93748,1],"rotation":{"angle":0,"axis":"y","origin":[10.11733,3.93748,-1]},"faces":{"north":{"uv":[1,9,2,13.5],"texture":"#0"},"east":{"uv":[0,9,1,13.5],"texture":"#0"},"south":{"uv":[3,9,4,13.5],"texture":"#0"},"west":{"uv":[2,9,3,13.5],"texture":"#0"},"up":{"uv":[2,9,1,8],"texture":"#0"},"down":{"uv":[3,8,2,9],"texture":"#0"}}}],"display":{"thirdperson_righthand":{"rotation":[67,-167,6],"translation":[-1.5,3.25,0],"scale":[0.45,0.45,0.45]},"thirdperson_lefthand":{"rotation":[67,-167,6],"translation":[-1.5,3.25,0],"scale":[0.45,0.45,0.45]},"firstperson_righthand":{"rotation":[-14,-59,0],"translation":[-2,3.5,0],"scale":[0.7,0.7,0.7]},"firstperson_lefthand":{"rotation":[-14,-59,0],"translation":[-2,3.5,0],"scale":[0.7,0.7,0.7]},"ground":{"translation":[0,3,0],"scale":[0.25,0.25,0.25]},"gui":{"rotation":[30,45,0],"translation":[4.25,-0.25,0],"scale":[0.9,0.9,0.9]},"head":{"translation":[1.75,-14.25,15.75],"scale":[1.6,1.6,1.6]},"fixed":{"rotation":[0,-180,0],"translation":[0,1.75,-6],"scale":[0.8,0.8,0.8]}},"groups":[{"name":"mail_bag","origin":[8,8,8],"color":0,"children":[0,1,2,3,4]}]}