{"credit":"Made with Blockbench","texture_size":[64,64],"textures":{"1":"custom/general/cosmetics/back/mountain_climber_backpack_texture"},"elements":[{"name":"backpack_extrusion","from":[3.5,14.95242,0.76082],"to":[12.5,20.95242,6.76082],"rotation":{"angle":22.5,"axis":"x","origin":[8.125,17.375,4]},"faces":{"north":{"uv":[1.5,1.5,3.75,3],"texture":"#1"},"east":{"uv":[0,1.5,1.5,3],"texture":"#1"},"south":{"uv":[5.25,1.5,7.5,3],"texture":"#1"},"west":{"uv":[3.75,1.5,5.25,3],"texture":"#1"},"up":{"uv":[3.75,1.5,1.5,0],"texture":"#1"},"down":{"uv":[6,0,3.75,1.5],"texture":"#1"}}},{"name":"rope","from":[2.75,13.44511,0.7486],"to":[3.75,18.44511,5.7486],"rotation":{"angle":-22.5,"axis":"x","origin":[8.125,17.375,4]},"faces":{"north":{"uv":[8,3.25,8.25,4.5],"texture":"#1"},"east":{"uv":[6.75,3.25,8,4.5],"texture":"#1"},"south":{"uv":[9.5,3.25,9.75,4.5],"texture":"#1"},"west":{"uv":[8.25,3.25,9.5,4.5],"texture":"#1"},"up":{"uv":[8.25,3.25,8,2],"texture":"#1"},"down":{"uv":[8.5,2,8.25,3.25],"texture":"#1"}}},{"from":[3.75,11,5],"to":[3.75,14,6],"rotation":{"angle":0,"axis":"y","origin":[8.125,17.375,4]},"faces":{"north":{"uv":[8.25,0.25,8.25,1],"texture":"#1"},"east":{"uv":[8,0.25,8.25,1],"texture":"#1"},"south":{"uv":[8.5,0.25,8.5,1],"texture":"#1"},"west":{"uv":[8.25,0.25,8.5,1],"texture":"#1"},"up":{"uv":[8.25,0.25,8.25,0],"texture":"#1"},"down":{"uv":[8.25,0,8.25,0.25],"texture":"#1"}}},{"name":"bed_roll","from":[3.99,12.65529,4.40682],"to":[12.01,17.67529,9.42682],"rotation":{"angle":45,"axis":"x","origin":[8.125,17.375,4]},"faces":{"north":{"uv":[6.75,7,8.75,8.25],"texture":"#1"},"east":{"uv":[5.5,7,6.75,8.25],"texture":"#1"},"south":{"uv":[10,7,12,8.25],"texture":"#1"},"west":{"uv":[8.75,7,10,8.25],"texture":"#1"},"up":{"uv":[8.75,7,6.75,5.75],"texture":"#1"},"down":{"uv":[10.75,5.75,8.75,7],"texture":"#1"}}},{"name":"latch","from":[7,21.25,4.5],"to":[9,23.25,5.5],"rotation":{"angle":0,"axis":"y","origin":[8.125,17.375,4]},"faces":{"north":{"uv":[6.5,0.25,7,0.75],"texture":"#1"},"east":{"uv":[6.25,0.25,6.5,0.75],"texture":"#1"},"south":{"uv":[7.25,0.25,7.75,0.75],"texture":"#1"},"west":{"uv":[7,0.25,7.25,0.75],"texture":"#1"},"up":{"uv":[7,0.25,6.5,0],"texture":"#1"},"down":{"uv":[7.5,0,7,0.25],"texture":"#1"}}},{"name":"backpack_body","from":[4,15,0],"to":[12,24,5],"rotation":{"angle":0,"axis":"y","origin":[8.125,17.375,4]},"faces":{"north":{"uv":[1.25,4.5,3.25,6.75],"texture":"#1"},"east":{"uv":[0,4.5,1.25,6.75],"texture":"#1"},"south":{"uv":[4.5,4.5,6.5,6.75],"texture":"#1"},"west":{"uv":[3.25,4.5,4.5,6.75],"texture":"#1"},"up":{"uv":[3.25,4.5,1.25,3.25],"texture":"#1"},"down":{"uv":[5.25,3.25,3.25,4.5],"texture":"#1"}}},{"name":"bottle","from":[12,14.49048,3.04784],"to":[14,20.49048,5.04784],"rotation":{"angle":-22.5,"axis":"x","origin":[8.125,17.375,4]},"faces":{"north":{"uv":[0.5,7.5,1,9],"texture":"#1"},"east":{"uv":[0,7.5,0.5,9],"texture":"#1"},"south":{"uv":[1.5,7.5,2,9],"texture":"#1"},"west":{"uv":[1,7.5,1.5,9],"texture":"#1"},"up":{"uv":[1,7.5,0.5,7],"texture":"#1"},"down":{"uv":[1.5,7,1,7.5],"texture":"#1"}}},{"name":"bottle_lid","from":[12.5,20.49048,3.54784],"to":[13.5,21.49048,4.54784],"rotation":{"angle":-22.5,"axis":"x","origin":[8.125,17.375,4]},"faces":{"north":{"uv":[0.25,0.25,0.5,0.5],"texture":"#1"},"east":{"uv":[0,0.25,0.25,0.5],"texture":"#1"},"south":{"uv":[0.75,0.25,1,0.5],"texture":"#1"},"west":{"uv":[0.5,0.25,0.75,0.5],"texture":"#1"},"up":{"uv":[0.5,0.25,0.25,0],"texture":"#1"},"down":{"uv":[0.75,0,0.5,0.25],"texture":"#1"}}}],"display":{"thirdperson_righthand":{"rotation":[59,-116,6],"translation":[-3,-1,-2.5],"scale":[0.375,0.375,0.375]},"thirdperson_lefthand":{"rotation":[59,-116,6],"translation":[-3,-1,-2.5],"scale":[0.375,0.375,0.375]},"firstperson_righthand":{"rotation":[0,-69,0],"translation":[0,-7,0]},"firstperson_lefthand":{"rotation":[0,-69,0],"translation":[0,-7,0]},"ground":{"translation":[0,-2.75,0],"scale":[0.4,0.4,0.4]},"gui":{"rotation":[30,45,0],"translation":[2.75,-9.25,0],"scale":[0.9,0.9,0.9]},"head":{"rotation":[0,-47,0],"translation":[-12,-33.25,11.25],"scale":[1.61,1.61,1.61]},"fixed":{"rotation":[0,-180,0],"translation":[0,-10,-7.25]}},"groups":[{"name":"mountain_climber_backpack","origin":[8,8,8],"color":0,"children":[0,1,2,3,4,5,{"name":"water_bottle","origin":[8,8,8],"color":0,"children":[6,7]}]}]}