{"credit":"Made with Blockbench by yungwilder","texture_size":[32,32],"textures":{"0":"custom/general/cosmetics/back/pauldrons","particle":"custom/general/cosmetics/back/pauldrons"},"elements":[{"from":[0,0,5.5],"to":[5,4,10.5],"faces":{"north":{"uv":[2.5,2.5,5,4.5],"texture":"#0"},"east":{"uv":[2.5,4.5,5,6.5],"texture":"#0"},"south":{"uv":[5,2.5,2.5,4.5],"texture":"#0"},"west":{"uv":[0,5,2.5,7],"texture":"#0"},"up":{"uv":[2.5,2.5,0,0],"texture":"#0"},"down":{"uv":[2.5,2.5,0,5],"texture":"#0"}}},{"from":[0,0,10.5],"to":[5,4,5.5],"faces":{"north":{"uv":[2.5,2.5,5,4.5],"texture":"#0"},"east":{"uv":[2.5,4.5,5,6.5],"texture":"#0"},"south":{"uv":[5,2.5,2.5,4.5],"texture":"#0"},"west":{"uv":[0,5,2.5,7],"texture":"#0"},"up":{"uv":[2.5,2.5,0,0],"texture":"#0"},"down":{"uv":[2.5,2.5,0,5],"texture":"#0"}}},{"from":[-0.25,-0.25,5.25],"to":[5.25,4.25,10.75],"faces":{"west":{"uv":[5,0,7.5,2],"texture":"#0"},"up":{"uv":[5,2.5,2.5,0],"texture":"#0"}}},{"from":[-0.25,-0.25,10.75],"to":[5.25,4.25,5.25],"faces":{"west":{"uv":[5,0,7.5,2],"texture":"#0"},"up":{"uv":[5,2.5,2.5,0],"texture":"#0"}}},{"from":[11,0,5.5],"to":[16,4,10.5],"rotation":{"angle":0,"axis":"z","origin":[16,0,0]},"faces":{"north":{"uv":[5,2.5,2.5,4.5],"texture":"#0"},"east":{"uv":[2.5,5,0,7],"texture":"#0"},"south":{"uv":[2.5,2.5,5,4.5],"texture":"#0"},"west":{"uv":[5,4.5,2.5,6.5],"texture":"#0"},"up":{"uv":[0,2.5,2.5,0],"texture":"#0"},"down":{"uv":[0,2.5,2.5,5],"texture":"#0"}}},{"from":[10,-1,4.5],"to":[12,1,5.5],"rotation":{"angle":0,"axis":"z","origin":[16,0,0]},"faces":{"north":{"uv":[3.5,6.5,2.5,7.5],"texture":"#0"},"east":{"uv":[5.5,3,5,4],"texture":"#0"},"south":{"uv":[2.5,7.5,3.5,8.5],"texture":"#0"},"west":{"uv":[8.5,2,8,3],"texture":"#0"},"up":{"uv":[5,7.5,6,7],"texture":"#0"},"down":{"uv":[6,7,7,7.5],"texture":"#0"}}},{"from":[4,-1,4.5],"to":[6,1,5.5],"faces":{"north":{"uv":[2.5,6.5,3.5,7.5],"texture":"#0"},"east":{"uv":[8,2,8.5,3],"texture":"#0"},"south":{"uv":[3.5,7.5,2.5,8.5],"texture":"#0"},"west":{"uv":[5,3,5.5,4],"texture":"#0"},"up":{"uv":[6,7.5,5,7],"texture":"#0"},"down":{"uv":[7,7,6,7.5],"texture":"#0"}}},{"from":[10.75,-0.25,5.25],"to":[16.25,4.25,10.75],"rotation":{"angle":0,"axis":"z","origin":[16,0,0]},"faces":{"east":{"uv":[7.5,0,5,2],"texture":"#0"},"up":{"uv":[2.5,2.5,5,0],"texture":"#0"}}},{"from":[10.75,-0.25,10.75],"to":[16.25,4.25,5.25],"rotation":{"angle":0,"axis":"z","origin":[16,0,0]},"faces":{"east":{"uv":[7.5,0,5,2],"texture":"#0"},"up":{"uv":[2.5,2.5,5,0],"texture":"#0"}}},{"from":[11,0,10.5],"to":[16,4,5.5],"rotation":{"angle":0,"axis":"z","origin":[16,0,0]},"faces":{"north":{"uv":[5,2.5,2.5,4.5],"texture":"#0"},"east":{"uv":[2.5,5,0,7],"texture":"#0"},"south":{"uv":[2.5,2.5,5,4.5],"texture":"#0"},"west":{"uv":[5,4.5,2.5,6.5],"texture":"#0"},"up":{"uv":[0,2.5,2.5,0],"texture":"#0"},"down":{"uv":[0,2.5,2.5,5],"texture":"#0"}}}],"gui_light":"front","display":{"thirdperson_righthand":{"translation":[0,4,0],"scale":[0.5,0.5,0.5]},"thirdperson_lefthand":{"translation":[0,4,0],"scale":[0.5,0.5,0.5]},"firstperson_righthand":{"translation":[0,5,0],"scale":[0.5,0.5,0.5]},"firstperson_lefthand":{"translation":[0,5,0],"scale":[0.5,0.5,0.5]},"ground":{"translation":[0,2,0],"scale":[0.5,0.5,0.5]},"gui":{"rotation":[30,45,0],"translation":[0,6.5,0],"scale":[0.85,0.85,0.85]},"head":{"translation":[0,-30.75,0],"scale":[1.81,1.81,1.81]},"fixed":{"translation":[0,6,0]}}}