{"credit":"Made with Blockbench","texture_size":[32,32],"textures":{"0":"custom/general/cosmetics/back/shark_fin","particle":"custom/general/cosmetics/back/shark_fin"},"elements":[{"from":[0,0,0],"to":[6,5,6],"faces":{"north":{"uv":[3,4,6,6.5],"texture":"#0"},"east":{"uv":[0,6,3,8.5],"texture":"#0"},"south":{"uv":[6,4,9,6.5],"texture":"#0"},"west":{"uv":[3,6.5,6,9],"texture":"#0"},"up":{"uv":[3,3,0,0],"texture":"#0"},"down":{"uv":[3,3,0,6],"texture":"#0"}}},{"from":[1,-2,5.5],"to":[5,2,10.5],"rotation":{"angle":-22.5,"axis":"x","origin":[0,0,0]},"faces":{"north":{"uv":[9,4,11,6],"texture":"#0"},"east":{"uv":[7.5,2,10,4],"texture":"#0"},"south":{"uv":[9,6,11,8],"texture":"#0"},"west":{"uv":[0,8.5,2.5,10.5],"texture":"#0"},"up":{"uv":[8,11,6,8.5],"texture":"#0"},"down":{"uv":[10,8.5,8,11],"texture":"#0"}}},{"from":[2.25,-6,9],"to":[4.25,-2,18],"rotation":{"angle":-45,"axis":"x","origin":[0,0,0]},"faces":{"north":{"uv":[10,2,11,4],"texture":"#0"},"east":{"uv":[3,0,7.5,2],"texture":"#0"},"south":{"uv":[0,10.5,1,12.5],"texture":"#0"},"west":{"uv":[3,2,7.5,4],"texture":"#0"},"up":{"uv":[3.5,13.5,2.5,9],"texture":"#0"},"down":{"uv":[4.5,9,3.5,13.5],"texture":"#0"}}},{"from":[2.25,5,4.25],"to":[4.25,9,10.25],"rotation":{"angle":45,"axis":"x","origin":[0,0,0]},"faces":{"north":{"uv":[10.5,0,11.5,2],"texture":"#0"},"east":{"uv":[6,6.5,9,8.5],"texture":"#0"},"south":{"uv":[1,10.5,2,12.5],"texture":"#0"},"west":{"uv":[7.5,0,10.5,2],"texture":"#0"},"up":{"uv":[5.5,12,4.5,9],"texture":"#0"},"down":{"uv":[11,8,10,11],"texture":"#0"}}}],"display":{"thirdperson_righthand":{"translation":[3,1.5,-0.75],"scale":[0.6,0.6,0.6]},"thirdperson_lefthand":{"translation":[-2.75,1.5,-0.75],"scale":[0.6,0.6,0.6]},"firstperson_righthand":{"translation":[0,3.25,0]},"firstperson_lefthand":{"translation":[0,3.25,0]},"ground":{"translation":[3.5,0,0],"scale":[0.6,0.6,0.6]},"gui":{"rotation":[30,45,0],"translation":[3.75,2.75,0],"scale":[0.7,0.7,0.7]},"head":{"translation":[7.25,-48,14.25],"scale":[1.4,1.4,1.39]}},"groups":[{"name":"shark_fin","origin":[8,8,8],"color":0,"children":[0,1,2,3]}]}