{"credit":"Made with Blockbench by yungwilder","texture_size":[32,32],"textures":{"0":"custom/general/cosmetics/back/sword","particle":"custom/general/cosmetics/back/sword"},"elements":[{"from":[6.375,0,6.875],"to":[9.625,20,9.125],"faces":{"north":{"uv":[1.5,0,0,10],"texture":"#0"},"east":{"uv":[2.5,0,1.5,10],"texture":"#0"},"south":{"uv":[0,0,1.5,10],"texture":"#0"},"west":{"uv":[1.5,0,2.5,10],"texture":"#0"},"up":{"uv":[4,3,2.5,2],"texture":"#0"},"down":{"uv":[4,3,2.5,4],"texture":"#0"}}},{"from":[6.375,0,9.125],"to":[9.625,20,6.875],"faces":{"north":{"uv":[1.5,0,0,10],"texture":"#0"},"east":{"uv":[2.5,0,1.5,10],"texture":"#0"},"south":{"uv":[0,0,1.5,10],"texture":"#0"},"west":{"uv":[1.5,0,2.5,10],"texture":"#0"},"up":{"uv":[4,3,2.5,2],"texture":"#0"},"down":{"uv":[4,3,2.5,4],"texture":"#0"}}},{"from":[5.25,20,6.75],"to":[10.75,21,9.25],"faces":{"north":{"uv":[4,4,2.5,4.5],"texture":"#0"},"east":{"uv":[5,2.5,4,3],"texture":"#0"},"south":{"uv":[4,4,2.5,4.5],"texture":"#0"},"west":{"uv":[5,2.5,4,3],"texture":"#0"},"up":{"uv":[4,1,2.5,0],"texture":"#0"},"down":{"uv":[4,1,2.5,2],"texture":"#0"}}},{"from":[6.5,0,7],"to":[9.5,20,9],"faces":{"north":{"uv":[7.5,0,6,10],"texture":"#0"},"east":{"uv":[8.5,0,7.5,10],"texture":"#0"},"south":{"uv":[6,0,7.5,10],"texture":"#0"},"west":{"uv":[7.5,0,8.5,10],"texture":"#0"},"up":{"uv":[10,3,8.5,2],"texture":"#0"}}},{"from":[7.5,21,7.5],"to":[8.5,26,8.5],"faces":{"north":{"uv":[10,0,10.5,2.5],"texture":"#0"},"east":{"uv":[11,0,11.5,2.5],"texture":"#0"},"south":{"uv":[10,0,10.5,2.5],"texture":"#0"},"west":{"uv":[11,0,11.5,2.5],"texture":"#0"},"up":{"uv":[10,0,10.5,2.5],"texture":"#0"},"down":{"uv":[10,0,10.5,2.5],"texture":"#0"}}},{"from":[7,25.75,7],"to":[9,27.75,9],"faces":{"north":{"uv":[2.5,3.5,3.5,4.5],"texture":"#0"},"east":{"uv":[3.5,3.5,2.5,4.5],"texture":"#0"},"south":{"uv":[2.5,3.5,3.5,4.5],"texture":"#0"},"west":{"uv":[3.5,3.5,2.5,4.5],"texture":"#0"},"up":{"uv":[2.5,4.5,3.5,5.5],"texture":"#0"},"down":{"uv":[3.5,4.5,4.5,5.5],"texture":"#0"}}}],"gui_light":"front","display":{"thirdperson_righthand":{"rotation":[0,90,0],"translation":[-1,-10,2]},"thirdperson_lefthand":{"rotation":[0,90,0],"translation":[-1,-10,2]},"firstperson_righthand":{"rotation":[-35,90,0],"translation":[0,-3,3],"scale":[0.7,0.7,0.7]},"firstperson_lefthand":{"rotation":[-35,90,0],"translation":[0,-3,3],"scale":[0.7,0.7,0.7]},"ground":{"rotation":[45,0,0],"translation":[0,2,0],"scale":[0.5,0.5,0.5]},"gui":{"rotation":[30,45,-45],"translation":[-2.5,-3,0],"scale":[0.6,0.6,0.6]},"head":{"rotation":[0,0,-55],"translation":[-5,-51.25,5],"scale":[1.81,1.81,1.81]},"fixed":{"rotation":[0,0,45],"translation":[3,-3,-1]}}}