{"credit":"Made with Blockbench","texture_size":[64,64],"textures":{"2":"custom/general/cosmetics/back/tiki_shield","particle":"custom/general/cosmetics/back/tiki_shield"},"elements":[{"from":[4,0,0],"to":[12,10,2],"faces":{"north":{"uv":[0,0,2,2.5],"texture":"#2"},"east":{"uv":[2.5,6.5,3,9],"texture":"#2"},"south":{"uv":[2,0,4,2.5],"texture":"#2"},"west":{"uv":[3,6.5,3.5,9],"texture":"#2"},"up":{"uv":[7.75,1.75,5.75,1.25],"texture":"#2"},"down":{"uv":[8.5,2.75,6.5,3.25],"texture":"#2"}}},{"name":"skull","from":[6.5,10,-5],"to":[9.5,11,-2],"rotation":{"angle":22.5,"axis":"x","origin":[1.5,-2,-3]},"faces":{"north":{"uv":[7,1,7.75,1.25],"texture":"#2"},"east":{"uv":[7.75,1,8.5,1.25],"texture":"#2"},"south":{"uv":[1.25,7.75,2,8],"texture":"#2"},"west":{"uv":[7.75,1.25,8.5,1.5],"texture":"#2"},"up":{"uv":[4.75,2.5,4,1.75],"texture":"#2"},"down":{"uv":[6.25,6.5,5.5,7.25],"texture":"#2"}}},{"name":"skull","from":[5.5,10.75,-1.25],"to":[10.5,15.75,3.75],"rotation":{"angle":0,"axis":"y","origin":[1.5,-2,-3]},"faces":{"north":{"uv":[5.25,2.75,6.5,4],"texture":"#2"},"east":{"uv":[5,5.25,6.25,6.5],"texture":"#2"},"south":{"uv":[5.75,0,7,1.25],"texture":"#2"},"west":{"uv":[6.25,5.25,7.5,6.5],"texture":"#2"},"up":{"uv":[1.25,7.75,0,6.5],"texture":"#2"},"down":{"uv":[2.5,6.5,1.25,7.75],"texture":"#2"}}},{"name":"leaf","from":[4,-1,1],"to":[9,8,1],"rotation":{"angle":45,"axis":"z","origin":[0,0,0]},"faces":{"north":{"uv":[0,4.25,1.25,6.5],"texture":"#2"},"east":{"uv":[0,0,0,2.25],"texture":"#2"},"south":{"uv":[1.25,4.25,2.5,6.5],"texture":"#2"},"west":{"uv":[0,0,0,2.25],"texture":"#2"},"up":{"uv":[1.25,0,0,0],"texture":"#2"},"down":{"uv":[1.25,0,0,0],"texture":"#2"}}},{"name":"leaf","from":[2.5,10.5,1],"to":[7.5,19.5,1],"rotation":{"angle":-45,"axis":"z","origin":[0,0,0]},"faces":{"north":{"uv":[2.5,4.25,3.75,6.5],"texture":"#2"},"east":{"uv":[0,0,0,2.25],"texture":"#2"},"south":{"uv":[3.75,4.25,5,6.5],"texture":"#2"},"west":{"uv":[0,0,0,2.25],"texture":"#2"},"up":{"uv":[1.25,0,0,0],"texture":"#2"},"down":{"uv":[1.25,0,0,0],"texture":"#2"}}},{"from":[3,1,2],"to":[13,5,3],"faces":{"north":{"uv":[5,4.25,7.5,5.25],"texture":"#2"},"east":{"uv":[6.5,7.5,6.75,8.5],"texture":"#2"},"south":{"uv":[5.25,1.75,7.75,2.75],"texture":"#2"},"west":{"uv":[6.75,7.5,7,8.5],"texture":"#2"},"up":{"uv":[7.75,4.25,5.25,4],"texture":"#2"},"down":{"uv":[9,3.25,6.5,3.5],"texture":"#2"}}},{"from":[7,5,2],"to":[9,9,3],"faces":{"north":{"uv":[6.25,6.5,6.75,7.5],"texture":"#2"},"east":{"uv":[7,7.5,7.25,8.5],"texture":"#2"},"south":{"uv":[6.75,6.5,7.25,7.5],"texture":"#2"},"west":{"uv":[0,7.75,0.25,8.75],"texture":"#2"},"up":{"uv":[2.5,8,2,7.75],"texture":"#2"},"down":{"uv":[8.25,2.5,7.75,2.75],"texture":"#2"}}},{"from":[0,8,2],"to":[3,10,3],"rotation":{"angle":-22.5,"axis":"z","origin":[0,0,0]},"faces":{"north":{"uv":[6.5,3.5,7.25,4],"texture":"#2"},"east":{"uv":[7.75,6.5,8,7],"texture":"#2"},"south":{"uv":[7,0,7.75,0.5],"texture":"#2"},"west":{"uv":[7.75,7,8,7.5],"texture":"#2"},"up":{"uv":[8.5,1.75,7.75,1.5],"texture":"#2"},"down":{"uv":[8.5,1.75,7.75,2],"texture":"#2"}}},{"from":[11.75,2,2],"to":[14.75,4,3],"rotation":{"angle":22.5,"axis":"z","origin":[0,0,0]},"faces":{"north":{"uv":[7,0.5,7.75,1],"texture":"#2"},"east":{"uv":[7.75,7.5,8,8],"texture":"#2"},"south":{"uv":[7.25,3.5,8,4],"texture":"#2"},"west":{"uv":[1.25,8,1.5,8.5],"texture":"#2"},"up":{"uv":[8.5,2.25,7.75,2],"texture":"#2"},"down":{"uv":[8.5,2.25,7.75,2.5],"texture":"#2"}}},{"from":[2,3,-1],"to":[3,15,0],"rotation":{"angle":-45,"axis":"z","origin":[0,0,0]},"faces":{"north":{"uv":[3.5,6.5,3.75,9.5],"texture":"#2"},"east":{"uv":[3.75,6.5,4,9.5],"texture":"#2"},"south":{"uv":[4,6.5,4.25,9.5],"texture":"#2"},"west":{"uv":[4.25,6.5,4.5,9.5],"texture":"#2"},"up":{"uv":[6.25,7.5,6,7.25],"texture":"#2"},"down":{"uv":[8,4,7.75,4.25],"texture":"#2"}}},{"from":[1.5,15,-1.5],"to":[3.5,18,0.5],"rotation":{"angle":-45,"axis":"z","origin":[0,0,0]},"faces":{"north":{"uv":[4.75,1.75,5.25,2.5],"texture":"#2"},"east":{"uv":[5.5,7.25,6,8],"texture":"#2"},"south":{"uv":[7.25,6.5,7.75,7.25],"texture":"#2"},"west":{"uv":[7.25,7.25,7.75,8],"texture":"#2"},"up":{"uv":[8.25,0.5,7.75,0],"texture":"#2"},"down":{"uv":[0.75,7.75,0.25,8.25],"texture":"#2"}}},{"from":[-1,18,-0.5],"to":[6,25,-0.5],"rotation":{"angle":-45,"axis":"z","origin":[0,0,0]},"faces":{"north":{"uv":[0,2.5,1.75,4.25],"texture":"#2"},"east":{"uv":[0,0,0,1.75],"texture":"#2"},"south":{"uv":[1.75,2.5,3.5,4.25],"texture":"#2"},"west":{"uv":[0,0,0,1.75],"texture":"#2"},"up":{"uv":[1.75,0,0,0],"texture":"#2"},"down":{"uv":[1.75,0,0,0],"texture":"#2"}}},{"from":[8.25,-8.25,-1],"to":[9.25,3.75,0],"rotation":{"angle":45,"axis":"z","origin":[0,0,0]},"faces":{"north":{"uv":[4.5,6.5,4.75,9.5],"texture":"#2"},"east":{"uv":[4.75,6.5,5,9.5],"texture":"#2"},"south":{"uv":[5,6.5,5.25,9.5],"texture":"#2"},"west":{"uv":[5.25,6.5,5.5,9.5],"texture":"#2"},"up":{"uv":[1.75,8.25,1.5,8],"texture":"#2"},"down":{"uv":[2,8,1.75,8.25],"texture":"#2"}}},{"from":[7.75,3.75,-1.5],"to":[9.75,6.75,0.5],"rotation":{"angle":45,"axis":"z","origin":[0,0,0]},"faces":{"north":{"uv":[7.5,4.25,8,5],"texture":"#2"},"east":{"uv":[7.5,5,8,5.75],"texture":"#2"},"south":{"uv":[7.5,5.75,8,6.5],"texture":"#2"},"west":{"uv":[6,7.5,6.5,8.25],"texture":"#2"},"up":{"uv":[8.25,1,7.75,0.5],"texture":"#2"},"down":{"uv":[1.25,7.75,0.75,8.25],"texture":"#2"}}},{"from":[5.25,6.75,-0.5],"to":[12.25,13.75,-0.5],"rotation":{"angle":45,"axis":"z","origin":[0,0,0]},"faces":{"north":{"uv":[3.5,2.5,5.25,4.25],"texture":"#2"},"east":{"uv":[0,0,0,1.75],"texture":"#2"},"south":{"uv":[4,0,5.75,1.75],"texture":"#2"},"west":{"uv":[0,0,0,1.75],"texture":"#2"},"up":{"uv":[1.75,0,0,0],"texture":"#2"},"down":{"uv":[1.75,0,0,0],"texture":"#2"}}}],"display":{"thirdperson_righthand":{"rotation":[0,-180,0],"translation":[0,-0.25,-5.25],"scale":[0.5,0.5,0.5]},"thirdperson_lefthand":{"rotation":[0,-180,0],"translation":[0,-0.25,-5.25],"scale":[0.5,0.5,0.5]},"firstperson_righthand":{"translation":[4.25,-3.75,0]},"firstperson_lefthand":{"translation":[4.25,-3.75,0]},"ground":{"translation":[0,0,3.75],"scale":[0.6,0.6,0.6]},"gui":{"rotation":[30,45,0],"translation":[3,-2.25,0],"scale":[0.6,0.6,0.6]},"head":{"translation":[0,-45,16.75],"scale":[1.5,1.5,1.5]}},"groups":[{"name":"tiki_shield","origin":[8,8,8],"color":0,"children":[0,1,2,3,4,5,6,7,8,{"name":"spear","origin":[0,0,0],"color":0,"children":[9,10,11]},{"name":"spear2","origin":[0,0,0],"color":0,"children":[12,13,14]}]}]}