{"credit":"Made with Blockbench by yungwilder","texture_size":[64,64],"textures":{"0":"custom/general/cosmetics/back/treadmill","particle":"custom/general/cosmetics/back/treadmill"},"elements":[{"from":[4,1,0],"to":[12,4,16],"rotation":{"angle":0,"axis":"x","origin":[0,1,0]},"faces":{"north":{"uv":[4.5,3,6.5,3.75],"texture":"#0"},"east":{"uv":[0,4,4,4.75],"texture":"#0"},"south":{"uv":[4.5,3.75,6.5,4.5],"texture":"#0"},"west":{"uv":[4,4,0,4.75],"texture":"#0"},"up":{"uv":[2,4,0,0],"texture":"#0"},"down":{"uv":[4,0,2,4],"texture":"#0"}}},{"from":[11,0,13],"to":[12,1,15],"rotation":{"angle":0,"axis":"y","origin":[0,1,16]},"faces":{"north":{"uv":[5.5,5,5.25,5.25],"texture":"#0"},"east":{"uv":[5,5,4.5,5.25],"texture":"#0"},"south":{"uv":[5,5,4.75,5.125],"texture":"#0"},"west":{"uv":[5.5,5,5,5.25],"texture":"#0"},"up":{"uv":[4,2.375,3.75,2.625],"texture":"#0"},"down":{"uv":[0.25,2.875,0,2.625],"texture":"#0"}}},{"from":[4,0,13],"to":[5,1,15],"rotation":{"angle":0,"axis":"y","origin":[0,1,16]},"faces":{"north":{"uv":[5.5,5,5.25,5.25],"texture":"#0"},"east":{"uv":[5,5,4.5,5.25],"texture":"#0"},"south":{"uv":[5,5,4.75,5.125],"texture":"#0"},"west":{"uv":[5.5,5,5,5.25],"texture":"#0"},"up":{"uv":[4,2.375,3.75,2.625],"texture":"#0"},"down":{"uv":[0.25,2.875,0,2.625],"texture":"#0"}}},{"from":[4,0,1],"to":[5,1,3],"rotation":{"angle":0,"axis":"y","origin":[0,1,0]},"faces":{"north":{"uv":[4.75,5,5,5.125],"texture":"#0"},"east":{"uv":[4.5,5,5,5.25],"texture":"#0"},"south":{"uv":[5.25,5,5.5,5.25],"texture":"#0"},"west":{"uv":[5,5,5.5,5.25],"texture":"#0"},"up":{"uv":[4,2.625,3.75,2.375],"texture":"#0"},"down":{"uv":[0.25,2.625,0,2.875],"texture":"#0"}}},{"from":[11,0,1],"to":[12,1,3],"rotation":{"angle":0,"axis":"y","origin":[0,1,0]},"faces":{"north":{"uv":[4.75,5,5,5.125],"texture":"#0"},"east":{"uv":[4.5,5,5,5.25],"texture":"#0"},"south":{"uv":[5.25,5,5.5,5.25],"texture":"#0"},"west":{"uv":[5,5,5.5,5.25],"texture":"#0"},"up":{"uv":[4,2.625,3.75,2.375],"texture":"#0"},"down":{"uv":[0.25,2.625,0,2.875],"texture":"#0"}}},{"from":[12,2,0],"to":[13,16,2],"rotation":{"angle":0,"axis":"x","origin":[8,9,1]},"faces":{"north":{"uv":[4.25,3,4.5,6.5],"texture":"#0"},"east":{"uv":[4,3,4.5,6.5],"texture":"#0"},"south":{"uv":[4,3,4.25,6.5],"texture":"#0"},"west":{"uv":[4.5,3,4,6.5],"texture":"#0"},"up":{"uv":[3.5,5.25,3.25,4.75],"texture":"#0"},"down":{"uv":[3.75,4.75,3.5,5.25],"texture":"#0"}}},{"from":[3,2,0],"to":[4,16,2],"rotation":{"angle":0,"axis":"x","origin":[8,9,1]},"faces":{"north":{"uv":[4.25,3,4.5,6.5],"texture":"#0"},"east":{"uv":[4,3,4.5,6.5],"texture":"#0"},"south":{"uv":[4,3,4.25,6.5],"texture":"#0"},"west":{"uv":[4.5,3,4,6.5],"texture":"#0"},"up":{"uv":[3.5,5.25,3.25,4.75],"texture":"#0"},"down":{"uv":[3.75,4.75,3.5,5.25],"texture":"#0"}}},{"from":[12,15,2],"to":[13,16,8],"rotation":{"angle":0,"axis":"x","origin":[12.5,9,1]},"faces":{"north":{"uv":[1.25,5.75,1.5,6],"texture":"#0"},"east":{"uv":[0,5.75,1.5,6],"texture":"#0"},"south":{"uv":[0,5.75,0.25,6],"texture":"#0"},"west":{"uv":[0,5.75,1.5,6],"rotation":180,"texture":"#0"},"up":{"uv":[0,5.75,1.5,6],"rotation":270,"texture":"#0"},"down":{"uv":[0,5.75,1.5,6],"rotation":90,"texture":"#0"}}},{"from":[3,15,2],"to":[4,16,8],"rotation":{"angle":0,"axis":"x","origin":[12.5,9,1]},"faces":{"north":{"uv":[1.25,5.75,1.5,6],"texture":"#0"},"east":{"uv":[0,5.75,1.5,6],"texture":"#0"},"south":{"uv":[0,5.75,0.25,6],"texture":"#0"},"west":{"uv":[0,5.75,1.5,6],"rotation":180,"texture":"#0"},"up":{"uv":[0,5.75,1.5,6],"rotation":270,"texture":"#0"},"down":{"uv":[0,5.75,1.5,6],"rotation":90,"texture":"#0"}}},{"from":[4,14,1],"to":[12,20,3],"rotation":{"angle":-45,"axis":"x","origin":[8,15,3]},"faces":{"north":{"uv":[4,0,6,1.5],"texture":"#0"},"east":{"uv":[2.25,4.75,2.75,6.25],"texture":"#0"},"south":{"uv":[4,1.5,6,3],"texture":"#0"},"west":{"uv":[2.75,4.75,3.25,6.25],"texture":"#0"},"up":{"uv":[6.5,5,4.5,4.5],"texture":"#0"},"down":{"uv":[2,4.75,0,5.25],"texture":"#0"}}}],"gui_light":"front","display":{"thirdperson_righthand":{"translation":[0,3,0],"scale":[0.4,0.4,0.4]},"thirdperson_lefthand":{"translation":[0,3,0],"scale":[0.4,0.4,0.4]},"firstperson_righthand":{"scale":[0.5,0.5,0.5]},"firstperson_lefthand":{"scale":[0.5,0.5,0.5]},"ground":{"scale":[0.4,0.4,0.4]},"gui":{"rotation":[30,45,0],"translation":[0,-1,0],"scale":[0.63,0.63,0.63]},"head":{"translation":[0,-64.5,-2],"scale":[2,2,2]},"fixed":{"rotation":[0,90,0],"translation":[0,-1.5,-5]}}}