{"credit":"Made with Blockbench by yungwilder","texture_size":[32,32],"textures":{"0":"custom/general/cosmetics/back/turtle_shell_green","particle":"custom/general/cosmetics/back/turtle_shell_green"},"elements":[{"from":[5.5,0.5,7],"to":[10.5,7.5,8],"faces":{"north":{"uv":[0,4,2.5,7.5],"texture":"#0"},"east":{"uv":[6,6,6.5,9.5],"texture":"#0"},"west":{"uv":[6.5,6,6,9.5],"texture":"#0"},"up":{"uv":[9,3.5,6.5,3],"texture":"#0"},"down":{"uv":[9,3.5,6.5,4],"texture":"#0"}}},{"from":[5.5,0.5,9],"to":[10.5,7.5,11],"faces":{"east":{"uv":[5,4,6,7.5],"texture":"#0"},"south":{"uv":[2.5,4,5,7.5],"texture":"#0"},"west":{"uv":[6,4,5,7.5],"texture":"#0"},"up":{"uv":[8.5,1,6,0],"texture":"#0"},"down":{"uv":[8.5,1,6,2],"texture":"#0"}}},{"from":[5,0,8],"to":[11,8,9],"faces":{"north":{"uv":[0,0,3,4],"texture":"#0"},"east":{"uv":[6,2,6.5,6],"texture":"#0"},"south":{"uv":[3,0,6,4],"texture":"#0"},"west":{"uv":[6.5,2,6,6],"texture":"#0"},"up":{"uv":[9.5,2.5,6.5,2],"texture":"#0"},"down":{"uv":[9.5,2.5,6.5,3],"texture":"#0"}}}],"gui_light":"front","display":{"thirdperson_righthand":{"translation":[0,5.5,0],"scale":[0.7,0.7,0.7]},"thirdperson_lefthand":{"translation":[0,5.5,0],"scale":[0.7,0.7,0.7]},"firstperson_righthand":{"rotation":[0,15,0],"translation":[0,5.5,0],"scale":[0.7,0.7,0.7]},"firstperson_lefthand":{"rotation":[0,15,0],"translation":[0,5.5,0],"scale":[0.7,0.7,0.7]},"ground":{"rotation":[-45,0,0],"translation":[0,2,0],"scale":[0.5,0.5,0.5]},"gui":{"rotation":[30,45,0],"translation":[-0.5,5,0],"scale":[1.4,1.4,1.4]},"head":{"translation":[0,-41.25,5],"scale":[1.81,1.81,1.81]},"fixed":{"rotation":[0,-180,0],"translation":[0,7,-1.75],"scale":[1.81,1.81,1.81]}}}