{"credit":"Made with Blockbench by yungwilder","texture_size":[32,32],"textures":{"0":"custom/general/cosmetics/back/turtle_shell_blue","particle":"custom/general/cosmetics/back/turtle_shell_blue"},"elements":[{"from":[5.5,0.5,7],"to":[10.5,7.5,8],"faces":{"north":{"uv":[0,4,2.5,7.5],"texture":"#0"},"east":{"uv":[6,6,6.5,9.5],"texture":"#0"},"west":{"uv":[6.5,6,6,9.5],"texture":"#0"},"up":{"uv":[9,3.5,6.5,3],"texture":"#0"},"down":{"uv":[9,3.5,6.5,4],"texture":"#0"}}},{"from":[5.5,0.5,9],"to":[10.5,7.5,11],"rotation":{"angle":0,"axis":"y","origin":[0,2,0]},"faces":{"east":{"uv":[5,4,6,7.5],"texture":"#0"},"south":{"uv":[2.5,4,5,7.5],"texture":"#0"},"west":{"uv":[6,4,5,7.5],"texture":"#0"},"up":{"uv":[8.5,1,6,0],"texture":"#0"},"down":{"uv":[8.5,1,6,2],"texture":"#0"}}},{"from":[5,0,8],"to":[11,8,9],"faces":{"north":{"uv":[0,0,3,4],"texture":"#0"},"east":{"uv":[6,2,6.5,6],"texture":"#0"},"south":{"uv":[3,0,6,4],"texture":"#0"},"west":{"uv":[6.5,2,6,6],"texture":"#0"},"up":{"uv":[9.5,2.5,6.5,2],"texture":"#0"},"down":{"uv":[9.5,2.5,6.5,3],"texture":"#0"}}},{"from":[7.5,3,10.5],"to":[8.5,4,11.5],"rotation":{"angle":45,"axis":"x","origin":[7,4,11.5]},"faces":{"north":{"uv":[0,0,0.5,0.5],"texture":"#0"},"east":{"uv":[0,0,0.5,0.5],"texture":"#0"},"south":{"uv":[0,0,0.5,0.5],"texture":"#0"},"west":{"uv":[0,0,0.5,0.5],"texture":"#0"},"up":{"uv":[0,0,0.5,0.5],"texture":"#0"},"down":{"uv":[0,0,0.5,0.5],"texture":"#0"}}},{"from":[7.25,6.7552,9.55546],"to":[8.25,7.7552,10.55546],"rotation":{"angle":-45,"axis":"z","origin":[8,7.0052,9.55546]},"faces":{"north":{"uv":[0,0,0.5,0.5],"texture":"#0"},"east":{"uv":[0,0,0.5,0.5],"texture":"#0"},"south":{"uv":[0,0,0.5,0.5],"texture":"#0"},"west":{"uv":[0,0,0.5,0.5],"texture":"#0"},"up":{"uv":[0,0,0.5,0.5],"texture":"#0"},"down":{"uv":[0,0,0.5,0.5],"texture":"#0"}}},{"from":[12,2.0052,9.55546],"to":[13,3.0052,10.55546],"rotation":{"angle":-45,"axis":"z","origin":[8,7.0052,9.55546]},"faces":{"north":{"uv":[0,0,0.5,0.5],"texture":"#0"},"east":{"uv":[0,0,0.5,0.5],"texture":"#0"},"south":{"uv":[0,0,0.5,0.5],"texture":"#0"},"west":{"uv":[0,0,0.5,0.5],"texture":"#0"},"up":{"uv":[0,0,0.5,0.5],"texture":"#0"},"down":{"uv":[0,0,0.5,0.5],"texture":"#0"}}},{"from":[8,2.7552,9.55546],"to":[9,3.7552,10.55546],"rotation":{"angle":-45,"axis":"z","origin":[8,7.0052,9.55546]},"faces":{"north":{"uv":[0,0,0.5,0.5],"texture":"#0"},"east":{"uv":[0,0,0.5,0.5],"texture":"#0"},"south":{"uv":[0,0,0.5,0.5],"texture":"#0"},"west":{"uv":[0,0,0.5,0.5],"texture":"#0"},"up":{"uv":[0,0,0.5,0.5],"texture":"#0"},"down":{"uv":[0,0,0.5,0.5],"texture":"#0"}}},{"from":[7,2.7552,9.55546],"to":[8,3.7552,10.55546],"rotation":{"angle":45,"axis":"z","origin":[8,7.0052,9.55546]},"faces":{"north":{"uv":[0,0,-0.5,0.5],"texture":"#0"},"east":{"uv":[0,0,-0.5,0.5],"texture":"#0"},"south":{"uv":[0,0,-0.5,0.5],"texture":"#0"},"west":{"uv":[0,0,-0.5,0.5],"texture":"#0"},"up":{"uv":[0,0,-0.5,0.5],"texture":"#0"},"down":{"uv":[0,0,-0.5,0.5],"texture":"#0"}}},{"from":[3.975,-0.5,10],"to":[3.975,9.5,18],"rotation":{"angle":-22.5,"axis":"y","origin":[5.475,4.5,14]},"faces":{"north":{"uv":[0,0,0,5],"texture":"#missing"},"east":{"uv":[0,11.5,5,7.5],"rotation":90,"texture":"#0"},"south":{"uv":[0,0,0,5],"texture":"#missing"},"west":{"uv":[0,7.5,5,11.5],"rotation":90,"texture":"#0"},"up":{"uv":[0,0,0,4],"texture":"#missing"},"down":{"uv":[0,0,0,4],"texture":"#missing"}}},{"from":[12.025,-0.5,10],"to":[12.025,9.5,18],"rotation":{"angle":22.5,"axis":"y","origin":[10.525,4.5,14]},"faces":{"north":{"uv":[0,0,0,5],"texture":"#missing"},"east":{"uv":[0,11.5,5,7.5],"rotation":90,"texture":"#0"},"south":{"uv":[0,0,0,5],"texture":"#missing"},"west":{"uv":[0,7.5,5,11.5],"rotation":90,"texture":"#0"},"up":{"uv":[0,0,0,4],"texture":"#missing"},"down":{"uv":[0,0,0,4],"texture":"#missing"}}}],"gui_light":"front","display":{"thirdperson_righthand":{"translation":[0,5.5,0],"scale":[0.7,0.7,0.7]},"thirdperson_lefthand":{"translation":[0,5.5,0],"scale":[0.7,0.7,0.7]},"firstperson_righthand":{"rotation":[0,15,0],"translation":[0,5.5,0],"scale":[0.7,0.7,0.7]},"firstperson_lefthand":{"rotation":[0,15,0],"translation":[0,5.5,0],"scale":[0.7,0.7,0.7]},"ground":{"rotation":[-45,0,0],"translation":[0,2,0],"scale":[0.5,0.5,0.5]},"gui":{"rotation":[30,45,0],"translation":[-3,3,0]},"head":{"translation":[0,-41.25,5],"scale":[1.81,1.81,1.81]},"fixed":{"rotation":[0,-180,0],"translation":[0,7,-1.75],"scale":[1.81,1.81,1.81]}}}