{"credit":"Made with Blockbench by yungwilder","textures":{"main":"custom/general/cosmetics/back/wind_up"},"elements":[{"from":[7,3,5],"to":[9,5,10],"faces":{"north":{"uv":[1.75,0.75,2.25,1.25],"texture":"#main"},"east":{"uv":[0,0,1.25,0.5],"texture":"#main"},"south":{"uv":[1,1.75,1.5,2.25],"texture":"#main"},"west":{"uv":[0,0.5,1.25,1],"texture":"#main"},"up":{"uv":[0.5,2.25,0,1],"texture":"#main"},"down":{"uv":[1,1,0.5,2.25],"texture":"#main"}}},{"from":[7.5,5,4],"to":[8.5,8,7],"faces":{"north":{"uv":[1.75,1.25,2,2],"texture":"#main"},"east":{"uv":[1,1,1.75,1.75],"texture":"#main"},"south":{"uv":[1.5,1.75,1.75,2.5],"texture":"#main"},"west":{"uv":[1.25,0,2,0.75],"texture":"#main"},"up":{"uv":[2.25,0.75,2,0],"texture":"#main"},"down":{"uv":[2.25,1.25,2,2],"texture":"#main"}}},{"from":[7.5,0,4],"to":[8.5,3,7],"rotation":{"angle":0,"axis":"y","origin":[0,16,0]},"faces":{"north":{"uv":[1.75,2,2,1.25],"texture":"#main"},"east":{"uv":[1,1.75,1.75,1],"texture":"#main"},"south":{"uv":[1.5,2.5,1.75,1.75],"texture":"#main"},"west":{"uv":[1.25,0.75,2,0],"texture":"#main"},"up":{"uv":[2.25,2,2,1.25],"texture":"#main"},"down":{"uv":[2.25,0,2,0.75],"texture":"#main"}}},{"from":[8.5,5,4],"to":[7.5,8,7],"faces":{"north":{"uv":[1.75,1.25,2,2],"texture":"#main"},"east":{"uv":[1,1,1.75,1.75],"texture":"#main"},"south":{"uv":[1.5,1.75,1.75,2.5],"texture":"#main"},"west":{"uv":[1.25,0,2,0.75],"texture":"#main"},"up":{"uv":[2.25,0.75,2,0],"texture":"#main"},"down":{"uv":[2.25,1.25,2,2],"texture":"#main"}}},{"from":[8.5,0,4],"to":[7.5,3,7],"rotation":{"angle":0,"axis":"y","origin":[0,16,0]},"faces":{"north":{"uv":[1.75,2,2,1.25],"texture":"#main"},"east":{"uv":[1,1.75,1.75,1],"texture":"#main"},"south":{"uv":[1.5,2.5,1.75,1.75],"texture":"#main"},"west":{"uv":[1.25,0.75,2,0],"texture":"#main"},"up":{"uv":[2.25,2,2,1.25],"texture":"#main"},"down":{"uv":[2.25,0,2,0.75],"texture":"#main"}}},{"from":[7,3,5],"to":[9,5,10],"rotation":{"angle":22.5,"axis":"z","origin":[8,4,6.16667]},"faces":{"north":{"uv":[5.75,0.75,6.25,1.25],"texture":"#main"},"east":{"uv":[4,0,5.25,0.5],"texture":"#main"},"south":{"uv":[5,1.75,5.5,2.25],"texture":"#main"},"west":{"uv":[4,0.5,5.25,1],"texture":"#main"},"up":{"uv":[4.5,2.25,4,1],"texture":"#main"},"down":{"uv":[5,1,4.5,2.25],"texture":"#main"}}},{"from":[7.5,5,4],"to":[8.5,8,7],"rotation":{"angle":22.5,"axis":"z","origin":[8,4,6.16667]},"faces":{"north":{"uv":[5.75,1.25,6,2],"texture":"#main"},"east":{"uv":[5,1,5.75,1.75],"texture":"#main"},"south":{"uv":[5.5,1.75,5.75,2.5],"texture":"#main"},"west":{"uv":[5.25,0,6,0.75],"texture":"#main"},"up":{"uv":[6.25,0.75,6,0],"texture":"#main"},"down":{"uv":[6.25,1.25,6,2],"texture":"#main"}}},{"from":[7.5,0,4],"to":[8.5,3,7],"rotation":{"angle":22.5,"axis":"z","origin":[8,4,6.16667]},"faces":{"north":{"uv":[5.75,2,6,1.25],"texture":"#main"},"east":{"uv":[5,1.75,5.75,1],"texture":"#main"},"south":{"uv":[5.5,2.5,5.75,1.75],"texture":"#main"},"west":{"uv":[5.25,0.75,6,0],"texture":"#main"},"up":{"uv":[6.25,2,6,1.25],"texture":"#main"},"down":{"uv":[6.25,0,6,0.75],"texture":"#main"}}},{"from":[8.5,5,4],"to":[7.5,8,7],"rotation":{"angle":22.5,"axis":"z","origin":[8,4,6.16667]},"faces":{"north":{"uv":[5.75,1.25,6,2],"texture":"#main"},"east":{"uv":[5,1,5.75,1.75],"texture":"#main"},"south":{"uv":[5.5,1.75,5.75,2.5],"texture":"#main"},"west":{"uv":[5.25,0,6,0.75],"texture":"#main"},"up":{"uv":[6.25,0.75,6,0],"texture":"#main"},"down":{"uv":[6.25,1.25,6,2],"texture":"#main"}}},{"from":[8.5,0,4],"to":[7.5,3,7],"rotation":{"angle":22.5,"axis":"z","origin":[8,4,6.16667]},"faces":{"north":{"uv":[5.75,2,6,1.25],"texture":"#main"},"east":{"uv":[5,1.75,5.75,1],"texture":"#main"},"south":{"uv":[5.5,2.5,5.75,1.75],"texture":"#main"},"west":{"uv":[5.25,0.75,6,0],"texture":"#main"},"up":{"uv":[6.25,2,6,1.25],"texture":"#main"},"down":{"uv":[6.25,0,6,0.75],"texture":"#main"}}},{"from":[7,3,5],"to":[9,5,10],"rotation":{"angle":45,"axis":"z","origin":[8,4,6.16667]},"faces":{"north":{"uv":[9.75,0.75,10.25,1.25],"texture":"#main"},"east":{"uv":[8,0,9.25,0.5],"texture":"#main"},"south":{"uv":[9,1.75,9.5,2.25],"texture":"#main"},"west":{"uv":[8,0.5,9.25,1],"texture":"#main"},"up":{"uv":[8.5,2.25,8,1],"texture":"#main"},"down":{"uv":[9,1,8.5,2.25],"texture":"#main"}}},{"from":[7.5,5,4],"to":[8.5,8,7],"rotation":{"angle":45,"axis":"z","origin":[8,4,6.16667]},"faces":{"north":{"uv":[9.75,1.25,10,2],"texture":"#main"},"east":{"uv":[9,1,9.75,1.75],"texture":"#main"},"south":{"uv":[9.5,1.75,9.75,2.5],"texture":"#main"},"west":{"uv":[9.25,0,10,0.75],"texture":"#main"},"up":{"uv":[10.25,0.75,10,0],"texture":"#main"},"down":{"uv":[10.25,1.25,10,2],"texture":"#main"}}},{"from":[7.5,0,4],"to":[8.5,3,7],"rotation":{"angle":45,"axis":"z","origin":[8,4,6.16667]},"faces":{"north":{"uv":[9.75,2,10,1.25],"texture":"#main"},"east":{"uv":[9,1.75,9.75,1],"texture":"#main"},"south":{"uv":[9.5,2.5,9.75,1.75],"texture":"#main"},"west":{"uv":[9.25,0.75,10,0],"texture":"#main"},"up":{"uv":[10.25,2,10,1.25],"texture":"#main"},"down":{"uv":[10.25,0,10,0.75],"texture":"#main"}}},{"from":[8.5,5,4],"to":[7.5,8,7],"rotation":{"angle":45,"axis":"z","origin":[8,4,6.16667]},"faces":{"north":{"uv":[9.75,1.25,10,2],"texture":"#main"},"east":{"uv":[9,1,9.75,1.75],"texture":"#main"},"south":{"uv":[9.5,1.75,9.75,2.5],"texture":"#main"},"west":{"uv":[9.25,0,10,0.75],"texture":"#main"},"up":{"uv":[10.25,0.75,10,0],"texture":"#main"},"down":{"uv":[10.25,1.25,10,2],"texture":"#main"}}},{"from":[8.5,0,4],"to":[7.5,3,7],"rotation":{"angle":45,"axis":"z","origin":[8,4,6.16667]},"faces":{"north":{"uv":[9.75,2,10,1.25],"texture":"#main"},"east":{"uv":[9,1.75,9.75,1],"texture":"#main"},"south":{"uv":[9.5,2.5,9.75,1.75],"texture":"#main"},"west":{"uv":[9.25,0.75,10,0],"texture":"#main"},"up":{"uv":[10.25,2,10,1.25],"texture":"#main"},"down":{"uv":[10.25,0,10,0.75],"texture":"#main"}}},{"from":[7,3,5],"to":[9,5,10],"rotation":{"angle":-22.5,"axis":"z","origin":[8,4,6.16667]},"faces":{"north":{"uv":[13.75,0.75,14.25,1.25],"rotation":90,"texture":"#main"},"east":{"uv":[13,1,12.5,2.25],"rotation":270,"texture":"#main"},"south":{"uv":[13,1.75,13.5,2.25],"rotation":270,"texture":"#main"},"west":{"uv":[12.5,2.25,12,1],"rotation":270,"texture":"#main"},"up":{"uv":[12,0,13.25,0.5],"rotation":270,"texture":"#main"},"down":{"uv":[12,0.5,13.25,1],"rotation":270,"texture":"#main"}}},{"from":[4,3.5,4],"to":[7,4.5,7],"rotation":{"angle":-22.5,"axis":"z","origin":[8,4,6.16667]},"faces":{"north":{"uv":[13.75,1.25,14,2],"rotation":90,"texture":"#main"},"east":{"uv":[14.25,1.25,14,2],"rotation":270,"texture":"#main"},"south":{"uv":[13.5,1.75,13.75,2.5],"rotation":270,"texture":"#main"},"west":{"uv":[14.25,0.75,14,0],"rotation":270,"texture":"#main"},"up":{"uv":[13,1,13.75,1.75],"rotation":270,"texture":"#main"},"down":{"uv":[13.25,0,14,0.75],"rotation":270,"texture":"#main"}}},{"from":[9,3.5,4],"to":[12,4.5,7],"rotation":{"angle":-22.5,"axis":"z","origin":[8,4,6.16667]},"faces":{"north":{"uv":[13.75,2,14,1.25],"rotation":90,"texture":"#main"},"east":{"uv":[14.25,0,14,0.75],"rotation":270,"texture":"#main"},"south":{"uv":[13.5,2.5,13.75,1.75],"rotation":270,"texture":"#main"},"west":{"uv":[14.25,2,14,1.25],"rotation":270,"texture":"#main"},"up":{"uv":[13,1.75,13.75,1],"rotation":270,"texture":"#main"},"down":{"uv":[13.25,0.75,14,0],"rotation":270,"texture":"#main"}}},{"from":[4,4.5,4],"to":[7,3.5,7],"rotation":{"angle":-22.5,"axis":"z","origin":[8,4,6.16667]},"faces":{"north":{"uv":[13.75,1.25,14,2],"rotation":90,"texture":"#main"},"east":{"uv":[14.25,1.25,14,2],"rotation":270,"texture":"#main"},"south":{"uv":[13.5,1.75,13.75,2.5],"rotation":270,"texture":"#main"},"west":{"uv":[14.25,0.75,14,0],"rotation":270,"texture":"#main"},"up":{"uv":[13,1,13.75,1.75],"rotation":270,"texture":"#main"},"down":{"uv":[13.25,0,14,0.75],"rotation":270,"texture":"#main"}}},{"from":[9,4.5,4],"to":[12,3.5,7],"rotation":{"angle":-22.5,"axis":"z","origin":[8,4,6.16667]},"faces":{"north":{"uv":[13.75,2,14,1.25],"rotation":90,"texture":"#main"},"east":{"uv":[14.25,0,14,0.75],"rotation":270,"texture":"#main"},"south":{"uv":[13.5,2.5,13.75,1.75],"rotation":270,"texture":"#main"},"west":{"uv":[14.25,2,14,1.25],"rotation":270,"texture":"#main"},"up":{"uv":[13,1.75,13.75,1],"rotation":270,"texture":"#main"},"down":{"uv":[13.25,0.75,14,0],"rotation":270,"texture":"#main"}}},{"from":[7,3,5],"to":[9,5,10],"rotation":{"angle":0,"axis":"z","origin":[8,4,6.16667]},"faces":{"north":{"uv":[1.75,4.75,2.25,5.25],"rotation":90,"texture":"#main"},"east":{"uv":[1,5,0.5,6.25],"rotation":270,"texture":"#main"},"south":{"uv":[1,5.75,1.5,6.25],"rotation":270,"texture":"#main"},"west":{"uv":[0.5,6.25,0,5],"rotation":270,"texture":"#main"},"up":{"uv":[0,4,1.25,4.5],"rotation":270,"texture":"#main"},"down":{"uv":[0,4.5,1.25,5],"rotation":270,"texture":"#main"}}},{"from":[4,3.5,4],"to":[7,4.5,7],"rotation":{"angle":0,"axis":"z","origin":[8,4,6.16667]},"faces":{"north":{"uv":[1.75,5.25,2,6],"rotation":90,"texture":"#main"},"east":{"uv":[2.25,5.25,2,6],"rotation":270,"texture":"#main"},"south":{"uv":[1.5,5.75,1.75,6.5],"rotation":270,"texture":"#main"},"west":{"uv":[2.25,4.75,2,4],"rotation":270,"texture":"#main"},"up":{"uv":[1,5,1.75,5.75],"rotation":270,"texture":"#main"},"down":{"uv":[1.25,4,2,4.75],"rotation":270,"texture":"#main"}}},{"from":[9,3.5,4],"to":[12,4.5,7],"rotation":{"angle":0,"axis":"z","origin":[8,4,6.16667]},"faces":{"north":{"uv":[1.75,6,2,5.25],"rotation":90,"texture":"#main"},"east":{"uv":[2.25,4,2,4.75],"rotation":270,"texture":"#main"},"south":{"uv":[1.5,6.5,1.75,5.75],"rotation":270,"texture":"#main"},"west":{"uv":[2.25,6,2,5.25],"rotation":270,"texture":"#main"},"up":{"uv":[1,5.75,1.75,5],"rotation":270,"texture":"#main"},"down":{"uv":[1.25,4.75,2,4],"rotation":270,"texture":"#main"}}},{"from":[4,4.5,4],"to":[7,3.5,7],"rotation":{"angle":0,"axis":"z","origin":[8,4,6.16667]},"faces":{"north":{"uv":[1.75,5.25,2,6],"rotation":90,"texture":"#main"},"east":{"uv":[2.25,5.25,2,6],"rotation":270,"texture":"#main"},"south":{"uv":[1.5,5.75,1.75,6.5],"rotation":270,"texture":"#main"},"west":{"uv":[2.25,4.75,2,4],"rotation":270,"texture":"#main"},"up":{"uv":[1,5,1.75,5.75],"rotation":270,"texture":"#main"},"down":{"uv":[1.25,4,2,4.75],"rotation":270,"texture":"#main"}}},{"from":[9,4.5,4],"to":[12,3.5,7],"rotation":{"angle":0,"axis":"z","origin":[8,4,6.16667]},"faces":{"north":{"uv":[1.75,6,2,5.25],"rotation":90,"texture":"#main"},"east":{"uv":[2.25,4,2,4.75],"rotation":270,"texture":"#main"},"south":{"uv":[1.5,6.5,1.75,5.75],"rotation":270,"texture":"#main"},"west":{"uv":[2.25,6,2,5.25],"rotation":270,"texture":"#main"},"up":{"uv":[1,5.75,1.75,5],"rotation":270,"texture":"#main"},"down":{"uv":[1.25,4.75,2,4],"rotation":270,"texture":"#main"}}},{"from":[7,3,5],"to":[9,5,10],"rotation":{"angle":22.5,"axis":"z","origin":[8,4,6.16667]},"faces":{"north":{"uv":[5.75,4.75,6.25,5.25],"rotation":90,"texture":"#main"},"east":{"uv":[5,5,4.5,6.25],"rotation":270,"texture":"#main"},"south":{"uv":[5,5.75,5.5,6.25],"rotation":270,"texture":"#main"},"west":{"uv":[4.5,6.25,4,5],"rotation":270,"texture":"#main"},"up":{"uv":[4,4,5.25,4.5],"rotation":270,"texture":"#main"},"down":{"uv":[4,4.5,5.25,5],"rotation":270,"texture":"#main"}}},{"from":[4,3.5,4],"to":[7,4.5,7],"rotation":{"angle":22.5,"axis":"z","origin":[8,4,6.16667]},"faces":{"north":{"uv":[5.75,5.25,6,6],"rotation":90,"texture":"#main"},"east":{"uv":[6.25,5.25,6,6],"rotation":270,"texture":"#main"},"south":{"uv":[5.5,5.75,5.75,6.5],"rotation":270,"texture":"#main"},"west":{"uv":[6.25,4.75,6,4],"rotation":270,"texture":"#main"},"up":{"uv":[5,5,5.75,5.75],"rotation":270,"texture":"#main"},"down":{"uv":[5.25,4,6,4.75],"rotation":270,"texture":"#main"}}},{"from":[9,3.5,4],"to":[12,4.5,7],"rotation":{"angle":22.5,"axis":"z","origin":[8,4,6.16667]},"faces":{"north":{"uv":[5.75,6,6,5.25],"rotation":90,"texture":"#main"},"east":{"uv":[6.25,4,6,4.75],"rotation":270,"texture":"#main"},"south":{"uv":[5.5,6.5,5.75,5.75],"rotation":270,"texture":"#main"},"west":{"uv":[6.25,6,6,5.25],"rotation":270,"texture":"#main"},"up":{"uv":[5,5.75,5.75,5],"rotation":270,"texture":"#main"},"down":{"uv":[5.25,4.75,6,4],"rotation":270,"texture":"#main"}}},{"from":[4,4.5,4],"to":[7,3.5,7],"rotation":{"angle":22.5,"axis":"z","origin":[8,4,6.16667]},"faces":{"north":{"uv":[5.75,5.25,6,6],"rotation":90,"texture":"#main"},"east":{"uv":[6.25,5.25,6,6],"rotation":270,"texture":"#main"},"south":{"uv":[5.5,5.75,5.75,6.5],"rotation":270,"texture":"#main"},"west":{"uv":[6.25,4.75,6,4],"rotation":270,"texture":"#main"},"up":{"uv":[5,5,5.75,5.75],"rotation":270,"texture":"#main"},"down":{"uv":[5.25,4,6,4.75],"rotation":270,"texture":"#main"}}},{"from":[9,4.5,4],"to":[12,3.5,7],"rotation":{"angle":22.5,"axis":"z","origin":[8,4,6.16667]},"faces":{"north":{"uv":[5.75,6,6,5.25],"rotation":90,"texture":"#main"},"east":{"uv":[6.25,4,6,4.75],"rotation":270,"texture":"#main"},"south":{"uv":[5.5,6.5,5.75,5.75],"rotation":270,"texture":"#main"},"west":{"uv":[6.25,6,6,5.25],"rotation":270,"texture":"#main"},"up":{"uv":[5,5.75,5.75,5],"rotation":270,"texture":"#main"},"down":{"uv":[5.25,4.75,6,4],"rotation":270,"texture":"#main"}}},{"from":[7,3,5],"to":[9,5,10],"rotation":{"angle":45,"axis":"z","origin":[8,4,6.16667]},"faces":{"north":{"uv":[9.75,4.75,10.25,5.25],"rotation":90,"texture":"#main"},"east":{"uv":[9,5,8.5,6.25],"rotation":270,"texture":"#main"},"south":{"uv":[9,5.75,9.5,6.25],"rotation":270,"texture":"#main"},"west":{"uv":[8.5,6.25,8,5],"rotation":270,"texture":"#main"},"up":{"uv":[8,4,9.25,4.5],"rotation":270,"texture":"#main"},"down":{"uv":[8,4.5,9.25,5],"rotation":270,"texture":"#main"}}},{"from":[4,4.5,4],"to":[7,3.5,7],"rotation":{"angle":45,"axis":"z","origin":[8,4,6.16667]},"faces":{"north":{"uv":[9.75,5.25,10,6],"rotation":90,"texture":"#main"},"east":{"uv":[10.25,5.25,10,6],"rotation":270,"texture":"#main"},"south":{"uv":[9.5,5.75,9.75,6.5],"rotation":270,"texture":"#main"},"west":{"uv":[10.25,4.75,10,4],"rotation":270,"texture":"#main"},"up":{"uv":[9,5,9.75,5.75],"rotation":270,"texture":"#main"},"down":{"uv":[9.25,4,10,4.75],"rotation":270,"texture":"#main"}}},{"from":[9,4.5,4],"to":[12,3.5,7],"rotation":{"angle":45,"axis":"z","origin":[8,4,6.16667]},"faces":{"north":{"uv":[9.75,6,10,5.25],"rotation":90,"texture":"#main"},"east":{"uv":[10.25,4,10,4.75],"rotation":270,"texture":"#main"},"south":{"uv":[9.5,6.5,9.75,5.75],"rotation":270,"texture":"#main"},"west":{"uv":[10.25,6,10,5.25],"rotation":270,"texture":"#main"},"up":{"uv":[9,5.75,9.75,5],"rotation":270,"texture":"#main"},"down":{"uv":[9.25,4.75,10,4],"rotation":270,"texture":"#main"}}},{"from":[4,3.5,4],"to":[7,4.5,7],"rotation":{"angle":45,"axis":"z","origin":[8,4,6.16667]},"faces":{"north":{"uv":[9.75,5.25,10,6],"rotation":90,"texture":"#main"},"east":{"uv":[10.25,5.25,10,6],"rotation":270,"texture":"#main"},"south":{"uv":[9.5,5.75,9.75,6.5],"rotation":270,"texture":"#main"},"west":{"uv":[10.25,4.75,10,4],"rotation":270,"texture":"#main"},"up":{"uv":[9,5,9.75,5.75],"rotation":270,"texture":"#main"},"down":{"uv":[9.25,4,10,4.75],"rotation":270,"texture":"#main"}}},{"from":[9,3.5,4],"to":[12,4.5,7],"rotation":{"angle":45,"axis":"z","origin":[8,4,6.16667]},"faces":{"north":{"uv":[9.75,6,10,5.25],"rotation":90,"texture":"#main"},"east":{"uv":[10.25,4,10,4.75],"rotation":270,"texture":"#main"},"south":{"uv":[9.5,6.5,9.75,5.75],"rotation":270,"texture":"#main"},"west":{"uv":[10.25,6,10,5.25],"rotation":270,"texture":"#main"},"up":{"uv":[9,5.75,9.75,5],"rotation":270,"texture":"#main"},"down":{"uv":[9.25,4.75,10,4],"rotation":270,"texture":"#main"}}},{"from":[7,3,5],"to":[9,5,10],"rotation":{"angle":-22.5,"axis":"z","origin":[8,4,6.16667]},"faces":{"north":{"uv":[13.75,4.75,14.25,5.25],"rotation":180,"texture":"#main"},"east":{"uv":[12,4.5,13.25,5],"rotation":180,"texture":"#main"},"south":{"uv":[13,5.75,13.5,6.25],"rotation":180,"texture":"#main"},"west":{"uv":[12,4,13.25,4.5],"rotation":180,"texture":"#main"},"up":{"uv":[13,5,12.5,6.25],"rotation":180,"texture":"#main"},"down":{"uv":[12.5,6.25,12,5],"rotation":180,"texture":"#main"}}},{"from":[7.5,0,4],"to":[8.5,3,7],"rotation":{"angle":-22.5,"axis":"z","origin":[8,4,6.16667]},"faces":{"north":{"uv":[13.75,5.25,14,6],"rotation":180,"texture":"#main"},"east":{"uv":[13.25,4,14,4.75],"rotation":180,"texture":"#main"},"south":{"uv":[13.5,5.75,13.75,6.5],"rotation":180,"texture":"#main"},"west":{"uv":[13,5,13.75,5.75],"rotation":180,"texture":"#main"},"up":{"uv":[14.25,5.25,14,6],"rotation":180,"texture":"#main"},"down":{"uv":[14.25,4.75,14,4],"rotation":180,"texture":"#main"}}},{"from":[7.5,5,4],"to":[8.5,8,7],"rotation":{"angle":-22.5,"axis":"z","origin":[8,4,6.16667]},"faces":{"north":{"uv":[13.75,6,14,5.25],"rotation":180,"texture":"#main"},"east":{"uv":[13.25,4.75,14,4],"rotation":180,"texture":"#main"},"south":{"uv":[13.5,6.5,13.75,5.75],"rotation":180,"texture":"#main"},"west":{"uv":[13,5.75,13.75,5],"rotation":180,"texture":"#main"},"up":{"uv":[14.25,4,14,4.75],"rotation":180,"texture":"#main"},"down":{"uv":[14.25,6,14,5.25],"rotation":180,"texture":"#main"}}},{"from":[8.5,0,4],"to":[7.5,3,7],"rotation":{"angle":-22.5,"axis":"z","origin":[8,4,6.16667]},"faces":{"north":{"uv":[13.75,5.25,14,6],"rotation":180,"texture":"#main"},"east":{"uv":[13.25,4,14,4.75],"rotation":180,"texture":"#main"},"south":{"uv":[13.5,5.75,13.75,6.5],"rotation":180,"texture":"#main"},"west":{"uv":[13,5,13.75,5.75],"rotation":180,"texture":"#main"},"up":{"uv":[14.25,5.25,14,6],"rotation":180,"texture":"#main"},"down":{"uv":[14.25,4.75,14,4],"rotation":180,"texture":"#main"}}},{"from":[8.5,5,4],"to":[7.5,8,7],"rotation":{"angle":-22.5,"axis":"z","origin":[8,4,6.16667]},"faces":{"north":{"uv":[13.75,6,14,5.25],"rotation":180,"texture":"#main"},"east":{"uv":[13.25,4.75,14,4],"rotation":180,"texture":"#main"},"south":{"uv":[13.5,6.5,13.75,5.75],"rotation":180,"texture":"#main"},"west":{"uv":[13,5.75,13.75,5],"rotation":180,"texture":"#main"},"up":{"uv":[14.25,4,14,4.75],"rotation":180,"texture":"#main"},"down":{"uv":[14.25,6,14,5.25],"rotation":180,"texture":"#main"}}},{"from":[7,3,5],"to":[9,5,10],"rotation":{"angle":0,"axis":"z","origin":[8,4,6.16667]},"faces":{"north":{"uv":[1.75,8.75,2.25,9.25],"rotation":180,"texture":"#main"},"east":{"uv":[0,8.5,1.25,9],"rotation":180,"texture":"#main"},"south":{"uv":[1,9.75,1.5,10.25],"rotation":180,"texture":"#main"},"west":{"uv":[0,8,1.25,8.5],"rotation":180,"texture":"#main"},"up":{"uv":[1,9,0.5,10.25],"rotation":180,"texture":"#main"},"down":{"uv":[0.5,10.25,0,9],"rotation":180,"texture":"#main"}}},{"from":[7.5,0,4],"to":[8.5,3,7],"rotation":{"angle":0,"axis":"z","origin":[8,4,6.16667]},"faces":{"north":{"uv":[1.75,9.25,2,10],"rotation":180,"texture":"#main"},"east":{"uv":[1.25,8,2,8.75],"rotation":180,"texture":"#main"},"south":{"uv":[1.5,9.75,1.75,10.5],"rotation":180,"texture":"#main"},"west":{"uv":[1,9,1.75,9.75],"rotation":180,"texture":"#main"},"up":{"uv":[2.25,9.25,2,10],"rotation":180,"texture":"#main"},"down":{"uv":[2.25,8.75,2,8],"rotation":180,"texture":"#main"}}},{"from":[7.5,5,4],"to":[8.5,8,7],"rotation":{"angle":0,"axis":"z","origin":[8,4,6.16667]},"faces":{"north":{"uv":[1.75,10,2,9.25],"rotation":180,"texture":"#main"},"east":{"uv":[1.25,8.75,2,8],"rotation":180,"texture":"#main"},"south":{"uv":[1.5,10.5,1.75,9.75],"rotation":180,"texture":"#main"},"west":{"uv":[1,9.75,1.75,9],"rotation":180,"texture":"#main"},"up":{"uv":[2.25,8,2,8.75],"rotation":180,"texture":"#main"},"down":{"uv":[2.25,10,2,9.25],"rotation":180,"texture":"#main"}}},{"from":[8.5,5,4],"to":[7.5,8,7],"rotation":{"angle":0,"axis":"z","origin":[8,4,6.16667]},"faces":{"north":{"uv":[1.75,10,2,9.25],"rotation":180,"texture":"#main"},"east":{"uv":[1.25,8.75,2,8],"rotation":180,"texture":"#main"},"south":{"uv":[1.5,10.5,1.75,9.75],"rotation":180,"texture":"#main"},"west":{"uv":[1,9.75,1.75,9],"rotation":180,"texture":"#main"},"up":{"uv":[2.25,8,2,8.75],"rotation":180,"texture":"#main"},"down":{"uv":[2.25,10,2,9.25],"rotation":180,"texture":"#main"}}},{"from":[8.5,0,4],"to":[7.5,3,7],"rotation":{"angle":0,"axis":"z","origin":[8,4,6.16667]},"faces":{"north":{"uv":[1.75,9.25,2,10],"rotation":180,"texture":"#main"},"east":{"uv":[1.25,8,2,8.75],"rotation":180,"texture":"#main"},"south":{"uv":[1.5,9.75,1.75,10.5],"rotation":180,"texture":"#main"},"west":{"uv":[1,9,1.75,9.75],"rotation":180,"texture":"#main"},"up":{"uv":[2.25,9.25,2,10],"rotation":180,"texture":"#main"},"down":{"uv":[2.25,8.75,2,8],"rotation":180,"texture":"#main"}}},{"from":[7,3,5],"to":[9,5,10],"rotation":{"angle":22.5,"axis":"z","origin":[8,4,6.16667]},"faces":{"north":{"uv":[5.75,8.75,6.25,9.25],"rotation":180,"texture":"#main"},"east":{"uv":[4,8.5,5.25,9],"rotation":180,"texture":"#main"},"south":{"uv":[5,9.75,5.5,10.25],"rotation":180,"texture":"#main"},"west":{"uv":[4,8,5.25,8.5],"rotation":180,"texture":"#main"},"up":{"uv":[5,9,4.5,10.25],"rotation":180,"texture":"#main"},"down":{"uv":[4.5,10.25,4,9],"rotation":180,"texture":"#main"}}},{"from":[7.5,0,4],"to":[8.5,3,7],"rotation":{"angle":22.5,"axis":"z","origin":[8,4,6.16667]},"faces":{"north":{"uv":[5.75,9.25,6,10],"rotation":180,"texture":"#main"},"east":{"uv":[5.25,8,6,8.75],"rotation":180,"texture":"#main"},"south":{"uv":[5.5,9.75,5.75,10.5],"rotation":180,"texture":"#main"},"west":{"uv":[5,9,5.75,9.75],"rotation":180,"texture":"#main"},"up":{"uv":[6.25,9.25,6,10],"rotation":180,"texture":"#main"},"down":{"uv":[6.25,8.75,6,8],"rotation":180,"texture":"#main"}}},{"from":[7.5,5,4],"to":[8.5,8,7],"rotation":{"angle":22.5,"axis":"z","origin":[8,4,6.16667]},"faces":{"north":{"uv":[5.75,10,6,9.25],"rotation":180,"texture":"#main"},"east":{"uv":[5.25,8.75,6,8],"rotation":180,"texture":"#main"},"south":{"uv":[5.5,10.5,5.75,9.75],"rotation":180,"texture":"#main"},"west":{"uv":[5,9.75,5.75,9],"rotation":180,"texture":"#main"},"up":{"uv":[6.25,8,6,8.75],"rotation":180,"texture":"#main"},"down":{"uv":[6.25,10,6,9.25],"rotation":180,"texture":"#main"}}},{"from":[8.5,5,4],"to":[7.5,8,7],"rotation":{"angle":22.5,"axis":"z","origin":[8,4,6.16667]},"faces":{"north":{"uv":[5.75,10,6,9.25],"rotation":180,"texture":"#main"},"east":{"uv":[5.25,8.75,6,8],"rotation":180,"texture":"#main"},"south":{"uv":[5.5,10.5,5.75,9.75],"rotation":180,"texture":"#main"},"west":{"uv":[5,9.75,5.75,9],"rotation":180,"texture":"#main"},"up":{"uv":[6.25,8,6,8.75],"rotation":180,"texture":"#main"},"down":{"uv":[6.25,10,6,9.25],"rotation":180,"texture":"#main"}}},{"from":[8.5,0,4],"to":[7.5,3,7],"rotation":{"angle":22.5,"axis":"z","origin":[8,4,6.16667]},"faces":{"north":{"uv":[5.75,9.25,6,10],"rotation":180,"texture":"#main"},"east":{"uv":[5.25,8,6,8.75],"rotation":180,"texture":"#main"},"south":{"uv":[5.5,9.75,5.75,10.5],"rotation":180,"texture":"#main"},"west":{"uv":[5,9,5.75,9.75],"rotation":180,"texture":"#main"},"up":{"uv":[6.25,9.25,6,10],"rotation":180,"texture":"#main"},"down":{"uv":[6.25,8.75,6,8],"rotation":180,"texture":"#main"}}},{"from":[7,3,5],"to":[9,5,10],"rotation":{"angle":45,"axis":"z","origin":[8,4,6.16667]},"faces":{"north":{"uv":[9.75,8.75,10.25,9.25],"rotation":180,"texture":"#main"},"east":{"uv":[8,8.5,9.25,9],"rotation":180,"texture":"#main"},"south":{"uv":[9,9.75,9.5,10.25],"rotation":180,"texture":"#main"},"west":{"uv":[8,8,9.25,8.5],"rotation":180,"texture":"#main"},"up":{"uv":[9,9,8.5,10.25],"rotation":180,"texture":"#main"},"down":{"uv":[8.5,10.25,8,9],"rotation":180,"texture":"#main"}}},{"from":[7.5,0,4],"to":[8.5,3,7],"rotation":{"angle":45,"axis":"z","origin":[8,4,6.16667]},"faces":{"north":{"uv":[9.75,9.25,10,10],"rotation":180,"texture":"#main"},"east":{"uv":[9.25,8,10,8.75],"rotation":180,"texture":"#main"},"south":{"uv":[9.5,9.75,9.75,10.5],"rotation":180,"texture":"#main"},"west":{"uv":[9,9,9.75,9.75],"rotation":180,"texture":"#main"},"up":{"uv":[10.25,9.25,10,10],"rotation":180,"texture":"#main"},"down":{"uv":[10.25,8.75,10,8],"rotation":180,"texture":"#main"}}},{"from":[7.5,5,4],"to":[8.5,8,7],"rotation":{"angle":45,"axis":"z","origin":[8,4,6.16667]},"faces":{"north":{"uv":[9.75,10,10,9.25],"rotation":180,"texture":"#main"},"east":{"uv":[9.25,8.75,10,8],"rotation":180,"texture":"#main"},"south":{"uv":[9.5,10.5,9.75,9.75],"rotation":180,"texture":"#main"},"west":{"uv":[9,9.75,9.75,9],"rotation":180,"texture":"#main"},"up":{"uv":[10.25,8,10,8.75],"rotation":180,"texture":"#main"},"down":{"uv":[10.25,10,10,9.25],"rotation":180,"texture":"#main"}}},{"from":[8.5,5,4],"to":[7.5,8,7],"rotation":{"angle":45,"axis":"z","origin":[8,4,6.16667]},"faces":{"north":{"uv":[9.75,10,10,9.25],"rotation":180,"texture":"#main"},"east":{"uv":[9.25,8.75,10,8],"rotation":180,"texture":"#main"},"south":{"uv":[9.5,10.5,9.75,9.75],"rotation":180,"texture":"#main"},"west":{"uv":[9,9.75,9.75,9],"rotation":180,"texture":"#main"},"up":{"uv":[10.25,8,10,8.75],"rotation":180,"texture":"#main"},"down":{"uv":[10.25,10,10,9.25],"rotation":180,"texture":"#main"}}},{"from":[8.5,0,4],"to":[7.5,3,7],"rotation":{"angle":45,"axis":"z","origin":[8,4,6.16667]},"faces":{"north":{"uv":[9.75,9.25,10,10],"rotation":180,"texture":"#main"},"east":{"uv":[9.25,8,10,8.75],"rotation":180,"texture":"#main"},"south":{"uv":[9.5,9.75,9.75,10.5],"rotation":180,"texture":"#main"},"west":{"uv":[9,9,9.75,9.75],"rotation":180,"texture":"#main"},"up":{"uv":[10.25,9.25,10,10],"rotation":180,"texture":"#main"},"down":{"uv":[10.25,8.75,10,8],"rotation":180,"texture":"#main"}}},{"from":[7,3,5],"to":[9,5,10],"rotation":{"angle":-22.5,"axis":"z","origin":[8,4,6.16667]},"faces":{"north":{"uv":[13.75,8.75,14.25,9.25],"rotation":270,"texture":"#main"},"east":{"uv":[12.5,10.25,12,9],"rotation":90,"texture":"#main"},"south":{"uv":[13,9.75,13.5,10.25],"rotation":90,"texture":"#main"},"west":{"uv":[13,9,12.5,10.25],"rotation":90,"texture":"#main"},"up":{"uv":[12,8.5,13.25,9],"rotation":90,"texture":"#main"},"down":{"uv":[12,8,13.25,8.5],"rotation":90,"texture":"#main"}}},{"from":[9,3.5,4],"to":[12,4.5,7],"rotation":{"angle":-22.5,"axis":"z","origin":[8,4,6.16667]},"faces":{"north":{"uv":[13.75,9.25,14,10],"rotation":270,"texture":"#main"},"east":{"uv":[14.25,8.75,14,8],"rotation":90,"texture":"#main"},"south":{"uv":[13.5,9.75,13.75,10.5],"rotation":90,"texture":"#main"},"west":{"uv":[14.25,9.25,14,10],"rotation":90,"texture":"#main"},"up":{"uv":[13.25,8,14,8.75],"rotation":90,"texture":"#main"},"down":{"uv":[13,9,13.75,9.75],"rotation":90,"texture":"#main"}}},{"from":[4,3.5,4],"to":[7,4.5,7],"rotation":{"angle":-22.5,"axis":"z","origin":[8,4,6.16667]},"faces":{"north":{"uv":[13.75,10,14,9.25],"rotation":270,"texture":"#main"},"east":{"uv":[14.25,10,14,9.25],"rotation":90,"texture":"#main"},"south":{"uv":[13.5,10.5,13.75,9.75],"rotation":90,"texture":"#main"},"west":{"uv":[14.25,8,14,8.75],"rotation":90,"texture":"#main"},"up":{"uv":[13.25,8.75,14,8],"rotation":90,"texture":"#main"},"down":{"uv":[13,9.75,13.75,9],"rotation":90,"texture":"#main"}}},{"from":[4,4.5,4],"to":[7,3.5,7],"rotation":{"angle":-22.5,"axis":"z","origin":[8,4,6.16667]},"faces":{"north":{"uv":[13.75,10,14,9.25],"rotation":270,"texture":"#main"},"east":{"uv":[14.25,10,14,9.25],"rotation":90,"texture":"#main"},"south":{"uv":[13.5,10.5,13.75,9.75],"rotation":90,"texture":"#main"},"west":{"uv":[14.25,8,14,8.75],"rotation":90,"texture":"#main"},"up":{"uv":[13.25,8.75,14,8],"rotation":90,"texture":"#main"},"down":{"uv":[13,9.75,13.75,9],"rotation":90,"texture":"#main"}}},{"from":[9,4.5,4],"to":[12,3.5,7],"rotation":{"angle":-22.5,"axis":"z","origin":[8,4,6.16667]},"faces":{"north":{"uv":[13.75,9.25,14,10],"rotation":270,"texture":"#main"},"east":{"uv":[14.25,8.75,14,8],"rotation":90,"texture":"#main"},"south":{"uv":[13.5,9.75,13.75,10.5],"rotation":90,"texture":"#main"},"west":{"uv":[14.25,9.25,14,10],"rotation":90,"texture":"#main"},"up":{"uv":[13.25,8,14,8.75],"rotation":90,"texture":"#main"},"down":{"uv":[13,9,13.75,9.75],"rotation":90,"texture":"#main"}}},{"from":[7,3,5],"to":[9,5,10],"rotation":{"angle":0,"axis":"z","origin":[8,4,6.16667]},"faces":{"north":{"uv":[1.75,12.75,2.25,13.25],"rotation":270,"texture":"#main"},"east":{"uv":[0.5,14.25,0,13],"rotation":90,"texture":"#main"},"south":{"uv":[1,13.75,1.5,14.25],"rotation":90,"texture":"#main"},"west":{"uv":[1,13,0.5,14.25],"rotation":90,"texture":"#main"},"up":{"uv":[0,12.5,1.25,13],"rotation":90,"texture":"#main"},"down":{"uv":[0,12,1.25,12.5],"rotation":90,"texture":"#main"}}},{"from":[9,3.5,4],"to":[12,4.5,7],"rotation":{"angle":0,"axis":"z","origin":[8,4,6.16667]},"faces":{"north":{"uv":[1.75,13.25,2,14],"rotation":270,"texture":"#main"},"east":{"uv":[2.25,12.75,2,12],"rotation":90,"texture":"#main"},"south":{"uv":[1.5,13.75,1.75,14.5],"rotation":90,"texture":"#main"},"west":{"uv":[2.25,13.25,2,14],"rotation":90,"texture":"#main"},"up":{"uv":[1.25,12,2,12.75],"rotation":90,"texture":"#main"},"down":{"uv":[1,13,1.75,13.75],"rotation":90,"texture":"#main"}}},{"from":[4,3.5,4],"to":[7,4.5,7],"rotation":{"angle":0,"axis":"z","origin":[8,4,6.16667]},"faces":{"north":{"uv":[1.75,14,2,13.25],"rotation":270,"texture":"#main"},"east":{"uv":[2.25,14,2,13.25],"rotation":90,"texture":"#main"},"south":{"uv":[1.5,14.5,1.75,13.75],"rotation":90,"texture":"#main"},"west":{"uv":[2.25,12,2,12.75],"rotation":90,"texture":"#main"},"up":{"uv":[1.25,12.75,2,12],"rotation":90,"texture":"#main"},"down":{"uv":[1,13.75,1.75,13],"rotation":90,"texture":"#main"}}},{"from":[4,4.5,4],"to":[7,3.5,7],"rotation":{"angle":0,"axis":"z","origin":[8,4,6.16667]},"faces":{"north":{"uv":[1.75,14,2,13.25],"rotation":270,"texture":"#main"},"east":{"uv":[2.25,14,2,13.25],"rotation":90,"texture":"#main"},"south":{"uv":[1.5,14.5,1.75,13.75],"rotation":90,"texture":"#main"},"west":{"uv":[2.25,12,2,12.75],"rotation":90,"texture":"#main"},"up":{"uv":[1.25,12.75,2,12],"rotation":90,"texture":"#main"},"down":{"uv":[1,13.75,1.75,13],"rotation":90,"texture":"#main"}}},{"from":[9,4.5,4],"to":[12,3.5,7],"rotation":{"angle":0,"axis":"z","origin":[8,4,6.16667]},"faces":{"north":{"uv":[1.75,13.25,2,14],"rotation":270,"texture":"#main"},"east":{"uv":[2.25,12.75,2,12],"rotation":90,"texture":"#main"},"south":{"uv":[1.5,13.75,1.75,14.5],"rotation":90,"texture":"#main"},"west":{"uv":[2.25,13.25,2,14],"rotation":90,"texture":"#main"},"up":{"uv":[1.25,12,2,12.75],"rotation":90,"texture":"#main"},"down":{"uv":[1,13,1.75,13.75],"rotation":90,"texture":"#main"}}},{"from":[7,3,5],"to":[9,5,10],"rotation":{"angle":22.5,"axis":"z","origin":[8,4,6.16667]},"faces":{"north":{"uv":[5.75,12.75,6.25,13.25],"rotation":270,"texture":"#main"},"east":{"uv":[4.5,14.25,4,13],"rotation":90,"texture":"#main"},"south":{"uv":[5,13.75,5.5,14.25],"rotation":90,"texture":"#main"},"west":{"uv":[5,13,4.5,14.25],"rotation":90,"texture":"#main"},"up":{"uv":[4,12.5,5.25,13],"rotation":90,"texture":"#main"},"down":{"uv":[4,12,5.25,12.5],"rotation":90,"texture":"#main"}}},{"from":[9,3.5,4],"to":[12,4.5,7],"rotation":{"angle":22.5,"axis":"z","origin":[8,4,6.16667]},"faces":{"north":{"uv":[5.75,13.25,6,14],"rotation":270,"texture":"#main"},"east":{"uv":[6.25,12.75,6,12],"rotation":90,"texture":"#main"},"south":{"uv":[5.5,13.75,5.75,14.5],"rotation":90,"texture":"#main"},"west":{"uv":[6.25,13.25,6,14],"rotation":90,"texture":"#main"},"up":{"uv":[5.25,12,6,12.75],"rotation":90,"texture":"#main"},"down":{"uv":[5,13,5.75,13.75],"rotation":90,"texture":"#main"}}},{"from":[4,3.5,4],"to":[7,4.5,7],"rotation":{"angle":22.5,"axis":"z","origin":[8,4,6.16667]},"faces":{"north":{"uv":[5.75,14,6,13.25],"rotation":270,"texture":"#main"},"east":{"uv":[6.25,14,6,13.25],"rotation":90,"texture":"#main"},"south":{"uv":[5.5,14.5,5.75,13.75],"rotation":90,"texture":"#main"},"west":{"uv":[6.25,12,6,12.75],"rotation":90,"texture":"#main"},"up":{"uv":[5.25,12.75,6,12],"rotation":90,"texture":"#main"},"down":{"uv":[5,13.75,5.75,13],"rotation":90,"texture":"#main"}}},{"from":[4,4.5,4],"to":[7,3.5,7],"rotation":{"angle":22.5,"axis":"z","origin":[8,4,6.16667]},"faces":{"north":{"uv":[5.75,14,6,13.25],"rotation":270,"texture":"#main"},"east":{"uv":[6.25,14,6,13.25],"rotation":90,"texture":"#main"},"south":{"uv":[5.5,14.5,5.75,13.75],"rotation":90,"texture":"#main"},"west":{"uv":[6.25,12,6,12.75],"rotation":90,"texture":"#main"},"up":{"uv":[5.25,12.75,6,12],"rotation":90,"texture":"#main"},"down":{"uv":[5,13.75,5.75,13],"rotation":90,"texture":"#main"}}},{"from":[9,4.5,4],"to":[12,3.5,7],"rotation":{"angle":22.5,"axis":"z","origin":[8,4,6.16667]},"faces":{"north":{"uv":[5.75,13.25,6,14],"rotation":270,"texture":"#main"},"east":{"uv":[6.25,12.75,6,12],"rotation":90,"texture":"#main"},"south":{"uv":[5.5,13.75,5.75,14.5],"rotation":90,"texture":"#main"},"west":{"uv":[6.25,13.25,6,14],"rotation":90,"texture":"#main"},"up":{"uv":[5.25,12,6,12.75],"rotation":90,"texture":"#main"},"down":{"uv":[5,13,5.75,13.75],"rotation":90,"texture":"#main"}}},{"from":[7,3,5],"to":[9,5,10],"rotation":{"angle":45,"axis":"z","origin":[8,4,6.16667]},"faces":{"north":{"uv":[9.75,12.75,10.25,13.25],"rotation":270,"texture":"#main"},"east":{"uv":[8.5,14.25,8,13],"rotation":90,"texture":"#main"},"south":{"uv":[9,13.75,9.5,14.25],"rotation":90,"texture":"#main"},"west":{"uv":[9,13,8.5,14.25],"rotation":90,"texture":"#main"},"up":{"uv":[8,12.5,9.25,13],"rotation":90,"texture":"#main"},"down":{"uv":[8,12,9.25,12.5],"rotation":90,"texture":"#main"}}},{"from":[9,3.5,4],"to":[12,4.5,7],"rotation":{"angle":45,"axis":"z","origin":[8,4,6.16667]},"faces":{"north":{"uv":[9.75,13.25,10,14],"rotation":270,"texture":"#main"},"east":{"uv":[10.25,12.75,10,12],"rotation":90,"texture":"#main"},"south":{"uv":[9.5,13.75,9.75,14.5],"rotation":90,"texture":"#main"},"west":{"uv":[10.25,13.25,10,14],"rotation":90,"texture":"#main"},"up":{"uv":[9.25,12,10,12.75],"rotation":90,"texture":"#main"},"down":{"uv":[9,13,9.75,13.75],"rotation":90,"texture":"#main"}}},{"from":[4,3.5,4],"to":[7,4.5,7],"rotation":{"angle":45,"axis":"z","origin":[8,4,6.16667]},"faces":{"north":{"uv":[9.75,14,10,13.25],"rotation":270,"texture":"#main"},"east":{"uv":[10.25,14,10,13.25],"rotation":90,"texture":"#main"},"south":{"uv":[9.5,14.5,9.75,13.75],"rotation":90,"texture":"#main"},"west":{"uv":[10.25,12,10,12.75],"rotation":90,"texture":"#main"},"up":{"uv":[9.25,12.75,10,12],"rotation":90,"texture":"#main"},"down":{"uv":[9,13.75,9.75,13],"rotation":90,"texture":"#main"}}},{"from":[4,4.5,4],"to":[7,3.5,7],"rotation":{"angle":45,"axis":"z","origin":[8,4,6.16667]},"faces":{"north":{"uv":[9.75,14,10,13.25],"rotation":270,"texture":"#main"},"east":{"uv":[10.25,14,10,13.25],"rotation":90,"texture":"#main"},"south":{"uv":[9.5,14.5,9.75,13.75],"rotation":90,"texture":"#main"},"west":{"uv":[10.25,12,10,12.75],"rotation":90,"texture":"#main"},"up":{"uv":[9.25,12.75,10,12],"rotation":90,"texture":"#main"},"down":{"uv":[9,13.75,9.75,13],"rotation":90,"texture":"#main"}}},{"from":[9,4.5,4],"to":[12,3.5,7],"rotation":{"angle":45,"axis":"z","origin":[8,4,6.16667]},"faces":{"north":{"uv":[9.75,13.25,10,14],"rotation":270,"texture":"#main"},"east":{"uv":[10.25,12.75,10,12],"rotation":90,"texture":"#main"},"south":{"uv":[9.5,13.75,9.75,14.5],"rotation":90,"texture":"#main"},"west":{"uv":[10.25,13.25,10,14],"rotation":90,"texture":"#main"},"up":{"uv":[9.25,12,10,12.75],"rotation":90,"texture":"#main"},"down":{"uv":[9,13,9.75,13.75],"rotation":90,"texture":"#main"}}},{"from":[7,3,5],"to":[9,5,10],"rotation":{"angle":-22.5,"axis":"z","origin":[8,4,6.16667]},"faces":{"north":{"uv":[13.75,12.75,14.25,13.25],"texture":"#main"},"east":{"uv":[12,12,13.25,12.5],"texture":"#main"},"south":{"uv":[13,13.75,13.5,14.25],"texture":"#main"},"west":{"uv":[12,12.5,13.25,13],"texture":"#main"},"up":{"uv":[12.5,14.25,12,13],"texture":"#main"},"down":{"uv":[13,13,12.5,14.25],"texture":"#main"}}},{"from":[7.5,5,4],"to":[8.5,8,7],"rotation":{"angle":-22.5,"axis":"z","origin":[8,4,6.16667]},"faces":{"north":{"uv":[13.75,13.25,14,14],"texture":"#main"},"east":{"uv":[13,13,13.75,13.75],"texture":"#main"},"south":{"uv":[13.5,13.75,13.75,14.5],"texture":"#main"},"west":{"uv":[13.25,12,14,12.75],"texture":"#main"},"up":{"uv":[14.25,12.75,14,12],"texture":"#main"},"down":{"uv":[14.25,13.25,14,14],"texture":"#main"}}},{"from":[7.5,0,4],"to":[8.5,3,7],"rotation":{"angle":-22.5,"axis":"z","origin":[8,4,6.16667]},"faces":{"north":{"uv":[13.75,14,14,13.25],"texture":"#main"},"east":{"uv":[13,13.75,13.75,13],"texture":"#main"},"south":{"uv":[13.5,14.5,13.75,13.75],"texture":"#main"},"west":{"uv":[13.25,12.75,14,12],"texture":"#main"},"up":{"uv":[14.25,14,14,13.25],"texture":"#main"},"down":{"uv":[14.25,12,14,12.75],"texture":"#main"}}},{"from":[8.5,0,4],"to":[7.5,3,7],"rotation":{"angle":-22.5,"axis":"z","origin":[8,4,6.16667]},"faces":{"north":{"uv":[13.75,14,14,13.25],"texture":"#main"},"east":{"uv":[13,13.75,13.75,13],"texture":"#main"},"south":{"uv":[13.5,14.5,13.75,13.75],"texture":"#main"},"west":{"uv":[13.25,12.75,14,12],"texture":"#main"},"up":{"uv":[14.25,14,14,13.25],"texture":"#main"},"down":{"uv":[14.25,12,14,12.75],"texture":"#main"}}},{"from":[8.5,5,4],"to":[7.5,8,7],"rotation":{"angle":-22.5,"axis":"z","origin":[8,4,6.16667]},"faces":{"north":{"uv":[13.75,13.25,14,14],"texture":"#main"},"east":{"uv":[13,13,13.75,13.75],"texture":"#main"},"south":{"uv":[13.5,13.75,13.75,14.5],"texture":"#main"},"west":{"uv":[13.25,12,14,12.75],"texture":"#main"},"up":{"uv":[14.25,12.75,14,12],"texture":"#main"},"down":{"uv":[14.25,13.25,14,14],"texture":"#main"}}}],"gui_light":"front","display":{"thirdperson_righthand":{"translation":[0,5.5,0],"scale":[0.7,0.7,0.7]},"thirdperson_lefthand":{"translation":[0,5.5,0],"scale":[0.7,0.7,0.7]},"firstperson_righthand":{"rotation":[0,15,0],"translation":[0,5.5,0],"scale":[0.7,0.7,0.7]},"firstperson_lefthand":{"rotation":[0,15,0],"translation":[0,5.5,0],"scale":[0.7,0.7,0.7]},"ground":{"translation":[0,2,0],"scale":[0.5,0.5,0.5]},"gui":{"rotation":[30,-135,0],"translation":[-0.75,4.25,0],"scale":[1.2,1.2,1.2]},"head":{"rotation":[0,-180,0],"translation":[0,-41.25,6],"scale":[1.81,1.81,1.81]},"fixed":{"translation":[0,7,-3.5],"scale":[1.81,1.81,1.81]}}}