{"credit":"Made with Blockbench","texture_size":[32,32],"textures":{"0":"custom/general/cosmetics/back/wings_texture_anim","particle":"custom/general/cosmetics/back/wings_texture_anim"},"elements":[{"name":"r_wing_frame_1","from":[10.5,1.5,8],"to":[24.5,9.5,8],"rotation":{"angle":45,"axis":"z","origin":[10.5,9.5,8]},"faces":{"north":{"uv":[12,0,16,7],"rotation":270,"texture":"#0"},"east":{"uv":[0,0,2,0],"rotation":270,"texture":"#0"},"south":{"uv":[12,7,16,0],"rotation":270,"texture":"#0"},"west":{"uv":[0,0,2,0],"rotation":270,"texture":"#0"},"up":{"uv":[0,3.5,0,0],"rotation":270,"texture":"#0"},"down":{"uv":[0,3.5,0,0],"rotation":270,"texture":"#0"}}},{"name":"r_wing_frame_2","from":[10.5,1.5,8],"to":[24.5,9.5,8],"rotation":{"angle":22.5,"axis":"z","origin":[10.5,9.5,8]},"faces":{"north":{"uv":[8,0,12,7],"rotation":270,"texture":"#0"},"east":{"uv":[0,0,2,0],"rotation":270,"texture":"#0"},"south":{"uv":[8,7,12,0],"rotation":270,"texture":"#0"},"west":{"uv":[0,0,2,0],"rotation":270,"texture":"#0"},"up":{"uv":[0,3.5,0,0],"rotation":270,"texture":"#0"},"down":{"uv":[0,3.5,0,0],"rotation":270,"texture":"#0"}}},{"name":"r_wing_frame_3","from":[10.5,1.5,8],"to":[24.5,9.5,8],"rotation":{"angle":0,"axis":"y","origin":[10.5,9.5,8]},"faces":{"north":{"uv":[4,0,8,7],"rotation":270,"texture":"#0"},"east":{"uv":[0,0,2,0],"rotation":270,"texture":"#0"},"south":{"uv":[4,7,8,0],"rotation":270,"texture":"#0"},"west":{"uv":[0,0,2,0],"rotation":270,"texture":"#0"},"up":{"uv":[0,3.5,0,0],"rotation":270,"texture":"#0"},"down":{"uv":[0,3.5,0,0],"rotation":270,"texture":"#0"}}},{"name":"r_wing_frame_4","from":[10.5,1.5,8],"to":[24.5,9.5,8],"rotation":{"angle":-22.5,"axis":"z","origin":[10.5,9.5,8]},"faces":{"north":{"uv":[0,0,4,7],"rotation":270,"texture":"#0"},"east":{"uv":[0,0,2,0],"rotation":270,"texture":"#0"},"south":{"uv":[0,7,4,0],"rotation":270,"texture":"#0"},"west":{"uv":[0,0,2,0],"rotation":270,"texture":"#0"},"up":{"uv":[0,3.5,0,0],"rotation":270,"texture":"#0"},"down":{"uv":[0,3.5,0,0],"rotation":270,"texture":"#0"}}},{"name":"l_wing_frame_1","from":[-8.5,1.5,8],"to":[5.5,9.5,8],"rotation":{"angle":-45,"axis":"z","origin":[5.5,9.5,8]},"faces":{"north":{"uv":[12,7,16,0],"rotation":270,"texture":"#0"},"east":{"uv":[0,0,2,0],"rotation":270,"texture":"#0"},"south":{"uv":[12,0,16,7],"rotation":270,"texture":"#0"},"west":{"uv":[0,0,2,0],"rotation":270,"texture":"#0"},"up":{"uv":[0,0,0,3.5],"rotation":270,"texture":"#0"},"down":{"uv":[0,0,0,3.5],"rotation":270,"texture":"#0"}}},{"name":"l_wing_frame_2","from":[-8.5,1.5,8],"to":[5.5,9.5,8],"rotation":{"angle":-22.5,"axis":"z","origin":[5.5,9.5,8]},"faces":{"north":{"uv":[8,7,12,0],"rotation":270,"texture":"#0"},"east":{"uv":[0,0,2,0],"rotation":270,"texture":"#0"},"south":{"uv":[8,0,12,7],"rotation":270,"texture":"#0"},"west":{"uv":[0,0,2,0],"rotation":270,"texture":"#0"},"up":{"uv":[0,0,0,3.5],"rotation":270,"texture":"#0"},"down":{"uv":[0,0,0,3.5],"rotation":270,"texture":"#0"}}},{"name":"l_wing_frame_3","from":[-8.5,1.5,8],"to":[5.5,9.5,8],"rotation":{"angle":0,"axis":"y","origin":[5.5,9.5,8]},"faces":{"north":{"uv":[4,7,8,0],"rotation":270,"texture":"#0"},"east":{"uv":[0,0,2,0],"rotation":270,"texture":"#0"},"south":{"uv":[4,0,8,7],"rotation":270,"texture":"#0"},"west":{"uv":[0,0,2,0],"rotation":270,"texture":"#0"},"up":{"uv":[0,0,0,3.5],"rotation":270,"texture":"#0"},"down":{"uv":[0,0,0,3.5],"rotation":270,"texture":"#0"}}},{"name":"l_wing_frame_4","from":[-8.5,1.5,8],"to":[5.5,9.5,8],"rotation":{"angle":22.5,"axis":"z","origin":[5.5,9.5,8]},"faces":{"north":{"uv":[0,7,4,0],"rotation":270,"texture":"#0"},"east":{"uv":[0,0,2,0],"rotation":270,"texture":"#0"},"south":{"uv":[0,0,4,7],"rotation":270,"texture":"#0"},"west":{"uv":[0,0,2,0],"rotation":270,"texture":"#0"},"up":{"uv":[0,0,0,3.5],"rotation":270,"texture":"#0"},"down":{"uv":[0,0,0,3.5],"rotation":270,"texture":"#0"}}}],"gui_light":"front","display":{"thirdperson_righthand":{"rotation":[75,45,0],"translation":[0,2.5,0],"scale":[0.375,0.375,0.375]},"thirdperson_lefthand":{"rotation":[75,45,0],"translation":[0,2.5,0],"scale":[0.375,0.375,0.375]},"firstperson_righthand":{"rotation":[0,-35,0],"scale":[0.4,0.4,0.4]},"firstperson_lefthand":{"rotation":[0,-35,0],"scale":[0.4,0.4,0.4]},"ground":{"translation":[0,3,0],"scale":[0.25,0.25,0.25]},"gui":{"rotation":[30,45,0],"scale":[0.5,0.5,0.5]},"head":{"translation":[0,-11,3.75],"scale":[1.6,1.6,1.6]},"fixed":{"translation":[0,0,-0.25],"scale":[0.5,0.5,0.5]}},"groups":[{"name":"wings","origin":[8,8,8],"color":0,"children":[{"name":"r_wing","origin":[11,8.5,8],"color":0,"children":[0,1,2,3]},{"name":"l_wing","origin":[5,8.5,8],"color":0,"children":[4,5,6,7]}]}]}