{"credit":"Made with Blockbench","texture_size":[32,32],"textures":{"0":"custom/general/cosmetics/tools/big_carrot","particle":"custom/general/cosmetics/tools/big_carrot"},"elements":[{"from":[6,-8,6],"to":[10,0,10],"faces":{"north":{"uv":[14,7,16,11],"texture":"#0"},"east":{"uv":[14,7,16,11],"texture":"#0"},"south":{"uv":[14,7,16,11],"texture":"#0"},"west":{"uv":[14,7,16,11],"texture":"#0"},"up":{"uv":[0,0,2,2],"texture":"#0"},"down":{"uv":[14,5,16,7],"texture":"#0"}}},{"from":[5,0,5],"to":[11,10,11],"faces":{"north":{"uv":[13,11,16,16],"texture":"#0"},"east":{"uv":[13,11,16,16],"texture":"#0"},"south":{"uv":[13,11,16,16],"texture":"#0"},"west":{"uv":[13,11,16,16],"texture":"#0"},"up":{"uv":[10,10,13,13],"texture":"#0"},"down":{"uv":[10,13,13,16],"texture":"#0"}}},{"from":[8,10,1],"to":[8,24,15],"rotation":{"angle":45,"axis":"y","origin":[8,17,8]},"faces":{"north":{"uv":[0,0,0,7],"texture":"#0"},"east":{"uv":[0,9,7,16],"texture":"#0"},"south":{"uv":[0,0,0,7],"texture":"#0"},"west":{"uv":[0,9,7,16],"texture":"#0"},"up":{"uv":[0,0,7,0],"rotation":90,"texture":"#0"},"down":{"uv":[0,0,7,0],"rotation":270,"texture":"#0"}}},{"from":[1,10,8],"to":[15,24,8],"rotation":{"angle":45,"axis":"y","origin":[8,17,8]},"faces":{"north":{"uv":[0,9,7,16],"texture":"#0"},"east":{"uv":[0,0,0,7],"texture":"#0"},"south":{"uv":[0,9,7,16],"texture":"#0"},"west":{"uv":[0,0,0,7],"texture":"#0"},"up":{"uv":[0,0,7,0],"texture":"#0"},"down":{"uv":[0,0,7,0],"texture":"#0"}}}],"display":{"thirdperson_righthand":{"rotation":[60,0,-11],"translation":[0.75,4.5,3.25]},"thirdperson_lefthand":{"rotation":[60,0,-11],"translation":[0.75,4.5,3.25]},"firstperson_righthand":{"rotation":[0,0,-7],"translation":[3,1.75,0],"scale":[0.6,0.6,0.6]},"firstperson_lefthand":{"rotation":[0,0,-7],"translation":[3,1.75,0],"scale":[0.6,0.6,0.6]},"ground":{"rotation":[-45,0,0],"translation":[0,3,0],"scale":[0.3,0.3,0.3]},"gui":{"rotation":[180,30,-135],"translation":[-0.5,0,0],"scale":[0.58984,0.58984,0.58984]},"fixed":{"translation":[0,0.5,0],"scale":[0.63477,0.63477,0.63477]}}}