{"credit":"Made with Blockbench","texture_size":[32,32],"textures":{"0":"custom/general/cosmetics/tools/boombox","1":"custom/general/cosmetics/tools/boombox_ani","particle":"custom/general/cosmetics/tools/boombox"},"elements":[{"from":[0,0,5],"to":[16,9,11],"faces":{"north":{"uv":[0,0,8,4.5],"texture":"#0"},"east":{"uv":[8,0,11,4.5],"texture":"#0"},"south":{"uv":[0,4.5,8,9],"texture":"#0"},"west":{"uv":[11,0,8,4.5],"texture":"#0"},"up":{"uv":[0,9,8,12],"texture":"#0"},"down":{"uv":[8,5.5,16,8.5],"texture":"#0"}}},{"from":[4,7.25,4.75],"to":[12,9.25,5.75],"faces":{"north":{"uv":[8,4.5,12,5.5],"texture":"#0"},"up":{"uv":[8,4.5,12,5],"texture":"#0"}}},{"from":[0,0,4.8],"to":[16,7,4.8],"faces":{"north":{"uv":[0,12.5,8,16],"texture":"#0"},"east":{"uv":[8,0,11.5,4.5],"texture":"#0"},"south":{"uv":[0,12.5,8,16],"texture":"#0"},"west":{"uv":[11.5,0,8,4.5],"texture":"#0"},"up":{"uv":[0,9,8,12.5],"texture":"#0"},"down":{"uv":[0,0,8,3.5],"texture":"#0"}}},{"from":[4,9,8.5],"to":[12,12,8.5],"rotation":{"angle":22.5,"axis":"x","origin":[8,9,8.5]},"faces":{"north":{"uv":[11.5,0,15.5,1.5],"texture":"#0"},"east":{"uv":[0,0,0,1.5],"texture":"#missing"},"south":{"uv":[11.5,0,15.5,1.5],"texture":"#0"},"west":{"uv":[0,0,0,1.5],"texture":"#missing"},"up":{"uv":[0,0,4,0],"texture":"#missing"},"down":{"uv":[0,0,4,0],"texture":"#missing"}}},{"from":[2,2,4.1],"to":[5,5,5.1],"faces":{"north":{"uv":[11.5,1.5,13,3],"texture":"#0"},"east":{"uv":[11.5,1.5,12,3],"texture":"#0"},"south":{"uv":[11.5,1.5,13,3],"texture":"#0"},"west":{"uv":[11.5,1.5,12,3],"texture":"#0"},"up":{"uv":[11.5,1.5,13,2],"texture":"#0"},"down":{"uv":[11.5,1.5,13,2],"texture":"#0"}}},{"from":[11,2,4.1],"to":[14,5,5.1],"faces":{"north":{"uv":[11.5,1.5,13,3],"texture":"#0"},"east":{"uv":[11.5,1.5,12,3],"texture":"#0"},"south":{"uv":[11.5,1.5,13,3],"texture":"#0"},"west":{"uv":[11.5,1.5,12,3],"texture":"#0"},"up":{"uv":[11.5,1.5,13,2],"texture":"#0"},"down":{"uv":[11.5,1.5,13,2],"texture":"#0"}}},{"from":[1.75,1.5,3.7],"to":[5.5,5.5,4.7],"faces":{"north":{"uv":[11,11,16,16],"texture":"#1"},"east":{"uv":[11,11,12,16],"texture":"#1"},"south":{"uv":[0,0,5,5],"texture":"#1"},"west":{"uv":[12,11,11,16],"texture":"#1"},"up":{"uv":[11,12,16,11],"texture":"#1"},"down":{"uv":[5,15,10,16],"texture":"#1"}}},{"from":[10.75,1.5,3.7],"to":[14.5,5.5,4.7],"faces":{"north":{"uv":[11,11,16,16],"texture":"#1"},"east":{"uv":[11,11,12,16],"texture":"#1"},"south":{"uv":[0,0,5,5],"texture":"#1"},"west":{"uv":[12,11,11,16],"texture":"#1"},"up":{"uv":[11,12,16,11],"texture":"#1"},"down":{"uv":[5,15,10,16],"texture":"#1"}}},{"from":[14.5,1.5,3.7],"to":[10.75,5.5,4.7],"faces":{"north":{"uv":[11,11,16,16],"texture":"#1"},"east":{"uv":[11,11,12,16],"texture":"#1"},"south":{"uv":[0,11,5,16],"texture":"#1"},"west":{"uv":[12,11,11,16],"texture":"#1"},"up":{"uv":[11,12,16,11],"texture":"#1"},"down":{"uv":[5,15,10,16],"texture":"#1"}}},{"from":[5.5,1.5,3.7],"to":[1.75,5.5,4.7],"faces":{"north":{"uv":[11,11,16,16],"texture":"#1"},"east":{"uv":[11,11,12,16],"texture":"#1"},"south":{"uv":[0,11,5,16],"texture":"#1"},"west":{"uv":[12,11,11,16],"texture":"#1"},"up":{"uv":[11,12,16,11],"texture":"#1"},"down":{"uv":[5,15,10,16],"texture":"#1"}}},{"from":[1,1,3.4],"to":[6,6,4.4],"faces":{"north":{"uv":[11,5,16,10],"texture":"#1"},"east":{"uv":[11,5,12,10],"texture":"#1"},"south":{"uv":[0,0,5,5],"texture":"#1"},"west":{"uv":[12,5,11,10],"texture":"#1"},"up":{"uv":[11,6,16,5],"texture":"#1"},"down":{"uv":[5,9,10,10],"texture":"#1"}}},{"from":[10,1,3.4],"to":[15,6,4.4],"faces":{"north":{"uv":[11,5,16,10],"texture":"#1"},"east":{"uv":[11,5,12,10],"texture":"#1"},"south":{"uv":[0,0,5,5],"texture":"#1"},"west":{"uv":[12,5,11,10],"texture":"#1"},"up":{"uv":[11,6,16,5],"texture":"#1"},"down":{"uv":[5,9,10,10],"texture":"#1"}}},{"from":[15,1,3.4],"to":[10,6,4.4],"faces":{"north":{"uv":[11,5,16,10],"texture":"#1"},"east":{"uv":[11,5,12,10],"texture":"#1"},"south":{"uv":[11,0,16,5],"texture":"#1"},"west":{"uv":[12,5,11,10],"texture":"#1"},"up":{"uv":[11,6,16,5],"texture":"#1"},"down":{"uv":[5,9,10,10],"texture":"#1"}}},{"from":[6,1,3.4],"to":[1,6,4.4],"faces":{"north":{"uv":[11,5,16,10],"texture":"#1"},"east":{"uv":[11,5,12,10],"texture":"#1"},"south":{"uv":[11,0,16,5],"texture":"#1"},"west":{"uv":[12,5,11,10],"texture":"#1"},"up":{"uv":[11,6,16,5],"texture":"#1"},"down":{"uv":[5,9,10,10],"texture":"#1"}}}],"display":{"thirdperson_righthand":{"rotation":[68,-7,0],"translation":[0.25,0.5,-2.25]},"thirdperson_lefthand":{"rotation":[68,-7,0],"translation":[0.25,0.5,-2.25]},"ground":{"translation":[0,3,0],"scale":[0.3,0.3,0.3]},"gui":{"rotation":[30,-135,0],"translation":[0,2.75,0],"scale":[0.95,0.95,0.95]},"head":{"translation":[0,21.75,0],"scale":[1.83,1.83,1.83]},"fixed":{"rotation":[-90,-90,0],"translation":[0,0,-16],"scale":[2,2,2]}}}