{"credit":"Made with Blockbench","texture_size":[32,32],"textures":{"0":"custom/general/cosmetics/tools/candy_apple","particle":"custom/general/cosmetics/tools/candy_apple"},"elements":[{"from":[6,5,6],"to":[10,9,6],"rotation":{"angle":0,"axis":"y","origin":[1,0,-0.5]},"faces":{"north":{"uv":[0,0,2,2],"texture":"#0"},"east":{"uv":[0,2,2,4],"texture":"#0"},"south":{"uv":[2,0,4,2],"texture":"#0"},"west":{"uv":[2,2,4,4],"texture":"#0"},"up":{"uv":[2,6,0,4],"texture":"#0"},"down":{"uv":[6,0,4,2],"texture":"#0"}}},{"from":[6,5,6],"to":[10,5,10],"rotation":{"angle":0,"axis":"y","origin":[1,0,-0.5]},"faces":{"north":{"uv":[0,0,2,2],"texture":"#0"},"east":{"uv":[0,2,2,4],"texture":"#0"},"south":{"uv":[2,0,4,2],"texture":"#0"},"west":{"uv":[2,2,4,4],"texture":"#0"},"up":{"uv":[6,2,4,0],"texture":"#0"},"down":{"uv":[6,0,4,2],"texture":"#0"}}},{"from":[6,9,6],"to":[10,9,10],"rotation":{"angle":0,"axis":"y","origin":[1,0,-0.5]},"faces":{"north":{"uv":[0,0,2,2],"texture":"#0"},"east":{"uv":[0,2,2,4],"texture":"#0"},"south":{"uv":[2,0,4,2],"texture":"#0"},"west":{"uv":[2,2,4,4],"texture":"#0"},"up":{"uv":[2,6,0,4],"texture":"#0"},"down":{"uv":[2,4,0,6],"texture":"#0"}}},{"from":[10,5,6],"to":[10,9,10],"rotation":{"angle":0,"axis":"y","origin":[8,7,8]},"faces":{"north":{"uv":[4,2,2,4],"texture":"#0"},"east":{"uv":[4,0,2,2],"texture":"#0"},"south":{"uv":[2,2,0,4],"texture":"#0"},"west":{"uv":[2,0,0,2],"texture":"#0"},"up":{"uv":[0,6,2,4],"rotation":270,"texture":"#0"},"down":{"uv":[4,0,6,2],"rotation":90,"texture":"#0"}}},{"from":[6,5,6],"to":[6,9,10],"rotation":{"angle":0,"axis":"y","origin":[9,7,7]},"faces":{"north":{"uv":[2,2,0,4],"texture":"#0"},"east":{"uv":[2,0,0,2],"texture":"#0"},"south":{"uv":[4,2,2,4],"texture":"#0"},"west":{"uv":[4,0,2,2],"texture":"#0"},"up":{"uv":[0,6,2,4],"rotation":90,"texture":"#0"},"down":{"uv":[4,0,6,2],"rotation":270,"texture":"#0"}}},{"from":[6,5,10],"to":[10,9,10],"rotation":{"angle":0,"axis":"y","origin":[9,7,7]},"faces":{"north":{"uv":[2,0,4,2],"texture":"#0"},"east":{"uv":[2,2,4,4],"texture":"#0"},"south":{"uv":[0,0,2,2],"texture":"#0"},"west":{"uv":[0,2,2,4],"texture":"#0"},"up":{"uv":[2,6,0,4],"rotation":180,"texture":"#0"},"down":{"uv":[6,0,4,2],"rotation":180,"texture":"#0"}}},{"from":[7.5,0,7.5],"to":[8.5,10,8.5],"rotation":{"angle":0,"axis":"y","origin":[1,0,-0.5]},"faces":{"north":{"uv":[2,4,2.5,9],"texture":"#0"},"east":{"uv":[2,4,2.5,9],"texture":"#0"},"south":{"uv":[4.5,2,4,7],"texture":"#0"},"west":{"uv":[4,2,4.5,7],"texture":"#0"},"up":{"uv":[2,4.5,2.5,4],"texture":"#0"},"down":{"uv":[4,6.5,4.5,7],"texture":"#0"}}},{"from":[6.5,5.5,6.5],"to":[9.5,8.5,9.5],"rotation":{"angle":0,"axis":"y","origin":[1,0,-0.5]},"faces":{"north":{"uv":[2.5,4,4,5.5],"texture":"#0"},"east":{"uv":[4.5,2,6,3.5],"texture":"#0"},"south":{"uv":[4.5,3.5,6,5],"texture":"#0"},"west":{"uv":[4.5,5,6,6.5],"texture":"#0"},"up":{"uv":[4,7,2.5,5.5],"texture":"#0"},"down":{"uv":[1.5,6,0,7.5],"texture":"#0"}}},{"from":[6.5,5.5,6.5],"to":[9.5,8.5,9.5],"faces":{"north":{"uv":[2.5,4,4,5.5],"texture":"#0"},"east":{"uv":[4.5,2,6,3.5],"texture":"#0"},"south":{"uv":[4.5,3.5,6,5],"texture":"#0"},"west":{"uv":[4.5,5,6,6.5],"texture":"#0"},"up":{"uv":[4,7,2.5,5.5],"texture":"#0"},"down":{"uv":[1.5,6,0,7.5],"texture":"#0"}}}],"gui_light":"front","display":{"thirdperson_righthand":{"translation":[0,5.25,1.5]},"thirdperson_lefthand":{"translation":[0,5.25,1.5]},"firstperson_righthand":{"rotation":[-4,-5,0],"translation":[0,6.75,0]},"firstperson_lefthand":{"rotation":[-4,-5,0],"translation":[0,6.75,0]},"ground":{"rotation":[90,0,0],"translation":[0,2,1.75]},"gui":{"rotation":[180,30,-135],"translation":[2.5,3,0],"scale":[1.7,1.7,1.7]}}}