{"credit":"Made with Blockbench","texture_size":[32,32],"textures":{"0":"custom/general/cosmetics/tools/chainsaw","1":"custom/general/cosmetics/tools/chainsaw_ani","particle":"custom/general/cosmetics/tools/chainsaw"},"elements":[{"from":[6,-1,4],"to":[13,7,13],"rotation":{"angle":0,"axis":"y","origin":[8,4.5,6.75]},"faces":{"north":{"uv":[8,0,11.5,4],"texture":"#0"},"east":{"uv":[6,4,10.5,8],"texture":"#0"},"south":{"uv":[4.5,0,8,4],"texture":"#0"},"west":{"uv":[11.5,0,16,4],"texture":"#0"},"up":{"uv":[11.5,4,16,7.5],"rotation":90,"texture":"#0"},"down":{"uv":[2.5,4,6,8.5],"texture":"#0"}}},{"from":[11,4,13],"to":[13,6,16],"rotation":{"angle":0,"axis":"y","origin":[8,4.5,6.75]},"faces":{"north":{"uv":[0,0,1,1],"texture":"#0"},"east":{"uv":[16,7.5,14.5,8.5],"texture":"#0"},"south":{"uv":[0,0,1,1],"texture":"#0"},"west":{"uv":[14.5,7.5,16,8.5],"texture":"#0"},"up":{"uv":[16,7.5,14.5,8],"rotation":270,"texture":"#0"},"down":{"uv":[16,8,14.5,8.5],"rotation":90,"texture":"#0"}}},{"from":[11,-1,13],"to":[13,1,16],"rotation":{"angle":0,"axis":"y","origin":[8,4.5,6.75]},"faces":{"north":{"uv":[0,0,1,1],"texture":"#0"},"east":{"uv":[13,7.5,14.5,8.5],"texture":"#0"},"south":{"uv":[0,0,1,1],"texture":"#0"},"west":{"uv":[14.5,7.5,13,8.5],"texture":"#0"},"up":{"uv":[14.5,7.5,13,8],"rotation":90,"texture":"#0"},"down":{"uv":[13,8,14.5,8.5],"rotation":90,"texture":"#0"}}},{"from":[11,-1,16],"to":[13,6,18],"rotation":{"angle":0,"axis":"y","origin":[8,4.5,6.75]},"faces":{"north":{"uv":[10.5,4,11,7.5],"texture":"#0"},"east":{"uv":[11.5,4,10.5,7.5],"texture":"#0"},"south":{"uv":[11,4,11.5,7.5],"texture":"#0"},"west":{"uv":[10.5,4,11.5,7.5],"texture":"#0"},"up":{"uv":[10.5,4,11.5,4.5],"rotation":90,"texture":"#0"},"down":{"uv":[11.5,7,10.5,7.5],"rotation":90,"texture":"#0"}}},{"from":[3,0,6],"to":[5,10,8],"rotation":{"angle":0,"axis":"y","origin":[8,4.5,6.75]},"faces":{"north":{"uv":[1,11,0,16],"texture":"#0"},"east":{"uv":[0.5,11,1,16],"texture":"#0"},"south":{"uv":[0,11,1,16],"texture":"#0"},"west":{"uv":[0,11,0.5,16],"texture":"#0"},"up":{"uv":[0,7,0.5,8],"rotation":270,"texture":"#0"},"down":{"uv":[0,15.5,1,16],"rotation":180,"texture":"#0"}}},{"from":[5,0,6],"to":[6,2,8],"rotation":{"angle":0,"axis":"y","origin":[8,4.5,6.75]},"faces":{"north":{"uv":[0,6,1,6.5],"rotation":90,"texture":"#0"},"east":{"uv":[0,0,1,1],"texture":"#0"},"south":{"uv":[0,6,1,6.5],"rotation":90,"texture":"#0"},"west":{"uv":[0,0,1,1],"texture":"#0"},"up":{"uv":[0,6,0.5,6.5],"rotation":180,"texture":"#0"},"down":{"uv":[0,15.5,0.5,16],"rotation":180,"texture":"#0"}}},{"from":[5,8,6],"to":[12,10,8],"rotation":{"angle":0,"axis":"y","origin":[8,4.5,6.75]},"faces":{"north":{"uv":[0,10.5,1,7],"rotation":90,"texture":"#0"},"east":{"uv":[0,7,1,7.5],"texture":"#0"},"south":{"uv":[0,7,1,10.5],"rotation":90,"texture":"#0"},"west":{"uv":[0,7,1,7.5],"texture":"#0"},"up":{"uv":[0,10.5,0.5,7],"rotation":270,"texture":"#0"},"down":{"uv":[0.5,7,1,11],"rotation":90,"texture":"#0"}}},{"from":[10,7,6],"to":[12,8,8],"rotation":{"angle":0,"axis":"y","origin":[8,4.5,6.75]},"faces":{"north":{"uv":[0,6.5,1,7],"texture":"#0"},"east":{"uv":[0,6.5,1,7],"texture":"#0"},"south":{"uv":[0,6.5,1,7],"texture":"#0"},"west":{"uv":[0,6.5,1,7],"texture":"#0"},"up":{"uv":[0,0,1,1],"rotation":180,"texture":"#0"},"down":{"uv":[0,0,1,1],"rotation":180,"texture":"#0"}}},{"from":[10,0.5,-10],"to":[11,5.5,4],"rotation":{"angle":0,"axis":"y","origin":[8,4.5,6.75]},"faces":{"north":{"uv":[9,13.5,9.5,16],"texture":"#0"},"east":{"uv":[16,13.5,9,16],"texture":"#0"},"south":{"uv":[0,0,1,2.5],"texture":"#0"},"west":{"uv":[9,13.5,16,16],"texture":"#0"},"up":{"uv":[9,13.5,16,14],"rotation":90,"texture":"#0"},"down":{"uv":[16,13.5,9,14],"rotation":90,"texture":"#0"}}},{"from":[10.5,-0.5,-11],"to":[10.5,6.5,4],"rotation":{"angle":0,"axis":"y","origin":[8,4.5,6.75]},"faces":{"north":{"uv":[0,0,0,4],"texture":"#0"},"east":{"uv":[16,9,1,16],"texture":"#1"},"south":{"uv":[0,0,0,4],"texture":"#0"},"west":{"uv":[1,9,16,16],"texture":"#1"},"up":{"uv":[0,0,0,8],"texture":"#0"},"down":{"uv":[0,0,0,8],"texture":"#0"}}}],"display":{"thirdperson_righthand":{"rotation":[75,17,0],"translation":[0.25,0,0.25]},"thirdperson_lefthand":{"rotation":[75,17,0],"translation":[1.75,0,0.25]},"firstperson_righthand":{"rotation":[28,0,0],"translation":[4.25,0,0]},"firstperson_lefthand":{"rotation":[28,0,0],"translation":[4.25,0,0]},"ground":{"translation":[0,3,0],"scale":[0.3,0.3,0.3]},"gui":{"rotation":[30,-135,0],"translation":[-0.5,3.5,0],"scale":[0.7,0.7,0.7]},"head":{"translation":[-3.25,12.25,0],"scale":[2.1,2.1,2.1]},"fixed":{"translation":[0,3.5,-4]}}}