{"credit":"Made with Blockbench","textures":{"0":"custom/general/cosmetics/tools/flagpole","1":"custom/general/cosmetics/tools/cytooxien_flag","particle":"custom/general/cosmetics/tools/flagpole"},"elements":[{"from":[7.5,0,14.5],"to":[8.5,23,15.5],"rotation":{"angle":0,"axis":"y","origin":[0,7,0]},"faces":{"north":{"uv":[0,4.5,0.5,16],"texture":"#0"},"east":{"uv":[0,4.5,0.5,16],"texture":"#0"},"south":{"uv":[0,4.5,0.5,16],"texture":"#0"},"west":{"uv":[0,4.5,0.5,16],"texture":"#0"},"up":{"uv":[0,4.5,0.5,5],"texture":"#0"},"down":{"uv":[0,15.5,0.5,16],"texture":"#0"}}},{"from":[7.35,9.1,14.35],"to":[8.65,21.9,15.65],"rotation":{"angle":0,"axis":"y","origin":[-0.1,7.25,-0.1]},"faces":{"north":{"uv":[0.5,10,1,16],"texture":"#0"},"east":{"uv":[1,10,0.5,16],"texture":"#0"},"south":{"uv":[0.5,10,1,16],"texture":"#0"},"west":{"uv":[0.5,10,1,16],"texture":"#0"},"up":{"uv":[0,0,0.5,0.5],"texture":"#0"},"down":{"uv":[0,0,0.5,0.5],"texture":"#0"}}},{"from":[8.6,9.1,14.35],"to":[7.4,21.9,15.65],"rotation":{"angle":0,"axis":"y","origin":[1.15,7.25,-0.1]},"faces":{"north":{"uv":[7.5,10,8,16],"texture":"#0"},"east":{"uv":[8,10,7.5,16],"texture":"#0"},"south":{"uv":[7.5,10,8,16],"texture":"#0"},"west":{"uv":[7.5,10,8,16],"texture":"#0"},"up":{"uv":[0,0,0.5,0.5],"texture":"#0"},"down":{"uv":[0,0,0.5,0.5],"texture":"#0"}}},{"from":[8,3.375,4.39387],"to":[8,15.375,20.39387],"rotation":{"angle":-22.5,"axis":"x","origin":[-1,4.375,0.89387]},"faces":{"north":{"uv":[0,0,0,10.28571],"texture":"#1"},"east":{"uv":[16,0,0,12],"texture":"#1"},"south":{"uv":[0,0,0,10.28571],"texture":"#1"},"west":{"uv":[0,0,16,12],"texture":"#1"},"up":{"uv":[0,0,0,13.71429],"texture":"#1"},"down":{"uv":[0,0,0,13.71429],"texture":"#1"}}}],"display":{"thirdperson_righthand":{"rotation":[45,-20,0],"translation":[2.5,6.25,-1.25]},"thirdperson_lefthand":{"rotation":[45,-20,0],"translation":[2.5,6.25,-1.25]},"firstperson_righthand":{"rotation":[-10,0,0],"translation":[0,2.75,0],"scale":[0.5,0.5,0.5]},"firstperson_lefthand":{"rotation":[-10,0,0],"translation":[0,2.75,0],"scale":[0.5,0.5,0.5]},"ground":{"translation":[0,3,-2.25],"scale":[0.3,0.3,0.3]},"gui":{"rotation":[45,-135,45],"translation":[-1,-4.5,0],"scale":[0.7,0.7,0.7]},"head":{"translation":[0,13.5,-1.5]},"fixed":{"translation":[0,-3.25,-7]}}}