{"credit":"Made with Blockbench","texture_size":[32,32],"textures":{"0":"custom/general/cosmetics/tools/devil_trident","particle":"custom/general/cosmetics/tools/devil_trident"},"elements":[{"from":[7,0,2],"to":[9,20,4],"faces":{"north":{"uv":[6,0,7,10],"texture":"#0"},"east":{"uv":[7,0,8,10],"texture":"#0"},"south":{"uv":[8,0,9,10],"texture":"#0"},"west":{"uv":[9,0,10,10],"texture":"#0"},"up":{"uv":[11,7,10,6],"texture":"#0"},"down":{"uv":[11,7,10,8],"texture":"#0"}}},{"from":[6,-4,3],"to":[10,-1,3],"faces":{"north":{"uv":[0,10,2,11.5],"texture":"#0"},"east":{"uv":[0,0,0,1.5],"texture":"#0"},"south":{"uv":[10,0,12,1.5],"texture":"#0"},"west":{"uv":[0,0,0,1.5],"texture":"#0"},"up":{"uv":[2,0,0,0],"texture":"#0"},"down":{"uv":[2,0,0,0],"texture":"#0"}}},{"from":[5,20,2],"to":[11,21,4],"faces":{"north":{"uv":[5,10,8,10.5],"texture":"#0"},"east":{"uv":[10,9.5,11,10],"texture":"#0"},"south":{"uv":[10,5.5,13,6],"texture":"#0"},"west":{"uv":[10,10,11,10.5],"texture":"#0"},"up":{"uv":[13,2.5,10,1.5],"texture":"#0"},"down":{"uv":[5,10,2,11],"texture":"#0"}}},{"from":[6,-1,1.5],"to":[10,0,4.5],"faces":{"north":{"uv":[8,10,10,10.5],"texture":"#0"},"east":{"uv":[10,8.5,11.5,9],"texture":"#0"},"south":{"uv":[10,8,12,8.5],"texture":"#0"},"west":{"uv":[10,9,11.5,9.5],"texture":"#0"},"up":{"uv":[12,4,10,2.5],"texture":"#0"},"down":{"uv":[12,4,10,5.5],"texture":"#0"}}},{"from":[2,21,3],"to":[14,31,3],"faces":{"north":{"uv":[0,0,6,5],"texture":"#0"},"east":{"uv":[0,0,0,5],"texture":"#0"},"south":{"uv":[0,5,6,10],"texture":"#0"},"west":{"uv":[0,0,0,5],"texture":"#0"},"up":{"uv":[6,0,0,0],"texture":"#0"},"down":{"uv":[6,0,0,0],"texture":"#0"}}}],"display":{"thirdperson_righthand":{"rotation":[0,90,0],"translation":[3.75,-1.5,1],"scale":[0.8,0.8,0.8]},"thirdperson_lefthand":{"rotation":[0,90,0],"translation":[3.75,-1.5,1],"scale":[0.8,0.8,0.8]},"firstperson_righthand":{"rotation":[-33,-99,0],"translation":[0,-8,0]},"firstperson_lefthand":{"rotation":[-33,-99,0],"translation":[0,-8,0]},"ground":{"scale":[0.4,0.4,0.4]},"gui":{"rotation":[180,30,-135],"translation":[-1,-2.75,0],"scale":[0.55,0.55,0.55]}},"groups":[{"name":"devil_trident","origin":[8,8,8],"color":0,"children":[0,1,2,3,4]}]}