{"credit":"Made with Blockbench","textures":{"0":"custom/general/cosmetics/tools/flame_fist","particle":"custom/general/cosmetics/tools/flame_fist"},"elements":[{"from":[5.15,-0.35,5.15],"to":[10.85,7.35,10.85],"faces":{"north":{"uv":[11,9,16,16],"texture":"#0"},"east":{"uv":[16,9,11,16],"texture":"#0"},"south":{"uv":[11,9,16,16],"texture":"#0"},"west":{"uv":[16,9,11,16],"texture":"#0"},"down":{"uv":[11,4,16,9],"texture":"#0"}}},{"from":[10.85,-0.35,5.15],"to":[5.15,7.35,10.85],"faces":{"north":{"uv":[16,9,11,16],"texture":"#0"},"east":{"uv":[11,9,16,16],"texture":"#0"},"south":{"uv":[16,9,11,16],"texture":"#0"},"west":{"uv":[11,9,16,16],"texture":"#0"},"down":{"uv":[16,4,11,9],"texture":"#0"}}},{"from":[5.65,2.65,5.65],"to":[10.35,18.35,10.35],"faces":{"north":{"uv":[0,1,4,16],"texture":"#0"},"east":{"uv":[8,1,4,16],"texture":"#0"},"south":{"uv":[0,1,4,16],"texture":"#0"},"west":{"uv":[8,1,4,16],"texture":"#0"}}}],"gui_light":"front","display":{"thirdperson_righthand":{"rotation":[90,0,0],"translation":[0,-2,6.5]},"thirdperson_lefthand":{"rotation":[90,0,0],"translation":[0,-2,6.5]},"gui":{"rotation":[180,30,-135],"translation":[1,1.25,0]}}}