{"credit":"Made with Blockbench","texture_size":[32,32],"textures":{"0":"custom/general/cosmetics/tools/flower","particle":"custom/general/cosmetics/tools/flower"},"elements":[{"from":[7,-4,7],"to":[9,19,9],"rotation":{"angle":0,"axis":"y","origin":[0,17,0]},"faces":{"north":{"uv":[0,4.5,1,16],"texture":"#0"},"east":{"uv":[1,4.5,0,16],"texture":"#0"},"south":{"uv":[0,4.5,1,16],"texture":"#0"},"west":{"uv":[1,4.5,0,16],"texture":"#0"},"up":{"uv":[0,3,1,4],"texture":"#0"},"down":{"uv":[0,4,1,5],"texture":"#0"}}},{"from":[6.75,-5.25,6.75],"to":[9.25,4.25,9.25],"rotation":{"angle":0,"axis":"y","origin":[0,16,0]},"faces":{"north":{"uv":[1,11.5,2,16],"texture":"#0"},"east":{"uv":[2,11.5,1,16],"texture":"#0"},"south":{"uv":[1,11.5,2,16],"texture":"#0"},"west":{"uv":[2,11.5,1,16],"texture":"#0"},"up":{"uv":[1,10.5,2,11.5],"texture":"#0"},"down":{"uv":[2,13,3,14],"texture":"#0"}}},{"from":[5,19,9],"to":[11,19,16],"rotation":{"angle":22.5,"axis":"x","origin":[8,19,9]},"faces":{"north":{"uv":[0,0,3,0],"texture":"#missing"},"east":{"uv":[0,0,3.5,0],"texture":"#missing"},"south":{"uv":[0,0,3,0],"texture":"#missing"},"west":{"uv":[0,0,3.5,0],"texture":"#missing"},"up":{"uv":[4,16,7,12.5],"texture":"#0"},"down":{"uv":[4,12.5,7,16],"texture":"#0"}}},{"from":[4,19,10],"to":[12,19,18],"rotation":{"angle":-22.5,"axis":"x","origin":[8,19,10]},"faces":{"north":{"uv":[0,0,4,0],"texture":"#missing"},"east":{"uv":[0,0,4.5,0],"texture":"#missing"},"south":{"uv":[0,0,4,0],"texture":"#missing"},"west":{"uv":[0,0,4.5,0],"texture":"#missing"},"up":{"uv":[12,15.5,16,11.5],"texture":"#0","tintindex":0},"down":{"uv":[12,11.5,16,15.5],"texture":"#0","tintindex":0}}},{"from":[5,19,0],"to":[11,19,7],"rotation":{"angle":-22.5,"axis":"x","origin":[8,19,7]},"faces":{"north":{"uv":[0,0,3,0],"texture":"#missing"},"east":{"uv":[0,0,3.5,0],"texture":"#missing"},"south":{"uv":[0,0,3,0],"texture":"#missing"},"west":{"uv":[0,0,3.5,0],"texture":"#missing"},"up":{"uv":[4,12.5,7,16],"texture":"#0"},"down":{"uv":[4,16,7,12.5],"texture":"#0"}}},{"from":[4,19,-2],"to":[12,19,6],"rotation":{"angle":22.5,"axis":"x","origin":[8,19,6]},"faces":{"north":{"uv":[0,0,4,0],"texture":"#missing"},"east":{"uv":[0,0,4.5,0],"texture":"#missing"},"south":{"uv":[0,0,4,0],"texture":"#missing"},"west":{"uv":[0,0,4.5,0],"texture":"#missing"},"up":{"uv":[12,11.5,16,15.5],"texture":"#0","tintindex":0},"down":{"uv":[12,15.5,16,11.5],"texture":"#0","tintindex":0}}},{"from":[9,19,5],"to":[16,19,11],"rotation":{"angle":-22.5,"axis":"z","origin":[9,19,8]},"faces":{"north":{"uv":[0,0,3.5,0],"texture":"#missing"},"east":{"uv":[0,0,3,0],"texture":"#missing"},"south":{"uv":[0,0,3.5,0],"texture":"#missing"},"west":{"uv":[0,0,3,0],"texture":"#missing"},"up":{"uv":[4,12.5,7,16],"rotation":90,"texture":"#0"},"down":{"uv":[4,16,7,12.5],"rotation":270,"texture":"#0"}}},{"from":[10,19,4],"to":[18,19,12],"rotation":{"angle":22.5,"axis":"z","origin":[10,19,8]},"faces":{"north":{"uv":[0,0,4.5,0],"texture":"#missing"},"east":{"uv":[0,0,4,0],"texture":"#missing"},"south":{"uv":[0,0,4.5,0],"texture":"#missing"},"west":{"uv":[0,0,4,0],"texture":"#missing"},"up":{"uv":[12,11.5,16,15.5],"rotation":90,"texture":"#0","tintindex":0},"down":{"uv":[12,15.5,16,11.5],"rotation":270,"texture":"#0","tintindex":0}}},{"from":[-4,19,3],"to":[7,19,13],"rotation":{"angle":0,"axis":"y","origin":[8,19,8]},"faces":{"north":{"uv":[0,0,11,0],"texture":"#missing"},"east":{"uv":[0,0,11,0],"texture":"#missing"},"south":{"uv":[0,0,11,0],"texture":"#missing"},"west":{"uv":[0,0,11,0],"texture":"#missing"},"up":{"uv":[7,16,12,10.5],"rotation":90,"texture":"#0","tintindex":0},"down":{"uv":[7,10.5,12,16],"rotation":270,"texture":"#0","tintindex":0}}},{"from":[9,19,3],"to":[20,19,13],"rotation":{"angle":0,"axis":"y","origin":[8,19,8]},"faces":{"north":{"uv":[0,0,11,0],"texture":"#missing"},"east":{"uv":[0,0,11,0],"texture":"#missing"},"south":{"uv":[0,0,11,0],"texture":"#missing"},"west":{"uv":[0,0,11,0],"texture":"#missing"},"up":{"uv":[7,10.5,12,16],"rotation":90,"texture":"#0","tintindex":0},"down":{"uv":[7,16,12,10.5],"rotation":270,"texture":"#0","tintindex":0}}},{"from":[3,19,9],"to":[13,19,20],"rotation":{"angle":0,"axis":"y","origin":[8,19,8]},"faces":{"north":{"uv":[0,0,11,0],"texture":"#missing"},"east":{"uv":[0,0,11,0],"texture":"#missing"},"south":{"uv":[0,0,11,0],"texture":"#missing"},"west":{"uv":[0,0,11,0],"texture":"#missing"},"up":{"uv":[7,10.5,12,16],"rotation":180,"texture":"#0","tintindex":0},"down":{"uv":[7,16,12,10.5],"rotation":180,"texture":"#0","tintindex":0}}},{"from":[3,19,-4],"to":[13,19,7],"rotation":{"angle":0,"axis":"y","origin":[8,19,8]},"faces":{"north":{"uv":[0,0,11,0],"texture":"#missing"},"east":{"uv":[0,0,11,0],"texture":"#missing"},"south":{"uv":[0,0,11,0],"texture":"#missing"},"west":{"uv":[0,0,11,0],"texture":"#missing"},"up":{"uv":[7,16,12,10.5],"rotation":180,"texture":"#0","tintindex":0},"down":{"uv":[7,10.5,12,16],"rotation":180,"texture":"#0","tintindex":0}}},{"from":[0,19,5],"to":[7,19,11],"rotation":{"angle":22.5,"axis":"z","origin":[7,19,8]},"faces":{"north":{"uv":[0,0,3.5,0],"texture":"#missing"},"east":{"uv":[0,0,3,0],"texture":"#missing"},"south":{"uv":[0,0,3.5,0],"texture":"#missing"},"west":{"uv":[0,0,3,0],"texture":"#missing"},"up":{"uv":[4,16,7,12.5],"rotation":90,"texture":"#0"},"down":{"uv":[4,12.5,7,16],"rotation":270,"texture":"#0"}}},{"from":[-2,19,4],"to":[6,19,12],"rotation":{"angle":-22.5,"axis":"z","origin":[6,19,8]},"faces":{"north":{"uv":[0,0,4.5,0],"texture":"#missing"},"east":{"uv":[0,0,4,0],"texture":"#missing"},"south":{"uv":[0,0,4.5,0],"texture":"#missing"},"west":{"uv":[0,0,4,0],"texture":"#missing"},"up":{"uv":[12,15.5,16,11.5],"rotation":90,"texture":"#0","tintindex":0},"down":{"uv":[12,11.5,16,15.5],"rotation":270,"texture":"#0","tintindex":0}}},{"from":[6,19,6],"to":[10,20,10],"rotation":{"angle":0,"axis":"z","origin":[7,18,7]},"faces":{"north":{"uv":[2,14,4,14.5],"texture":"#0"},"east":{"uv":[2,14,4,14.5],"texture":"#0"},"south":{"uv":[2,14,4,14.5],"texture":"#0"},"west":{"uv":[2,14,4,14.5],"texture":"#0"},"up":{"uv":[2,14,4,16],"texture":"#0"},"down":{"uv":[0,0,2,2],"texture":"#0"}}},{"from":[4,-14,8],"to":[12,-4,8],"rotation":{"angle":0,"axis":"x","origin":[8,-4,8]},"faces":{"north":{"uv":[12,6.5,16,11.5],"texture":"#0"},"east":{"uv":[0,0,0,5],"texture":"#missing"},"south":{"uv":[16,6.5,12,11.5],"texture":"#0"},"west":{"uv":[0,0,0,5],"texture":"#missing"},"up":{"uv":[0,0,4,0],"texture":"#missing"},"down":{"uv":[0,0,4,0],"texture":"#missing"}}},{"from":[8,-14,4],"to":[8,-4,12],"rotation":{"angle":0,"axis":"y","origin":[8,-4,8]},"faces":{"north":{"uv":[0,0,0,5],"texture":"#missing"},"east":{"uv":[16,6.5,12,11.5],"texture":"#0"},"south":{"uv":[0,0,0,5],"texture":"#missing"},"west":{"uv":[12,6.5,16,11.5],"texture":"#0"},"up":{"uv":[0,0,4,0],"rotation":270,"texture":"#missing"},"down":{"uv":[0,0,4,0],"rotation":90,"texture":"#missing"}}}],"display":{"thirdperson_righthand":{"rotation":[50,-5,-5],"translation":[0.5,5.75,8]},"thirdperson_lefthand":{"rotation":[50,-5,-5],"translation":[0.5,5.75,8]},"firstperson_righthand":{"rotation":[0,0,-5],"translation":[3.5,5,0]},"firstperson_lefthand":{"rotation":[0,0,-5],"translation":[3.5,5,0]},"ground":{"translation":[0,5,0],"scale":[0.3,0.3,0.3]},"gui":{"rotation":[180,30,-135],"scale":[0.49,0.49,0.49]}}}