{"credit":"Made with Blockbench","texture_size":[32,32],"textures":{"0":"custom/general/cosmetics/tools/fries","particle":"custom/general/cosmetics/tools/fries"},"elements":[{"from":[4.5,0,5.5],"to":[11.5,6,10.5],"rotation":{"angle":0,"axis":"y","origin":[6.5,0,5.5]},"faces":{"north":{"uv":[12.5,13,16,16],"texture":"#0"},"east":{"uv":[10,13,12.5,16],"texture":"#0"},"south":{"uv":[6.5,13,10,16],"texture":"#0"},"west":{"uv":[12.5,13,10,16],"texture":"#0"},"up":{"uv":[3,8.5,6.5,11],"texture":"#0"},"down":{"uv":[3,6,6.5,8.5],"texture":"#0"}}},{"from":[4.25,5.75,5.25],"to":[11.75,9.25,10.75],"rotation":{"angle":0,"axis":"y","origin":[6.5,6,5.5]},"faces":{"north":{"uv":[12.5,11.5,16,13],"texture":"#0"},"east":{"uv":[12.5,11.5,10,13],"texture":"#0"},"south":{"uv":[6.5,11.5,10,13],"texture":"#0"},"west":{"uv":[10,11.5,12.5,13],"texture":"#0"},"up":{"uv":[0,0,3.5,2.5],"texture":"#0"},"down":{"uv":[3,13.5,6.5,16],"texture":"#0"}}},{"from":[11.75,5.75,5.25],"to":[4.25,9.25,10.75],"rotation":{"angle":0,"axis":"y","origin":[14,6,5.5]},"faces":{"north":{"uv":[12.5,10,16,11.5],"texture":"#0"},"east":{"uv":[12.5,10,10,11.5],"texture":"#0"},"south":{"uv":[6.5,10,10,11.5],"texture":"#0"},"west":{"uv":[10,10,12.5,11.5],"texture":"#0"},"up":{"uv":[0,0,3.5,2.5],"texture":"#0"},"down":{"uv":[6.5,11,3,13.5],"texture":"#0"}}},{"from":[5,6,6],"to":[11,10,10],"rotation":{"angle":0,"axis":"y","origin":[7.5,6,8.5]},"faces":{"north":{"uv":[0,14.5,3,16],"texture":"#0"},"east":{"uv":[2,14.5,0,16],"texture":"#0"},"south":{"uv":[0,14.5,3,16],"texture":"#0"},"west":{"uv":[2,14.5,0,16],"texture":"#0"},"up":{"uv":[0,12.5,3,14.5],"texture":"#0"},"down":{"uv":[0,0,3,2],"texture":"#0"}}},{"from":[4.9,5.9,5.9],"to":[11.1,10.1,10.1],"rotation":{"angle":0,"axis":"y","origin":[7.5,6,8.5]},"faces":{"north":{"uv":[0,11,3,12.5],"texture":"#0"},"east":{"uv":[2,11,0,12.5],"texture":"#0"},"south":{"uv":[0,11,3,12.5],"texture":"#0"},"west":{"uv":[2,11,0,12.5],"texture":"#0"},"up":{"uv":[0,9,3,11],"texture":"#0"},"down":{"uv":[0,0,3,2],"texture":"#0"}}}],"display":{"thirdperson_righthand":{"rotation":[71,41,-5],"translation":[-0.25,3.75,3.5],"scale":[0.9,0.9,0.9]},"thirdperson_lefthand":{"rotation":[65,41,-5],"translation":[-1,3.75,4],"scale":[0.9,0.9,0.9]},"firstperson_righthand":{"translation":[0,1.25,0],"scale":[0.8,0.8,0.8]},"firstperson_lefthand":{"translation":[0,1.25,0],"scale":[0.8,0.8,0.8]},"ground":{"translation":[0,3,0],"scale":[0.3,0.3,0.3]},"gui":{"rotation":[30,-135,0],"translation":[0,3.25,0],"scale":[1.19531,1.19531,1.19531]},"fixed":{"translation":[0,3.25,0]}}}