{"credit":"Made with Blockbench","texture_size":[32,32],"textures":{"0":"custom/general/cosmetics/tools/ice_cream","particle":"custom/general/cosmetics/tools/ice_cream"},"elements":[{"from":[6,4,6],"to":[10,6,10],"rotation":{"angle":0,"axis":"y","origin":[7,4,7]},"faces":{"north":{"uv":[13,15,15,16],"texture":"#0"},"east":{"uv":[13,15,15,16],"texture":"#0"},"south":{"uv":[13,15,15,16],"texture":"#0"},"west":{"uv":[13,15,15,16],"texture":"#0"},"up":{"uv":[0,0,2,2],"texture":"#missing"},"down":{"uv":[4,14,6,16],"texture":"#0"}}},{"from":[5.75,4.75,5.75],"to":[10.25,7.25,10.25],"rotation":{"angle":0,"axis":"y","origin":[7,5,7]},"faces":{"north":{"uv":[2,15,4,16],"texture":"#0"},"east":{"uv":[4,15,2,16],"texture":"#0"},"south":{"uv":[2,15,4,16],"texture":"#0"},"west":{"uv":[4,15,2,16],"texture":"#0"}}},{"from":[5.75,8.75,5.75],"to":[10.25,11.25,10.25],"rotation":{"angle":0,"axis":"y","origin":[7,8,7]},"faces":{"north":{"uv":[2,12,4,13],"texture":"#0"},"east":{"uv":[4,12,2,13],"texture":"#0"},"south":{"uv":[2,12,4,13],"texture":"#0"},"west":{"uv":[4,12,2,13],"texture":"#0"}}},{"from":[6,6,6],"to":[10,17,10],"rotation":{"angle":0,"axis":"y","origin":[7,12,7]},"faces":{"north":{"uv":[0,10.5,2,16],"texture":"#0"},"east":{"uv":[0,10.5,2,16],"texture":"#0"},"south":{"uv":[0,10.5,2,16],"texture":"#0"},"west":{"uv":[0,10.5,2,16],"texture":"#0"},"up":{"uv":[0,8.5,2,10.5],"texture":"#0"},"down":{"uv":[0,10.5,2,12.5],"texture":"#missing"}}},{"from":[5.75,12.75,5.75],"to":[10.25,15.25,10.25],"rotation":{"angle":0,"axis":"y","origin":[7,11,7]},"faces":{"north":{"uv":[2,9,4,10],"texture":"#0"},"east":{"uv":[4,9,2,10],"texture":"#0"},"south":{"uv":[2,9,4,10],"texture":"#0"},"west":{"uv":[4,9,2,10],"texture":"#0"}}},{"from":[10.25,12.75,5.75],"to":[5.75,15.25,10.25],"rotation":{"angle":0,"axis":"y","origin":[11.5,11,7]},"faces":{"north":{"uv":[4,9,2,10],"texture":"#0"},"east":{"uv":[2,9,4,10],"texture":"#0"},"south":{"uv":[4,9,2,10],"texture":"#0"},"west":{"uv":[2,9,4,10],"texture":"#0"}}},{"from":[10.25,8.75,5.75],"to":[5.75,11.25,10.25],"rotation":{"angle":0,"axis":"y","origin":[11.5,8,7]},"faces":{"north":{"uv":[4,12,2,13],"texture":"#0"},"east":{"uv":[2,12,4,13],"texture":"#0"},"south":{"uv":[4,12,2,13],"texture":"#0"},"west":{"uv":[2,12,4,13],"texture":"#0"}}},{"from":[10.25,4.75,5.75],"to":[5.75,7.25,10.25],"rotation":{"angle":0,"axis":"y","origin":[11.5,5,7]},"faces":{"north":{"uv":[4,15,2,16],"texture":"#0"},"east":{"uv":[2,15,4,16],"texture":"#0"},"south":{"uv":[4,15,2,16],"texture":"#0"},"west":{"uv":[2,15,4,16],"texture":"#0"}}},{"from":[7,0,7],"to":[9,4,9],"rotation":{"angle":0,"axis":"y","origin":[7,2,7]},"faces":{"north":{"uv":[15,14,16,16],"texture":"#0"},"east":{"uv":[16,14,15,16],"texture":"#0"},"south":{"uv":[15,14,16,16],"texture":"#0"},"west":{"uv":[16,14,15,16],"texture":"#0"},"up":{"uv":[0,0,1,1],"texture":"#0"},"down":{"uv":[12,15,13,16],"texture":"#0"}}}],"display":{"thirdperson_righthand":{"rotation":[50,-5,-5],"translation":[0.75,4,5],"scale":[1.1,1.1,1.1]},"thirdperson_lefthand":{"rotation":[50,-5,-5],"translation":[0.75,4,5],"scale":[1.1,1.1,1.1]},"firstperson_righthand":{"translation":[2.75,4.25,0],"scale":[0.7,0.7,0.7]},"firstperson_lefthand":{"translation":[2.75,4.25,0],"scale":[0.7,0.7,0.7]},"ground":{"translation":[0,3,0],"scale":[0.3,0.3,0.3]},"gui":{"rotation":[180,30,-135],"translation":[-0.75,-0.75,0]}}}