{"credit":"Made with Blockbench","textures":{"0":"custom/general/cosmetics/tools/judge_gavel","particle":"custom/general/cosmetics/tools/judge_gavel"},"elements":[{"from":[6.5,0,6.5],"to":[9.5,2,9.5],"faces":{"north":{"uv":[13,0,16,2],"texture":"#0"},"east":{"uv":[16,0,13,2],"texture":"#0"},"south":{"uv":[13,0,16,2],"texture":"#0"},"west":{"uv":[16,0,13,2],"texture":"#0"},"up":{"uv":[16,2,13,5],"texture":"#0"},"down":{"uv":[16,5,13,8],"texture":"#0"}}},{"from":[7,2,7],"to":[9,10,9],"faces":{"north":{"uv":[14,8,16,16],"texture":"#0"},"east":{"uv":[16,8,14,16],"texture":"#0"},"south":{"uv":[14,8,16,16],"texture":"#0"},"west":{"uv":[16,8,14,16],"texture":"#0"}}},{"from":[5.5,10,5],"to":[10.5,15,11],"faces":{"east":{"uv":[5,0,11,5],"texture":"#0"},"west":{"uv":[5,0,11,5],"texture":"#0"},"up":{"uv":[0,0,5,6],"texture":"#0"},"down":{"uv":[6,5,12,10],"rotation":90,"texture":"#0"}}},{"from":[5,9.5,3],"to":[11,15.5,5],"faces":{"north":{"uv":[0,10,6,16],"texture":"#0"},"east":{"uv":[8,10,6,16],"texture":"#0"},"south":{"uv":[8,10,14,16],"texture":"#0"},"west":{"uv":[6,10,8,16],"texture":"#0"},"up":{"uv":[0,10,6,8],"texture":"#0"},"down":{"uv":[0,6,6,8],"texture":"#0"}}},{"from":[5,9.5,11],"to":[11,15.5,13],"faces":{"north":{"uv":[14,10,8,16],"texture":"#0"},"east":{"uv":[6,10,8,16],"texture":"#0"},"south":{"uv":[6,10,0,16],"texture":"#0"},"west":{"uv":[8,10,6,16],"texture":"#0"},"up":{"uv":[0,8,6,10],"texture":"#0"},"down":{"uv":[0,8,6,6],"texture":"#0"}}}],"gui_light":"front","display":{"thirdperson_righthand":{"translation":[0,0.5,1.25],"scale":[0.8,0.8,0.8]},"thirdperson_lefthand":{"translation":[0,0.5,1.25],"scale":[0.8,0.8,0.8]},"firstperson_righthand":{"rotation":[18.18,-8.13,0.29],"translation":[0.88,2.95,1.13],"scale":[0.6,0.6,0.6]},"firstperson_lefthand":{"rotation":[18.18,-8.13,0.29],"translation":[0.88,2.95,1.13],"scale":[0.6,0.6,0.6]},"ground":{"translation":[0,3,0],"scale":[0.5,0.5,0.5]},"gui":{"rotation":[180,30,-135],"translation":[-0.5,-0.5,0],"scale":[0.9,0.9,0.9]},"fixed":{"rotation":[0,90,0]}}}