{"credit":"Made with Blockbench","textures":{"0":"custom/general/cosmetics/tools/magic_wand","particle":"custom/general/cosmetics/tools/magic_wand"},"elements":[{"from":[7.5,0,7.5],"to":[8.5,12,8.5],"rotation":{"angle":0,"axis":"y","origin":[0,1,0]},"faces":{"north":{"uv":[15,4,16,16],"texture":"#0"},"east":{"uv":[15,4,16,16],"texture":"#0"},"south":{"uv":[15,4,16,16],"texture":"#0"},"west":{"uv":[15,4,16,16],"texture":"#0"},"up":{"uv":[0,0,1,1],"texture":"#0"},"down":{"uv":[0,0,1,1],"texture":"#0"}}},{"from":[7.35,-0.15,7.35],"to":[8.65,5.15,8.65],"rotation":{"angle":0,"axis":"y","origin":[0,1,0]},"faces":{"north":{"uv":[15,0,16,5],"texture":"#0"},"east":{"uv":[15,0,16,5],"texture":"#0"},"south":{"uv":[15,0,16,5],"texture":"#0"},"west":{"uv":[15,0,16,5],"texture":"#0"},"up":{"uv":[0,0,1,1],"texture":"#0"},"down":{"uv":[15,15,16,16],"texture":"#0"}}},{"from":[8.65,-0.15,7.35],"to":[7.35,5.15,8.65],"rotation":{"angle":0,"axis":"y","origin":[0,1,0]},"faces":{"north":{"uv":[15,0,16,5],"texture":"#0"},"east":{"uv":[15,0,16,5],"texture":"#0"},"south":{"uv":[15,0,16,5],"texture":"#0"},"west":{"uv":[15,0,16,5],"texture":"#0"},"up":{"uv":[0,0,1,1],"texture":"#0"},"down":{"uv":[15,15,16,16],"texture":"#0"}}},{"from":[4.975,11.975,7.45],"to":[11.025,14.025,8.55],"rotation":{"angle":0,"axis":"y","origin":[0,1,-0.5]},"faces":{"north":{"uv":[9,14,15,16],"texture":"#0"},"east":{"uv":[13,11,15,12],"rotation":90,"texture":"#0"},"south":{"uv":[15,14,9,16],"texture":"#0"},"west":{"uv":[13,11,15,12],"rotation":90,"texture":"#0"},"up":{"uv":[15,14,9,15],"texture":"#0"},"down":{"uv":[9,15,15,16],"texture":"#0"}}},{"from":[7,14,7.475],"to":[9,16,8.525],"rotation":{"angle":0,"axis":"y","origin":[0,1,-0.5]},"faces":{"north":{"uv":[13,12,15,14],"texture":"#0"},"east":{"uv":[13,12,14,14],"texture":"#0"},"south":{"uv":[15,12,13,14],"texture":"#0"},"west":{"uv":[14,12,15,14],"texture":"#0"},"up":{"uv":[13,12,15,13],"rotation":180,"texture":"#0"},"down":{"uv":[0,0,2,2],"texture":"#0"}}},{"from":[7,9,7.475],"to":[9,12,8.525],"rotation":{"angle":-45,"axis":"z","origin":[8,12,7.5]},"faces":{"north":{"uv":[15,9,13,12],"texture":"#0"},"east":{"uv":[14,9,15,12],"texture":"#0"},"south":{"uv":[13,9,15,12],"texture":"#0"},"west":{"uv":[13,9,14,12],"texture":"#0"},"up":{"uv":[0,0,2,2],"texture":"#0"},"down":{"uv":[13,11,15,12],"texture":"#0"}}},{"from":[7,9,7.475],"to":[9,12,8.525],"rotation":{"angle":45,"axis":"z","origin":[8,12,7.5]},"faces":{"north":{"uv":[13,9,15,12],"texture":"#0"},"east":{"uv":[13,9,14,12],"texture":"#0"},"south":{"uv":[15,9,13,12],"texture":"#0"},"west":{"uv":[14,9,15,12],"texture":"#0"},"up":{"uv":[0,0,2,2],"texture":"#0"},"down":{"uv":[15,11,13,12],"texture":"#0"}}}],"display":{"thirdperson_righthand":{"rotation":[18,106,0],"translation":[0,7.25,3.5]},"thirdperson_lefthand":{"rotation":[18,106,0],"translation":[0,7.25,3.5]},"firstperson_righthand":{"rotation":[-24,90,0],"translation":[1.75,3.75,0],"scale":[0.8,0.8,0.8]},"firstperson_lefthand":{"rotation":[-24,90,0],"translation":[1.75,3.75,0],"scale":[0.8,0.8,0.8]},"ground":{"rotation":[0,0,45],"translation":[0,3,0],"scale":[0.3,0.3,0.3]},"gui":{"rotation":[180,30,-135],"scale":[1.2,1.2,1.2]}}}