{"credit":"Made with Blockbench","textures":{"0":"custom/general/cosmetics/tools/marshmallow_stick","particle":"custom/general/cosmetics/tools/marshmallow_stick"},"elements":[{"from":[7.5,0,7.5],"to":[8.5,16,8.5],"faces":{"north":{"uv":[15,0,16,16],"texture":"#0"},"east":{"uv":[15,0,16,16],"texture":"#0"},"south":{"uv":[15,0,16,16],"texture":"#0"},"west":{"uv":[15,0,16,16],"texture":"#0"},"up":{"uv":[15,0,16,1],"texture":"#0"},"down":{"uv":[15,0,16,1],"texture":"#0"}}},{"from":[6.5,10,6.5],"to":[9.5,14,9.5],"rotation":{"angle":0,"axis":"y","origin":[8,12,8]},"faces":{"north":{"uv":[12,8,15,4],"texture":"#0"},"east":{"uv":[15,12,12,16],"texture":"#0"},"south":{"uv":[12,12,15,8],"texture":"#0"},"west":{"uv":[12,16,15,12],"texture":"#0"},"up":{"uv":[12,13,9,16],"texture":"#0"},"down":{"uv":[12,10,9,13],"texture":"#0"}}},{"from":[9.499,12,3.5],"to":[9.499,14,6.5],"rotation":{"angle":0,"axis":"y","origin":[-0.001,0,0]},"faces":{"north":{"uv":[0,0,0,2],"texture":"#0"},"east":{"uv":[12,2,15,0],"texture":"#0"},"south":{"uv":[0,0,0,2],"texture":"#0"},"west":{"uv":[15,2,12,0],"texture":"#0"},"up":{"uv":[0,0,0,3],"texture":"#0"},"down":{"uv":[0,0,0,3],"texture":"#0"}}}],"gui_light":"front","display":{"thirdperson_righthand":{"rotation":[-15,0,0],"translation":[0,7.75,-0.5]},"thirdperson_lefthand":{"rotation":[-15,0,0],"translation":[0,7.75,-0.5]},"firstperson_righthand":{"rotation":[-50,0,0],"translation":[2,4.25,0]},"firstperson_lefthand":{"rotation":[-50,0,0],"translation":[2,4.25,0]},"ground":{"rotation":[-45,0,0],"translation":[0,3,0],"scale":[0.3,0.3,0.3]},"gui":{"rotation":[180,30,-135],"translation":[-0.75,0.25,0],"scale":[1.05273,1.05273,1.05273]},"head":{"translation":[0,14.75,0]}}}