{"credit":"Made with Blockbench","texture_size":[32,32],"textures":{"0":"custom/general/cosmetics/tools/pizza_slice","particle":"custom/general/cosmetics/tools/pizza_slice"},"elements":[{"from":[3,0,12],"to":[12,3,15],"rotation":{"angle":0,"axis":"y","origin":[7,0,12]},"faces":{"north":{"uv":[5.5,14.5,10,16],"texture":"#0"},"east":{"uv":[11.5,14.5,10,16],"texture":"#0"},"south":{"uv":[11.5,16,16,14.5],"texture":"#0"},"west":{"uv":[10,14.5,11.5,16],"texture":"#0"},"up":{"uv":[16,14.5,11.5,16],"texture":"#0"},"down":{"uv":[5.5,14.5,10,16],"texture":"#0"}}},{"from":[5,0.07612,3.38268],"to":[10,2.07612,7.38268],"rotation":{"angle":-22.5,"axis":"x","origin":[7.5,1.07612,7.38268]},"faces":{"north":{"uv":[13.5,9,16,10],"texture":"#0"},"east":{"uv":[12.5,12,13.5,10],"rotation":90,"texture":"#0"},"south":{"uv":[0,0,2.5,1],"texture":"#0"},"west":{"uv":[12.5,10,13.5,12],"rotation":90,"texture":"#0"},"up":{"uv":[13.5,10,16,12],"texture":"#0"},"down":{"uv":[3,11.5,5.5,13.5],"texture":"#0"}}},{"from":[4.9,-0.02388,3.28268],"to":[10.1,2.17612,7.48268],"rotation":{"angle":-22.5,"axis":"x","origin":[7.5,1.07612,7.38268]},"faces":{"north":{"uv":[10.5,11,11.5,13.5],"rotation":90,"texture":"#0"},"south":{"uv":[0,0,2.5,1],"texture":"#0"},"west":{"uv":[11.5,10,12.5,12],"rotation":90,"texture":"#0"},"up":{"uv":[13.5,4.5,16,6.5],"texture":"#0"}}},{"from":[10,-0.02388,3.28268],"to":[4.8,2.17612,7.48268],"rotation":{"angle":-22.5,"axis":"x","origin":[12.6,1.07612,7.38268]},"faces":{"north":{"uv":[10.5,13.5,11.5,11],"rotation":90,"texture":"#0"},"east":{"uv":[11.5,12,12.5,10],"rotation":90,"texture":"#0"},"south":{"uv":[0,0,2.5,1],"texture":"#0"},"up":{"uv":[16,4.5,13.5,6.5],"texture":"#0"}}},{"from":[4,0,7],"to":[11,2,12],"rotation":{"angle":0,"axis":"y","origin":[7,0,10]},"faces":{"north":{"uv":[8,13.5,11.5,14.5],"texture":"#0"},"east":{"uv":[11.5,14.5,12.5,12],"rotation":90,"texture":"#0"},"south":{"uv":[0,0,3.5,1],"texture":"#0"},"west":{"uv":[11.5,12,12.5,14.5],"rotation":90,"texture":"#0"},"up":{"uv":[12.5,12,16,14.5],"texture":"#0"},"down":{"uv":[2,13.5,5.5,16],"texture":"#0"}}},{"from":[3.9,-0.1,6.9],"to":[11.1,2.1,12.1],"rotation":{"angle":0,"axis":"y","origin":[7,0,10]},"faces":{"east":{"uv":[9.5,13.5,10.5,11],"rotation":90,"texture":"#0"},"south":{"uv":[0,0,3.5,1],"texture":"#0"},"west":{"uv":[9.5,13.5,10.5,11],"rotation":90,"texture":"#0"},"up":{"uv":[12.5,6.5,16,9],"texture":"#0"}}},{"from":[11.1,-0.1,6.9],"to":[3.9,2.1,12.1],"rotation":{"angle":0,"axis":"y","origin":[14.2,0,10]},"faces":{"east":{"uv":[9.5,11,10.5,13.5],"rotation":90,"texture":"#0"},"south":{"uv":[0,0,3.5,1],"texture":"#0"},"west":{"uv":[9.5,11,10.5,13.5],"rotation":90,"texture":"#0"},"up":{"uv":[16,6.5,12.5,9],"texture":"#0"}}}],"display":{"thirdperson_righthand":{"rotation":[46,11,0],"translation":[-2,8.75,1.5]},"thirdperson_lefthand":{"rotation":[46,11,0],"translation":[-2,8.75,1.5]},"firstperson_righthand":{"rotation":[0,17,0],"translation":[-1,6.75,0],"scale":[0.7,0.7,0.7]},"firstperson_lefthand":{"rotation":[0,17,0],"translation":[-1,6.75,0],"scale":[0.7,0.7,0.7]},"ground":{"translation":[0,3,0],"scale":[0.3,0.3,0.3]},"gui":{"rotation":[30,-135,0],"translation":[1.5,6.25,0],"scale":[1.19727,1.19727,1.19727]},"fixed":{"translation":[0,5.25,0]}}}