{"credit":"Made with Blockbench","texture_size":[32,32],"textures":{"0":"custom/general/cosmetics/tools/rainbow_flag","1":"custom/general/cosmetics/tools/flagpole","particle":"custom/general/cosmetics/tools/rainbow_flag"},"elements":[{"from":[7.5,0,14.5],"to":[8.5,23,15.5],"rotation":{"angle":0,"axis":"y","origin":[7,0,14]},"faces":{"north":{"uv":[0,4.5,0.5,16],"texture":"#1"},"east":{"uv":[0,4.5,0.5,16],"texture":"#1"},"south":{"uv":[0,4.5,0.5,16],"texture":"#1"},"west":{"uv":[0,4.5,0.5,16],"texture":"#1"},"up":{"uv":[0,4.5,0.5,5],"texture":"#1"},"down":{"uv":[0,4.5,0.5,5],"texture":"#1"}}},{"from":[8,9,-0.5],"to":[8,23,14.5],"rotation":{"angle":0,"axis":"y","origin":[6,9,-0.5]},"faces":{"north":{"uv":[0,0,0,14],"texture":"#0"},"east":{"uv":[15,0,0,14],"texture":"#0"},"south":{"uv":[0,0,0,14],"texture":"#0"},"west":{"uv":[0,0,15,14],"texture":"#0"},"up":{"uv":[0,0,0,15],"texture":"#0"},"down":{"uv":[0,0,0,15],"texture":"#0"}}},{"from":[7.35,9.85,14.35],"to":[8.65,22.15,15.65],"rotation":{"angle":0,"axis":"y","origin":[7,10,14]},"faces":{"north":{"uv":[1,10,1.5,16],"texture":"#1"},"east":{"uv":[1,10,1.5,16],"texture":"#1"},"south":{"uv":[1,10,1.5,16],"texture":"#1"},"west":{"uv":[1,10,1.5,16],"texture":"#1"},"up":{"uv":[0,0,0.5,0.5],"texture":"#1"},"down":{"uv":[0,0,0.5,0.5],"texture":"#1"}}}],"display":{"thirdperson_righthand":{"rotation":[45,-20,0],"translation":[2.5,6.25,-1.25]},"thirdperson_lefthand":{"rotation":[45,-20,0],"translation":[2.5,6.25,-1.25]},"firstperson_righthand":{"rotation":[-10,0,0],"translation":[0,2.75,0],"scale":[0.5,0.5,0.5]},"firstperson_lefthand":{"rotation":[-10,0,0],"translation":[0,2.75,0],"scale":[0.5,0.5,0.5]},"ground":{"translation":[0,3,-2.25],"scale":[0.3,0.3,0.3]},"gui":{"rotation":[45,-135,45],"translation":[-1,-4.5,0],"scale":[0.7,0.7,0.7]},"head":{"translation":[0,13.5,-1.5]},"fixed":{"translation":[0,-3.25,-7]}}}