{"credit":"Made with Blockbench","texture_size":[32,32],"textures":{"0":"custom/general/cosmetics/tools/selfie_stick","particle":"custom/general/cosmetics/tools/selfie_stick"},"elements":[{"from":[7.5,0,7.5],"to":[8.5,24,8.5],"faces":{"north":{"uv":[15.5,1.5,16,13.5],"texture":"#0"},"east":{"uv":[15.5,1.5,16,13.5],"texture":"#0"},"south":{"uv":[15.5,1.5,16,13.5],"texture":"#0"},"west":{"uv":[15.5,1.5,16,13.5],"texture":"#0"},"up":{"uv":[0,0,0.5,0.5],"texture":"#0"},"down":{"uv":[0,0,0.5,0.5],"texture":"#0"}}},{"from":[7.25,-0.25,7.25],"to":[8.75,6.25,8.75],"faces":{"north":{"uv":[15,10.5,15.5,13.5],"texture":"#0"},"east":{"uv":[15,10.5,15.5,13.5],"texture":"#0"},"south":{"uv":[15,10.5,15.5,13.5],"texture":"#0"},"west":{"uv":[15,10.5,15.5,13.5],"texture":"#0"},"up":{"uv":[0,0,0.5,0.5],"texture":"#0"},"down":{"uv":[15,13,15.5,13.5],"texture":"#0"}}},{"from":[8.75,-0.25,7.25],"to":[7.25,6.25,8.75],"rotation":{"angle":0,"axis":"y","origin":[1.5,0,0]},"faces":{"north":{"uv":[15,10.5,15.5,13.5],"texture":"#0"},"east":{"uv":[15,10.5,15.5,13.5],"texture":"#0"},"south":{"uv":[15,10.5,15.5,13.5],"texture":"#0"},"west":{"uv":[15,10.5,15.5,13.5],"texture":"#0"},"up":{"uv":[0,0,0.5,0.5],"texture":"#0"},"down":{"uv":[15,13,15.5,13.5],"texture":"#0"}}},{"from":[3.7,24.9,9.4],"to":[12.3,25.5,14],"rotation":{"angle":-22.5,"axis":"x","origin":[8,24.7,8.2]},"faces":{"north":{"uv":[11.5,15.5,16,16],"texture":"#0"},"east":{"uv":[11.5,16,12,13.5],"rotation":90,"texture":"#0"},"south":{"uv":[11.5,13.5,16,14],"texture":"#0"},"west":{"uv":[11.5,13.5,12,16],"rotation":90,"texture":"#0"},"up":{"uv":[7,13.5,11.5,16],"texture":"#0"},"down":{"uv":[11.5,13.5,16,16],"texture":"#0"}}},{"from":[3.5,24.7,9.2],"to":[12.5,25.7,14.2],"rotation":{"angle":-22.5,"axis":"x","origin":[8,24.7,8.2]},"faces":{"north":{"uv":[11.5,15.5,16,16],"texture":"#0"},"east":{"uv":[11.5,16,12,13.5],"rotation":90,"texture":"#0"},"south":{"uv":[11.5,13.5,16,14],"texture":"#0"},"west":{"uv":[11.5,13.5,12,16],"rotation":90,"texture":"#0"},"up":{"uv":[7,13.5,11.5,16],"texture":"#0"},"down":{"uv":[2.5,13.5,7,16],"texture":"#0"}}},{"from":[6.5,23.7,7.2],"to":[9.5,26.7,9.2],"rotation":{"angle":-22.5,"axis":"x","origin":[8,24.7,8.2]},"faces":{"north":{"uv":[13.5,8.5,15,10],"texture":"#0"},"east":{"uv":[12.5,12,13.5,13.5],"texture":"#0"},"south":{"uv":[13.5,11,15,12.5],"texture":"#0"},"west":{"uv":[13.5,12,12.5,13.5],"texture":"#0"},"up":{"uv":[13.5,10,15,11],"texture":"#0"},"down":{"uv":[13.5,12.5,15,13.5],"texture":"#0"}}},{"from":[6.5,23.7,14.2],"to":[9.5,26.7,15.2],"rotation":{"angle":-22.5,"axis":"x","origin":[8,24.7,8.2]},"faces":{"north":{"uv":[13.5,4,15,5.5],"texture":"#0"},"east":{"uv":[14.5,4,15,5.5],"texture":"#0"},"south":{"uv":[13.5,4,15,5.5],"texture":"#0"},"west":{"uv":[14.5,4,15,5.5],"texture":"#0"},"up":{"uv":[13.5,5.5,15,6],"texture":"#0"},"down":{"uv":[13.5,5,15,5.5],"texture":"#0"}}},{"from":[6.5,25.7,9.2],"to":[9.5,26.7,14.2],"rotation":{"angle":-22.5,"axis":"x","origin":[8,24.7,8.2]},"faces":{"north":{"uv":[0,0,1.5,0.5],"texture":"#0"},"east":{"uv":[13.5,6,14,8.5],"rotation":90,"texture":"#0"},"south":{"uv":[0,0,1.5,0.5],"texture":"#0"},"west":{"uv":[13.5,8.5,14,6],"rotation":90,"texture":"#0"},"up":{"uv":[13.5,6,15,8.5],"texture":"#0"},"down":{"uv":[0,0,1.5,2.5],"texture":"#0"}}}],"display":{"thirdperson_righthand":{"rotation":[0,-5,-10],"translation":[1.25,7.5,1.5]},"thirdperson_lefthand":{"rotation":[0,-5,-10],"translation":[1.25,7.5,1.5]},"firstperson_righthand":{"rotation":[-60,-10,-20],"translation":[2.5,0,0]},"firstperson_lefthand":{"rotation":[-60,-10,-20],"translation":[2.5,0,0]},"ground":{"rotation":[-45,0,0],"translation":[0,2,0],"scale":[0.3,0.3,0.3]},"gui":{"rotation":[150,171,138],"translation":[-3.5,-4,0],"scale":[0.65,0.65,0.65]},"fixed":{"rotation":[0,180,0],"translation":[0,-5,0]}}}