{"credit":"Made with Blockbench","texture_size":[32,32],"textures":{"1":"custom/general/cosmetics/tools/slush_drink"},"elements":[{"from":[5.5,0.5,5.5],"to":[10.5,10.5,10.5],"rotation":{"angle":0,"axis":"y","origin":[7.5,2,5.5]},"faces":{"north":{"uv":[10,10,12.5,15],"texture":"#1","tintindex":0},"east":{"uv":[10,10,12.5,15],"texture":"#1","tintindex":0},"south":{"uv":[10,10,12.5,15],"texture":"#1","tintindex":0},"west":{"uv":[10,10,12.5,15],"texture":"#1","tintindex":0},"up":{"uv":[10,7.5,12.5,10],"texture":"#1","tintindex":0},"down":{"uv":[10,5,12.5,7.5],"texture":"#1","tintindex":0}}},{"from":[5,0,5],"to":[11,11,11],"rotation":{"angle":0,"axis":"y","origin":[7.5,2,5.5]},"faces":{"north":{"uv":[13,10.5,16,16],"texture":"#1"},"east":{"uv":[13,10.5,16,16],"texture":"#1"},"south":{"uv":[13,10.5,16,16],"texture":"#1"},"west":{"uv":[13,10.5,16,16],"texture":"#1"},"up":{"uv":[13,4.5,16,7.5],"texture":"#1"},"down":{"uv":[13,7.5,16,10.5],"texture":"#1"}}},{"from":[11,0,5],"to":[5,11,11],"rotation":{"angle":0,"axis":"y","origin":[13.5,2,5.5]},"faces":{"north":{"uv":[13,10.5,16,16],"texture":"#1"},"east":{"uv":[13,10.5,16,16],"texture":"#1"},"south":{"uv":[13,10.5,16,16],"texture":"#1"},"west":{"uv":[13,10.5,16,16],"texture":"#1"},"up":{"uv":[13,4.5,16,7.5],"texture":"#1"},"down":{"uv":[13,7.5,16,10.5],"texture":"#1"}}},{"from":[7.5,10,7.5],"to":[8.5,15,8.5],"rotation":{"angle":0,"axis":"y","origin":[8,13,5]},"faces":{"north":{"uv":[12.5,12.5,13,15],"texture":"#1"},"east":{"uv":[12.5,12.5,13,15],"texture":"#1"},"south":{"uv":[12.5,12.5,13,15],"texture":"#1"},"west":{"uv":[12.5,12.5,13,15],"texture":"#1"},"up":{"uv":[0,0,0.5,0.5],"texture":"#1"},"down":{"uv":[0,0,0.5,0.5],"texture":"#1"}}},{"from":[8.5,10,7.5],"to":[7.5,15,8.5],"rotation":{"angle":0,"axis":"y","origin":[9,13,5]},"faces":{"north":{"uv":[12.5,12.5,13,15],"texture":"#1"},"east":{"uv":[12.5,12.5,13,15],"texture":"#1"},"south":{"uv":[12.5,12.5,13,15],"texture":"#1"},"west":{"uv":[12.5,12.5,13,15],"texture":"#1"},"up":{"uv":[0,0,0.5,0.5],"texture":"#1"},"down":{"uv":[0,0,0.5,0.5],"texture":"#1"}}},{"from":[4.5,6.5,4.5],"to":[11.5,8.5,11.5],"rotation":{"angle":0,"axis":"y","origin":[7.5,2,5.5]},"faces":{"north":{"uv":[9.5,15,13,16],"texture":"#1"},"east":{"uv":[9.5,15,13,16],"texture":"#1"},"south":{"uv":[9.5,15,13,16],"texture":"#1"},"west":{"uv":[9.5,15,13,16],"texture":"#1"},"up":{"uv":[0,0,3.5,3.5],"texture":"#1"},"down":{"uv":[0,0,3.5,3.5],"texture":"#1"}}},{"from":[11.5,6.5,4.5],"to":[4.5,8.5,11.5],"rotation":{"angle":0,"axis":"y","origin":[14.5,2,5.5]},"faces":{"north":{"uv":[9.5,15,13,16],"texture":"#1"},"east":{"uv":[9.5,15,13,16],"texture":"#1"},"south":{"uv":[9.5,15,13,16],"texture":"#1"},"west":{"uv":[9.5,15,13,16],"texture":"#1"},"up":{"uv":[0,0,3.5,3.5],"texture":"#1"},"down":{"uv":[0,0,3.5,3.5],"texture":"#1"}}}],"display":{"thirdperson_righthand":{"rotation":[61,35,11],"translation":[-0.25,4.25,3.5],"scale":[0.9,0.9,0.9]},"thirdperson_lefthand":{"rotation":[61,35,11],"translation":[-0.25,4.25,3.5],"scale":[0.9,0.9,0.9]},"firstperson_righthand":{"rotation":[0,26,0],"translation":[1,3.5,0],"scale":[0.6,0.6,0.6]},"firstperson_lefthand":{"rotation":[0,26,0],"translation":[1,3.5,0],"scale":[0.6,0.6,0.6]},"ground":{"translation":[0,3,0],"scale":[0.3,0.3,0.3]},"gui":{"rotation":[30,-135,0],"translation":[0,1.25,0]},"fixed":{"translation":[0,1.5,0]}}}