{"credit":"Made with Blockbench","texture_size":[64,64],"textures":{"1":"custom/general/cosmetics/tools/tiki_staff"},"elements":[{"name":"skull","from":[5,15,-2],"to":[10,20,3],"rotation":{"angle":0,"axis":"y","origin":[4,-2,0]},"faces":{"north":{"uv":[3.75,4,5,5.25],"texture":"#1"},"east":{"uv":[0,4.5,1.25,5.75],"texture":"#1"},"south":{"uv":[1.25,4.5,2.5,5.75],"texture":"#1"},"west":{"uv":[2.5,4.5,3.75,5.75],"texture":"#1"},"up":{"uv":[6,1.25,4.75,0],"texture":"#1"},"down":{"uv":[6,1.25,4.75,2.5],"texture":"#1"}}},{"name":"skull","from":[6,12.25,5],"to":[9,13.25,8],"rotation":{"angle":-22.5,"axis":"x","origin":[4,-2,0]},"faces":{"north":{"uv":[0,5.75,0.75,6],"texture":"#1"},"east":{"uv":[0.75,5.75,1.5,6],"texture":"#1"},"south":{"uv":[1.5,5.75,2.25,6],"texture":"#1"},"west":{"uv":[2.25,5.75,3,6],"texture":"#1"},"up":{"uv":[5,6,4.25,5.25],"texture":"#1"},"down":{"uv":[6.25,2.5,5.5,3.25],"texture":"#1"}}},{"from":[7,0,0],"to":[8,12,1],"rotation":{"angle":0,"axis":"y","origin":[4,0,0]},"faces":{"north":{"uv":[5,2.5,5.25,5.5],"texture":"#1"},"east":{"uv":[5.25,2.5,5.5,5.5],"texture":"#1"},"south":{"uv":[3.75,5.25,4,8.25],"texture":"#1"},"west":{"uv":[4,5.25,4.25,8.25],"texture":"#1"},"up":{"uv":[5,2.75,4.75,2.5],"texture":"#1"},"down":{"uv":[5,2.75,4.75,3],"texture":"#1"}}},{"from":[6.5,12,-0.5],"to":[8.5,14,1.5],"rotation":{"angle":0,"axis":"y","origin":[4,0,0]},"faces":{"north":{"uv":[5.5,3.25,6,3.75],"texture":"#1"},"east":{"uv":[5.5,3.75,6,4.25],"texture":"#1"},"south":{"uv":[5.5,4.25,6,4.75],"texture":"#1"},"west":{"uv":[5.5,4.75,6,5.25],"texture":"#1"},"up":{"uv":[5.5,6,5,5.5],"texture":"#1"},"down":{"uv":[6,5.25,5.5,5.75],"texture":"#1"}}},{"name":"leaf","from":[5,19,0.5],"to":[10,28,0.5],"rotation":{"angle":0,"axis":"y","origin":[4,0,-0.5]},"faces":{"north":{"uv":[0,0,1.25,2.25],"texture":"#1"},"east":{"uv":[0,0,0,2.25],"texture":"#1"},"south":{"uv":[1.25,0,2.5,2.25],"texture":"#1"},"west":{"uv":[0,0,0,2.25],"texture":"#1"},"up":{"uv":[1.25,0,0,0],"texture":"#1"},"down":{"uv":[1.25,0,0,0],"texture":"#1"}}},{"name":"leaf","from":[-7.25,15,0.5],"to":[-2.25,24,0.5],"rotation":{"angle":-45,"axis":"z","origin":[4,0,-0.5]},"faces":{"north":{"uv":[0,2.25,1.25,4.5],"texture":"#1"},"east":{"uv":[0,0,0,2.25],"texture":"#1"},"south":{"uv":[1.25,2.25,2.5,4.5],"texture":"#1"},"west":{"uv":[0,0,0,2.25],"texture":"#1"},"up":{"uv":[1.25,0,0,0],"texture":"#1"},"down":{"uv":[1.25,0,0,0],"texture":"#1"}}},{"name":"leaf","from":[15.25,10,0.5],"to":[20.25,19,0.5],"rotation":{"angle":45,"axis":"z","origin":[4,0,-0.5]},"faces":{"north":{"uv":[2.5,0,3.75,2.25],"texture":"#1"},"east":{"uv":[0,0,0,2.25],"texture":"#1"},"south":{"uv":[2.5,2.25,3.75,4.5],"texture":"#1"},"west":{"uv":[0,0,0,2.25],"texture":"#1"},"up":{"uv":[1.25,0,0,0],"texture":"#1"},"down":{"uv":[1.25,0,0,0],"texture":"#1"}}},{"from":[3,6,0],"to":[7,14,0],"rotation":{"angle":0,"axis":"y","origin":[4,0,0]},"faces":{"north":{"uv":[3.75,0,4.75,2],"texture":"#1"},"east":{"uv":[0,0,0,2],"texture":"#1"},"south":{"uv":[3.75,2,4.75,4],"texture":"#1"},"west":{"uv":[0,0,0,2],"texture":"#1"},"up":{"uv":[1,0,0,0],"texture":"#1"},"down":{"uv":[1,0,0,0],"texture":"#1"}}}],"display":{"thirdperson_righthand":{"rotation":[49,-16,0],"translation":[-1.5,-4,7.5]},"thirdperson_lefthand":{"rotation":[49,-16,0],"translation":[-2.25,-4,7.25]},"firstperson_righthand":{"rotation":[-14,0,0],"translation":[8.25,-5,0]},"firstperson_lefthand":{"rotation":[-14,0,0],"translation":[8.25,-5,0]},"ground":{"translation":[0,0,4.25],"scale":[0.5,0.5,0.5]},"gui":{"rotation":[180,0,-135],"translation":[-2.5,-2.25,0],"scale":[0.6,0.6,0.6]}},"groups":[{"name":"tiki_staff","origin":[8,8,8],"color":0,"children":[0,1,2,3,4,5,6,7]}]}