{"credit":"by w11shes","parent":"custom/factions/weapons/chain_sword/hook_weapon","textures":{"0":"custom/factions/weapons/chain_sword/hook_weapon","particle":"custom/factions/weapons/chain_sword/hook_weapon"},"display":{"thirdperson_righthand":{"rotation":[180,90,0],"translation":[0,0.5,0.25]},"thirdperson_lefthand":{"rotation":[180,-90,0],"translation":[0,0.5,0.25]},"firstperson_righthand":{"rotation":[-165,90,0],"translation":[4.5,-1,-2.25],"scale":[0.6,0.6,0.6]},"firstperson_lefthand":{"rotation":[-165,-90,0],"translation":[4.5,-1,-2.25],"scale":[0.6,0.6,0.6]},"ground":{"translation":[0,6,0],"scale":[0.5,0.5,0.5]},"gui":{"rotation":[-27,-25,-47],"translation":[-2,-1.25,0],"scale":[0.5,0.5,0.5]}}}