{"credit":"by w11shes","textures":{"0":"custom/factions/weapons/chain_sword/hook_weapon","particle":"custom/factions/weapons/chain_sword/hook_weapon"},"elements":[{"from":[6,16,6],"to":[10,18,10],"faces":{"north":{"uv":[1,0,3,1],"texture":"#0"},"east":{"uv":[1,0,3,1],"texture":"#0"},"south":{"uv":[1,0,3,1],"texture":"#0"},"west":{"uv":[1,0,3,1],"texture":"#0"},"up":{"uv":[1,1,3,3],"texture":"#0"},"down":{"uv":[1,3,3,5],"texture":"#0"}}},{"from":[6,4,6],"to":[10,6,10],"faces":{"north":{"uv":[3,0,1,1],"texture":"#0"},"east":{"uv":[3,0,1,1],"texture":"#0"},"south":{"uv":[3,0,1,1],"texture":"#0"},"west":{"uv":[3,0,1,1],"texture":"#0"},"up":{"uv":[1,3,3,1],"texture":"#0"},"down":{"uv":[1,5,3,3],"texture":"#0"}}},{"from":[6.5,-8,8],"to":[9.5,-4,8.02],"faces":{"north":{"uv":[4.5,4,3,6],"texture":"#0"},"south":{"uv":[3,4,4.5,6],"texture":"#0"}}},{"from":[3,18,8],"to":[14,30,8.02],"faces":{"north":{"uv":[10.5,0,16,6],"texture":"#0"},"south":{"uv":[16,0,10.5,6],"texture":"#0"}}},{"from":[7,6,7],"to":[9,16,9],"faces":{"north":{"uv":[0,0,1,5],"texture":"#0"},"east":{"uv":[1,0,0,5],"texture":"#0"},"south":{"uv":[0,0,1,5],"texture":"#0"},"west":{"uv":[1,0,0,5],"texture":"#0"}}},{"from":[6.5,-4,7.5],"to":[9.5,4,8.5],"faces":{"north":{"uv":[4.5,0,3,4],"texture":"#0"},"east":{"uv":[4.5,0,4,4],"texture":"#0"},"south":{"uv":[3,0,4.5,4],"texture":"#0"},"west":{"uv":[3.5,0,3,4],"texture":"#0"},"down":{"uv":[3,3.5,4.5,4],"texture":"#0"}}}],"gui_light":"front","display":{"thirdperson_righthand":{"rotation":[0,-90,0],"translation":[0,-4.5,0.25]},"thirdperson_lefthand":{"rotation":[0,90,0],"translation":[0,-4.5,0.25]},"firstperson_righthand":{"rotation":[15,-90,0],"translation":[3.5,-3.75,-2.25],"scale":[0.6,0.6,0.6]},"firstperson_lefthand":{"rotation":[15,90,0],"translation":[3.5,-3.75,-2.25],"scale":[0.6,0.6,0.6]},"ground":{"translation":[0,6,0],"scale":[0.5,0.5,0.5]},"gui":{"rotation":[-27,-25,-47],"translation":[-2,-1.25,0],"scale":[0.5,0.5,0.5]}}}