{"credit":"Made with Blockbench","textures":{"0":"custom/general/specialitems/parkour_flag","particle":"custom/general/specialitems/parkour_flag"},"elements":[{"from":[13,2,7],"to":[15,18,9],"rotation":{"angle":0,"axis":"y","origin":[0,2,0]},"faces":{"north":{"uv":[0,0,2,16],"texture":"#0"},"east":{"uv":[0,0,1,16],"texture":"#0"},"south":{"uv":[2,0,0,16],"texture":"#0"},"west":{"uv":[1,0,2,16],"texture":"#0"},"up":{"uv":[0,0,2,1],"texture":"#0"},"down":{"uv":[0,14,2,16],"texture":"#0"}}},{"from":[7.8625,5.24304,8],"to":[19.8625,14.24304,8],"rotation":{"angle":22.5,"axis":"z","origin":[6.8625,-1.75696,1.25]},"faces":{"north":{"uv":[4,7,16,16],"texture":"#0"},"east":{"uv":[0,0,0,9],"texture":"#0"},"south":{"uv":[16,7,4,16],"texture":"#0"},"west":{"uv":[0,0,0,9],"texture":"#0"},"up":{"uv":[0,0,12,0],"texture":"#0"},"down":{"uv":[0,0,12,0],"texture":"#0"}}},{"from":[12.5,18,6.5],"to":[15.5,20,9.5],"rotation":{"angle":0,"axis":"y","origin":[0,2,0]},"faces":{"north":{"uv":[13,0,16,2],"texture":"#0"},"east":{"uv":[13,0,14,2],"texture":"#0"},"south":{"uv":[16,0,13,2],"texture":"#0"},"west":{"uv":[15,0,16,2],"texture":"#0"},"up":{"uv":[16,0,13,1],"texture":"#0"},"down":{"uv":[16,1,13,2],"texture":"#0"}}},{"from":[12,0,6],"to":[16,2,10],"faces":{"north":{"uv":[9,0,13,2],"texture":"#0"},"east":{"uv":[9,0,10,2],"texture":"#0"},"south":{"uv":[13,0,9,2],"texture":"#0"},"west":{"uv":[12,0,13,2],"texture":"#0"},"up":{"uv":[5,0,9,4],"texture":"#0"},"down":{"uv":[9,2,13,6],"texture":"#0"}}},{"from":[12.75,8,6.75],"to":[15.25,18,9.25],"rotation":{"angle":0,"axis":"y","origin":[0,1.5,0]},"faces":{"north":{"uv":[4,7,2,16],"texture":"#0"},"east":{"uv":[3,7,4,16],"texture":"#0"},"south":{"uv":[2,7,4,16],"texture":"#0"},"west":{"uv":[2,7,3,16],"texture":"#0"},"up":{"uv":[2,7,4,9],"texture":"#0"},"down":{"uv":[2,7,4,9],"texture":"#0"}}}],"display":{"thirdperson_righthand":{"rotation":[60,-45,0],"translation":[-2.25,2.75,0],"scale":[0.5,0.5,0.5]},"thirdperson_lefthand":{"rotation":[60,135,0],"translation":[-2.25,2.75,0],"scale":[0.5,0.5,0.5]},"firstperson_righthand":{"rotation":[0,-45,0],"translation":[-1.5,4,0],"scale":[0.5,0.5,0.5]},"firstperson_lefthand":{"rotation":[0,135,0],"translation":[-1.5,4,0],"scale":[0.5,0.5,0.5]},"ground":{"translation":[-1.75,3,0.25],"scale":[0.3,0.3,0.3]},"gui":{"rotation":[30,135,0],"translation":[3.25,-3,0],"scale":[0.8,0.8,0.8]},"fixed":{"rotation":[-90,-90,0],"translation":[0,-12,-16],"scale":[2,2,2]}}}