{"credit":"by w11shes","textures":{"0":"custom/factions/weapons/fire_staff/fire_staff","particle":"custom/factions/weapons/fire_staff/fire_staff"},"elements":[{"from":[7,0,7],"to":[9,20,9],"faces":{"north":{"uv":[0,1,1,11],"texture":"#0"},"east":{"uv":[0,1,1,11],"texture":"#0"},"south":{"uv":[0,1,1,11],"texture":"#0"},"west":{"uv":[0,1,1,11],"texture":"#0"}}},{"from":[6,16,6],"to":[10,18,10],"rotation":{"angle":0,"axis":"y","origin":[-0.25,0,-0.25]},"faces":{"north":{"uv":[5,4,7,5],"texture":"#0"},"east":{"uv":[5,4,7,5],"texture":"#0"},"south":{"uv":[5,4,7,5],"texture":"#0"},"west":{"uv":[5,4,7,5],"texture":"#0"},"up":{"uv":[5,2,7,4],"texture":"#0"},"down":{"uv":[7,2,9,4],"texture":"#0"}}},{"from":[6,20,6],"to":[10,23,10],"rotation":{"angle":0,"axis":"y","origin":[-0.25,0,-0.25]},"faces":{"north":{"uv":[1,6,3,7.5],"texture":"#0"},"east":{"uv":[1,6,3,7.5],"texture":"#0"},"south":{"uv":[1,6,3,7.5],"texture":"#0"},"west":{"uv":[1,6,3,7.5],"texture":"#0"},"up":{"uv":[1,4,3,6],"texture":"#0"},"down":{"uv":[3,4,5,6],"texture":"#0"}}},{"from":[4,-3,6],"to":[8,1,10],"rotation":{"angle":45,"axis":"z","origin":[8,1,7]},"faces":{"north":{"uv":[1,0,3,2],"texture":"#0"},"east":{"uv":[5,0,7,2],"texture":"#0"},"south":{"uv":[3,0,1,2],"texture":"#0"},"west":{"uv":[3,4,5,2],"texture":"#0"},"up":{"uv":[3,0,5,2],"texture":"#0"},"down":{"uv":[1,2,3,4],"texture":"#0"}}},{"from":[8,21.2,7],"to":[16,29.2,9],"rotation":{"angle":45,"axis":"z","origin":[8,21.2,7]},"faces":{"north":{"uv":[1,7.5,5,11.5],"texture":"#0"},"east":{"uv":[5,7.5,6,11.5],"texture":"#0"},"south":{"uv":[5,7.5,1,11.5],"texture":"#0"},"west":{"uv":[6,7.5,7,11.5],"texture":"#0"},"up":{"uv":[1,11.5,5,12.5],"texture":"#0"},"down":{"uv":[1,12.5,5,13.5],"texture":"#0"}}},{"from":[9.025,30.725,9.025],"to":[2.975,24.675,6.975],"rotation":{"angle":45,"axis":"z","origin":[8,29.7,9]},"faces":{"east":{"uv":[6,11,7,8],"texture":"#0"},"west":{"uv":[5,11,6,8],"texture":"#0"},"up":{"uv":[4.5,12.5,1.5,13.5],"texture":"#0"},"down":{"uv":[4.5,11.5,1.5,12.5],"texture":"#0"}}},{"from":[7,25,7],"to":[9,27,9],"faces":{"north":{"uv":[13.5,2.5,14.5,3.5],"texture":"#0"},"east":{"uv":[13.5,2.5,14.5,3.5],"texture":"#0"},"south":{"uv":[13.5,2.5,14.5,3.5],"texture":"#0"},"west":{"uv":[13.5,2.5,14.5,3.5],"texture":"#0"},"up":{"uv":[13.5,2.5,14.5,3.5],"texture":"#0"},"down":{"uv":[13.5,2.5,14.5,3.5],"texture":"#0"}}},{"from":[6,24,8],"to":[10,31,8.02],"rotation":{"angle":-45,"axis":"y","origin":[8,0,8]},"faces":{"north":{"uv":[13,0.5,15,4],"texture":"#0"},"south":{"uv":[13,0.5,15,4],"texture":"#0"}}},{"from":[7.98,24,6],"to":[8,31,10],"rotation":{"angle":-45,"axis":"y","origin":[8,0,8]},"faces":{"east":{"uv":[13,0.5,15,4],"texture":"#0"},"west":{"uv":[13,0.5,15,4],"texture":"#0"}}}],"gui_light":"front","display":{"thirdperson_righthand":{"rotation":[0,90,0],"translation":[-0.25,-5.25,1]},"thirdperson_lefthand":{"rotation":[0,90,0],"translation":[-0.25,-5.25,1]},"firstperson_righthand":{"rotation":[14,110,0],"translation":[2.75,-2.25,-2],"scale":[0.6,0.6,0.6]},"firstperson_lefthand":{"rotation":[14,110,0],"translation":[2.75,-2.25,-2],"scale":[0.6,0.6,0.6]},"ground":{"translation":[0,5,0],"scale":[0.5,0.5,0.5]},"gui":{"rotation":[-24,-19,-47],"translation":[-2,-2,0],"scale":[0.5,0.5,0.5]}}}