{"credit":"Made with Blockbench","texture_size":[64,64],"textures":{"0":"custom/general/cosmetics/balloon/balloon","particle":"custom/general/cosmetics/balloon/balloon"},"elements":[{"from":[1,1.5,1],"to":[15,17.5,15],"faces":{"north":{"uv":[0,0,3.5,4],"texture":"#0","tintindex":0},"east":{"uv":[3.5,0,7,4],"texture":"#0","tintindex":0},"south":{"uv":[0,4,3.5,8],"texture":"#0","tintindex":0},"west":{"uv":[3.5,4,7,8],"texture":"#0","tintindex":0},"up":{"uv":[10.5,3.5,7,0],"texture":"#0","tintindex":0},"down":{"uv":[10.5,3.5,7,7],"texture":"#0","tintindex":0}}},{"from":[7,0,7],"to":[9,1,9],"faces":{"north":{"uv":[7.5,7,8,7.25],"texture":"#0","tintindex":0},"east":{"uv":[7.5,7.25,8,7.5],"texture":"#0","tintindex":0},"south":{"uv":[7.5,7.5,8,7.75],"texture":"#0","tintindex":0},"west":{"uv":[7.5,7.75,8,8],"texture":"#0","tintindex":0},"up":{"uv":[7.5,7.5,7,7],"texture":"#0","tintindex":0},"down":{"uv":[7.5,7.5,7,8],"texture":"#0","tintindex":0}}},{"from":[7.5,1,7.5],"to":[8.5,1.5,8.5],"faces":{"north":{"uv":[0,8,0.25,8.25],"texture":"#0"},"east":{"uv":[0.25,8,0.5,8.25],"texture":"#0"},"south":{"uv":[0.5,8,0.75,8.25],"texture":"#0"},"west":{"uv":[0.75,8,1,8.25],"texture":"#0"},"up":{"uv":[1.25,8.25,1,8],"texture":"#0"},"down":{"uv":[1.5,8,1.25,8.25],"texture":"#0"}}}],"gui_light":"front","display":{"gui":{"rotation":[30,-135,0],"translation":[0,-0.75,0],"scale":[0.6,0.6,0.6]},"head":{"translation":[0,-37.25,-2.5]}}}