{"credit":"Made with Blockbench","texture_size":[32,32],"textures":{"0":"custom/general/cosmetics/balloon/default_balloon","particle":"custom/general/cosmetics/balloon/default_balloon"},"elements":[{"from":[1,0,1],"to":[15,14,15],"faces":{"north":{"uv":[9,9,16,16],"texture":"#0","tintindex":0},"east":{"uv":[9,9,16,16],"texture":"#0","tintindex":0},"south":{"uv":[9,9,16,16],"texture":"#0","tintindex":0},"west":{"uv":[9,9,16,16],"texture":"#0","tintindex":0},"up":{"uv":[9,2,16,9],"texture":"#0","tintindex":0},"down":{"uv":[2,9,9,16],"texture":"#0","tintindex":0}}},{"from":[6,-3,6],"to":[10,0,10],"faces":{"north":{"uv":[0,11.5,2,13],"texture":"#0"},"east":{"uv":[0,11.5,2,13],"texture":"#0"},"south":{"uv":[0,11.5,2,13],"texture":"#0"},"west":{"uv":[0,11.5,2,13],"texture":"#0"},"up":{"uv":[0,0,2,2],"texture":"#0"},"down":{"uv":[0,9.5,2,11.5],"texture":"#0","tintindex":0}}},{"from":[5.75,-3.5,5.75],"to":[10.25,-1,10.25],"faces":{"north":{"uv":[0,15,2,16],"texture":"#0","tintindex":0},"east":{"uv":[0,15,2,16],"texture":"#0","tintindex":0},"south":{"uv":[0,15,2,16],"texture":"#0","tintindex":0},"west":{"uv":[0,15,2,16],"texture":"#0","tintindex":0},"up":{"uv":[0,0,2,2],"texture":"#0","tintindex":0},"down":{"uv":[0,13,2,15],"texture":"#0","tintindex":0}}},{"from":[10.25,-3.5,5.75],"to":[5.75,-1,10.25],"faces":{"north":{"uv":[0,15,2,16],"texture":"#0","tintindex":0},"east":{"uv":[0,15,2,16],"texture":"#0","tintindex":0},"south":{"uv":[0,15,2,16],"texture":"#0","tintindex":0},"west":{"uv":[0,15,2,16],"texture":"#0","tintindex":0},"up":{"uv":[0,0,2,2],"texture":"#0","tintindex":0},"down":{"uv":[0,13,2,15],"texture":"#0","tintindex":0}}}],"display":{"thirdperson_righthand":{"rotation":[40,135,0],"translation":[0,3.25,1.5],"scale":[0.5,0.5,0.5]},"thirdperson_lefthand":{"rotation":[40,135,0],"translation":[0,3.25,1.5],"scale":[0.5,0.5,0.5]},"firstperson_righthand":{"rotation":[0,115,0],"translation":[0,2.75,0],"scale":[0.4,0.4,0.4]},"firstperson_lefthand":{"rotation":[0,115,0],"translation":[0,2.75,0],"scale":[0.4,0.4,0.4]},"ground":{"translation":[0,3,0],"scale":[0.3,0.3,0.3]},"gui":{"rotation":[30,-135,0],"translation":[0,0.5,0],"scale":[0.7,0.7,0.7]},"head":{"translation":[0,-33,-0.75],"scale":[1.5,1.5,1.5]},"fixed":{"translation":[0,2.25,0]}}}