{"credit":"Made with Blockbench","texture_size":[256,256],"textures":{"0":"custom/general/decoration/garden/outdoor_dyeable_umbrella","particle":"custom/general/decoration/garden/outdoor_dyeable_umbrella"},"elements":[{"from":[-14,0,-14],"to":[30,0,30],"faces":{"north":{"uv":[2.75,6.0625,5.5,6.0625],"texture":"#0"},"east":{"uv":[0,6.0625,2.75,6.0625],"texture":"#0"},"south":{"uv":[8.25,6.0625,11,6.0625],"texture":"#0"},"west":{"uv":[5.5,6.0625,8.25,6.0625],"texture":"#0"},"up":{"uv":[5.5,6.0625,2.75,3.3125],"texture":"#0"},"down":{"uv":[8.25,3.3125,5.5,6.0625],"texture":"#0"}}},{"from":[-14,-5,-14],"to":[30,3,30],"faces":{"north":{"uv":[2.75,2.75,5.5,3.25],"texture":"#0"},"east":{"uv":[0,2.75,2.75,3.25],"texture":"#0"},"south":{"uv":[8.25,2.75,11,3.25],"texture":"#0"},"west":{"uv":[5.5,2.75,8.25,3.25],"texture":"#0"},"up":{"uv":[5.5,2.75,2.75,0],"texture":"#0"},"down":{"uv":[8.25,0,5.5,2.75],"texture":"#0"}}},{"name":"cube inverted","from":[30,3,30],"to":[-14,-5,-14],"faces":{"north":{"uv":[8.25,3.25,11,2.75],"texture":"#0"},"east":{"uv":[5.5,3.25,8.25,2.75],"texture":"#0"},"south":{"uv":[2.75,3.25,5.5,2.75],"texture":"#0"},"west":{"uv":[0,3.25,2.75,2.75],"texture":"#0"},"up":{"uv":[5.5,0,8.25,2.75],"texture":"#0"},"down":{"uv":[2.75,2.75,5.5,0],"texture":"#0"}}},{"from":[-14,-5,-14],"to":[30,3,30],"faces":{"north":{"uv":[2.75,8.8125,5.5,9.3125],"texture":"#0","tintindex":0},"east":{"uv":[0,8.8125,2.75,9.3125],"texture":"#0","tintindex":0},"south":{"uv":[8.25,8.8125,11,9.3125],"texture":"#0","tintindex":0},"west":{"uv":[5.5,8.8125,8.25,9.3125],"texture":"#0","tintindex":0},"up":{"uv":[5.5,8.8125,2.75,6.0625],"texture":"#0","tintindex":0},"down":{"uv":[8.25,6.0625,5.5,8.8125],"texture":"#0","tintindex":0}}},{"name":"cube inverted","from":[30,3,30],"to":[-14,-5,-14],"faces":{"north":{"uv":[8.25,9.3125,11,8.8125],"texture":"#0","tintindex":0},"east":{"uv":[5.5,9.3125,8.25,8.8125],"texture":"#0","tintindex":0},"south":{"uv":[2.75,9.3125,5.5,8.8125],"texture":"#0","tintindex":0},"west":{"uv":[0,9.3125,2.75,8.8125],"texture":"#0","tintindex":0},"up":{"uv":[5.5,6.0625,8.25,8.8125],"texture":"#0","tintindex":0},"down":{"uv":[2.75,8.8125,5.5,6.0625],"texture":"#0","tintindex":0}}}],"display":{"thirdperson_righthand":{"rotation":[60,-160,0],"translation":[0,15,0.25],"scale":[-0.6,0.6,-0.6]},"thirdperson_lefthand":{"rotation":[60,-160,0],"translation":[0,15,0.25],"scale":[-0.6,0.6,-0.6]},"firstperson_righthand":{"rotation":[0,-73,6],"translation":[0,1.5,0],"scale":[-0.4,0.4,-0.4]},"firstperson_lefthand":{"rotation":[0,-73,6],"translation":[0,1.5,0],"scale":[-0.4,0.4,-0.4]},"ground":{"translation":[0,1.5,0],"scale":[0.35,0.35,0.35]},"gui":{"rotation":[30,-135,0],"translation":[0,1.75,0],"scale":[-0.25,0.25,-0.25]},"head":{"translation":[0,30,0]},"fixed":{"rotation":[90,0,-180],"translation":[0,0,-16],"scale":[2,2,2]}},"groups":[0,{"name":"white_stripes","origin":[0,0,0],"color":0,"nbt":"{}","armAnimationEnabled":false,"children":[1,2]},{"name":"dyeable_stripes","origin":[0,0,0],"color":0,"nbt":"{}","armAnimationEnabled":false,"children":[3,4]}]}