{"credit":"Made with Blockbench","texture_size":[64,64],"textures":{"0":"custom/general/decoration/garden/park_bench","particle":"custom/general/decoration/garden/park_bench"},"elements":[{"from":[2,0,-6],"to":[4,6,-4],"faces":{"north":{"uv":[3,5,3.5,6.5],"texture":"#0"},"east":{"uv":[3.5,5,4,6.5],"texture":"#0"},"south":{"uv":[4,5,4.5,6.5],"texture":"#0"},"west":{"uv":[5.25,2,5.75,3.5],"texture":"#0"},"up":{"uv":[5.75,4,5.25,3.5],"texture":"#0"},"down":{"uv":[5.75,4,5.25,4.5],"texture":"#0"}}},{"from":[12,0,-6],"to":[14,6,-4],"rotation":{"angle":0,"axis":"y","origin":[16,0,0]},"faces":{"north":{"uv":[3.5,5,3,6.5],"texture":"#0"},"east":{"uv":[5.75,2,5.25,3.5],"texture":"#0"},"south":{"uv":[4.5,5,4,6.5],"texture":"#0"},"west":{"uv":[4,5,3.5,6.5],"texture":"#0"},"up":{"uv":[5.25,4,5.75,3.5],"texture":"#0"},"down":{"uv":[5.25,4,5.75,4.5],"texture":"#0"}}},{"from":[12,0,20],"to":[14,6,22],"rotation":{"angle":0,"axis":"y","origin":[16,0,16]},"faces":{"north":{"uv":[4,5,4.5,6.5],"texture":"#0"},"east":{"uv":[5.25,2,5.75,3.5],"texture":"#0"},"south":{"uv":[3,5,3.5,6.5],"texture":"#0"},"west":{"uv":[3.5,5,4,6.5],"texture":"#0"},"up":{"uv":[5.25,3.5,5.75,4],"texture":"#0"},"down":{"uv":[5.25,4.5,5.75,4],"texture":"#0"}}},{"from":[2,0,20],"to":[4,6,22],"rotation":{"angle":0,"axis":"y","origin":[0,0,16]},"faces":{"north":{"uv":[4.5,5,4,6.5],"texture":"#0"},"east":{"uv":[4,5,3.5,6.5],"texture":"#0"},"south":{"uv":[3.5,5,3,6.5],"texture":"#0"},"west":{"uv":[5.75,2,5.25,3.5],"texture":"#0"},"up":{"uv":[5.75,3.5,5.25,4],"texture":"#0"},"down":{"uv":[5.75,4.5,5.25,4],"texture":"#0"}}},{"from":[1,6,-6],"to":[14,8,-4],"faces":{"north":{"uv":[1.5,3,4.75,3.5],"texture":"#0"},"east":{"uv":[5.25,4.5,5.75,5],"texture":"#0"},"south":{"uv":[1.5,3.5,4.75,4],"texture":"#0"},"west":{"uv":[5.25,5,5.75,5.5],"texture":"#0"},"up":{"uv":[4.75,4.5,1.5,4],"texture":"#0"},"down":{"uv":[4.75,4.5,1.5,5],"texture":"#0"}}},{"from":[1,6.5,-4],"to":[4,7.5,20],"faces":{"north":{"uv":[5.75,2.5,6.5,2.75],"texture":"#0"},"east":{"uv":[5.25,1.5,11.25,1.75],"texture":"#0"},"south":{"uv":[5.75,2.75,6.5,3],"texture":"#0"},"west":{"uv":[5.25,1.75,11.25,2],"texture":"#0"},"up":{"uv":[0.75,6,0,0],"texture":"#0"},"down":{"uv":[1.5,0,0.75,6],"texture":"#0"}}},{"from":[5,6.5,-4],"to":[8,7.5,20],"rotation":{"angle":0,"axis":"y","origin":[0,0,16]},"faces":{"north":{"uv":[6.5,2.75,5.75,3],"texture":"#0"},"east":{"uv":[11.25,1.5,5.25,1.75],"texture":"#0"},"south":{"uv":[6.5,2.5,5.75,2.75],"texture":"#0"},"west":{"uv":[11.25,1.75,5.25,2],"texture":"#0"},"up":{"uv":[0.75,0,0,6],"texture":"#0"},"down":{"uv":[1.5,6,0.75,0],"texture":"#0"}}},{"from":[9,6.5,-4],"to":[12,7.5,20],"rotation":{"angle":0,"axis":"y","origin":[16,0,0]},"faces":{"north":{"uv":[6.5,2.5,5.75,2.75],"texture":"#0"},"east":{"uv":[11.25,1.75,5.25,2],"texture":"#0"},"south":{"uv":[6.5,2.75,5.75,3],"texture":"#0"},"west":{"uv":[11.25,1.5,5.25,1.75],"texture":"#0"},"up":{"uv":[0,6,0.75,0],"texture":"#0"},"down":{"uv":[0.75,0,1.5,6],"texture":"#0"}}},{"from":[13,7.5,-4],"to":[14,10.5,20],"rotation":{"angle":-22.5,"axis":"z","origin":[13.5,7,8]},"faces":{"north":{"uv":[4.5,5,4.75,5.75],"texture":"#0"},"east":{"uv":[1.5,0,7.5,0.75],"texture":"#0"},"south":{"uv":[5.75,3,6,3.75],"texture":"#0"},"west":{"uv":[1.5,0.75,7.5,1.5],"texture":"#0"},"up":{"uv":[2.75,11,2.5,5],"texture":"#0"},"down":{"uv":[3,5,2.75,11],"texture":"#0"}}},{"from":[13,11.5,-4],"to":[14,14.5,20],"rotation":{"angle":-22.5,"axis":"z","origin":[13.5,7,8]},"faces":{"north":{"uv":[6,3,5.75,3.75],"texture":"#0"},"east":{"uv":[7.5,0,1.5,0.75],"texture":"#0"},"south":{"uv":[4.75,5,4.5,5.75],"texture":"#0"},"west":{"uv":[7.5,0.75,1.5,1.5],"texture":"#0"},"up":{"uv":[2.75,5,2.5,11],"texture":"#0"},"down":{"uv":[3,11,2.75,5],"texture":"#0"}}},{"from":[13,15.5,-4],"to":[14,18.5,20],"rotation":{"angle":-22.5,"axis":"z","origin":[13.5,7,8]},"faces":{"north":{"uv":[4.5,5,4.75,5.75],"texture":"#0"},"east":{"uv":[1.5,0,7.5,0.75],"texture":"#0"},"south":{"uv":[5.75,3,6,3.75],"texture":"#0"},"west":{"uv":[1.5,0.75,7.5,1.5],"texture":"#0"},"up":{"uv":[2.75,11,2.5,5],"texture":"#0"},"down":{"uv":[3,5,2.75,11],"texture":"#0"}}},{"from":[1,8,-5],"to":[14,11,-5],"faces":{"north":{"uv":[1.5,1.5,4.75,2.25],"texture":"#0"},"east":{"uv":[0,0,0,0.75],"texture":"#0"},"south":{"uv":[1.5,2.25,4.75,3],"texture":"#0"},"west":{"uv":[0,0,0,0.75],"texture":"#0"},"up":{"uv":[3.25,0,0,0],"texture":"#0"},"down":{"uv":[3.25,0,0,0],"texture":"#0"}}},{"from":[11.875,8.575,-6.05],"to":[13.875,21.575,-3.975],"rotation":{"angle":-22.5,"axis":"z","origin":[7.5,7,-5]},"faces":{"north":{"uv":[4.75,1.5,5.25,4.75],"texture":"#0"},"east":{"uv":[4.75,4.75,5.25,8],"texture":"#0"},"south":{"uv":[1.5,5,2,8.25],"texture":"#0"},"west":{"uv":[2,5,2.5,8.25],"texture":"#0"},"up":{"uv":[5.75,6,5.25,5.5],"texture":"#0"},"down":{"uv":[6.25,2,5.75,2.5],"texture":"#0"}}},{"from":[1,8,21],"to":[14,11,21],"rotation":{"angle":0,"axis":"y","origin":[0,0,16]},"faces":{"north":{"uv":[4.75,2.25,1.5,3],"texture":"#0"},"east":{"uv":[0,0,0,0.75],"texture":"#0"},"south":{"uv":[4.75,1.5,1.5,2.25],"texture":"#0"},"west":{"uv":[0,0,0,0.75],"texture":"#0"},"up":{"uv":[3.25,0,0,0],"texture":"#0"},"down":{"uv":[3.25,0,0,0],"texture":"#0"}}},{"from":[1,6,20],"to":[14,8,22],"rotation":{"angle":0,"axis":"y","origin":[0,0,16]},"faces":{"north":{"uv":[4.75,3.5,1.5,4],"texture":"#0"},"east":{"uv":[5.75,4.5,5.25,5],"texture":"#0"},"south":{"uv":[4.75,3,1.5,3.5],"texture":"#0"},"west":{"uv":[5.75,5,5.25,5.5],"texture":"#0"},"up":{"uv":[4.75,4,1.5,4.5],"texture":"#0"},"down":{"uv":[4.75,5,1.5,4.5],"texture":"#0"}}},{"from":[11.875,8.575,19.975],"to":[13.875,21.575,22.05],"rotation":{"angle":-22.5,"axis":"z","origin":[7.5,7,21]},"faces":{"north":{"uv":[2,5,1.5,8.25],"texture":"#0"},"east":{"uv":[5.25,4.75,4.75,8],"texture":"#0"},"south":{"uv":[5.25,1.5,4.75,4.75],"texture":"#0"},"west":{"uv":[2.5,5,2,8.25],"texture":"#0"},"up":{"uv":[5.75,5.5,5.25,6],"texture":"#0"},"down":{"uv":[6.25,2.5,5.75,2],"texture":"#0"}}}],"display":{"thirdperson_righthand":{"rotation":[0,-80,0],"translation":[0,0,-1.25],"scale":[0.3,0.3,0.3]},"thirdperson_lefthand":{"rotation":[0,80,0],"translation":[0,0,-1.25],"scale":[0.3,0.3,0.3]},"firstperson_righthand":{"translation":[0.5,0,0],"scale":[0.3,0.3,0.3]},"firstperson_lefthand":{"rotation":[0,-180,0],"translation":[0.5,0,0],"scale":[0.3,0.3,0.3]},"ground":{"scale":[0.5,0.5,0.5]},"gui":{"rotation":[30,135,0],"translation":[0.5,-0.75,0],"scale":[0.4,0.4,0.4]},"head":{"rotation":[0,-90,0],"translation":[0,14.5,0]},"fixed":{"rotation":[-90,-180,0],"translation":[0,16,-18.25],"scale":[2.3,2.3,2.3]}},"groups":[{"name":"group","origin":[8,8,8],"color":0,"children":[0,1,2,3,4,5,6,7,8,9,10,11,12,13,14,15]}]}