{"credit":"Made with Blockbench","texture_size":[64,64],"textures":{"0":"custom/general/decoration/garden/solarpanel"},"elements":[{"from":[-4.1085,26.96684,7],"to":[6.3915,28.46684,32],"rotation":{"angle":-22.5,"axis":"x","origin":[-0.4085,-5.78316,25.25]},"faces":{"north":{"uv":[6.75,10,9.5,10.5],"texture":"#0"},"east":{"uv":[8.25,4,14.5,4.5],"texture":"#0"},"south":{"uv":[9.5,10,12.25,10.5],"texture":"#0"},"west":{"uv":[8.25,4.5,14.5,5],"texture":"#0"},"up":{"uv":[2.75,6.25,0,0],"texture":"#0"},"down":{"uv":[5.5,0,2.75,6.25],"texture":"#0"}}},{"from":[9.7915,26.96684,7],"to":[20.2915,28.46684,32],"rotation":{"angle":-22.5,"axis":"x","origin":[-0.4085,-5.78316,25.25]},"faces":{"north":{"uv":[10.25,0,13,0.5],"texture":"#0"},"east":{"uv":[8.25,5,14.5,5.5],"texture":"#0"},"south":{"uv":[10.25,0.5,13,1],"texture":"#0"},"west":{"uv":[8.25,5.5,14.5,6],"texture":"#0"},"up":{"uv":[8.25,6.25,5.5,0],"texture":"#0"},"down":{"uv":[2.75,6.25,0,12.5],"texture":"#0"}}},{"from":[21.08728,19.6677,6.75],"to":[24.08728,21.4177,9.25],"rotation":{"angle":22.5,"axis":"z","origin":[16.08728,2.8677,8]},"faces":{"north":{"uv":[11.25,8.75,12,9.25],"texture":"#0"},"east":{"uv":[11.25,9.25,12,9.75],"texture":"#0"},"south":{"uv":[10.75,11.25,11.5,11.75],"texture":"#0"},"west":{"uv":[11.5,3,12.25,3.5],"texture":"#0"},"up":{"uv":[11.5,3.75,10.75,3],"texture":"#0"},"down":{"uv":[11.5,6,10.75,6.75],"texture":"#0"}}},{"from":[-8,26.55795,6.75],"to":[-5,28.30795,9.25],"rotation":{"angle":-22.5,"axis":"z","origin":[-16.92601,8.60795,8]},"faces":{"north":{"uv":[11.5,6,12.25,6.5],"texture":"#0"},"east":{"uv":[11.5,6.5,12.25,7],"texture":"#0"},"south":{"uv":[11.5,7,12.25,7.5],"texture":"#0"},"west":{"uv":[11.5,7.5,12.25,8],"texture":"#0"},"up":{"uv":[11.5,7.5,10.75,6.75],"texture":"#0"},"down":{"uv":[11.5,7.5,10.75,8.25],"texture":"#0"}}},{"from":[15.57755,20.15509,7.5],"to":[23.57755,21.15509,8.5],"rotation":{"angle":22.5,"axis":"z","origin":[17.57755,1.65509,8]},"faces":{"north":{"uv":[8.25,6,10.25,6.25],"texture":"#0"},"east":{"uv":[11.5,3.5,11.75,3.75],"texture":"#0"},"south":{"uv":[10.75,8.25,12.75,8.5],"texture":"#0"},"west":{"uv":[11.5,8,11.75,8.25],"texture":"#0"},"up":{"uv":[12.75,8.75,10.75,8.5],"texture":"#0"},"down":{"uv":[12.75,10.5,10.75,10.75],"texture":"#0"}}},{"from":[-6.43574,25.89534,7.5],"to":[1.56426,26.89534,8.5],"rotation":{"angle":-22.5,"axis":"z","origin":[-15.43574,7.39534,8]},"faces":{"north":{"uv":[10.75,10.75,12.75,11],"texture":"#0"},"east":{"uv":[8.75,11.5,9,11.75],"texture":"#0"},"south":{"uv":[8.75,11,10.75,11.25],"texture":"#0"},"west":{"uv":[9,11.5,9.25,11.75],"texture":"#0"},"up":{"uv":[12.75,11.25,10.75,11],"texture":"#0"},"down":{"uv":[10.75,11.25,8.75,11.5],"texture":"#0"}}},{"from":[7,9,7],"to":[9,20,9],"rotation":{"angle":0,"axis":"y","origin":[8,-2,8]},"faces":{"north":{"uv":[10.25,1,10.75,3.75],"texture":"#0"},"east":{"uv":[10.25,6,10.75,8.75],"texture":"#0"},"south":{"uv":[6.75,10.5,7.25,13.25],"texture":"#0"},"west":{"uv":[7.25,10.5,7.75,13.25],"texture":"#0"},"up":{"uv":[8.25,12,7.75,11.5],"texture":"#0"},"down":{"uv":[8.75,11.5,8.25,12],"texture":"#0"}}},{"from":[6,0,6],"to":[10,13,10],"rotation":{"angle":0,"axis":"y","origin":[8,-2,8]},"faces":{"north":{"uv":[2.75,10,3.75,13.25],"texture":"#0"},"east":{"uv":[3.75,10,4.75,13.25],"texture":"#0"},"south":{"uv":[4.75,10,5.75,13.25],"texture":"#0"},"west":{"uv":[5.75,10,6.75,13.25],"texture":"#0"},"up":{"uv":[11.25,9.75,10.25,8.75],"texture":"#0"},"down":{"uv":[8.75,10.5,7.75,11.5],"texture":"#0"}}},{"from":[4,0.1,4],"to":[12,1.75,12],"rotation":{"angle":0,"axis":"y","origin":[8,-2,8]},"faces":{"north":{"uv":[8.75,10.5,10.75,11],"texture":"#0"},"east":{"uv":[10.75,1,12.75,1.5],"texture":"#0"},"south":{"uv":[10.75,1.5,12.75,2],"texture":"#0"},"west":{"uv":[10.75,2,12.75,2.5],"texture":"#0"},"up":{"uv":[10.25,2,8.25,0],"texture":"#0"},"down":{"uv":[10.25,2,8.25,4],"texture":"#0"}}},{"from":[0.5,0,0.5],"to":[15.5,1,15.5],"rotation":{"angle":0,"axis":"y","origin":[8,-2,8]},"faces":{"north":{"uv":[10.25,3.75,14,4],"texture":"#0"},"east":{"uv":[10.25,9.75,14,10],"texture":"#0"},"south":{"uv":[10.75,2.5,14.5,2.75],"texture":"#0"},"west":{"uv":[10.75,2.75,14.5,3],"texture":"#0"},"up":{"uv":[6.5,10,2.75,6.25],"texture":"#0"},"down":{"uv":[10.25,6.25,6.5,10],"texture":"#0"}}}],"display":{"thirdperson_righthand":{"scale":[0.5,0.5,0.5]},"thirdperson_lefthand":{"scale":[0.5,0.5,0.5]},"firstperson_righthand":{"scale":[0.5,0.5,0.5]},"firstperson_lefthand":{"scale":[0.5,0.5,0.5]},"ground":{"scale":[0.3,0.3,0.3]},"gui":{"rotation":[30,-135,0],"translation":[0,-2.75,0],"scale":[0.4,0.4,0.4]},"head":{"translation":[0,14.5,0]},"fixed":{"rotation":[-90,-90,0],"translation":[0,0,-16],"scale":[2,2,2]}},"groups":[{"name":"SolarPanels","origin":[0,-2,0],"color":0,"children":[{"name":"arms","origin":[0,1.75,0],"color":0,"children":[{"name":"panels","origin":[-23.18574,-19.35466,17.75],"color":0,"children":[0,1]},2,3,4,5]},6,7,8,9]}]}