{"credit":"Made with Blockbench","textures":{"1":"custom/general/decoration/dungeon/candle_holder","particle":"custom/general/decoration/dungeon/candle_holder"},"elements":[{"from":[7,1,7],"to":[9,4,9],"faces":{"north":{"uv":[4,6,6,9],"texture":"#1"},"east":{"uv":[6,6,8,9],"texture":"#1","tintindex":0},"south":{"uv":[0,8,2,11],"texture":"#1","tintindex":0},"west":{"uv":[8,0,10,3],"texture":"#1"},"up":{"uv":[4,10,2,8],"texture":"#1"},"down":{"uv":[10,3,8,5],"texture":"#1"}}},{"from":[8,4,7.5],"to":[8,5,8.5],"rotation":{"angle":0,"axis":"y","origin":[13,23,10]},"faces":{"north":{"uv":[0,0,0,1],"texture":"#1"},"east":{"uv":[6,9,7,10],"texture":"#1"},"south":{"uv":[0,0,0,1],"texture":"#1"},"west":{"uv":[7,9,8,10],"texture":"#1"},"up":{"uv":[0,1,0,0],"texture":"#1"},"down":{"uv":[0,0,0,1],"texture":"#1"}}},{"from":[7.5,4,8],"to":[8.5,5,8],"rotation":{"angle":0,"axis":"y","origin":[13,23,10]},"faces":{"north":{"uv":[4,9,5,10],"texture":"#1"},"east":{"uv":[0,0,0,1],"texture":"#1"},"south":{"uv":[5,9,6,10],"texture":"#1"},"west":{"uv":[0,0,0,1],"texture":"#1"},"up":{"uv":[1,0,0,0],"texture":"#1"},"down":{"uv":[1,0,0,0],"texture":"#1"}}},{"from":[6,0,6],"to":[10,1,10],"faces":{"north":{"uv":[8,5,12,6],"texture":"#1"},"east":{"uv":[8,6,12,7],"texture":"#1"},"south":{"uv":[8,7,12,8],"texture":"#1"},"west":{"uv":[8,8,12,9],"texture":"#1"},"up":{"uv":[4,4,0,0],"texture":"#1"},"down":{"uv":[4,4,0,8],"texture":"#1"}}},{"from":[8,0,3],"to":[8,3,7],"faces":{"north":{"uv":[0,0,0,3],"texture":"#1"},"east":{"uv":[4,0,8,3],"texture":"#1"},"south":{"uv":[0,0,0,3],"texture":"#1"},"west":{"uv":[4,3,8,6],"texture":"#1"},"up":{"uv":[0,4,0,0],"texture":"#1"},"down":{"uv":[0,0,0,4],"texture":"#1"}}}],"display":{"thirdperson_righthand":{"rotation":[75,45,0],"translation":[0,2.5,0],"scale":[0.375,0.375,0.375]},"thirdperson_lefthand":{"rotation":[75,45,0],"translation":[0,2.5,0],"scale":[0.375,0.375,0.375]},"firstperson_righthand":{"rotation":[0,45,0],"scale":[0.4,0.4,0.4]},"firstperson_lefthand":{"rotation":[0,225,0],"scale":[0.4,0.4,0.4]},"ground":{"translation":[0,3,0],"scale":[0.25,0.25,0.25]},"gui":{"rotation":[30,45,0],"translation":[0.25,4.75,0]},"head":{"translation":[0,14.5,0]},"fixed":{"rotation":[-90,-90,0],"translation":[0,0,-16],"scale":[2,2,2]}}}