{"credit":"Made with Blockbench","texture_size":[64,64],"textures":{"3":"custom/general/decoration/dungeon/tombstone"},"elements":[{"from":[2,1,12],"to":[14,16,15],"faces":{"north":{"uv":[0,0,3,3.75],"texture":"#3"},"east":{"uv":[0,4.75,0.75,8.5],"texture":"#3"},"south":{"uv":[3,0,6,3.75],"texture":"#3"},"west":{"uv":[0.75,4.75,1.5,8.5],"texture":"#3"},"up":{"uv":[4.5,5.5,1.5,4.75],"texture":"#3"},"down":{"uv":[7.5,4.75,4.5,5.5],"texture":"#3"}}},{"from":[1.5,0,11.5],"to":[14.5,2,15.5],"faces":{"north":{"uv":[1.5,5.5,4.75,6],"texture":"#3"},"east":{"uv":[6.5,0,7.5,0.5],"texture":"#3"},"south":{"uv":[4.75,5.5,8,6],"texture":"#3"},"west":{"uv":[6.5,0.5,7.5,1],"texture":"#3"},"up":{"uv":[3.25,4.75,0,3.75],"texture":"#3"},"down":{"uv":[6.5,3.75,3.25,4.75],"texture":"#3"}}},{"from":[13,0,10],"to":[15,6,12],"faces":{"north":{"uv":[6,2,6.5,3.5],"texture":"#3"},"east":{"uv":[3,6,3.5,7.5],"texture":"#3","tintindex":0},"south":{"uv":[3.5,6,4,7.5],"texture":"#3","tintindex":0},"west":{"uv":[4,6,4.5,7.5],"texture":"#3"},"up":{"uv":[7,4.5,6.5,4],"texture":"#3"},"down":{"uv":[7,6,6.5,6.5],"texture":"#3"}}},{"from":[1,0,10],"to":[3,8,12],"faces":{"north":{"uv":[6,0,6.5,2],"texture":"#3"},"east":{"uv":[1.5,6,2,8],"texture":"#3","tintindex":0},"south":{"uv":[2,6,2.5,8],"texture":"#3","tintindex":0},"west":{"uv":[2.5,6,3,8],"texture":"#3"},"up":{"uv":[7.5,2,7,1.5],"texture":"#3"},"down":{"uv":[7.5,2,7,2.5],"texture":"#3"}}},{"from":[14,0,12],"to":[16,3,14],"faces":{"north":{"uv":[6.5,1,7,1.75],"texture":"#3"},"east":{"uv":[6.5,1.75,7,2.5],"texture":"#3","tintindex":0},"south":{"uv":[6.5,2.5,7,3.25],"texture":"#3","tintindex":0},"west":{"uv":[6.5,3.25,7,4],"texture":"#3"},"up":{"uv":[7,7,6.5,6.5],"texture":"#3"},"down":{"uv":[7.5,1,7,1.5],"texture":"#3"}}},{"from":[13.5,6,11],"to":[14.5,7,11],"rotation":{"angle":0,"axis":"y","origin":[13,23,10]},"faces":{"north":{"uv":[6,3.5,6.25,3.75],"texture":"#3"},"east":{"uv":[0,0,0,0.25],"texture":"#3"},"south":{"uv":[6.25,3.5,6.5,3.75],"texture":"#3"},"west":{"uv":[0,0,0,0.25],"texture":"#3"},"up":{"uv":[0.25,0,0,0],"texture":"#3"},"down":{"uv":[0.25,0,0,0],"texture":"#3"}}},{"from":[14,6,10.5],"to":[14,7,11.5],"rotation":{"angle":0,"axis":"y","origin":[13,23,10]},"faces":{"north":{"uv":[0,0,0,0.25],"texture":"#3"},"east":{"uv":[6.5,4.5,6.75,4.75],"texture":"#3"},"south":{"uv":[0,0,0,0.25],"texture":"#3"},"west":{"uv":[6.75,4.5,7,4.75],"texture":"#3"},"up":{"uv":[0,0.25,0,0],"texture":"#3"},"down":{"uv":[0,0,0,0.25],"texture":"#3"}}},{"from":[1.5,8,11],"to":[2.5,9,11],"rotation":{"angle":0,"axis":"y","origin":[13,23,10]},"faces":{"north":{"uv":[7,6.25,7.25,6.5],"texture":"#3"},"east":{"uv":[0,0,0,0.25],"texture":"#3"},"south":{"uv":[6.5,7,6.75,7.25],"texture":"#3"},"west":{"uv":[0,0,0,0.25],"texture":"#3"},"up":{"uv":[0.25,0,0,0],"texture":"#3"},"down":{"uv":[0.25,0,0,0],"texture":"#3"}}},{"from":[2,8,10.5],"to":[2,9,11.5],"rotation":{"angle":0,"axis":"y","origin":[13,23,10]},"faces":{"north":{"uv":[0,0,0,0.25],"texture":"#3"},"east":{"uv":[7,4.5,7.25,4.75],"texture":"#3"},"south":{"uv":[0,0,0,0.25],"texture":"#3"},"west":{"uv":[7,6,7.25,6.25],"texture":"#3"},"up":{"uv":[0,0.25,0,0],"texture":"#3"},"down":{"uv":[0,0,0,0.25],"texture":"#3"}}},{"from":[15,3,12.5],"to":[15,4,13.5],"rotation":{"angle":0,"axis":"y","origin":[13,23,10]},"faces":{"north":{"uv":[0,0,0,0.25],"texture":"#3"},"east":{"uv":[7,4,7.25,4.25],"texture":"#3"},"south":{"uv":[0,0,0,0.25],"texture":"#3"},"west":{"uv":[7,4.25,7.25,4.5],"texture":"#3"},"up":{"uv":[0,0.25,0,0],"texture":"#3"},"down":{"uv":[0,0,0,0.25],"texture":"#3"}}},{"from":[14.5,3,13],"to":[15.5,4,13],"rotation":{"angle":0,"axis":"y","origin":[13,23,10]},"faces":{"north":{"uv":[7,3.5,7.25,3.75],"texture":"#3"},"east":{"uv":[0,0,0,0.25],"texture":"#3"},"south":{"uv":[7,3.75,7.25,4],"texture":"#3"},"west":{"uv":[0,0,0,0.25],"texture":"#3"},"up":{"uv":[0.25,0,0,0],"texture":"#3"},"down":{"uv":[0.25,0,0,0],"texture":"#3"}}},{"from":[0,0,12],"to":[2,5,14],"faces":{"north":{"uv":[4.5,6,5,7.25],"texture":"#3"},"east":{"uv":[5,6,5.5,7.25],"texture":"#3","tintindex":0},"south":{"uv":[5.5,6,6,7.25],"texture":"#3","tintindex":0},"west":{"uv":[6,6,6.5,7.25],"texture":"#3"},"up":{"uv":[7.5,3,7,2.5],"texture":"#3"},"down":{"uv":[7.5,3,7,3.5],"texture":"#3"}}},{"from":[0.5,5,13],"to":[1.5,6,13],"rotation":{"angle":0,"axis":"y","origin":[13,23,10]},"faces":{"north":{"uv":[7,6.75,7.25,7],"texture":"#3"},"east":{"uv":[0,0,0,0.25],"texture":"#3"},"south":{"uv":[7,7,7.25,7.25],"texture":"#3"},"west":{"uv":[0,0,0,0.25],"texture":"#3"},"up":{"uv":[0.25,0,0,0],"texture":"#3"},"down":{"uv":[0.25,0,0,0],"texture":"#3"}}},{"from":[1,5,12.5],"to":[1,6,13.5],"rotation":{"angle":0,"axis":"y","origin":[13,23,10]},"faces":{"north":{"uv":[0,0,0,0.25],"texture":"#3"},"east":{"uv":[7,6.5,7.25,6.75],"texture":"#3"},"south":{"uv":[0,0,0,0.25],"texture":"#3"},"west":{"uv":[6.75,7,7,7.25],"texture":"#3"},"up":{"uv":[0,0.25,0,0],"texture":"#3"},"down":{"uv":[0,0,0,0.25],"texture":"#3"}}}],"display":{"thirdperson_righthand":{"rotation":[75,45,0],"translation":[0,2.5,0],"scale":[0.375,0.375,0.375]},"thirdperson_lefthand":{"rotation":[75,45,0],"translation":[0,2.5,0],"scale":[0.375,0.375,0.375]},"firstperson_righthand":{"rotation":[0,45,0],"scale":[0.4,0.4,0.4]},"firstperson_lefthand":{"rotation":[0,225,0],"scale":[0.4,0.4,0.4]},"ground":{"translation":[0,3,0],"scale":[0.25,0.25,0.25]},"gui":{"rotation":[30,-135,0],"translation":[1.75,-1.25,0],"scale":[0.6,0.6,0.6]},"head":{"translation":[0,14.5,0]},"fixed":{"rotation":[-90,-90,0],"translation":[0,0,-16],"scale":[2,2,2]}}}