{"credit":"Made by LZLeon with Blockbench, Contact - Discord: LZBlocks#0261 - E-Mail: lzblocks@outlook.com","texture_size":[64,64],"textures":{"0":"custom/general/decoration/beach/beach_shell"},"elements":[{"from":[5,0.5,2],"to":[11,1.5,5],"faces":{"north":{"uv":[0.75,3.25,2.25,3.5],"texture":"#0"},"east":{"uv":[0,3.25,0.75,3.5],"texture":"#0"},"south":{"uv":[3,3.25,4.5,3.5],"texture":"#0"},"west":{"uv":[2.25,3.25,3,3.5],"texture":"#0"},"up":{"uv":[2.25,3.25,0.75,2.5],"texture":"#0"},"down":{"uv":[3.75,2.5,2.25,3.25],"texture":"#0"}}},{"from":[3,0,5],"to":[13,2,13],"faces":{"north":{"uv":[2,2,4.5,2.5],"texture":"#0"},"east":{"uv":[0,2,2,2.5],"texture":"#0"},"south":{"uv":[6.5,2,9,2.5],"texture":"#0"},"west":{"uv":[4.5,2,6.5,2.5],"texture":"#0"},"up":{"uv":[4.5,2,2,0],"texture":"#0"},"down":{"uv":[7,0,4.5,2],"texture":"#0"}}},{"from":[4,0,13],"to":[12,2,14],"faces":{"north":{"uv":[0.25,3.75,2.25,4.25],"texture":"#0"},"east":{"uv":[0,3.75,0.25,4.25],"texture":"#0"},"south":{"uv":[2.5,3.75,4.5,4.25],"texture":"#0"},"west":{"uv":[2.25,3.75,2.5,4.25],"texture":"#0"},"up":{"uv":[2.25,3.75,0.25,3.5],"texture":"#0"},"down":{"uv":[4.25,3.5,2.25,3.75],"texture":"#0"}}}],"display":{"thirdperson_righthand":{"rotation":[60,-142,0],"translation":[-0.5,3.25,2.5],"scale":[0.5,0.5,0.5]},"thirdperson_lefthand":{"rotation":[60,-142,0],"translation":[-0.5,3.25,2.5],"scale":[0.5,0.5,0.5]},"firstperson_righthand":{"rotation":[0,15,1],"translation":[0,5.25,0.5],"scale":[-0.55,0.55,-0.55]},"firstperson_lefthand":{"rotation":[0,15,1],"translation":[0,5.25,0.5],"scale":[-0.55,0.55,-0.55]},"ground":{"translation":[0,1.5,0],"scale":[0.5,0.5,0.5]},"gui":{"rotation":[30,-135,0],"translation":[0.5,5.25,0]},"head":{"translation":[0,-30.4,0],"scale":[-1.6,1.6,-1.6]},"fixed":{"rotation":[-90,90,0],"translation":[0,0,-16],"scale":[-2,2,-2]}}}