{"credit":"Made with Blockbench","texture_size":[128,128],"textures":{"2":"custom/general/decoration/beach/beach_chair","particle":"custom/general/decoration/beach/beach_chair"},"elements":[{"from":[14,5,4],"to":[15,7,28],"rotation":{"angle":-45,"axis":"x","origin":[1.5,1,9.5]},"faces":{"north":{"uv":[3,3,3.125,3.25],"texture":"#2"},"east":{"uv":[0,3,3,3.25],"texture":"#2"},"south":{"uv":[6.125,3,6.25,3.25],"texture":"#2"},"west":{"uv":[3.125,3,6.125,3.25],"texture":"#2"},"up":{"uv":[3.125,3,3,0],"texture":"#2"},"down":{"uv":[3.25,0,3.125,3],"texture":"#2"}}},{"from":[0.9909,2,-1],"to":[1.9909,4,15],"rotation":{"angle":22.5,"axis":"x","origin":[-11.5,1,9.5]},"faces":{"north":{"uv":[7.5,3.75,7.625,4],"rotation":180,"texture":"#2"},"east":{"uv":[5.5,3.75,7.5,4],"rotation":180,"texture":"#2"},"south":{"uv":[9.625,3.75,9.75,4],"rotation":180,"texture":"#2"},"west":{"uv":[7.625,3.75,9.625,4],"rotation":180,"texture":"#2"},"up":{"uv":[7.625,3.75,7.5,1.75],"texture":"#2"},"down":{"uv":[7.75,1.75,7.625,3.75],"texture":"#2"}}},{"from":[1,5,4],"to":[2,7,28],"rotation":{"angle":-45,"axis":"x","origin":[-11.5,1,9.5]},"faces":{"north":{"uv":[3,3,3.125,3.25],"texture":"#2"},"east":{"uv":[0,3,3,3.25],"texture":"#2"},"south":{"uv":[6.125,3,6.25,3.25],"texture":"#2"},"west":{"uv":[3.125,3,6.125,3.25],"texture":"#2"},"up":{"uv":[3.125,3,3,0],"texture":"#2"},"down":{"uv":[3.25,0,3.125,3],"texture":"#2"}}},{"from":[13.9909,2,-1],"to":[14.9909,4,15],"rotation":{"angle":22.5,"axis":"x","origin":[1.5,1,9.5]},"faces":{"north":{"uv":[7.5,3.75,7.625,4],"rotation":180,"texture":"#2"},"east":{"uv":[5.5,3.75,7.5,4],"rotation":180,"texture":"#2"},"south":{"uv":[9.625,3.75,9.75,4],"rotation":180,"texture":"#2"},"west":{"uv":[7.625,3.75,9.625,4],"rotation":180,"texture":"#2"},"up":{"uv":[7.625,3.75,7.5,1.75],"texture":"#2"},"down":{"uv":[7.75,1.75,7.625,3.75],"texture":"#2"}}},{"from":[2,6,1],"to":[14,7,14],"rotation":{"angle":0,"axis":"y","origin":[8,6.5,6.5]},"faces":{"north":{"uv":[4.875,1.625,6.375,1.75],"texture":"#2"},"east":{"uv":[3.25,1.625,4.875,1.75],"texture":"#2"},"west":{"uv":[6.375,1.625,8,1.75],"texture":"#2"},"up":{"uv":[6.375,1.625,4.875,0],"texture":"#2"},"down":{"uv":[7.875,0,6.375,1.625],"texture":"#2"}}},{"name":"cube_tint","from":[2,6,1],"to":[14,7,14],"rotation":{"angle":0,"axis":"y","origin":[8,6.5,6.5]},"faces":{"north":{"uv":[4.875,1.625,6.375,1.75],"texture":"#2"},"east":{"uv":[3.25,1.625,4.875,1.75],"texture":"#2"},"west":{"uv":[6.375,1.625,8,1.75],"texture":"#2"},"up":{"uv":[6.375,1.625,4.875,0],"texture":"#2"},"down":{"uv":[7.875,0,6.375,1.625],"texture":"#2"}}},{"from":[2,9.06043,12.61419],"to":[14,21.06043,13.61419],"rotation":{"angle":22.5,"axis":"x","origin":[8,6.56043,6.11419]},"faces":{"north":{"uv":[7.875,7.125,6.375,5.625],"rotation":180,"texture":"#2"},"east":{"uv":[6.25,5.625,6.375,7.125],"texture":"#2"},"south":{"uv":[8,5.625,9.5,7.125],"texture":"#2"},"west":{"uv":[7.875,5.625,8,7.125],"texture":"#2"},"up":{"uv":[6.375,5.625,7.875,5.5],"rotation":180,"texture":"#2"}}},{"name":"cube_tint","from":[2,9.06043,12.61419],"to":[14,21.06043,13.61419],"rotation":{"angle":22.5,"axis":"x","origin":[8,6.56043,6.11419]},"faces":{"north":{"uv":[7.875,7.125,6.375,5.625],"rotation":180,"texture":"#2"},"east":{"uv":[6.25,5.625,6.375,7.125],"texture":"#2"},"south":{"uv":[8,5.625,9.5,7.125],"texture":"#2"},"west":{"uv":[7.875,5.625,8,7.125],"texture":"#2"},"up":{"uv":[6.375,5.625,7.875,5.5],"rotation":180,"texture":"#2"}}},{"from":[0,2.38582,10.07403],"to":[1,17.38582,12.07403],"rotation":{"angle":22.5,"axis":"x","origin":[0,2.38582,10.07403]},"faces":{"north":{"uv":[0.25,0.25,0.375,2.125],"texture":"#2"},"east":{"uv":[0,0.25,0.25,2.125],"texture":"#2"},"south":{"uv":[0.625,0.25,0.75,2.125],"texture":"#2"},"west":{"uv":[0.375,0.25,0.625,2.125],"texture":"#2"},"up":{"uv":[0.375,0.25,0.25,0],"texture":"#2"},"down":{"uv":[0.5,0,0.375,0.25],"texture":"#2"}}},{"from":[15,2.38582,10.07403],"to":[16,17.38582,12.07403],"rotation":{"angle":22.5,"axis":"x","origin":[0,2.38582,10.07403]},"faces":{"north":{"uv":[0.25,0.25,0.375,2.125],"texture":"#2"},"east":{"uv":[0,0.25,0.25,2.125],"texture":"#2"},"south":{"uv":[0.625,0.25,0.75,2.125],"texture":"#2"},"west":{"uv":[0.375,0.25,0.625,2.125],"texture":"#2"},"up":{"uv":[0.375,0.25,0.25,0],"texture":"#2"},"down":{"uv":[0.5,0,0.375,0.25],"texture":"#2"}}}],"display":{"thirdperson_righthand":{"rotation":[60,20,0],"translation":[-1,3.75,-0.75],"scale":[0.6,0.6,0.6]},"thirdperson_lefthand":{"rotation":[60,20,0],"translation":[-1,3.75,-0.75],"scale":[0.6,0.6,0.6]},"firstperson_righthand":{"rotation":[0,-73,6],"translation":[0,0.5,0],"scale":[-0.55,0.55,-0.55]},"firstperson_lefthand":{"rotation":[0,-73,6],"translation":[0,0.5,0],"scale":[-0.55,0.55,-0.55]},"ground":{"translation":[0,1.5,0],"scale":[0.5,0.5,0.5]},"gui":{"rotation":[30,-135,0],"translation":[0.5,-1,0],"scale":[0.5,0.5,0.5]},"head":{"translation":[0,-30.4,0],"scale":[-1.6,1.6,-1.6]},"fixed":{"rotation":[-90,90,0],"translation":[0,0,-16],"scale":[-2,2,-2]}}}