{"credit":"Made with Blockbench","parent":"item/handheld","textures":{"layer0":"custom/bambootycoon/items/bamboo"},"display":{"thirdperson_righthand":{"translation":[0,2.5,0.75],"scale":[0.5,0.5,0.5]},"thirdperson_lefthand":{"translation":[0,2.5,0.75],"scale":[0.5,0.5,0.5]},"firstperson_righthand":{"rotation":[0,-90,20],"translation":[3.75,1.75,0],"scale":[0.6,0.6,0.6]},"firstperson_lefthand":{"translation":[1,1.75,0],"scale":[0.6,0.6,0.6]},"ground":{"translation":[0,2.5,0],"scale":[0.6,0.6,0.6]},"head":{"translation":[0,11.25,0],"scale":[0.6,0.6,0.6]}}}