{"credit":"Made with Blockbench","texture_size":[64,64],"textures":{"0":"custom/general/cosmetics/npc/pirate_head","particle":"custom/general/cosmetics/npc/pirate_head"},"elements":[{"from":[4,6,4],"to":[12,9,12],"faces":{"north":{"uv":[2,5.5,4,6.25],"texture":"#0"},"east":{"uv":[0,5.5,2,6.25],"texture":"#0"},"south":{"uv":[6,5.5,8,6.25],"texture":"#0"},"west":{"uv":[4,5.5,6,6.25],"texture":"#0"},"up":{"uv":[4,5.5,2,3.5],"texture":"#0"},"down":{"uv":[6,3.5,4,5.5],"texture":"#0"}}},{"from":[3,6,3],"to":[13,10,13],"faces":{"north":{"uv":[2.5,2.5,5,3.5],"texture":"#0"},"east":{"uv":[0,2.5,2.5,3.5],"texture":"#0"},"south":{"uv":[7.5,2.5,10,3.5],"texture":"#0"},"west":{"uv":[5,2.5,7.5,3.5],"texture":"#0"},"up":{"uv":[5,2.5,2.5,0],"texture":"#0"},"down":{"uv":[7.5,0,5,2.5],"texture":"#0"}}},{"from":[7,1,2],"to":[9,3,5],"faces":{"north":{"uv":[0.75,0.75,1.25,1.25],"texture":"#0"},"east":{"uv":[0,0.75,0.75,1.25],"texture":"#0"},"south":{"uv":[2,0.75,2.5,1.25],"texture":"#0"},"west":{"uv":[1.25,0.75,2,1.25],"texture":"#0"},"up":{"uv":[1.25,0.75,0.75,0],"texture":"#0"},"down":{"uv":[1.75,0,1.25,0.75],"texture":"#0"}}},{"from":[12,3,7],"to":[14,5,8],"faces":{"north":{"uv":[0.25,3.75,0.75,4.25],"texture":"#0"},"east":{"uv":[0,3.75,0.25,4.25],"texture":"#0"},"south":{"uv":[1,3.75,1.5,4.25],"texture":"#0"},"west":{"uv":[0.75,3.75,1,4.25],"texture":"#0"},"up":{"uv":[0.75,3.75,0.25,3.5],"texture":"#0"},"down":{"uv":[1.25,3.5,0.75,3.75],"texture":"#0"}}},{"from":[2,3,7],"to":[4,5,8],"faces":{"north":{"uv":[0.25,1.5,0.75,2],"texture":"#0"},"east":{"uv":[0,1.5,0.25,2],"texture":"#0"},"south":{"uv":[1,1.5,1.5,2],"texture":"#0"},"west":{"uv":[0.75,1.5,1,2],"texture":"#0"},"up":{"uv":[0.75,1.5,0.25,1.25],"texture":"#0"},"down":{"uv":[1.25,1.25,0.75,1.5],"texture":"#0"}}},{"from":[4,-5,4],"to":[12,2,4],"faces":{"north":{"uv":[6,3.5,8,5.25],"texture":"#0"},"east":{"uv":[6,3.5,6,5.25],"texture":"#0"},"south":{"uv":[8,3.5,10,5.25],"texture":"#0"},"west":{"uv":[8,3.5,8,5.25],"texture":"#0"},"up":{"uv":[8,3.5,6,3.5],"texture":"#0"},"down":{"uv":[10,3.5,8,3.5],"texture":"#0"}}},{"from":[3,0,3.5],"to":[13,2,3.5],"faces":{"north":{"uv":[0,6.25,2.5,6.75],"texture":"#0"},"east":{"uv":[0,6.25,0,6.75],"texture":"#0"},"south":{"uv":[2.5,6.25,5,6.75],"texture":"#0"},"west":{"uv":[2.5,6.25,2.5,6.75],"texture":"#0"},"up":{"uv":[2.5,6.25,0,6.25],"texture":"#0"},"down":{"uv":[5,6.25,2.5,6.25],"texture":"#0"}}}],"gui_light":"front","display":{"gui":{"rotation":[30,-135,0],"translation":[0,4.5,0],"scale":[0.9,0.9,0.9]},"head":{"translation":[0,6.5,0],"scale":[1.64,1.64,1.64]}}}