{"credit":"Made with Blockbench","textures":{"0":"custom/general/cosmetics/npc/pirate_hook","particle":"custom/general/cosmetics/npc/pirate_hook"},"elements":[{"from":[5,0,0],"to":[9,3,4],"faces":{"north":{"uv":[0,8,4,11],"texture":"#0"},"east":{"uv":[8,0,12,3],"texture":"#0"},"south":{"uv":[8,3,12,6],"texture":"#0"},"west":{"uv":[4,8,8,11],"texture":"#0"},"up":{"uv":[4,4,0,0],"texture":"#0"},"down":{"uv":[4,4,0,8],"texture":"#0"}}},{"from":[5,3,2],"to":[9,7,2],"rotation":{"angle":0,"axis":"y","origin":[7,6,1.5]},"faces":{"north":{"uv":[4,0,8,4],"texture":"#0"},"east":{"uv":[0,0,0,4],"texture":"#0"},"south":{"uv":[4,4,8,8],"texture":"#0"},"west":{"uv":[0,0,0,4],"texture":"#0"},"up":{"uv":[4,0,0,0],"texture":"#0"},"down":{"uv":[4,0,0,0],"texture":"#0"}}}],"gui_light":"front","display":{"thirdperson_righthand":{"rotation":[-90,0,0],"translation":[1,4.5,-5.5],"scale":[1.08,1.08,1.08]},"thirdperson_lefthand":{"rotation":[-90,0,0],"translation":[-1,4.5,-5.5],"scale":[1.08,1.08,1.08]},"gui":{"rotation":[30,45,0],"translation":[9,4.5,0],"scale":[1.8,1.8,1.8]}}}