{"credit":"Made with Blockbench","texture_size":[64,64],"textures":{"0":"custom/general/cosmetics/npc/seal_head","particle":"custom/general/cosmetics/npc/seal_head"},"elements":[{"from":[4,6,4],"to":[12,9,12],"faces":{"north":{"uv":[2,8,4,8.75],"texture":"#0"},"east":{"uv":[0,8,2,8.75],"texture":"#0"},"south":{"uv":[6,8,8,8.75],"texture":"#0"},"west":{"uv":[4,8,6,8.75],"texture":"#0"},"up":{"uv":[4,8,2,6],"texture":"#0"},"down":{"uv":[6,6,4,8],"texture":"#0"}}},{"from":[3.5,6,3.5],"to":[12.5,9,12.5],"faces":{"north":{"uv":[2.25,5.25,4.5,6],"texture":"#0"},"east":{"uv":[0,5.25,2.25,6],"texture":"#0"},"south":{"uv":[6.75,5.25,9,6],"texture":"#0"},"west":{"uv":[4.5,5.25,6.75,6],"texture":"#0"},"up":{"uv":[4.5,5.25,2.25,3],"texture":"#0"},"down":{"uv":[6.75,3,4.5,5.25],"texture":"#0"}}},{"from":[2,6,2],"to":[14,6,14],"faces":{"north":{"uv":[3,3,6,3],"texture":"#0"},"east":{"uv":[0,3,3,3],"texture":"#0"},"south":{"uv":[9,3,12,3],"texture":"#0"},"west":{"uv":[6,3,9,3],"texture":"#0"},"up":{"uv":[6,3,3,0],"texture":"#0"},"down":{"uv":[9,0,6,3],"texture":"#0"}}},{"from":[6,1,3.25],"to":[10,3,4.25],"faces":{"north":{"uv":[0.5,0.5,1.5,1],"texture":"#0"},"east":{"uv":[0.25,0.5,0.5,1],"texture":"#0"},"south":{"uv":[1.75,0.5,2.75,1],"texture":"#0"},"west":{"uv":[1.5,0.5,1.75,1],"texture":"#0"},"up":{"uv":[1.5,0.5,0.5,0.25],"texture":"#0"},"down":{"uv":[2.5,0.25,1.5,0.5],"texture":"#0"}}}],"gui_light":"front","display":{"gui":{"rotation":[30,-135,0],"translation":[0.25,2.5,0],"scale":[0.89,0.89,0.89]},"head":{"translation":[0,6.5,0],"scale":[1.64,1.64,1.64]}}}