{"credit":"Made with Blockbench","texture_size":[64,64],"textures":{"0":"custom/general/cosmetics/npc/stone_hammer","particle":"custom/general/cosmetics/npc/stone_hammer"},"elements":[{"from":[7.14264,-1.06725,7.19831],"to":[8.14264,8.93275,8.19831],"rotation":{"angle":0,"axis":"x","origin":[7.64264,7.05775,7.80425]},"faces":{"north":{"uv":[8,9.5,8.5,14.5],"texture":"#0"},"east":{"uv":[1,10.5,1.5,15.5],"texture":"#0"},"south":{"uv":[1.5,10.5,2,15.5],"texture":"#0"},"west":{"uv":[2,10.5,2.5,15.5],"texture":"#0"},"up":{"uv":[8.5,4,8,3.5],"texture":"#0"},"down":{"uv":[8.5,4,8,4.5],"texture":"#0"}}},{"from":[6.89264,-0.06725,6.94831],"to":[8.39264,0.93275,8.44831],"rotation":{"angle":0,"axis":"x","origin":[7.64264,7.05775,7.80425]},"faces":{"north":{"uv":[11.5,3,12.25,3.5],"texture":"#0"},"east":{"uv":[5.5,11.5,6.25,12],"texture":"#0"},"south":{"uv":[6.5,11.5,7.25,12],"texture":"#0"},"west":{"uv":[11.5,10.5,12.25,11],"texture":"#0"},"up":{"uv":[11.75,7.25,11,6.5],"texture":"#0"},"down":{"uv":[11.75,7.5,11,8.25],"texture":"#0"}}},{"from":[6.89264,8.43275,6.94831],"to":[8.39264,10.93275,8.44831],"rotation":{"angle":0,"axis":"x","origin":[7.64264,7.05775,7.80425]},"faces":{"north":{"uv":[2.5,10.5,3.25,11.75],"texture":"#0"},"east":{"uv":[10.5,10.5,11.25,11.75],"texture":"#0"},"south":{"uv":[11,3.5,11.75,4.75],"texture":"#0"},"west":{"uv":[11,5,11.75,6.25],"texture":"#0"},"up":{"uv":[12.25,0.75,11.5,0],"texture":"#0"},"down":{"uv":[12.25,1,11.5,1.75],"texture":"#0"}}},{"from":[6.89264,7.18275,6.94831],"to":[8.39264,7.93275,8.44831],"rotation":{"angle":0,"axis":"x","origin":[7.64264,7.05775,7.80425]},"faces":{"north":{"uv":[11.5,11,12.25,11.5],"texture":"#0"},"east":{"uv":[11.5,11.5,12.25,12],"texture":"#0"},"south":{"uv":[2.5,12,3.25,12.5],"texture":"#0"},"west":{"uv":[12,3.5,12.75,4],"texture":"#0"},"up":{"uv":[12.25,2.75,11.5,2],"texture":"#0"},"down":{"uv":[5.25,11.5,4.5,12.25],"texture":"#0"}}},{"from":[5.14264,11.18275,3.19831],"to":[10.14264,16.18275,12.19831],"rotation":{"angle":0,"axis":"x","origin":[7.64264,7.05775,7.80425]},"faces":{"north":{"uv":[8.5,3.5,11,6],"texture":"#0"},"east":{"uv":[3.5,0,8,2.5],"texture":"#0"},"south":{"uv":[8.5,6,11,8.5],"texture":"#0"},"west":{"uv":[3.5,2.5,8,5],"texture":"#0"},"up":{"uv":[6,9.5,3.5,5],"texture":"#0"},"down":{"uv":[8.5,5,6,9.5],"texture":"#0"}}},{"from":[4.14264,9.62031,4.33468],"to":[11.14264,16.72031,6.33468],"rotation":{"angle":22.5,"axis":"x","origin":[7.64264,7.05775,7.80425]},"faces":{"north":{"uv":[0,0,3.5,3.5],"texture":"#0"},"east":{"uv":[8.5,8.5,9.5,12],"texture":"#0"},"south":{"uv":[0,3.5,3.5,7],"texture":"#0"},"west":{"uv":[3.5,9.5,4.5,13],"texture":"#0"},"up":{"uv":[8,10.5,4.5,9.5],"texture":"#0"},"down":{"uv":[13,8.5,9.5,9.5],"texture":"#0"}}},{"from":[4.39264,10.41683,6.9102],"to":[10.89264,16.91683,8.9102],"rotation":{"angle":0,"axis":"x","origin":[7.64264,7.05775,7.80425]},"faces":{"north":{"uv":[0,7,3.25,10.25],"texture":"#0"},"east":{"uv":[9.5,9.5,10.5,12.75],"texture":"#0"},"south":{"uv":[8,0,11.25,3.25],"texture":"#0"},"west":{"uv":[0,10.5,1,13.75],"texture":"#0"},"up":{"uv":[7.75,11.5,4.5,10.5],"texture":"#0"},"down":{"uv":[13.75,9.5,10.5,10.5],"texture":"#0"}}}],"display":{"thirdperson_righthand":{"rotation":[12,0,0],"translation":[0,4.25,2.75],"scale":[1.2,1.2,1.2]},"thirdperson_lefthand":{"rotation":[12,0,0],"translation":[0,4.25,2.75],"scale":[1.2,1.2,1.2]},"firstperson_righthand":{"rotation":[-12,0,0],"translation":[6,2,-4]},"firstperson_lefthand":{"rotation":[-12,0,0],"translation":[6,2,-4]},"ground":{"rotation":[0,0,-90]},"gui":{"rotation":[-3,-45,-45],"translation":[-1,-1,0],"scale":[0.9,0.9,0.9]}},"groups":[{"name":"group2","origin":[8,8,8],"color":0,"children":[0,1,2,3,4,5,6]}]}