{"credit":"by w11shes","textures":{"0":"custom/general/cosmetics/hats/mp/crowns/fall_guy_crown_1","particle":"custom/general/cosmetics/hats/mp/crowns/fall_guy_crown_1"},"elements":[{"from":[3,0,3],"to":[13,11,13],"faces":{"north":{"uv":[10,0,15,5.5],"texture":"#0"},"east":{"uv":[10,0,15,5.5],"texture":"#0"},"south":{"uv":[10,0,15,5.5],"texture":"#0"},"west":{"uv":[10,0,15,5.5],"texture":"#0"},"down":{"uv":[10,5.5,15,10.5],"texture":"#0"}}},{"from":[13,11,13],"to":[3,0,3],"faces":{"north":{"uv":[10,5.5,15,0],"texture":"#0"},"east":{"uv":[10,5.5,15,0],"texture":"#0"},"south":{"uv":[10,5.5,15,0],"texture":"#0"},"west":{"uv":[10,5.5,15,0],"texture":"#0"},"up":{"uv":[15,5.5,10,10.5],"texture":"#0"}}}],"gui_light":"front","display":{"thirdperson_righthand":{"rotation":[75,45,0],"translation":[-2.5,2.25,2.5],"scale":[0.5,0.5,0.5]},"thirdperson_lefthand":{"rotation":[75,45,0],"translation":[-2.5,2.25,2.5],"scale":[0.5,0.5,0.5]},"firstperson_righthand":{"rotation":[0,180,0],"translation":[2,2.5,0],"scale":[0.4,0.4,0.4]},"firstperson_lefthand":{"rotation":[0,180,0],"translation":[2,2.5,0],"scale":[0.4,0.4,0.4]},"ground":{"translation":[0,3,0],"scale":[0.5,0.5,0.5]},"gui":{"rotation":[30,-135,0],"translation":[0,1.75,0],"scale":[0.8,0.8,0.8]},"head":{"rotation":[0,0,4],"translation":[-0.75,15.5,0],"scale":[1.2,1.2,1.2]}}}