{"credit":"Made with Blockbench","texture_size":[32,32],"textures":{"0":"custom/citybuild/mission_boards/large_board","1":"custom/citybuild/mission_boards/large_photos","particle":"custom/citybuild/mission_boards/large_board"},"elements":[{"name":"photos_right","from":[-14.09703,14,6.13532],"to":[-0.34703,30,7.28532],"rotation":{"angle":-22.5,"axis":"y","origin":[-14.34703,14,-0.61468]},"faces":{"north":{"uv":[6.75,0,10.25,4],"texture":"#1"},"east":{"uv":[7,9,7.375,13],"texture":"#1"},"south":{"uv":[10.25,0,13.75,4],"texture":"#1"},"west":{"uv":[7.5,9,7.875,13],"texture":"#1"},"up":{"uv":[12.5,9.375,9,9],"texture":"#1"},"down":{"uv":[12.5,9.5,9,9.875],"texture":"#1"}}},{"name":"photos_left","from":[23.12953,18.25,5.98516],"to":[29.87953,27.5,7.13516],"rotation":{"angle":22.5,"axis":"y","origin":[30.57953,14,6.23516]},"faces":{"north":{"uv":[0,6.25,5.375,13.375],"texture":"#1"},"east":{"uv":[8,9,8.375,13],"texture":"#1"},"south":{"uv":[0,0,0,4],"texture":"#1"},"west":{"uv":[8.5,9,8.875,13],"texture":"#1"},"up":{"uv":[12.5,10.375,9,10],"texture":"#1"},"down":{"uv":[13.75,0,10.25,0.375],"texture":"#1"}}},{"name":"photos_left","from":[19.87953,16,5.88516],"to":[24.62953,22.75,7.13516],"rotation":{"angle":22.5,"axis":"y","origin":[30.57953,14,6.23516]},"faces":{"north":{"uv":[8.75,0.75,10,2.5],"texture":"#1"},"east":{"uv":[8,9,8.375,13],"texture":"#1"},"south":{"uv":[0,0,0,4],"texture":"#1"},"west":{"uv":[8.5,9,8.875,13],"texture":"#1"},"up":{"uv":[12.5,10.375,9,10],"texture":"#1"},"down":{"uv":[13.75,0,10.25,0.375],"texture":"#1"}}},{"name":"photos_middle","from":[-3.17325,14.33873,11.00203],"to":[17.75001,25.30036,12.01406],"rotation":{"angle":0,"axis":"y","origin":[1.26919,0,1.26919]},"faces":{"north":{"uv":[0,0,6.75,3.75],"texture":"#1"},"east":{"uv":[10.25,4,10.625,7.375],"texture":"#1"},"south":{"uv":[5.375,12.5,12.125,15.875],"texture":"#1"},"west":{"uv":[10.25,0.5,10.625,3.875],"texture":"#1"},"up":{"uv":[13.75,8.375,7,8],"rotation":180,"texture":"#1"},"down":{"uv":[13.75,8.5,7,8.875],"rotation":180,"texture":"#1"}}},{"name":"title","from":[-2.7747,26.02163,10.78237],"to":[17.4653,29.70163,10.78237],"rotation":{"angle":0,"axis":"y","origin":[-5.2694,27.30326,20.92475]},"faces":{"north":{"uv":[4.75,4,10.25,5],"texture":"#1"},"east":{"uv":[0,0,0,2],"texture":"#1"},"south":{"uv":[4.75,4,10.25,5],"texture":"#1"},"west":{"uv":[0,0,0,2],"texture":"#1"},"up":{"uv":[11,0,0,0],"texture":"#1"},"down":{"uv":[11,0,0,0],"texture":"#1"}}},{"name":"pillar","from":[-14,0,7.5],"to":[-12.5,12,9],"faces":{"north":{"uv":[1.75,6,2,7.5],"texture":"#0"},"east":{"uv":[2,6,2.25,7.5],"texture":"#0"},"south":{"uv":[2.25,6,2.5,7.5],"texture":"#0"},"west":{"uv":[2.5,6,2.75,7.5],"texture":"#0"},"up":{"uv":[6.625,6.625,6.375,6.375],"texture":"#0"},"down":{"uv":[1.25,6.5,1,6.75],"texture":"#0"}}},{"name":"pillar","from":[-3,0,10.5],"to":[-1.5,12,12],"faces":{"north":{"uv":[1.75,6,2,7.5],"texture":"#0"},"east":{"uv":[2,6,2.25,7.5],"texture":"#0"},"south":{"uv":[2.25,6,2.5,7.5],"texture":"#0"},"west":{"uv":[2.5,6,2.75,7.5],"texture":"#0"},"up":{"uv":[6.625,6.625,6.375,6.375],"texture":"#0"},"down":{"uv":[1.25,6.5,1,6.75],"texture":"#0"}}},{"name":"pillar","from":[27,0,7.5],"to":[28.5,12,9],"faces":{"north":{"uv":[1.75,6,2,7.5],"texture":"#0"},"east":{"uv":[2,6,2.25,7.5],"texture":"#0"},"south":{"uv":[2.25,6,2.5,7.5],"texture":"#0"},"west":{"uv":[2.5,6,2.75,7.5],"texture":"#0"},"up":{"uv":[6.625,6.625,6.375,6.375],"texture":"#0"},"down":{"uv":[1.25,6.5,1,6.75],"texture":"#0"}}},{"name":"pillar","from":[16,0,10.5],"to":[17.5,12,12],"faces":{"north":{"uv":[1.75,6,2,7.5],"texture":"#0"},"east":{"uv":[2,6,2.25,7.5],"texture":"#0"},"south":{"uv":[2.25,6,2.5,7.5],"texture":"#0"},"west":{"uv":[2.5,6,2.75,7.5],"texture":"#0"},"up":{"uv":[6.625,6.625,6.375,6.375],"texture":"#0"},"down":{"uv":[1.25,6.5,1,6.75],"texture":"#0"}}},{"from":[-15.58243,14,14.09608],"to":[-1.58243,30,15.09608],"rotation":{"angle":-22.5,"axis":"y","origin":[4.41757,0,6.34608]},"faces":{"north":{"uv":[2.875,0,4.625,2],"texture":"#0"},"east":{"uv":[0,6.25,0.125,8.25],"texture":"#0"},"south":{"uv":[2.875,2,4.625,4],"texture":"#0"},"west":{"uv":[0.125,6.25,0.25,8.25],"texture":"#0"},"up":{"uv":[7,6.375,5.25,6.25],"texture":"#0"},"down":{"uv":[8.125,1.75,6.375,1.875],"texture":"#0"}}},{"from":[-15.58243,12,13.34608],"to":[-1.58243,14,15.84608],"rotation":{"angle":-22.5,"axis":"y","origin":[4.41757,0,6.34608]},"faces":{"north":{"uv":[5.25,4.75,7,5],"texture":"#0"},"east":{"uv":[1,6.25,1.375,6.5],"texture":"#0"},"south":{"uv":[5.25,5,7,5.25],"texture":"#0"},"west":{"uv":[1.375,6.25,1.75,6.5],"texture":"#0"},"up":{"uv":[6.375,2.125,4.625,1.75],"texture":"#0"},"down":{"uv":[6.375,2.125,4.625,2.5],"texture":"#0"}}},{"from":[-15.58243,30,13.34608],"to":[-1.58243,32,15.84608],"rotation":{"angle":-22.5,"axis":"y","origin":[4.41757,0,6.34608]},"faces":{"north":{"uv":[5.25,5.25,7,5.5],"texture":"#0"},"east":{"uv":[6.375,2.125,6.75,2.375],"texture":"#0"},"south":{"uv":[3.5,5.5,5.25,5.75],"texture":"#0"},"west":{"uv":[6.375,2.375,6.75,2.625],"texture":"#0"},"up":{"uv":[6.375,2.875,4.625,2.5],"texture":"#0"},"down":{"uv":[6.375,2.875,4.625,3.25],"texture":"#0"}}},{"from":[-4.7612,30,10.32683],"to":[19.2388,32,12.82683],"rotation":{"angle":0,"axis":"y","origin":[5.2388,0,3.32683]},"faces":{"north":{"uv":[4.625,0.75,7.625,1],"texture":"#0"},"east":{"uv":[6.375,2.625,6.75,2.875],"texture":"#0"},"south":{"uv":[4.625,1,7.625,1.25],"texture":"#0"},"west":{"uv":[6.375,2.875,6.75,3.125],"texture":"#0"},"up":{"uv":[6.5,4.375,3.5,4],"texture":"#0"},"down":{"uv":[6.5,4.375,3.5,4.75],"texture":"#0"}}},{"from":[17.20183,14,19.83633],"to":[31.20183,30,20.83633],"rotation":{"angle":22.5,"axis":"y","origin":[-3.79817,0,12.08633]},"faces":{"north":{"uv":[0,4,1.75,6],"texture":"#0"},"east":{"uv":[0.25,6.25,0.375,8.25],"texture":"#0"},"south":{"uv":[1.75,4,3.5,6],"texture":"#0"},"west":{"uv":[0.375,6.25,0.5,8.25],"texture":"#0"},"up":{"uv":[8.125,2,6.375,1.875],"texture":"#0"},"down":{"uv":[8.125,2,6.375,2.125],"texture":"#0"}}},{"from":[17.20183,12,19.08633],"to":[31.20183,14,21.58633],"rotation":{"angle":22.5,"axis":"y","origin":[-3.79817,0,12.08633]},"faces":{"north":{"uv":[5.25,5.5,7,5.75],"texture":"#0"},"east":{"uv":[6.375,3.125,6.75,3.375],"texture":"#0"},"south":{"uv":[3.5,5.75,5.25,6],"texture":"#0"},"west":{"uv":[6.375,3.375,6.75,3.625],"texture":"#0"},"up":{"uv":[6.375,3.625,4.625,3.25],"texture":"#0"},"down":{"uv":[6.375,3.625,4.625,4],"texture":"#0"}}},{"from":[17.20183,30,19.08633],"to":[31.20183,32,21.58633],"rotation":{"angle":22.5,"axis":"y","origin":[-3.79817,0,12.08633]},"faces":{"north":{"uv":[5.25,5.75,7,6],"texture":"#0"},"east":{"uv":[6.375,3.625,6.75,3.875],"texture":"#0"},"south":{"uv":[0,6,1.75,6.25],"texture":"#0"},"west":{"uv":[5.25,6.375,5.625,6.625],"texture":"#0"},"up":{"uv":[5.25,5.125,3.5,4.75],"texture":"#0"},"down":{"uv":[5.25,5.125,3.5,5.5],"texture":"#0"}}},{"name":"pillar","from":[15.7388,0,10.32683],"to":[17.2388,12,11.82683],"rotation":{"angle":0,"axis":"y","origin":[-8.7612,0,2.82683]},"faces":{"north":{"uv":[4.25,6,4.5,7.5],"texture":"#0"},"east":{"uv":[4.5,6,4.75,7.5],"texture":"#0"},"south":{"uv":[4.75,6,5,7.5],"texture":"#0"},"west":{"uv":[5,6,5.25,7.5],"texture":"#0"},"up":{"uv":[6.75,4.125,6.5,3.875],"texture":"#0"},"down":{"uv":[6.75,4.125,6.5,4.375],"texture":"#0"}}},{"from":[-4.76121,12,10.32683],"to":[19.23879,14,12.82683],"rotation":{"angle":0,"axis":"y","origin":[-13.14814,17,18.69005]},"faces":{"north":{"uv":[4.625,1.25,7.625,1.5],"texture":"#0"},"east":{"uv":[5.625,6.375,6,6.625],"texture":"#0"},"south":{"uv":[4.625,1.5,7.625,1.75],"texture":"#0"},"west":{"uv":[6,6.375,6.375,6.625],"texture":"#0"},"up":{"uv":[7.625,0.375,4.625,0],"texture":"#0"},"down":{"uv":[7.625,0.375,4.625,0.75],"texture":"#0"}}},{"from":[-4.44822,14,11.13392],"to":[18.95178,30,12.13392],"rotation":{"angle":0,"axis":"y","origin":[-13.43515,17,18.49714]},"faces":{"north":{"uv":[0,0,2.875,2],"texture":"#0"},"east":{"uv":[0.5,6.25,0.625,8.25],"texture":"#0"},"south":{"uv":[0,2,2.875,4],"texture":"#0"},"west":{"uv":[0.625,6.25,0.75,8.25],"texture":"#0"},"up":{"uv":[8.125,6.125,5.25,6],"texture":"#0"},"down":{"uv":[8.125,6.125,5.25,6.25],"texture":"#0"}}}],"display":{"thirdperson_righthand":{"translation":[-5.25,0,0]},"thirdperson_lefthand":{"translation":[-6.75,0,0]},"firstperson_righthand":{"scale":[0.2,0.2,0.2]},"firstperson_lefthand":{"scale":[0.2,0.2,0.2]},"ground":{"scale":[0.3,0.3,0.3]},"gui":{"rotation":[180,-31.25,180],"translation":[0,-2.25,0],"scale":[0.3,0.3,0.3]},"fixed":{"rotation":[-90,-90,0],"translation":[0,0,-22],"scale":[3,3,3]}},"groups":[{"name":"board","origin":[8,8,8],"color":0,"children":[{"name":"photos","origin":[8,8,8],"color":0,"children":[0,{"name":"photos_left","origin":[30.57953,14,6.23516],"color":0,"children":[1,2]},3,4]},{"name":"side1","origin":[8,8,8],"color":0,"children":[5,6,7,8,9,10,11,12]},{"name":"side2","origin":[8,8,8],"color":0,"children":[13,14,15]},{"name":"middle","origin":[4.41757,0,6.34608],"color":0,"children":[16,17,18]}]}]}