{"credit":"Made with Blockbench","texture_size":[64,64],"textures":{"0":"custom/citybuild/mission_boards/small_board","1":"custom/citybuild/mission_boards/small_photos","particle":"custom/citybuild/mission_boards/small_board"},"elements":[{"from":[-6,0,7.5],"to":[-4.5,12,9],"faces":{"north":{"uv":[8,6.5,8.5,9.5],"texture":"#0"},"east":{"uv":[0,8.5,0.5,11.5],"texture":"#0"},"south":{"uv":[0.5,8.5,1,11.5],"texture":"#0"},"west":{"uv":[1,8.5,1.5,11.5],"texture":"#0"},"up":{"uv":[9,7,8.5,6.5],"texture":"#0"},"down":{"uv":[7.5,8.5,7,9],"texture":"#0"}}},{"from":[-8,14,7.75],"to":[24,30,8.75],"faces":{"north":{"uv":[0,0,8,4.25],"texture":"#0"},"east":{"uv":[3.5,8.5,3.75,12.75],"texture":"#0"},"south":{"uv":[0,4.25,8,8.5],"texture":"#0"},"west":{"uv":[3.75,8.5,4,12.75],"texture":"#0"},"up":{"uv":[16,6.25,8,6],"texture":"#0"},"down":{"uv":[16,6.25,8,6.5],"texture":"#0"}}},{"from":[-8,30,7],"to":[24,32,9.5],"faces":{"north":{"uv":[8,3,16,3.5],"texture":"#0"},"east":{"uv":[4,8.5,4.75,9],"texture":"#0"},"south":{"uv":[8,3.5,16,4],"texture":"#0"},"west":{"uv":[4.75,8.5,5.5,9],"texture":"#0"},"up":{"uv":[16,0.75,8,0],"texture":"#0"},"down":{"uv":[16,0.75,8,1.5],"texture":"#0"}}},{"from":[-8,12,7],"to":[24,14,9.5],"faces":{"north":{"uv":[8,4,16,4.5],"texture":"#0"},"east":{"uv":[5.5,8.5,6.25,9],"texture":"#0"},"south":{"uv":[8,4.5,16,5],"texture":"#0"},"west":{"uv":[6.25,8.5,7,9],"texture":"#0"},"up":{"uv":[16,2.25,8,1.5],"texture":"#0"},"down":{"uv":[16,2.25,8,3],"texture":"#0"}}},{"from":[20.5,0,7.5],"to":[22,12,9],"faces":{"north":{"uv":[1.5,8.5,2,11.5],"texture":"#0"},"east":{"uv":[2,8.5,2.5,11.5],"texture":"#0"},"south":{"uv":[2.5,8.5,3,11.5],"texture":"#0"},"west":{"uv":[3,8.5,3.5,11.5],"texture":"#0"},"up":{"uv":[9,7.5,8.5,7],"texture":"#0"},"down":{"uv":[8,8.5,7.5,9],"texture":"#0"}}},{"name":"photos","from":[-7.75,14,7.5],"to":[23.75,30,9],"faces":{"north":{"uv":[0,0,8,4],"texture":"#1"},"east":{"uv":[8,0.5,8.5,4.5],"texture":"#1"},"south":{"uv":[0,4,8,8],"texture":"#1"},"west":{"uv":[8,4.5,8.5,8.5],"texture":"#1"},"up":{"uv":[8,8.5,0,8],"texture":"#1"},"down":{"uv":[16,0,8,0.5],"texture":"#1"}}}],"display":{"thirdperson_righthand":{"rotation":[36,124,0],"translation":[-2.75,3.25,0],"scale":[0.33,0.33,0.33]},"thirdperson_lefthand":{"rotation":[36,124,0],"translation":[-2.75,3.25,0],"scale":[0.33,0.33,0.33]},"firstperson_righthand":{"rotation":[0,-180,0],"translation":[5.5,0.25,0],"scale":[0.33,0.33,0.33]},"firstperson_lefthand":{"rotation":[0,-180,0],"translation":[5.5,0.25,0],"scale":[0.33,0.33,0.33]},"ground":{"scale":[0.33,0.33,0.33]},"gui":{"rotation":[180,-21.5,180],"translation":[0,-2.75,0],"scale":[0.33,0.33,0.33]},"head":{"translation":[0,9.5,-0.5],"scale":[0.4,0.4,0.4]},"fixed":{"rotation":[-90,-90,0],"translation":[1.25,0,-22],"scale":[3,3,3]}},"groups":[{"name":"board","origin":[8,8,8],"color":0,"children":[0,1,2,3,4,5]}]}