{"credit":"Made with Blockbench","texture_size":[256,256],"textures":{"0":"custom/factions/spawn/overview_map","particle":"custom/factions/spawn/overview_map"},"elements":[{"from":[0,0,0],"to":[0,32,32],"faces":{"north":{"uv":[0,0,0.125,0.8125],"texture":"#0"},"east":{"uv":[0,0,16,16],"texture":"#0"},"south":{"uv":[0,0,0.125,0.8125],"texture":"#0"},"west":{"uv":[0,0,16,16],"texture":"#0"},"up":{"uv":[0,0,0.125,1],"texture":"#0"},"down":{"uv":[0,0,0.125,1],"texture":"#0"}}}],"display":{"gui":{"rotation":[0,82,0],"translation":[-1.75,-3,0],"scale":[0.3,0.3,0.3]},"fixed":{"rotation":[-90,0,0],"translation":[12.1,20,-36],"scale":[3.5,3.5,3.5]}}}