{"credit":"by w11shes","textures":{"0":"custom/factions/weapons/charged_scepter/charged_scepter","particle":"#0"},"elements":[{"from":[7,-4,7],"to":[9,18,9],"faces":{"north":{"uv":[0,0,1,11],"texture":"#0"},"east":{"uv":[0,0,1,11],"texture":"#0"},"south":{"uv":[0,0,1,11],"texture":"#0"},"west":{"uv":[0,0,1,11],"texture":"#0"},"down":{"uv":[0,11,1,12],"texture":"#0"}}},{"from":[6,14,6],"to":[10,16,10],"faces":{"north":{"uv":[3,2,5,3],"texture":"#0"},"east":{"uv":[3,2,5,3],"texture":"#0"},"south":{"uv":[3,2,5,3],"texture":"#0"},"west":{"uv":[3,2,5,3],"texture":"#0"},"up":{"uv":[5,0,7,2],"texture":"#0"},"down":{"uv":[5,2,7,4],"texture":"#0"}}},{"from":[6,-3,6],"to":[10,1,10],"faces":{"north":{"uv":[1,0,3,2],"texture":"#0"},"east":{"uv":[1,0,3,2],"texture":"#0"},"south":{"uv":[1,0,3,2],"texture":"#0"},"west":{"uv":[1,0,3,2],"texture":"#0"},"up":{"uv":[3,0,5,2],"texture":"#0"},"down":{"uv":[1,2,3,4],"texture":"#0"}}},{"from":[6,18,6],"to":[10,23,10],"faces":{"north":{"uv":[1,4,3,6.5],"texture":"#0"},"east":{"uv":[1,4,3,6.5],"texture":"#0"},"south":{"uv":[1,4,3,6.5],"texture":"#0"},"west":{"uv":[1,4,3,6.5],"texture":"#0"},"up":{"uv":[3,3,5,5],"texture":"#0"},"down":{"uv":[3,5,5,7],"texture":"#0"}}},{"from":[6.5,25,6.5],"to":[9.5,28,9.5],"faces":{"north":{"uv":[14.5,0,16,1.5],"texture":"#0"},"east":{"uv":[14.5,0,16,1.5],"texture":"#0"},"south":{"uv":[14.5,0,16,1.5],"texture":"#0"},"west":{"uv":[14.5,0,16,1.5],"texture":"#0"},"up":{"uv":[13,0,14.5,1.5],"texture":"#0"},"down":{"uv":[14.5,1.5,16,3],"texture":"#0"}}},{"from":[9.75,28.25,9.75],"to":[6.25,24.75,6.25],"faces":{"north":{"uv":[7,0,7.5,0.5],"texture":"#0"},"east":{"uv":[7,0,7.5,0.5],"texture":"#0"},"south":{"uv":[7,0,7.5,0.5],"texture":"#0"},"west":{"uv":[7,0,7.5,0.5],"texture":"#0"},"up":{"uv":[7,0,7.5,0.5],"texture":"#0"},"down":{"uv":[7,0,7.5,0.5],"texture":"#0"}}},{"from":[-1,21.5,7],"to":[6,23.5,9],"rotation":{"angle":-45,"axis":"z","origin":[6,21.5,0]},"faces":{"north":{"uv":[9.5,0,13,1],"texture":"#0"},"south":{"uv":[13,0,9.5,1],"texture":"#0"},"west":{"uv":[8.5,0,9.5,1],"texture":"#0"},"up":{"uv":[9.5,2,13,3],"texture":"#0"},"down":{"uv":[9.5,1,13,2],"texture":"#0"}}},{"from":[10,21.5,7],"to":[13,23.5,9],"rotation":{"angle":45,"axis":"z","origin":[10,21.5,0]},"faces":{"north":{"uv":[1,6.5,2.5,7.5],"texture":"#0"},"east":{"uv":[2.5,7,3.5,8],"texture":"#0"},"south":{"uv":[2.5,6.5,1,7.5],"texture":"#0"},"up":{"uv":[1,8.5,2.5,9.5],"texture":"#0"},"down":{"uv":[1,7.5,2.5,8.5],"texture":"#0"}}},{"from":[-1,23.5,7],"to":[1,29.5,9],"rotation":{"angle":-45,"axis":"z","origin":[6,21.5,0]},"faces":{"north":{"uv":[5,4,6,7],"texture":"#0"},"east":{"uv":[7,4,8,7],"texture":"#0"},"south":{"uv":[6,4,5,7],"texture":"#0"},"west":{"uv":[6,4,7,7],"texture":"#0"},"up":{"uv":[7,3,8,4],"texture":"#0"}}},{"from":[10.99,27.49,10.99],"to":[5.01,25.51,5.01],"rotation":{"angle":22.5,"axis":"z","origin":[8,26.5,8]},"faces":{"north":{"uv":[13,13,12,16],"rotation":90,"texture":"#0"},"east":{"uv":[15,16,16,13],"rotation":90,"texture":"#0"},"south":{"uv":[15,13,14,16],"rotation":90,"texture":"#0"},"west":{"uv":[13,16,14,13],"rotation":270,"texture":"#0"}}},{"from":[5,25.5,5],"to":[11,27.5,11],"rotation":{"angle":22.5,"axis":"z","origin":[8,26.5,8]},"faces":{"north":{"uv":[14,13,15,16],"rotation":90,"texture":"#0"},"east":{"uv":[13,13,14,16],"rotation":90,"texture":"#0"},"south":{"uv":[12,13,13,16],"rotation":90,"texture":"#0"},"west":{"uv":[15,13,16,16],"rotation":270,"texture":"#0"}}}],"gui_light":"front","display":{"thirdperson_righthand":{"rotation":[0,90,0],"translation":[-0.25,-5.25,1]},"thirdperson_lefthand":{"rotation":[0,90,0],"translation":[-0.25,-5.25,1]},"firstperson_righthand":{"rotation":[14,110,0],"translation":[1.5,-2.25,-1.25],"scale":[0.65,0.65,0.65]},"firstperson_lefthand":{"rotation":[14,-83,0],"translation":[1.5,-2.25,-1.25],"scale":[0.65,0.65,0.65]},"ground":{"translation":[0,5,0],"scale":[0.5,0.5,0.5]},"gui":{"rotation":[-24,-19,-47],"translation":[-2,-2,0],"scale":[0.5,0.5,0.5]}}}