{"credit":"by w11shes","textures":{"0":"custom/factions/weapons/charged_scepter/lightning_sphere","particle":"custom/factions/weapons/charged_scepter/lightning_sphere"},"elements":[{"from":[5,1,5],"to":[11,7,11],"faces":{"north":{"uv":[0,0,6,6],"texture":"#0"},"east":{"uv":[0,0,6,6],"texture":"#0"},"south":{"uv":[0,0,6,6],"texture":"#0"},"west":{"uv":[0,0,6,6],"texture":"#0"},"up":{"uv":[0,0,6,6],"texture":"#0"},"down":{"uv":[0,0,6,6],"texture":"#0"}}},{"from":[12.5,8.5,12.5],"to":[3.5,-0.5,3.5],"faces":{"north":{"uv":[6,0,7,1],"texture":"#0"},"east":{"uv":[6,0,7,1],"texture":"#0"},"south":{"uv":[6,0,7,1],"texture":"#0"},"west":{"uv":[6,0,7,1],"texture":"#0"},"up":{"uv":[6,0,7,1],"texture":"#0"},"down":{"uv":[6,0,7,1],"texture":"#0"}}},{"from":[12,8,12],"to":[4,0,4],"faces":{"north":{"uv":[6,0,7,1],"texture":"#0"},"east":{"uv":[6,0,7,1],"texture":"#0"},"south":{"uv":[6,0,7,1],"texture":"#0"},"west":{"uv":[6,0,7,1],"texture":"#0"},"up":{"uv":[6,0,7,1],"texture":"#0"},"down":{"uv":[6,0,7,1],"texture":"#0"}}},{"from":[2.5,7,8],"to":[13.5,13,8.02],"rotation":{"angle":-45,"axis":"y","origin":[8,7,8]},"faces":{"north":{"uv":[0,10,11,16],"texture":"#0"},"south":{"uv":[0,10,11,16],"texture":"#0"}}},{"from":[7.98,7,2.5],"to":[8,13,13.5],"rotation":{"angle":-45,"axis":"y","origin":[8,7,8]},"faces":{"east":{"uv":[0,10,11,16],"texture":"#0"},"west":{"uv":[0,10,11,16],"texture":"#0"}}},{"from":[9.98,-0.5,11],"to":[10,10.5,17],"rotation":{"angle":-45,"axis":"z","origin":[8,7,8]},"faces":{"east":{"uv":[0,10,11,16],"rotation":270,"texture":"#0"},"west":{"uv":[0,10,11,16],"rotation":90,"texture":"#0"}}},{"from":[4.5,4.98,11],"to":[15.5,5,17],"rotation":{"angle":-45,"axis":"z","origin":[8,7,8]},"faces":{"up":{"uv":[0,10,11,16],"rotation":180,"texture":"#0"},"down":{"uv":[0,10,11,16],"texture":"#0"}}},{"from":[9.98,-0.5,-1],"to":[10,10.5,5],"rotation":{"angle":-45,"axis":"z","origin":[8,7,8]},"faces":{"east":{"uv":[0,16,11,10],"rotation":270,"texture":"#0"},"west":{"uv":[0,16,11,10],"rotation":90,"texture":"#0"}}},{"from":[4.5,4.98,-1],"to":[15.5,5,5],"rotation":{"angle":-45,"axis":"z","origin":[8,7,8]},"faces":{"up":{"uv":[0,16,11,10],"rotation":180,"texture":"#0"},"down":{"uv":[0,16,11,10],"texture":"#0"}}},{"from":[-1,-0.5,9.98],"to":[5,10.5,10],"rotation":{"angle":45,"axis":"x","origin":[8,7,8]},"faces":{"north":{"uv":[0,10,11,16],"rotation":90,"texture":"#0"},"south":{"uv":[0,10,11,16],"rotation":270,"texture":"#0"}}},{"from":[-1,4.98,4.5],"to":[5,5,15.5],"rotation":{"angle":45,"axis":"x","origin":[8,7,8]},"faces":{"up":{"uv":[0,10,11,16],"rotation":270,"texture":"#0"},"down":{"uv":[0,10,11,16],"rotation":270,"texture":"#0"}}},{"from":[11,-0.5,9.98],"to":[17,10.5,10],"rotation":{"angle":45,"axis":"x","origin":[8,7,8]},"faces":{"north":{"uv":[0,16,11,10],"rotation":90,"texture":"#0"},"south":{"uv":[0,16,11,10],"rotation":270,"texture":"#0"}}},{"from":[11,4.98,4.5],"to":[17,5,15.5],"rotation":{"angle":45,"axis":"x","origin":[8,7,8]},"faces":{"up":{"uv":[0,16,11,10],"rotation":270,"texture":"#0"},"down":{"uv":[0,16,11,10],"rotation":270,"texture":"#0"}}},{"from":[7.98,-5,2.5],"to":[8,1,13.5],"rotation":{"angle":-45,"axis":"y","origin":[8,9,8]},"faces":{"east":{"uv":[0,16,11,10],"texture":"#0"},"west":{"uv":[0,16,11,10],"texture":"#0"}}},{"from":[2.5,-5,8],"to":[13.5,1,8.02],"rotation":{"angle":-45,"axis":"y","origin":[8,9,8]},"faces":{"north":{"uv":[0,16,11,10],"texture":"#0"},"south":{"uv":[0,16,11,10],"texture":"#0"}}}],"display":{"ground":{"scale":[0.5,0.5,0.5]}}}