{"credit":"Made by LZLeon with Blockbench, Contact - Discord: LZBlocks#0261 - E-Mail: lzblocks@outlook.com","texture_size":[64,64],"textures":{"3":"custom/general/decoration/collectibles/garden_gnome/gardengnome_wizard","particle":"custom/general/decoration/collectibles/garden_gnome/gardengnome_wizard"},"elements":[{"from":[4,3,5],"to":[12,10,12],"rotation":{"angle":0,"axis":"y","origin":[0,2,5]},"faces":{"north":{"uv":[8,8.25,10,10],"texture":"#3"},"east":{"uv":[6.25,8.25,8,10],"texture":"#3"},"south":{"uv":[11.75,8.25,13.75,10],"texture":"#3"},"west":{"uv":[10,8.25,11.75,10],"texture":"#3"},"up":{"uv":[10,8.25,8,6.5],"texture":"#3"},"down":{"uv":[12,6.5,10,8.25],"texture":"#3"}}},{"from":[1,4,7],"to":[4,10,10],"rotation":{"angle":22.5,"axis":"x","origin":[2.5,8.5,8.5]},"faces":{"north":{"uv":[0.75,12,1.5,13.5],"texture":"#3"},"east":{"uv":[0,12,0.75,13.5],"texture":"#3"},"south":{"uv":[2.25,12,3,13.5],"texture":"#3"},"west":{"uv":[1.5,12,2.25,13.5],"texture":"#3"},"up":{"uv":[1.5,12,0.75,11.25],"texture":"#3"},"down":{"uv":[2.25,11.25,1.5,12],"texture":"#3"}}},{"from":[4,10,5],"to":[12,18,13],"rotation":{"angle":0,"axis":"y","origin":[0,2,5]},"faces":{"north":{"uv":[2,6.25,4,8.25],"texture":"#3"},"east":{"uv":[0,6.25,2,8.25],"texture":"#3"},"south":{"uv":[6,6.25,8,8.25],"texture":"#3"},"west":{"uv":[4,6.25,6,8.25],"texture":"#3"},"up":{"uv":[4,6.25,2,4.25],"texture":"#3"},"down":{"uv":[6,4.25,4,6.25],"texture":"#3"}}},{"from":[1,11,10],"to":[4,15,10],"rotation":{"angle":22.5,"axis":"y","origin":[4,12,10]},"faces":{"north":{"uv":[8,4.75,8.75,5.75],"texture":"#3"},"east":{"uv":[8,4.75,8,5.75],"texture":"#3"},"south":{"uv":[8.75,4.75,9.5,5.75],"texture":"#3"},"west":{"uv":[8.75,4.75,8.75,5.75],"texture":"#3"},"up":{"uv":[8.75,4.75,8,4.75],"texture":"#3"},"down":{"uv":[9.5,4.75,8.75,4.75],"texture":"#3"}}},{"from":[12,11,10],"to":[15,15,10],"rotation":{"angle":-22.5,"axis":"y","origin":[12,12,10]},"faces":{"north":{"uv":[8.75,4.75,8,5.75],"texture":"#3"},"east":{"uv":[8.75,4.75,8.75,5.75],"texture":"#3"},"south":{"uv":[9.5,4.75,8.75,5.75],"texture":"#3"},"west":{"uv":[8,4.75,8,5.75],"texture":"#3"},"up":{"uv":[8,4.75,8.75,4.75],"texture":"#3"},"down":{"uv":[8.75,4.75,9.5,4.75],"texture":"#3"}}},{"from":[3.5,7.27165,3.66165],"to":[12.5,12.27165,8.66165],"rotation":{"angle":22.5,"axis":"x","origin":[8.5,10.27165,6.16165]},"faces":{"north":{"uv":[1.25,10,3.5,11.25],"texture":"#3"},"east":{"uv":[0,10,1.25,11.25],"texture":"#3"},"south":{"uv":[4.75,10,7,11.25],"texture":"#3"},"west":{"uv":[3.5,10,4.75,11.25],"texture":"#3"},"up":{"uv":[3.5,10,1.25,8.75],"texture":"#3"},"down":{"uv":[5.75,8.75,3.5,10],"texture":"#3"}}},{"from":[3.5,12.27165,4.66165],"to":[4.5,15.27165,7.66165],"rotation":{"angle":22.5,"axis":"x","origin":[8.5,10.27165,6.16165]},"faces":{"north":{"uv":[0.75,5,1,5.75],"texture":"#3"},"east":{"uv":[0,5,0.75,5.75],"texture":"#3"},"south":{"uv":[1.75,5,2,5.75],"texture":"#3"},"west":{"uv":[1,5,1.75,5.75],"texture":"#3"},"up":{"uv":[1,5,0.75,4.25],"texture":"#3"},"down":{"uv":[1.25,4.25,1,5],"texture":"#3"}}},{"from":[11.5,12.27165,4.66165],"to":[12.5,15.27165,7.66165],"rotation":{"angle":22.5,"axis":"x","origin":[8.5,9.27165,6.16165]},"faces":{"north":{"uv":[0.75,0.75,1,1.5],"texture":"#3"},"east":{"uv":[0,0.75,0.75,1.5],"texture":"#3"},"south":{"uv":[1.75,0.75,2,1.5],"texture":"#3"},"west":{"uv":[1,0.75,1.75,1.5],"texture":"#3"},"up":{"uv":[1,0.75,0.75,0],"texture":"#3"},"down":{"uv":[1.25,0,1,0.75],"texture":"#3"}}},{"from":[7,12,3],"to":[9,14,5],"rotation":{"angle":0,"axis":"y","origin":[0,3,5]},"faces":{"north":{"uv":[6.5,5.25,7,5.75],"texture":"#3"},"east":{"uv":[6,5.25,6.5,5.75],"texture":"#3"},"south":{"uv":[7.5,5.25,8,5.75],"texture":"#3"},"west":{"uv":[7,5.25,7.5,5.75],"texture":"#3"},"up":{"uv":[7,5.25,6.5,4.75],"texture":"#3"},"down":{"uv":[7.5,4.75,7,5.25],"texture":"#3"}}},{"from":[6,10,3.5],"to":[10,12,4.5],"rotation":{"angle":0,"axis":"y","origin":[0,3,5]},"faces":{"north":{"uv":[6.25,1,7.25,1.5],"texture":"#3"},"east":{"uv":[6,1,6.25,1.5],"texture":"#3"},"south":{"uv":[7.5,1,8.5,1.5],"texture":"#3"},"west":{"uv":[7.25,1,7.5,1.5],"texture":"#3"},"up":{"uv":[7.25,1,6.25,0.75],"texture":"#3"},"down":{"uv":[8.25,0.75,7.25,1],"texture":"#3"}}},{"from":[4,16.5,4],"to":[8,18.5,5],"rotation":{"angle":22.5,"axis":"z","origin":[7,17,4.5]},"faces":{"north":{"uv":[6.25,0.25,7.25,0.75],"texture":"#3"},"east":{"uv":[6,0.25,6.25,0.75],"texture":"#3"},"south":{"uv":[7.5,0.25,8.5,0.75],"texture":"#3"},"west":{"uv":[7.25,0.25,7.5,0.75],"texture":"#3"},"up":{"uv":[7.25,0.25,6.25,0],"texture":"#3"},"down":{"uv":[8.25,0,7.25,0.25],"texture":"#3"}}},{"from":[8,16.5,4],"to":[12,18.5,5],"rotation":{"angle":-22.5,"axis":"z","origin":[9,17,4.5]},"faces":{"north":{"uv":[7.25,0.25,6.25,0.75],"texture":"#3"},"east":{"uv":[7.5,0.25,7.25,0.75],"texture":"#3"},"south":{"uv":[8.5,0.25,7.5,0.75],"texture":"#3"},"west":{"uv":[6.25,0.25,6,0.75],"texture":"#3"},"up":{"uv":[6.25,0.25,7.25,0],"texture":"#3"},"down":{"uv":[7.25,0,8.25,0.25],"texture":"#3"}}},{"from":[4,0,4],"to":[7,3,11],"rotation":{"angle":22.5,"axis":"y","origin":[6,1,8.5]},"faces":{"north":{"uv":[7,11.75,7.75,12.5],"texture":"#3"},"east":{"uv":[5.25,11.75,7,12.5],"texture":"#3"},"south":{"uv":[9.5,11.75,10.25,12.5],"texture":"#3"},"west":{"uv":[7.75,11.75,9.5,12.5],"texture":"#3"},"up":{"uv":[7.75,11.75,7,10],"texture":"#3"},"down":{"uv":[8.5,10,7.75,11.75],"texture":"#3"}}},{"from":[9,0,4],"to":[12,3,11],"rotation":{"angle":-22.5,"axis":"y","origin":[10,1,8.5]},"faces":{"north":{"uv":[7.75,11.75,7,12.5],"texture":"#3"},"east":{"uv":[9.5,11.75,7.75,12.5],"texture":"#3"},"south":{"uv":[10.25,11.75,9.5,12.5],"texture":"#3"},"west":{"uv":[7,11.75,5.25,12.5],"texture":"#3"},"up":{"uv":[7,11.75,7.75,10],"texture":"#3"},"down":{"uv":[7.75,10,8.5,11.75],"texture":"#3"}}},{"from":[3.5,17.56047,11.91908],"to":[12.5,19.56047,20.91908],"rotation":{"angle":22.5,"axis":"x","origin":[7,35.67251,8.53703]},"faces":{"north":{"uv":[8.25,4.25,10.5,4.75],"texture":"#3"},"east":{"uv":[6,4.25,8.25,4.75],"texture":"#3"},"south":{"uv":[12.75,4.25,15,4.75],"texture":"#3"},"west":{"uv":[10.5,4.25,12.75,4.75],"texture":"#3"},"up":{"uv":[10.5,4.25,8.25,2],"texture":"#3"},"down":{"uv":[12.75,2,10.5,4.25],"texture":"#3"}}},{"from":[4,19.56047,12.41908],"to":[12,28.56047,20.41908],"rotation":{"angle":22.5,"axis":"x","origin":[7,35.67251,8.53703]},"faces":{"north":{"uv":[2,2,4,4.25],"texture":"#3"},"east":{"uv":[0,2,2,4.25],"texture":"#3"},"south":{"uv":[6,2,8,4.25],"texture":"#3"},"west":{"uv":[4,2,6,4.25],"texture":"#3"},"up":{"uv":[4,2,2,0],"texture":"#3"},"down":{"uv":[6,0,4,2],"texture":"#3"}}},{"from":[12,6.42597,4.11418],"to":[15,9.42597,10.11418],"rotation":{"angle":-22.5,"axis":"x","origin":[2.5,7.92597,7.11418]},"faces":{"north":{"uv":[11.75,11.5,12.5,12.25],"texture":"#3"},"east":{"uv":[10.25,11.5,11.75,12.25],"texture":"#3"},"south":{"uv":[14,11.5,14.75,12.25],"texture":"#3"},"west":{"uv":[12.5,11.5,14,12.25],"texture":"#3"},"up":{"uv":[12.5,11.5,11.75,10],"texture":"#3"},"down":{"uv":[13.25,10,12.5,11.5],"texture":"#3"}}},{"from":[12.5,-0.01953,4.3],"to":[14.5,6.98047,6.3],"rotation":{"angle":0,"axis":"x","origin":[13.5,3.5,4.3]},"faces":{"north":{"uv":[3.5,11.75,4,13.5],"texture":"#3"},"east":{"uv":[3,11.75,3.5,13.5],"texture":"#3"},"south":{"uv":[4.5,11.75,5,13.5],"texture":"#3"},"west":{"uv":[4,11.75,4.5,13.5],"texture":"#3"},"up":{"uv":[4,11.75,3.5,11.25],"texture":"#3"},"down":{"uv":[4.5,11.25,4,11.75],"texture":"#3"}}}],"display":{"thirdperson_righthand":{"rotation":[60,20,0],"translation":[-0.75,0.75,0],"scale":[0.4,0.4,0.4]},"thirdperson_lefthand":{"rotation":[60,20,0],"translation":[-0.75,0.75,0],"scale":[0.4,0.4,0.4]},"firstperson_righthand":{"rotation":[0,-73,6],"translation":[0.5,1.75,0],"scale":[-0.4,0.4,-0.4]},"firstperson_lefthand":{"rotation":[0,-73,6],"translation":[0.5,1.75,0],"scale":[-0.4,0.4,-0.4]},"ground":{"translation":[0,1.5,0],"scale":[0.5,0.5,0.5]},"gui":{"rotation":[30,-135,0],"translation":[0,-2.25,0],"scale":[0.5,0.5,0.5]},"head":{"translation":[0,-30.4,0],"scale":[-1.6,1.6,-1.6]},"fixed":{"rotation":[-90,90,0],"translation":[0,0,-16],"scale":[-2,2,-2]}}}