{"credit":"Made by LZLeon with Blockbench, Contact - Discord: LZBlocks#0261 - E-Mail: lzblocks@outlook.com","texture_size":[64,64],"textures":{"1":"custom/general/decoration/collectibles/garden_gnome/gardengnome_batman","particle":"custom/general/decoration/collectibles/garden_gnome/gardengnome_batman"},"elements":[{"from":[4,3,5],"to":[12,10,12],"rotation":{"angle":0,"axis":"y","origin":[0,2,5]},"faces":{"north":{"uv":[1.75,5.75,3.75,7.5],"texture":"#1"},"east":{"uv":[0,5.75,1.75,7.5],"texture":"#1"},"south":{"uv":[5.5,5.75,7.5,7.5],"texture":"#1"},"west":{"uv":[3.75,5.75,5.5,7.5],"texture":"#1"},"up":{"uv":[3.75,5.75,1.75,4],"texture":"#1"},"down":{"uv":[5.75,4,3.75,5.75],"texture":"#1"}}},{"from":[1,4,7],"to":[4,10,10],"rotation":{"angle":22.5,"axis":"x","origin":[2.5,8.5,8.5]},"faces":{"north":{"uv":[5.75,9.5,6.5,11],"texture":"#1"},"east":{"uv":[5,9.5,5.75,11],"texture":"#1"},"south":{"uv":[7.25,9.5,8,11],"texture":"#1"},"west":{"uv":[6.5,9.5,7.25,11],"texture":"#1"},"up":{"uv":[6.5,9.5,5.75,8.75],"texture":"#1"},"down":{"uv":[7.25,8.75,6.5,9.5],"texture":"#1"}}},{"from":[12,4,7],"to":[15,10,10],"rotation":{"angle":22.5,"axis":"x","origin":[13.5,8.5,8.5]},"faces":{"north":{"uv":[8.75,0.75,9.5,2.25],"texture":"#1"},"east":{"uv":[8,0.75,8.75,2.25],"texture":"#1"},"south":{"uv":[10.25,0.75,11,2.25],"texture":"#1"},"west":{"uv":[9.5,0.75,10.25,2.25],"texture":"#1"},"up":{"uv":[9.5,0.75,8.75,0],"texture":"#1"},"down":{"uv":[10.25,0,9.5,0.75],"texture":"#1"}}},{"from":[4,10,5],"to":[12,18,13],"rotation":{"angle":0,"axis":"y","origin":[0,2,5]},"faces":{"north":{"uv":[2,2,4,4],"texture":"#1"},"east":{"uv":[0,2,2,4],"texture":"#1"},"south":{"uv":[6,2,8,4],"texture":"#1"},"west":{"uv":[4,2,6,4],"texture":"#1"},"up":{"uv":[4,2,2,0],"texture":"#1"},"down":{"uv":[6,0,4,2],"texture":"#1"}}},{"from":[3.5,7.27165,3.66165],"to":[12.5,12.27165,8.66165],"rotation":{"angle":22.5,"axis":"x","origin":[8.5,10.27165,6.16165]},"faces":{"north":{"uv":[7.5,7.5,9.75,8.75],"texture":"#1"},"east":{"uv":[6.25,7.5,7.5,8.75],"texture":"#1"},"south":{"uv":[11,7.5,13.25,8.75],"texture":"#1"},"west":{"uv":[9.75,7.5,11,8.75],"texture":"#1"},"up":{"uv":[9.75,7.5,7.5,6.25],"texture":"#1"},"down":{"uv":[12,6.25,9.75,7.5],"texture":"#1"}}},{"from":[3.5,12.27165,4.66165],"to":[4.5,15.27165,7.66165],"rotation":{"angle":22.5,"axis":"x","origin":[8.5,10.27165,6.16165]},"faces":{"north":{"uv":[6.75,0.75,7,1.5],"texture":"#1"},"east":{"uv":[6,0.75,6.75,1.5],"texture":"#1"},"south":{"uv":[7.75,0.75,8,1.5],"texture":"#1"},"west":{"uv":[7,0.75,7.75,1.5],"texture":"#1"},"up":{"uv":[7,0.75,6.75,0],"texture":"#1"},"down":{"uv":[7.25,0,7,0.75],"texture":"#1"}}},{"from":[11.5,12.27165,4.66165],"to":[12.5,15.27165,7.66165],"rotation":{"angle":22.5,"axis":"x","origin":[7.5,10.27165,6.16165]},"faces":{"north":{"uv":[7,0.75,6.75,1.5],"texture":"#1"},"east":{"uv":[7.75,0.75,7,1.5],"texture":"#1"},"south":{"uv":[8,0.75,7.75,1.5],"texture":"#1"},"west":{"uv":[6.75,0.75,6,1.5],"texture":"#1"},"up":{"uv":[6.75,0.75,7,0],"texture":"#1"},"down":{"uv":[7,0,7.25,0.75],"texture":"#1"}}},{"from":[7,12,3],"to":[9,14,5],"rotation":{"angle":0,"axis":"y","origin":[0,3,5]},"faces":{"north":{"uv":[3.75,8.75,4.25,9.25],"texture":"#1"},"east":{"uv":[3.25,8.75,3.75,9.25],"texture":"#1"},"south":{"uv":[4.75,8.75,5.25,9.25],"texture":"#1"},"west":{"uv":[4.25,8.75,4.75,9.25],"texture":"#1"},"up":{"uv":[4.25,8.75,3.75,8.25],"texture":"#1"},"down":{"uv":[4.75,8.25,4.25,8.75],"texture":"#1"}}},{"from":[6,10,3.5],"to":[10,12,4.5],"rotation":{"angle":0,"axis":"y","origin":[0,3,5]},"faces":{"north":{"uv":[7.75,5.75,8.75,6.25],"texture":"#1"},"east":{"uv":[7.5,5.75,7.75,6.25],"texture":"#1"},"south":{"uv":[9,5.75,10,6.25],"texture":"#1"},"west":{"uv":[8.75,5.75,9,6.25],"texture":"#1"},"up":{"uv":[8.75,5.75,7.75,5.5],"texture":"#1"},"down":{"uv":[9.75,5.5,8.75,5.75],"texture":"#1"}}},{"from":[3.88478,15.07926,4.5],"to":[7.88478,17.07926,5.5],"rotation":{"angle":-22.5,"axis":"z","origin":[5.88478,16.07926,5]},"faces":{"north":{"uv":[3.5,7.75,4.5,8.25],"texture":"#1"},"east":{"uv":[3.25,7.75,3.5,8.25],"texture":"#1"},"south":{"uv":[4.75,7.75,5.75,8.25],"texture":"#1"},"west":{"uv":[4.5,7.75,4.75,8.25],"texture":"#1"},"up":{"uv":[4.5,7.75,3.5,7.5],"texture":"#1"},"down":{"uv":[5.5,7.5,4.5,7.75],"texture":"#1"}}},{"from":[8.11522,15.07926,4.5],"to":[12.11522,17.07926,5.5],"rotation":{"angle":22.5,"axis":"z","origin":[10.11522,16.07926,5]},"faces":{"north":{"uv":[6,5,7,5.5],"texture":"#1"},"east":{"uv":[5.75,5,6,5.5],"texture":"#1"},"south":{"uv":[7.25,5,8.25,5.5],"texture":"#1"},"west":{"uv":[7,5,7.25,5.5],"texture":"#1"},"up":{"uv":[7,5,6,4.75],"texture":"#1"},"down":{"uv":[8,4.75,7,5],"texture":"#1"}}},{"from":[4,0,4],"to":[7,3,11],"rotation":{"angle":22.5,"axis":"y","origin":[6,1,8.5]},"faces":{"north":{"uv":[1.75,9.25,2.5,10],"texture":"#1"},"east":{"uv":[0,9.25,1.75,10],"texture":"#1"},"south":{"uv":[4.25,9.25,5,10],"texture":"#1"},"west":{"uv":[2.5,9.25,4.25,10],"texture":"#1"},"up":{"uv":[2.5,9.25,1.75,7.5],"texture":"#1"},"down":{"uv":[3.25,7.5,2.5,9.25],"texture":"#1"}}},{"from":[9,0,4],"to":[12,3,11],"rotation":{"angle":-22.5,"axis":"y","origin":[10,1,8.5]},"faces":{"north":{"uv":[8,4,8.75,4.75],"texture":"#1"},"east":{"uv":[6.25,4,8,4.75],"texture":"#1"},"south":{"uv":[10.5,4,11.25,4.75],"texture":"#1"},"west":{"uv":[8.75,4,10.5,4.75],"texture":"#1"},"up":{"uv":[8.75,4,8,2.25],"texture":"#1"},"down":{"uv":[9.5,2.25,8.75,4],"texture":"#1"}}},{"from":[4,18,9],"to":[7,21,9],"faces":{"north":{"uv":[0,4,0.75,4.75],"texture":"#1"},"east":{"uv":[0,4,0,4.75],"texture":"#1"},"south":{"uv":[0.75,4,1.5,4.75],"texture":"#1"},"west":{"uv":[0.75,4,0.75,4.75],"texture":"#1"},"up":{"uv":[0.75,4,0,4],"texture":"#1"},"down":{"uv":[1.5,4,0.75,4],"texture":"#1"}}},{"from":[9,18,9],"to":[12,21,9],"rotation":{"angle":0,"axis":"y","origin":[16,0,0]},"faces":{"north":{"uv":[0.75,4,0,4.75],"texture":"#1"},"east":{"uv":[0.75,4,0.75,4.75],"texture":"#1"},"south":{"uv":[1.5,4,0.75,4.75],"texture":"#1"},"west":{"uv":[0,4,0,4.75],"texture":"#1"},"up":{"uv":[0,4,0.75,4],"texture":"#1"},"down":{"uv":[0.75,4,1.5,4],"texture":"#1"}}}],"display":{"thirdperson_righthand":{"rotation":[60,20,0],"translation":[-0.75,0.75,0],"scale":[0.4,0.4,0.4]},"thirdperson_lefthand":{"rotation":[60,20,0],"translation":[-0.75,0.75,0],"scale":[0.4,0.4,0.4]},"firstperson_righthand":{"rotation":[0,-73,6],"translation":[0.5,1.75,0],"scale":[-0.4,0.4,-0.4]},"firstperson_lefthand":{"rotation":[0,-73,6],"translation":[0.5,1.75,0],"scale":[-0.4,0.4,-0.4]},"ground":{"translation":[0,1.5,0],"scale":[0.5,0.5,0.5]},"gui":{"rotation":[30,-135,0],"translation":[0,-2.25,0],"scale":[0.5,0.5,0.5]},"head":{"translation":[0,-30.4,0],"scale":[-1.6,1.6,-1.6]},"fixed":{"rotation":[-90,90,0],"translation":[0,0,-16],"scale":[-2,2,-2]}}}