{"credit":"Made by LZLeon with Blockbench, Contact - Discord: LZBlocks#0261 - E-Mail: lzblocks@outlook.com","texture_size":[64,64],"textures":{"0":"custom/general/decoration/collectibles/garden_gnome/gardengnome_normal"},"elements":[{"from":[7.5,4,4.5],"to":[9.5,6,5.5],"rotation":{"angle":45,"axis":"z","origin":[8,4.5,6]},"faces":{"north":{"uv":[0.25,8.25,0.75,8.75],"texture":"#0"},"east":{"uv":[0,8.25,0.25,8.75],"texture":"#0"},"south":{"uv":[1,8.25,1.5,8.75],"texture":"#0"},"west":{"uv":[0.75,8.25,1,8.75],"texture":"#0"},"up":{"uv":[0.75,8.25,0.25,8],"texture":"#0"},"down":{"uv":[1.25,8,0.75,8.25],"texture":"#0"}}},{"from":[4,3,5],"to":[12,10,12],"rotation":{"angle":0,"axis":"y","origin":[0,2,5]},"faces":{"north":{"uv":[8,7,10,8.75],"texture":"#0"},"east":{"uv":[6.25,7,8,8.75],"texture":"#0"},"south":{"uv":[11.75,7,13.75,8.75],"texture":"#0"},"west":{"uv":[10,7,11.75,8.75],"texture":"#0"},"up":{"uv":[10,7,8,5.25],"texture":"#0"},"down":{"uv":[12,5.25,10,7],"texture":"#0"}}},{"from":[1,4,7],"to":[4,10,10],"rotation":{"angle":22.5,"axis":"x","origin":[2.5,8.5,8.5]},"faces":{"north":{"uv":[0.75,10.75,1.5,12.25],"texture":"#0"},"east":{"uv":[0,10.75,0.75,12.25],"texture":"#0"},"south":{"uv":[2.25,10.75,3,12.25],"texture":"#0"},"west":{"uv":[1.5,10.75,2.25,12.25],"texture":"#0"},"up":{"uv":[1.5,10.75,0.75,10],"texture":"#0"},"down":{"uv":[2.25,10,1.5,10.75],"texture":"#0"}}},{"from":[12,4,7],"to":[15,10,10],"rotation":{"angle":22.5,"axis":"x","origin":[13.5,8.5,8.5]},"faces":{"north":{"uv":[1.5,10.75,0.75,12.25],"texture":"#0"},"east":{"uv":[2.25,10.75,1.5,12.25],"texture":"#0"},"south":{"uv":[3,10.75,2.25,12.25],"texture":"#0"},"west":{"uv":[0.75,10.75,0,12.25],"texture":"#0"},"up":{"uv":[0.75,10.75,1.5,10],"texture":"#0"},"down":{"uv":[1.5,10,2.25,10.75],"texture":"#0"}}},{"from":[4,10,5],"to":[12,18,13],"rotation":{"angle":0,"axis":"y","origin":[0,2,5]},"faces":{"north":{"uv":[2,5,4,7],"texture":"#0"},"east":{"uv":[0,5,2,7],"texture":"#0"},"south":{"uv":[6,5,8,7],"texture":"#0"},"west":{"uv":[4,5,6,7],"texture":"#0"},"up":{"uv":[4,5,2,3],"texture":"#0"},"down":{"uv":[6,3,4,5],"texture":"#0"}}},{"from":[1,11,10],"to":[4,15,10],"rotation":{"angle":22.5,"axis":"y","origin":[4,12,10]},"faces":{"north":{"uv":[6,3.75,6.75,4.75],"texture":"#0"},"east":{"uv":[6,3.75,6,4.75],"texture":"#0"},"south":{"uv":[6.75,3.75,7.5,4.75],"texture":"#0"},"west":{"uv":[6.75,3.75,6.75,4.75],"texture":"#0"},"up":{"uv":[6.75,3.75,6,3.75],"texture":"#0"},"down":{"uv":[7.5,3.75,6.75,3.75],"texture":"#0"}}},{"from":[12,11,10],"to":[15,15,10],"rotation":{"angle":-22.5,"axis":"y","origin":[12,12,10]},"faces":{"north":{"uv":[6.75,3.75,6,4.75],"texture":"#0"},"east":{"uv":[6.75,3.75,6.75,4.75],"texture":"#0"},"south":{"uv":[7.5,3.75,6.75,4.75],"texture":"#0"},"west":{"uv":[6,3.75,6,4.75],"texture":"#0"},"up":{"uv":[6,3.75,6.75,3.75],"texture":"#0"},"down":{"uv":[6.75,3.75,7.5,3.75],"texture":"#0"}}},{"from":[3.5,16,4.5],"to":[12.5,18,14.5],"rotation":{"angle":22.5,"axis":"x","origin":[8,17.5,9]},"faces":{"north":{"uv":[2.5,2.5,4.75,3],"texture":"#0"},"east":{"uv":[0,2.5,2.5,3],"texture":"#0"},"south":{"uv":[7.25,2.5,9.5,3],"texture":"#0"},"west":{"uv":[4.75,2.5,7.25,3],"texture":"#0"},"up":{"uv":[4.75,2.5,2.5,0],"texture":"#0"},"down":{"uv":[7,0,4.75,2.5],"texture":"#0"}}},{"from":[4.5,18,5.5],"to":[11.5,22,13.5],"rotation":{"angle":22.5,"axis":"x","origin":[8,17.5,9]},"faces":{"north":{"uv":[2,9,3.75,10],"texture":"#0"},"east":{"uv":[0,9,2,10],"texture":"#0"},"south":{"uv":[5.75,9,7.5,10],"texture":"#0"},"west":{"uv":[3.75,9,5.75,10],"texture":"#0"},"up":{"uv":[3.75,9,2,7],"texture":"#0"},"down":{"uv":[5.5,7,3.75,9],"texture":"#0"}}},{"from":[5.5,20.23775,10.63207],"to":[10.5,26.23775,16.63207],"rotation":{"angle":45,"axis":"x","origin":[8,24.23775,12.33207]},"faces":{"north":{"uv":[7.5,10.25,8.75,11.75],"texture":"#0"},"east":{"uv":[6,10.25,7.5,11.75],"texture":"#0"},"south":{"uv":[10.25,10.25,11.5,11.75],"texture":"#0"},"west":{"uv":[8.75,10.25,10.25,11.75],"texture":"#0"},"up":{"uv":[8.75,10.25,7.5,8.75],"texture":"#0"},"down":{"uv":[10,8.75,8.75,10.25],"texture":"#0"}}},{"from":[3.5,7.27165,3.66165],"to":[12.5,12.27165,8.66165],"rotation":{"angle":22.5,"axis":"x","origin":[8.5,10.27165,6.16165]},"faces":{"north":{"uv":[8.25,1.25,10.5,2.5],"texture":"#0"},"east":{"uv":[7,1.25,8.25,2.5],"texture":"#0"},"south":{"uv":[11.75,1.25,14,2.5],"texture":"#0"},"west":{"uv":[10.5,1.25,11.75,2.5],"texture":"#0"},"up":{"uv":[10.5,1.25,8.25,0],"texture":"#0"},"down":{"uv":[12.75,0,10.5,1.25],"texture":"#0"}}},{"from":[3.5,12.27165,4.66165],"to":[4.5,15.27165,7.66165],"rotation":{"angle":22.5,"axis":"x","origin":[8.5,10.27165,6.16165]},"faces":{"north":{"uv":[0.75,3.75,1,4.5],"texture":"#0"},"east":{"uv":[0,3.75,0.75,4.5],"texture":"#0"},"south":{"uv":[1.75,3.75,2,4.5],"texture":"#0"},"west":{"uv":[1,3.75,1.75,4.5],"texture":"#0"},"up":{"uv":[1,3.75,0.75,3],"texture":"#0"},"down":{"uv":[1.25,3,1,3.75],"texture":"#0"}}},{"from":[11.5,12.27165,4.66165],"to":[12.5,15.27165,7.66165],"rotation":{"angle":22.5,"axis":"x","origin":[7.5,10.27165,6.16165]},"faces":{"north":{"uv":[1,3.75,0.75,4.5],"texture":"#0"},"east":{"uv":[1.75,3.75,1,4.5],"texture":"#0"},"south":{"uv":[2,3.75,1.75,4.5],"texture":"#0"},"west":{"uv":[0.75,3.75,0,4.5],"texture":"#0"},"up":{"uv":[0.75,3.75,1,3],"texture":"#0"},"down":{"uv":[1,3,1.25,3.75],"texture":"#0"}}},{"from":[7,12,3],"to":[9,14,5],"rotation":{"angle":0,"axis":"y","origin":[0,3,5]},"faces":{"north":{"uv":[0.5,7.5,1,8],"texture":"#0"},"east":{"uv":[0,7.5,0.5,8],"texture":"#0"},"south":{"uv":[1.5,7.5,2,8],"texture":"#0"},"west":{"uv":[1,7.5,1.5,8],"texture":"#0"},"up":{"uv":[1,7.5,0.5,7],"texture":"#0"},"down":{"uv":[1.5,7,1,7.5],"texture":"#0"}}},{"from":[6,10,3.5],"to":[10,12,4.5],"rotation":{"angle":0,"axis":"y","origin":[0,3,5]},"faces":{"north":{"uv":[0.25,1.75,1.25,2.25],"texture":"#0"},"east":{"uv":[0,1.75,0.25,2.25],"texture":"#0"},"south":{"uv":[1.5,1.75,2.5,2.25],"texture":"#0"},"west":{"uv":[1.25,1.75,1.5,2.25],"texture":"#0"},"up":{"uv":[1.25,1.75,0.25,1.5],"texture":"#0"},"down":{"uv":[2.25,1.5,1.25,1.75],"texture":"#0"}}},{"from":[4,16.5,4],"to":[8,18.5,5],"rotation":{"angle":22.5,"axis":"z","origin":[7,17,4.5]},"faces":{"north":{"uv":[6.25,3.25,7.25,3.75],"texture":"#0"},"east":{"uv":[6,3.25,6.25,3.75],"texture":"#0"},"south":{"uv":[7.5,3.25,8.5,3.75],"texture":"#0"},"west":{"uv":[7.25,3.25,7.5,3.75],"texture":"#0"},"up":{"uv":[7.25,3.25,6.25,3],"texture":"#0"},"down":{"uv":[8.25,3,7.25,3.25],"texture":"#0"}}},{"from":[8,16.5,4],"to":[12,18.5,5],"rotation":{"angle":-22.5,"axis":"z","origin":[9,17,4.5]},"faces":{"north":{"uv":[7.25,3.25,6.25,3.75],"texture":"#0"},"east":{"uv":[7.5,3.25,7.25,3.75],"texture":"#0"},"south":{"uv":[8.5,3.25,7.5,3.75],"texture":"#0"},"west":{"uv":[6.25,3.25,6,3.75],"texture":"#0"},"up":{"uv":[6.25,3.25,7.25,3],"texture":"#0"},"down":{"uv":[7.25,3,8.25,3.25],"texture":"#0"}}},{"from":[4,0,4],"to":[7,3,11],"rotation":{"angle":22.5,"axis":"y","origin":[6,1,8.5]},"faces":{"north":{"uv":[9.5,4.25,10.25,5],"texture":"#0"},"east":{"uv":[7.75,4.25,9.5,5],"texture":"#0"},"south":{"uv":[12,4.25,12.75,5],"texture":"#0"},"west":{"uv":[10.25,4.25,12,5],"texture":"#0"},"up":{"uv":[10.25,4.25,9.5,2.5],"texture":"#0"},"down":{"uv":[11,2.5,10.25,4.25],"texture":"#0"}}},{"from":[9,0,4],"to":[12,3,11],"rotation":{"angle":-22.5,"axis":"y","origin":[10,1,8.5]},"faces":{"north":{"uv":[10.25,4.25,9.5,5],"texture":"#0"},"east":{"uv":[12,4.25,10.25,5],"texture":"#0"},"south":{"uv":[12.75,4.25,12,5],"texture":"#0"},"west":{"uv":[9.5,4.25,7.75,5],"texture":"#0"},"up":{"uv":[9.5,4.25,10.25,2.5],"texture":"#0"},"down":{"uv":[10.25,2.5,11,4.25],"texture":"#0"}}}],"display":{"thirdperson_righthand":{"rotation":[60,20,0],"translation":[-0.75,0.75,0],"scale":[0.4,0.4,0.4]},"thirdperson_lefthand":{"rotation":[60,20,0],"translation":[-0.75,0.75,0],"scale":[0.4,0.4,0.4]},"firstperson_righthand":{"rotation":[0,-73,6],"translation":[0.5,1.75,0],"scale":[-0.4,0.4,-0.4]},"firstperson_lefthand":{"rotation":[0,-73,6],"translation":[0.5,1.75,0],"scale":[-0.4,0.4,-0.4]},"ground":{"translation":[0,1.5,0],"scale":[0.5,0.5,0.5]},"gui":{"rotation":[30,-135,0],"translation":[0,-2.25,0],"scale":[0.5,0.5,0.5]},"head":{"translation":[0,-30.4,0],"scale":[-1.6,1.6,-1.6]},"fixed":{"rotation":[-90,90,0],"translation":[0,0,-16],"scale":[-2,2,-2]}}}