{"credit":"Made by LZLeon with Blockbench, Contact - Discord: LZBlocks#0261 - E-Mail: lzblocks@outlook.com","texture_size":[64,64],"textures":{"2":"custom/general/decoration/collectibles/garden_gnome/gardengnome_viking"},"elements":[{"from":[7.5,4,4.5],"to":[9.5,6,5.5],"rotation":{"angle":45,"axis":"z","origin":[8,4.5,6]},"faces":{"north":{"uv":[0.25,5.75,0.75,6.25],"texture":"#2"},"east":{"uv":[0,5.75,0.25,6.25],"texture":"#2"},"south":{"uv":[1,5.75,1.5,6.25],"texture":"#2"},"west":{"uv":[0.75,5.75,1,6.25],"texture":"#2"},"up":{"uv":[0.75,5.75,0.25,5.5],"texture":"#2"},"down":{"uv":[1.25,5.5,0.75,5.75],"texture":"#2"}}},{"from":[4,3,5],"to":[12,10,12],"rotation":{"angle":0,"axis":"y","origin":[0,2,5]},"faces":{"north":{"uv":[1.75,8.5,3.75,10.25],"texture":"#2"},"east":{"uv":[0,8.5,1.75,10.25],"texture":"#2"},"south":{"uv":[5.5,8.5,7.5,10.25],"texture":"#2"},"west":{"uv":[3.75,8.5,5.5,10.25],"texture":"#2"},"up":{"uv":[3.75,8.5,1.75,6.75],"texture":"#2"},"down":{"uv":[5.75,6.75,3.75,8.5],"texture":"#2"}}},{"from":[1,4,7],"to":[4,10,10],"rotation":{"angle":22.5,"axis":"x","origin":[2.5,8.5,8.5]},"faces":{"north":{"uv":[13,12.5,13.75,14],"texture":"#2"},"east":{"uv":[12.25,12.5,13,14],"texture":"#2"},"south":{"uv":[14.5,12.5,15.25,14],"texture":"#2"},"west":{"uv":[13.75,12.5,14.5,14],"texture":"#2"},"up":{"uv":[13.75,12.5,13,11.75],"texture":"#2"},"down":{"uv":[14.5,11.75,13.75,12.5],"texture":"#2"}}},{"from":[12,4,7],"to":[15,10,10],"rotation":{"angle":22.5,"axis":"x","origin":[13.5,8.5,8.5]},"faces":{"north":{"uv":[10.75,11,11.5,12.5],"texture":"#2"},"east":{"uv":[10,11,10.75,12.5],"texture":"#2"},"south":{"uv":[12.25,11,13,12.5],"texture":"#2"},"west":{"uv":[11.5,11,12.25,12.5],"texture":"#2"},"up":{"uv":[11.5,11,10.75,10.25],"texture":"#2"},"down":{"uv":[12.25,10.25,11.5,11],"texture":"#2"}}},{"from":[4,10,5],"to":[12,18,13],"rotation":{"angle":0,"axis":"y","origin":[0,2,5]},"faces":{"north":{"uv":[2,2,4,4],"texture":"#2"},"east":{"uv":[0,2,2,4],"texture":"#2"},"south":{"uv":[6,2,8,4],"texture":"#2"},"west":{"uv":[4,2,6,4],"texture":"#2"},"up":{"uv":[4,2,2,0],"texture":"#2"},"down":{"uv":[6,0,4,2],"texture":"#2"}}},{"from":[1,11,10],"to":[4,15,10],"rotation":{"angle":22.5,"axis":"y","origin":[4,12,10]},"faces":{"north":{"uv":[0,10.25,0.75,11.25],"texture":"#2"},"east":{"uv":[0,10.25,0,11.25],"texture":"#2"},"south":{"uv":[0.75,10.25,1.5,11.25],"texture":"#2"},"west":{"uv":[0.75,10.25,0.75,11.25],"texture":"#2"},"up":{"uv":[0.75,10.25,0,10.25],"texture":"#2"},"down":{"uv":[1.5,10.25,0.75,10.25],"texture":"#2"}}},{"from":[12,11,10],"to":[15,15,10],"rotation":{"angle":-22.5,"axis":"y","origin":[12,12,10]},"faces":{"north":{"uv":[9,5.75,9.75,6.75],"texture":"#2"},"east":{"uv":[9,5.75,9,6.75],"texture":"#2"},"south":{"uv":[9.75,5.75,10.5,6.75],"texture":"#2"},"west":{"uv":[9.75,5.75,9.75,6.75],"texture":"#2"},"up":{"uv":[9.75,5.75,9,5.75],"texture":"#2"},"down":{"uv":[10.5,5.75,9.75,5.75],"texture":"#2"}}},{"from":[3.5,7.27165,3.66165],"to":[12.5,12.27165,8.66165],"rotation":{"angle":22.5,"axis":"x","origin":[8.5,10.27165,6.16165]},"faces":{"north":{"uv":[8.75,8,11,9.25],"texture":"#2"},"east":{"uv":[7.5,8,8.75,9.25],"texture":"#2"},"south":{"uv":[12.25,8,14.5,9.25],"texture":"#2"},"west":{"uv":[11,8,12.25,9.25],"texture":"#2"},"up":{"uv":[11,8,8.75,6.75],"texture":"#2"},"down":{"uv":[13.25,6.75,11,8],"texture":"#2"}}},{"from":[3.5,12.27165,4.66165],"to":[4.5,15.27165,7.66165],"rotation":{"angle":22.5,"axis":"x","origin":[8.5,10.27165,6.16165]},"faces":{"north":{"uv":[0.75,4.75,1,5.5],"texture":"#2"},"east":{"uv":[0,4.75,0.75,5.5],"texture":"#2"},"south":{"uv":[1.75,4.75,2,5.5],"texture":"#2"},"west":{"uv":[1,4.75,1.75,5.5],"texture":"#2"},"up":{"uv":[1,4.75,0.75,4],"texture":"#2"},"down":{"uv":[1.25,4,1,4.75],"texture":"#2"}}},{"from":[11.5,12.27165,4.66165],"to":[12.5,15.27165,7.66165],"rotation":{"angle":22.5,"axis":"x","origin":[7.5,10.27165,6.16165]},"faces":{"north":{"uv":[1,4.75,0.75,5.5],"texture":"#2"},"east":{"uv":[1.75,4.75,1,5.5],"texture":"#2"},"south":{"uv":[2,4.75,1.75,5.5],"texture":"#2"},"west":{"uv":[0.75,4.75,0,5.5],"texture":"#2"},"up":{"uv":[0.75,4.75,1,4],"texture":"#2"},"down":{"uv":[1,4,1.25,4.75],"texture":"#2"}}},{"from":[7,12,3],"to":[9,14,5],"rotation":{"angle":0,"axis":"y","origin":[0,3,5]},"faces":{"north":{"uv":[9.5,0.5,10,1],"texture":"#2"},"east":{"uv":[9,0.5,9.5,1],"texture":"#2"},"south":{"uv":[10.5,0.5,11,1],"texture":"#2"},"west":{"uv":[10,0.5,10.5,1],"texture":"#2"},"up":{"uv":[10,0.5,9.5,0],"texture":"#2"},"down":{"uv":[10.5,0,10,0.5],"texture":"#2"}}},{"from":[6,10,3.5],"to":[10,12,4.5],"rotation":{"angle":0,"axis":"y","origin":[0,3,5]},"faces":{"north":{"uv":[13,2,14,2.5],"texture":"#2"},"east":{"uv":[12.75,2,13,2.5],"texture":"#2"},"south":{"uv":[14.25,2,15.25,2.5],"texture":"#2"},"west":{"uv":[14,2,14.25,2.5],"texture":"#2"},"up":{"uv":[14,2,13,1.75],"texture":"#2"},"down":{"uv":[15,1.75,14,2],"texture":"#2"}}},{"from":[3.58478,15.87926,4],"to":[7.58478,17.87926,5],"rotation":{"angle":-22.5,"axis":"z","origin":[5.58478,16.87926,4.5]},"faces":{"north":{"uv":[0.25,13,1.25,13.5],"texture":"#2"},"east":{"uv":[0,13,0.25,13.5],"texture":"#2"},"south":{"uv":[1.5,13,2.5,13.5],"texture":"#2"},"west":{"uv":[1.25,13,1.5,13.5],"texture":"#2"},"up":{"uv":[1.25,13,0.25,12.75],"texture":"#2"},"down":{"uv":[2.25,12.75,1.25,13],"texture":"#2"}}},{"from":[8.41522,15.87926,4],"to":[12.41522,17.87926,5],"rotation":{"angle":22.5,"axis":"z","origin":[10.41522,16.87926,4.5]},"faces":{"north":{"uv":[8.5,10.5,9.5,11],"texture":"#2"},"east":{"uv":[8.25,10.5,8.5,11],"texture":"#2"},"south":{"uv":[9.75,10.5,10.75,11],"texture":"#2"},"west":{"uv":[9.5,10.5,9.75,11],"texture":"#2"},"up":{"uv":[9.5,10.5,8.5,10.25],"texture":"#2"},"down":{"uv":[10.5,10.25,9.5,10.5],"texture":"#2"}}},{"from":[4,0,4],"to":[7,3,11],"rotation":{"angle":22.5,"axis":"y","origin":[6,1,8.5]},"faces":{"north":{"uv":[6.75,12,7.5,12.75],"texture":"#2"},"east":{"uv":[5,12,6.75,12.75],"texture":"#2"},"south":{"uv":[9.25,12,10,12.75],"texture":"#2"},"west":{"uv":[7.5,12,9.25,12.75],"texture":"#2"},"up":{"uv":[7.5,12,6.75,10.25],"texture":"#2"},"down":{"uv":[8.25,10.25,7.5,12],"texture":"#2"}}},{"from":[9,0,4],"to":[12,3,11],"rotation":{"angle":-22.5,"axis":"y","origin":[10,1,8.5]},"faces":{"north":{"uv":[1.75,12,2.5,12.75],"texture":"#2"},"east":{"uv":[0,12,1.75,12.75],"texture":"#2"},"south":{"uv":[4.25,12,5,12.75],"texture":"#2"},"west":{"uv":[2.5,12,4.25,12.75],"texture":"#2"},"up":{"uv":[2.5,12,1.75,10.25],"texture":"#2"},"down":{"uv":[3.25,10.25,2.5,12],"texture":"#2"}}},{"from":[3.5,16,4.5],"to":[12.5,18,13.5],"rotation":{"angle":0,"axis":"x","origin":[0,-1,0]},"faces":{"north":{"uv":[2.25,6.25,4.5,6.75],"texture":"#2"},"east":{"uv":[0,6.25,2.25,6.75],"texture":"#2"},"south":{"uv":[6.75,6.25,9,6.75],"texture":"#2"},"west":{"uv":[4.5,6.25,6.75,6.75],"texture":"#2"},"up":{"uv":[4.5,6.25,2.25,4],"texture":"#2"},"down":{"uv":[6.75,4,4.5,6.25],"texture":"#2"}}},{"from":[4,18,5],"to":[12,21,13],"rotation":{"angle":0,"axis":"x","origin":[0,-1,0]},"faces":{"north":{"uv":[8.75,4,10.75,4.75],"texture":"#2"},"east":{"uv":[6.75,4,8.75,4.75],"texture":"#2"},"south":{"uv":[12.75,4,14.75,4.75],"texture":"#2"},"west":{"uv":[10.75,4,12.75,4.75],"texture":"#2"},"up":{"uv":[10.75,4,8.75,2],"texture":"#2"},"down":{"uv":[12.75,2,10.75,4],"texture":"#2"}}},{"from":[3,17,7],"to":[7,20,11],"rotation":{"angle":45,"axis":"z","origin":[3,19,7]},"faces":{"north":{"uv":[11,1,12,1.75],"texture":"#2"},"east":{"uv":[10,1,11,1.75],"texture":"#2"},"south":{"uv":[13,1,14,1.75],"texture":"#2"},"west":{"uv":[12,1,13,1.75],"texture":"#2"},"up":{"uv":[12,1,11,0],"texture":"#2"},"down":{"uv":[13,0,12,1],"texture":"#2"}}},{"from":[3.64222,20.39458,7.5],"to":[6.64222,23.39458,10.5],"rotation":{"angle":22.5,"axis":"z","origin":[4.14222,17.39458,7]},"faces":{"north":{"uv":[11.25,5.75,12,6.5],"texture":"#2"},"east":{"uv":[10.5,5.75,11.25,6.5],"texture":"#2"},"south":{"uv":[12.75,5.75,13.5,6.5],"texture":"#2"},"west":{"uv":[12,5.75,12.75,6.5],"texture":"#2"},"up":{"uv":[12,5.75,11.25,5],"texture":"#2"},"down":{"uv":[12.75,5,12,5.75],"texture":"#2"}}},{"from":[1.74222,22.39458,8],"to":[3.74222,25.39458,10],"rotation":{"angle":0,"axis":"x","origin":[4.14222,17.39458,7]},"faces":{"north":{"uv":[10,13,10.5,13.75],"texture":"#2"},"east":{"uv":[9.5,13,10,13.75],"texture":"#2"},"south":{"uv":[11,13,11.5,13.75],"texture":"#2"},"west":{"uv":[10.5,13,11,13.75],"texture":"#2"},"up":{"uv":[10.5,13,10,12.5],"texture":"#2"},"down":{"uv":[11,12.5,10.5,13],"texture":"#2"}}},{"from":[9,17,7],"to":[13,20,11],"rotation":{"angle":-45,"axis":"z","origin":[13,19,7]},"faces":{"north":{"uv":[7,1,8,1.75],"texture":"#2"},"east":{"uv":[6,1,7,1.75],"texture":"#2"},"south":{"uv":[9,1,10,1.75],"texture":"#2"},"west":{"uv":[8,1,9,1.75],"texture":"#2"},"up":{"uv":[8,1,7,0],"texture":"#2"},"down":{"uv":[9,0,8,1],"texture":"#2"}}},{"from":[9.35778,20.39458,7.5],"to":[12.35778,23.39458,10.5],"rotation":{"angle":-22.5,"axis":"z","origin":[11.85778,17.39458,7]},"faces":{"north":{"uv":[4,11,4.75,11.75],"texture":"#2"},"east":{"uv":[3.25,11,4,11.75],"texture":"#2"},"south":{"uv":[5.5,11,6.25,11.75],"texture":"#2"},"west":{"uv":[4.75,11,5.5,11.75],"texture":"#2"},"up":{"uv":[4.75,11,4,10.25],"texture":"#2"},"down":{"uv":[5.5,10.25,4.75,11],"texture":"#2"}}},{"from":[12.25778,22.39458,8],"to":[14.25778,25.39458,10],"rotation":{"angle":0,"axis":"x","origin":[11.85778,17.39458,7]},"faces":{"north":{"uv":[12.75,9.75,13.25,10.5],"texture":"#2"},"east":{"uv":[12.25,9.75,12.75,10.5],"texture":"#2"},"south":{"uv":[13.75,9.75,14.25,10.5],"texture":"#2"},"west":{"uv":[13.25,9.75,13.75,10.5],"texture":"#2"},"up":{"uv":[13.25,9.75,12.75,9.25],"texture":"#2"},"down":{"uv":[13.75,9.25,13.25,9.75],"texture":"#2"}}},{"from":[12.5,4.13173,3.68198],"to":[13.5,8.13173,5.68198],"rotation":{"angle":22.5,"axis":"x","origin":[13,8.13173,3.18198]},"faces":{"north":{"uv":[0.5,7.25,0.75,8.25],"rotation":180,"texture":"#2"},"east":{"uv":[0,7.25,0.5,8.25],"rotation":90,"texture":"#2"},"south":{"uv":[1.25,7.25,1.5,8.25],"texture":"#2"},"west":{"uv":[0.75,7.25,1.25,8.25],"rotation":270,"texture":"#2"},"up":{"uv":[0.75,7.25,0.5,6.75],"texture":"#2"},"down":{"uv":[1,6.75,0.75,7.25],"rotation":180,"texture":"#2"}}},{"from":[12.5,5.13173,5.68198],"to":[13.5,7.13173,8.68198],"rotation":{"angle":22.5,"axis":"x","origin":[13,8.13173,3.18198]},"faces":{"north":{"uv":[6.5,7.5,6.75,8],"rotation":180,"texture":"#2"},"east":{"uv":[5.75,7.5,6.5,8],"rotation":90,"texture":"#2"},"south":{"uv":[7.5,7.5,7.75,8],"texture":"#2"},"west":{"uv":[6.75,7.5,7.5,8],"rotation":270,"texture":"#2"},"up":{"uv":[6.75,7.5,6.5,6.75],"texture":"#2"},"down":{"uv":[7,6.75,6.75,7.5],"rotation":180,"texture":"#2"}}},{"from":[13,7.68902,-6.20173],"to":[13,11.68902,2.79827],"rotation":{"angle":22.5,"axis":"x","origin":[13,7.68902,-6.20173]},"faces":{"north":{"uv":[9,4.75,9,5.75],"texture":"#2"},"east":{"uv":[6.75,4.75,9,5.75],"texture":"#2"},"south":{"uv":[11.25,4.75,11.25,5.75],"texture":"#2"},"west":{"uv":[9,4.75,11.25,5.75],"texture":"#2"},"up":{"uv":[9,4.75,9,2.5],"texture":"#2"},"down":{"uv":[9,2.5,9,4.75],"texture":"#2"}}}],"display":{"thirdperson_righthand":{"rotation":[60,20,0],"translation":[-0.75,0.75,0],"scale":[0.4,0.4,0.4]},"thirdperson_lefthand":{"rotation":[60,20,0],"translation":[-0.75,0.75,0],"scale":[0.4,0.4,0.4]},"firstperson_righthand":{"rotation":[0,-73,6],"translation":[0.5,1.75,0],"scale":[-0.4,0.4,-0.4]},"firstperson_lefthand":{"rotation":[0,-73,6],"translation":[0.5,1.75,0],"scale":[-0.4,0.4,-0.4]},"ground":{"translation":[0,1.5,0],"scale":[0.5,0.5,0.5]},"gui":{"rotation":[30,-135,0],"translation":[0,-2.25,0],"scale":[0.5,0.5,0.5]},"head":{"translation":[0,-30.4,0],"scale":[-1.6,1.6,-1.6]},"fixed":{"rotation":[-90,90,0],"translation":[0,0,-16],"scale":[-2,2,-2]}}}