{"credit":"Made by LZLeon with Blockbench, Contact - Discord: LZBlocks#0261 - E-Mail: lzblocks@outlook.com","texture_size":[64,64],"textures":{"1":"custom/general/decoration/collectibles/garden_gnome/gardengnome_villager","particle":"custom/general/decoration/collectibles/garden_gnome/gardengnome_villager"},"elements":[{"from":[4,3,5],"to":[12,10,12],"rotation":{"angle":0,"axis":"y","origin":[0,2,5]},"faces":{"north":{"uv":[8,4.75,10,6.5],"texture":"#1"},"east":{"uv":[6.25,4.75,8,6.5],"texture":"#1"},"south":{"uv":[11.75,4.75,13.75,6.5],"texture":"#1"},"west":{"uv":[10,4.75,11.75,6.5],"texture":"#1"},"up":{"uv":[10,4.75,8,3],"texture":"#1"},"down":{"uv":[12,3,10,4.75],"texture":"#1"}}},{"from":[1,4,7],"to":[4,10,10],"rotation":{"angle":22.5,"axis":"x","origin":[2.5,8.5,8.5]},"faces":{"north":{"uv":[8.75,10.75,9.5,12.25],"texture":"#1"},"east":{"uv":[8,10.75,8.75,12.25],"texture":"#1"},"south":{"uv":[10.25,10.75,11,12.25],"texture":"#1"},"west":{"uv":[9.5,10.75,10.25,12.25],"texture":"#1"},"up":{"uv":[9.5,10.75,8.75,10],"texture":"#1"},"down":{"uv":[10.25,10,9.5,10.75],"texture":"#1"}}},{"from":[12,4,7],"to":[15,10,10],"rotation":{"angle":22.5,"axis":"x","origin":[13.5,8.5,8.5]},"faces":{"north":{"uv":[5.75,10.75,6.5,12.25],"texture":"#1"},"east":{"uv":[5,10.75,5.75,12.25],"texture":"#1"},"south":{"uv":[7.25,10.75,8,12.25],"texture":"#1"},"west":{"uv":[6.5,10.75,7.25,12.25],"texture":"#1"},"up":{"uv":[6.5,10.75,5.75,10],"texture":"#1"},"down":{"uv":[7.25,10,6.5,10.75],"texture":"#1"}}},{"from":[1,11,10],"to":[4,15,10],"rotation":{"angle":22.5,"axis":"y","origin":[4,12,10]},"faces":{"north":{"uv":[0,8.75,0.75,9.75],"texture":"#1"},"east":{"uv":[0,8.75,0,9.75],"texture":"#1"},"south":{"uv":[0.75,8.75,1.5,9.75],"texture":"#1"},"west":{"uv":[0.75,8.75,0.75,9.75],"texture":"#1"},"up":{"uv":[0.75,8.75,0,8.75],"texture":"#1"},"down":{"uv":[1.5,8.75,0.75,8.75],"texture":"#1"}}},{"from":[12,11,10],"to":[15,15,10],"rotation":{"angle":-22.5,"axis":"y","origin":[12,12,10]},"faces":{"north":{"uv":[8,0.75,8.75,1.75],"texture":"#1"},"east":{"uv":[8,0.75,8,1.75],"texture":"#1"},"south":{"uv":[8.75,0.75,9.5,1.75],"texture":"#1"},"west":{"uv":[8.75,0.75,8.75,1.75],"texture":"#1"},"up":{"uv":[8.75,0.75,8,0.75],"texture":"#1"},"down":{"uv":[9.5,0.75,8.75,0.75],"texture":"#1"}}},{"from":[1,11,10],"to":[4,15,10],"rotation":{"angle":22.5,"axis":"y","origin":[4,12,10]},"faces":{"north":{"uv":[8.75,0.75,8,1.75],"texture":"#1"},"east":{"uv":[8.75,0.75,8.75,1.75],"texture":"#1"},"south":{"uv":[9.5,0.75,8.75,1.75],"texture":"#1"},"west":{"uv":[8,0.75,8,1.75],"texture":"#1"},"up":{"uv":[8,0.75,8.75,0.75],"texture":"#1"},"down":{"uv":[8.75,0.75,9.5,0.75],"texture":"#1"}}},{"from":[3.5,7.27165,3.66165],"to":[12.5,12.27165,8.66165],"rotation":{"angle":22.5,"axis":"x","origin":[8.5,10.27165,6.16165]},"faces":{"north":{"uv":[8,8.75,10.25,10],"texture":"#1"},"east":{"uv":[6.75,8.75,8,10],"texture":"#1"},"south":{"uv":[11.5,8.75,13.75,10],"texture":"#1"},"west":{"uv":[10.25,8.75,11.5,10],"texture":"#1"},"up":{"uv":[10.25,8.75,8,7.5],"texture":"#1"},"down":{"uv":[12.5,7.5,10.25,8.75],"texture":"#1"}}},{"from":[3.5,12.27165,4.66165],"to":[4.5,15.27165,7.66165],"rotation":{"angle":22.5,"axis":"x","origin":[8.5,10.27165,6.16165]},"faces":{"north":{"uv":[6.75,0.75,7,1.5],"texture":"#1"},"east":{"uv":[6,0.75,6.75,1.5],"texture":"#1"},"south":{"uv":[7.75,0.75,8,1.5],"texture":"#1"},"west":{"uv":[7,0.75,7.75,1.5],"texture":"#1"},"up":{"uv":[7,0.75,6.75,0],"texture":"#1"},"down":{"uv":[7.25,0,7,0.75],"texture":"#1"}}},{"from":[11.5,12.27165,4.66165],"to":[12.5,15.27165,7.66165],"rotation":{"angle":22.5,"axis":"x","origin":[7.5,10.27165,6.16165]},"faces":{"north":{"uv":[0.75,5.5,1,6.25],"texture":"#1"},"east":{"uv":[0,5.5,0.75,6.25],"texture":"#1"},"south":{"uv":[1.75,5.5,2,6.25],"texture":"#1"},"west":{"uv":[1,5.5,1.75,6.25],"texture":"#1"},"up":{"uv":[1,5.5,0.75,4.75],"texture":"#1"},"down":{"uv":[1.25,4.75,1,5.5],"texture":"#1"}}},{"from":[6,10,3.5],"to":[10,12,4.5],"rotation":{"angle":0,"axis":"y","origin":[0,3,5]},"faces":{"north":{"uv":[7.5,0.25,8.5,0.75],"texture":"#1"},"east":{"uv":[7.25,0.25,7.5,0.75],"texture":"#1"},"south":{"uv":[8.75,0.25,9.75,0.75],"texture":"#1"},"west":{"uv":[8.5,0.25,8.75,0.75],"texture":"#1"},"up":{"uv":[8.5,0.25,7.5,0],"texture":"#1"},"down":{"uv":[9.5,0,8.5,0.25],"texture":"#1"}}},{"from":[4,0,4],"to":[7,3,11],"rotation":{"angle":22.5,"axis":"y","origin":[6,1,8.5]},"faces":{"north":{"uv":[1.75,10.5,2.5,11.25],"texture":"#1"},"east":{"uv":[0,10.5,1.75,11.25],"texture":"#1"},"south":{"uv":[4.25,10.5,5,11.25],"texture":"#1"},"west":{"uv":[2.5,10.5,4.25,11.25],"texture":"#1"},"up":{"uv":[2.5,10.5,1.75,8.75],"texture":"#1"},"down":{"uv":[3.25,8.75,2.5,10.5],"texture":"#1"}}},{"from":[9,0,4],"to":[12,3,11],"rotation":{"angle":-22.5,"axis":"y","origin":[10,1,8.5]},"faces":{"north":{"uv":[9.75,1.75,10.5,2.5],"texture":"#1"},"east":{"uv":[8,1.75,9.75,2.5],"texture":"#1"},"south":{"uv":[12.25,1.75,13,2.5],"texture":"#1"},"west":{"uv":[10.5,1.75,12.25,2.5],"texture":"#1"},"up":{"uv":[10.5,1.75,9.75,0],"texture":"#1"},"down":{"uv":[11.25,0,10.5,1.75],"texture":"#1"}}},{"from":[7,10.2,2.5],"to":[9,14.2,4.5],"rotation":{"angle":22.5,"axis":"x","origin":[8,12,4]},"faces":{"north":{"uv":[0.5,0.5,1,1.5],"texture":"#1"},"east":{"uv":[0,0.5,0.5,1.5],"texture":"#1"},"south":{"uv":[1.5,0.5,2,1.5],"texture":"#1"},"west":{"uv":[1,0.5,1.5,1.5],"texture":"#1"},"up":{"uv":[1,0.5,0.5,0],"texture":"#1"},"down":{"uv":[1.5,0,1,0.5],"texture":"#1"}}},{"from":[4.5,15,4.5],"to":[11.5,17,5.5],"faces":{"north":{"uv":[8.25,6.75,10,7.25],"texture":"#1"},"east":{"uv":[8,6.75,8.25,7.25],"texture":"#1"},"south":{"uv":[10.25,6.75,12,7.25],"texture":"#1"},"west":{"uv":[10,6.75,10.25,7.25],"texture":"#1"},"up":{"uv":[10,6.75,8.25,6.5],"texture":"#1"},"down":{"uv":[11.75,6.5,10,6.75],"texture":"#1"}}},{"from":[4,10,5],"to":[12,21,13],"faces":{"north":{"uv":[2,2,4,4.75],"texture":"#1"},"east":{"uv":[0,2,2,4.75],"texture":"#1"},"south":{"uv":[6,2,8,4.75],"texture":"#1"},"west":{"uv":[4,2,6,4.75],"texture":"#1"},"up":{"uv":[4,2,2,0],"texture":"#1"},"down":{"uv":[6,0,4,2],"texture":"#1"}}}],"display":{"thirdperson_righthand":{"rotation":[60,20,0],"translation":[-0.75,0.75,0],"scale":[0.4,0.4,0.4]},"thirdperson_lefthand":{"rotation":[60,20,0],"translation":[-0.75,0.75,0],"scale":[0.4,0.4,0.4]},"firstperson_righthand":{"rotation":[0,-73,6],"translation":[0.5,1.75,0],"scale":[-0.4,0.4,-0.4]},"firstperson_lefthand":{"rotation":[0,-73,6],"translation":[0.5,1.75,0],"scale":[-0.4,0.4,-0.4]},"ground":{"translation":[0,1.5,0],"scale":[0.5,0.5,0.5]},"gui":{"rotation":[30,-135,0],"translation":[0,-2.25,0],"scale":[0.5,0.5,0.5]},"head":{"translation":[0,-30.4,0],"scale":[-1.6,1.6,-1.6]},"fixed":{"rotation":[-90,90,0],"translation":[0,0,-16],"scale":[-2,2,-2]}}}