{"credit":"Made by LZLeon with Blockbench, Contact - Discord: LZBlocks#0261 - E-Mail: lzblocks@outlook.com","texture_size":[64,64],"textures":{"2":"custom/general/decoration/collectibles/garden_gnome/gardengnome_witch"},"elements":[{"from":[4,3,5],"to":[12,10,12],"rotation":{"angle":0,"axis":"y","origin":[0,2,5]},"faces":{"north":{"uv":[8.75,4.75,10.75,6.5],"texture":"#2"},"east":{"uv":[7,4.75,8.75,6.5],"texture":"#2"},"south":{"uv":[12.5,4.75,14.5,6.5],"texture":"#2"},"west":{"uv":[10.75,4.75,12.5,6.5],"texture":"#2"},"up":{"uv":[10.75,4.75,8.75,3],"texture":"#2"},"down":{"uv":[12.75,3,10.75,4.75],"texture":"#2"}}},{"from":[12,4,7],"to":[15,10,10],"rotation":{"angle":22.5,"axis":"x","origin":[13.5,8.5,8.5]},"faces":{"north":{"uv":[0.75,11,1.5,12.5],"texture":"#2"},"east":{"uv":[0,11,0.75,12.5],"texture":"#2"},"south":{"uv":[2.25,11,3,12.5],"texture":"#2"},"west":{"uv":[1.5,11,2.25,12.5],"texture":"#2"},"up":{"uv":[1.5,11,0.75,10.25],"texture":"#2"},"down":{"uv":[2.25,10.25,1.5,11],"texture":"#2"}}},{"from":[12,11,10],"to":[15,15,10],"rotation":{"angle":-22.5,"axis":"y","origin":[12,12,10]},"faces":{"north":{"uv":[5.75,7.75,6.5,8.75],"texture":"#2"},"east":{"uv":[5.75,7.75,5.75,8.75],"texture":"#2"},"south":{"uv":[6.5,7.75,7.25,8.75],"texture":"#2"},"west":{"uv":[6.5,7.75,6.5,8.75],"texture":"#2"},"up":{"uv":[6.5,7.75,5.75,7.75],"texture":"#2"},"down":{"uv":[7.25,7.75,6.5,7.75],"texture":"#2"}}},{"from":[3.5,7.27165,3.66165],"to":[12.5,12.27165,8.66165],"rotation":{"angle":22.5,"axis":"x","origin":[8.5,10.27165,6.16165]},"faces":{"north":{"uv":[1.25,9,3.5,10.25],"texture":"#2"},"east":{"uv":[0,9,1.25,10.25],"texture":"#2"},"south":{"uv":[4.75,9,7,10.25],"texture":"#2"},"west":{"uv":[3.5,9,4.75,10.25],"texture":"#2"},"up":{"uv":[3.5,9,1.25,7.75],"texture":"#2"},"down":{"uv":[5.75,7.75,3.5,9],"texture":"#2"}}},{"from":[3.5,12.27165,4.66165],"to":[4.5,15.27165,7.66165],"rotation":{"angle":22.5,"axis":"x","origin":[8.5,10.27165,6.16165]},"faces":{"north":{"uv":[6.75,0.75,7,1.5],"texture":"#2"},"east":{"uv":[6,0.75,6.75,1.5],"texture":"#2"},"south":{"uv":[7.75,0.75,8,1.5],"texture":"#2"},"west":{"uv":[7,0.75,7.75,1.5],"texture":"#2"},"up":{"uv":[7,0.75,6.75,0],"texture":"#2"},"down":{"uv":[7.25,0,7,0.75],"texture":"#2"}}},{"from":[11.5,12.27165,4.66165],"to":[12.5,15.27165,7.66165],"rotation":{"angle":22.5,"axis":"x","origin":[7.5,10.27165,6.16165]},"faces":{"north":{"uv":[0.75,5.5,1,6.25],"texture":"#2"},"east":{"uv":[0,5.5,0.75,6.25],"texture":"#2"},"south":{"uv":[1.75,5.5,2,6.25],"texture":"#2"},"west":{"uv":[1,5.5,1.75,6.25],"texture":"#2"},"up":{"uv":[1,5.5,0.75,4.75],"texture":"#2"},"down":{"uv":[1.25,4.75,1,5.5],"texture":"#2"}}},{"from":[6,10,3.5],"to":[10,12,4.5],"rotation":{"angle":0,"axis":"y","origin":[0,3,5]},"faces":{"north":{"uv":[0.25,6.5,1.25,7],"texture":"#2"},"east":{"uv":[0,6.5,0.25,7],"texture":"#2"},"south":{"uv":[1.5,6.5,2.5,7],"texture":"#2"},"west":{"uv":[1.25,6.5,1.5,7],"texture":"#2"},"up":{"uv":[1.25,6.5,0.25,6.25],"texture":"#2"},"down":{"uv":[2.25,6.25,1.25,6.5],"texture":"#2"}}},{"from":[9,0,4],"to":[12,3,11],"rotation":{"angle":-22.5,"axis":"y","origin":[10,1,8.5]},"faces":{"north":{"uv":[7,11.25,7.75,12],"texture":"#2"},"east":{"uv":[5.25,11.25,7,12],"texture":"#2"},"south":{"uv":[9.5,11.25,10.25,12],"texture":"#2"},"west":{"uv":[7.75,11.25,9.5,12],"texture":"#2"},"up":{"uv":[7.75,11.25,7,9.5],"texture":"#2"},"down":{"uv":[8.5,9.5,7.75,11.25],"texture":"#2"}}},{"from":[1,11,10],"to":[4,15,10],"rotation":{"angle":22.5,"axis":"y","origin":[4,12,10]},"faces":{"north":{"uv":[6.5,7.75,5.75,8.75],"texture":"#2"},"east":{"uv":[6.5,7.75,6.5,8.75],"texture":"#2"},"south":{"uv":[7.25,7.75,6.5,8.75],"texture":"#2"},"west":{"uv":[5.75,7.75,5.75,8.75],"texture":"#2"},"up":{"uv":[5.75,7.75,6.5,7.75],"texture":"#2"},"down":{"uv":[6.5,7.75,7.25,7.75],"texture":"#2"}}},{"from":[1,4,7],"to":[4,10,10],"rotation":{"angle":22.5,"axis":"x","origin":[2.5,8.5,8.5]},"faces":{"north":{"uv":[1.5,11,0.75,12.5],"texture":"#2"},"east":{"uv":[2.25,11,1.5,12.5],"texture":"#2"},"south":{"uv":[3,11,2.25,12.5],"texture":"#2"},"west":{"uv":[0.75,11,0,12.5],"texture":"#2"},"up":{"uv":[0.75,11,1.5,10.25],"texture":"#2"},"down":{"uv":[1.5,10.25,2.25,11],"texture":"#2"}}},{"from":[4,0,4],"to":[7,3,11],"rotation":{"angle":22.5,"axis":"y","origin":[6,1,8.5]},"faces":{"north":{"uv":[7.75,11.25,7,12],"texture":"#2"},"east":{"uv":[9.5,11.25,7.75,12],"texture":"#2"},"south":{"uv":[10.25,11.25,9.5,12],"texture":"#2"},"west":{"uv":[7,11.25,5.25,12],"texture":"#2"},"up":{"uv":[7,11.25,7.75,9.5],"texture":"#2"},"down":{"uv":[7.75,9.5,8.5,11.25],"texture":"#2"}}},{"from":[7,10.2,2.5],"to":[9,14.2,4.5],"rotation":{"angle":22.5,"axis":"x","origin":[8,12,4]},"faces":{"north":{"uv":[0.5,0.5,1,1.5],"texture":"#2"},"east":{"uv":[0,0.5,0.5,1.5],"texture":"#2"},"south":{"uv":[1.5,0.5,2,1.5],"texture":"#2"},"west":{"uv":[1,0.5,1.5,1.5],"texture":"#2"},"up":{"uv":[1,0.5,0.5,0],"texture":"#2"},"down":{"uv":[1.5,0,1,0.5],"texture":"#2"}}},{"from":[4.5,15,4.5],"to":[11.5,17,5.5],"faces":{"north":{"uv":[8.75,9.75,10.5,10.25],"texture":"#2"},"east":{"uv":[8.5,9.75,8.75,10.25],"texture":"#2"},"south":{"uv":[10.75,9.75,12.5,10.25],"texture":"#2"},"west":{"uv":[10.5,9.75,10.75,10.25],"texture":"#2"},"up":{"uv":[10.5,9.75,8.75,9.5],"texture":"#2"},"down":{"uv":[12.25,9.5,10.5,9.75],"texture":"#2"}}},{"from":[4,10,5],"to":[12,21,13],"faces":{"north":{"uv":[2,2,4,4.75],"texture":"#2"},"east":{"uv":[0,2,2,4.75],"texture":"#2"},"south":{"uv":[6,2,8,4.75],"texture":"#2"},"west":{"uv":[4,2,6,4.75],"texture":"#2"},"up":{"uv":[4,2,2,0],"texture":"#2"},"down":{"uv":[6,0,4,2],"texture":"#2"}}},{"from":[5.5,22.23775,10.63207],"to":[10.5,28.23775,16.63207],"rotation":{"angle":45,"axis":"x","origin":[8,26.23775,12.33207]},"faces":{"north":{"uv":[9.5,1.5,10.75,3],"texture":"#2"},"east":{"uv":[8,1.5,9.5,3],"texture":"#2"},"south":{"uv":[12.25,1.5,13.5,3],"texture":"#2"},"west":{"uv":[10.75,1.5,12.25,3],"texture":"#2"},"up":{"uv":[10.75,1.5,9.5,0],"texture":"#2"},"down":{"uv":[12,0,10.75,1.5],"texture":"#2"}}},{"from":[4.5,20,5.5],"to":[11.5,24,13.5],"rotation":{"angle":22.5,"axis":"x","origin":[8,19.5,9]},"faces":{"north":{"uv":[9.5,8.5,11.25,9.5],"texture":"#2"},"east":{"uv":[7.5,8.5,9.5,9.5],"texture":"#2"},"south":{"uv":[13.25,8.5,15,9.5],"texture":"#2"},"west":{"uv":[11.25,8.5,13.25,9.5],"texture":"#2"},"up":{"uv":[11.25,8.5,9.5,6.5],"texture":"#2"},"down":{"uv":[13,6.5,11.25,8.5],"texture":"#2"}}},{"from":[3.5,18,4.5],"to":[12.5,20,14.5],"rotation":{"angle":22.5,"axis":"x","origin":[8,19.5,9]},"faces":{"north":{"uv":[2.5,7.25,4.75,7.75],"texture":"#2"},"east":{"uv":[0,7.25,2.5,7.75],"texture":"#2"},"south":{"uv":[7.25,7.25,9.5,7.75],"texture":"#2"},"west":{"uv":[4.75,7.25,7.25,7.75],"texture":"#2"},"up":{"uv":[4.75,7.25,2.5,4.75],"texture":"#2"},"down":{"uv":[7,4.75,4.75,7.25],"texture":"#2"}}}],"display":{"thirdperson_righthand":{"rotation":[60,20,0],"translation":[-0.75,0.75,0],"scale":[0.4,0.4,0.4]},"thirdperson_lefthand":{"rotation":[60,20,0],"translation":[-0.75,0.75,0],"scale":[0.4,0.4,0.4]},"firstperson_righthand":{"rotation":[0,-73,6],"translation":[0.5,1.75,0],"scale":[-0.4,0.4,-0.4]},"firstperson_lefthand":{"rotation":[0,-73,6],"translation":[0.5,1.75,0],"scale":[-0.4,0.4,-0.4]},"ground":{"translation":[0,1.5,0],"scale":[0.5,0.5,0.5]},"gui":{"rotation":[30,-135,0],"translation":[0,-2.25,0],"scale":[0.5,0.5,0.5]},"head":{"translation":[0,-30.4,0],"scale":[-1.6,1.6,-1.6]},"fixed":{"rotation":[-90,90,0],"translation":[0,0,-16],"scale":[-2,2,-2]}}}