{"credit":"Made by LZLeon with Blockbench, Contact - Discord: LZBlocks#0261 - E-Mail: lzblocks@outlook.com","texture_size":[64,64],"textures":{"1":"custom/general/decoration/collectibles/garden_gnome/gardengnome_yoda","particle":"custom/general/decoration/collectibles/garden_gnome/gardengnome_yoda"},"elements":[{"from":[4,3,5],"to":[12,10,12],"rotation":{"angle":0,"axis":"y","origin":[0,2,5]},"faces":{"north":{"uv":[8,7,10,8.75],"texture":"#1"},"east":{"uv":[6.25,7,8,8.75],"texture":"#1"},"south":{"uv":[11.75,7,13.75,8.75],"texture":"#1"},"west":{"uv":[10,7,11.75,8.75],"texture":"#1"},"up":{"uv":[10,7,8,5.25],"texture":"#1"},"down":{"uv":[12,5.25,10,7],"texture":"#1"}}},{"from":[7,13,4],"to":[9,15,6],"rotation":{"angle":0,"axis":"y","origin":[0,3,5]},"faces":{"north":{"uv":[0.5,3.5,1,4],"texture":"#1"},"east":{"uv":[0,3.5,0.5,4],"texture":"#1"},"south":{"uv":[1.5,3.5,2,4],"texture":"#1"},"west":{"uv":[1,3.5,1.5,4],"texture":"#1"},"up":{"uv":[1,3.5,0.5,3],"texture":"#1"},"down":{"uv":[1.5,3,1,3.5],"texture":"#1"}}},{"from":[1,4,7],"to":[4,10,10],"rotation":{"angle":22.5,"axis":"x","origin":[2.5,8.5,8.5]},"faces":{"north":{"uv":[11,9.5,11.75,11],"texture":"#1"},"east":{"uv":[10.25,9.5,11,11],"texture":"#1"},"south":{"uv":[12.5,9.5,13.25,11],"texture":"#1"},"west":{"uv":[11.75,9.5,12.5,11],"texture":"#1"},"up":{"uv":[11.75,9.5,11,8.75],"texture":"#1"},"down":{"uv":[12.5,8.75,11.75,9.5],"texture":"#1"}}},{"from":[12,4,7],"to":[15,10,10],"rotation":{"angle":22.5,"axis":"x","origin":[13.5,8.5,8.5]},"faces":{"north":{"uv":[0.75,10.75,1.5,12.25],"texture":"#1"},"east":{"uv":[0,10.75,0.75,12.25],"texture":"#1"},"south":{"uv":[2.25,10.75,3,12.25],"texture":"#1"},"west":{"uv":[1.5,10.75,2.25,12.25],"texture":"#1"},"up":{"uv":[1.5,10.75,0.75,10],"texture":"#1"},"down":{"uv":[2.25,10,1.5,10.75],"texture":"#1"}}},{"from":[4,10,4.5],"to":[12,18,12.5],"rotation":{"angle":0,"axis":"y","origin":[0,2,5]},"faces":{"north":{"uv":[2,5,4,7],"texture":"#1"},"east":{"uv":[0,5,2,7],"texture":"#1"},"south":{"uv":[6,5,8,7],"texture":"#1"},"west":{"uv":[4,5,6,7],"texture":"#1"},"up":{"uv":[4,5,2,3],"texture":"#1"},"down":{"uv":[6,3,4,5],"texture":"#1"}}},{"from":[4,0,4],"to":[7,3,11],"rotation":{"angle":22.5,"axis":"y","origin":[6,1,8.5]},"faces":{"north":{"uv":[7,10.5,7.75,11.25],"texture":"#1"},"east":{"uv":[5.25,10.5,7,11.25],"texture":"#1"},"south":{"uv":[9.5,10.5,10.25,11.25],"texture":"#1"},"west":{"uv":[7.75,10.5,9.5,11.25],"texture":"#1"},"up":{"uv":[7.75,10.5,7,8.75],"texture":"#1"},"down":{"uv":[8.5,8.75,7.75,10.5],"texture":"#1"}}},{"from":[9,0,4],"to":[12,3,11],"rotation":{"angle":-22.5,"axis":"y","origin":[10,1,8.5]},"faces":{"north":{"uv":[9,3,9.75,3.75],"texture":"#1"},"east":{"uv":[7.25,3,9,3.75],"texture":"#1"},"south":{"uv":[11.5,3,12.25,3.75],"texture":"#1"},"west":{"uv":[9.75,3,11.5,3.75],"texture":"#1"},"up":{"uv":[9.75,3,9,1.25],"texture":"#1"},"down":{"uv":[10.5,1.25,9.75,3],"texture":"#1"}}},{"from":[-2,14,9.5],"to":[5,19,9.5],"rotation":{"angle":-22.5,"axis":"z","origin":[0.5,16.5,10.5]},"faces":{"north":{"uv":[6.75,0,8.5,1.25],"texture":"#1"},"east":{"uv":[6.75,0,6.75,1.25],"texture":"#1"},"south":{"uv":[8.5,0,10.25,1.25],"texture":"#1"},"west":{"uv":[8.5,0,8.5,1.25],"texture":"#1"},"up":{"uv":[8.5,0,6.75,0],"texture":"#1"},"down":{"uv":[10.25,0,8.5,0],"texture":"#1"}}},{"from":[11,14,9.5],"to":[18,19,9.5],"rotation":{"angle":22.5,"axis":"z","origin":[15.5,16.5,10.5]},"faces":{"north":{"uv":[6,3.75,7.75,5],"texture":"#1"},"east":{"uv":[6,3.75,6,5],"texture":"#1"},"south":{"uv":[7.75,3.75,9.5,5],"texture":"#1"},"west":{"uv":[7.75,3.75,7.75,5],"texture":"#1"},"up":{"uv":[7.75,3.75,6,3.75],"texture":"#1"},"down":{"uv":[9.5,3.75,7.75,3.75],"texture":"#1"}}},{"from":[3.5,13.47165,4.66165],"to":[4.5,16.47165,7.66165],"rotation":{"angle":22.5,"axis":"x","origin":[8.5,11.47165,6.16165]},"faces":{"north":{"uv":[14,0.75,14.25,1.5],"texture":"#1"},"east":{"uv":[13.25,0.75,14,1.5],"texture":"#1"},"south":{"uv":[15,0.75,15.25,1.5],"texture":"#1"},"west":{"uv":[14.25,0.75,15,1.5],"texture":"#1"},"up":{"uv":[14.25,0.75,14,0],"texture":"#1"},"down":{"uv":[14.5,0,14.25,0.75],"texture":"#1"}}},{"from":[11.5,13.47165,4.66165],"to":[12.5,16.47165,7.66165],"rotation":{"angle":22.5,"axis":"x","origin":[7.5,11.47165,6.16165]},"faces":{"north":{"uv":[14.25,0.75,14,1.5],"texture":"#1"},"east":{"uv":[15,0.75,14.25,1.5],"texture":"#1"},"south":{"uv":[15.25,0.75,15,1.5],"texture":"#1"},"west":{"uv":[14,0.75,13.25,1.5],"texture":"#1"},"up":{"uv":[14,0.75,14.25,0],"texture":"#1"},"down":{"uv":[14.25,0,14.5,0.75],"texture":"#1"}}},{"from":[6,11.2,3.5],"to":[10,13.2,4.5],"rotation":{"angle":0,"axis":"y","origin":[0,4.2,5]},"faces":{"north":{"uv":[8.75,9,9.75,9.5],"texture":"#1"},"east":{"uv":[8.5,9,8.75,9.5],"texture":"#1"},"south":{"uv":[10,9,11,9.5],"texture":"#1"},"west":{"uv":[9.75,9,10,9.5],"texture":"#1"},"up":{"uv":[9.75,9,8.75,8.75],"texture":"#1"},"down":{"uv":[10.75,8.75,9.75,9],"texture":"#1"}}},{"from":[3.46875,8.47165,3.66165],"to":[12.52734,13.47165,8.66165],"rotation":{"angle":22.5,"axis":"x","origin":[8.5,11.47165,6.16165]},"faces":{"north":{"uv":[1.25,8.75,3.5,10],"texture":"#1"},"east":{"uv":[0,8.75,1.25,10],"texture":"#1"},"south":{"uv":[4.75,8.75,7,10],"texture":"#1"},"west":{"uv":[3.5,8.75,4.75,10],"texture":"#1"},"up":{"uv":[3.5,8.75,1.25,7.5],"texture":"#1"},"down":{"uv":[5.75,7.5,3.5,8.75],"texture":"#1"}}},{"from":[3.5,9.2,4],"to":[12.5,12.2,13],"rotation":{"angle":0,"axis":"y","origin":[0,1.2,0]},"faces":{"north":{"uv":[2.25,2.25,4.5,3],"texture":"#1"},"east":{"uv":[0,2.25,2.25,3],"texture":"#1"},"south":{"uv":[6.75,2.25,9,3],"texture":"#1"},"west":{"uv":[4.5,2.25,6.75,3],"texture":"#1"},"up":{"uv":[4.5,2.25,2.25,0],"texture":"#1"},"down":{"uv":[6.75,0,4.5,2.25],"texture":"#1"}}}],"display":{"thirdperson_righthand":{"rotation":[60,20,0],"translation":[-0.75,0.75,0],"scale":[0.4,0.4,0.4]},"thirdperson_lefthand":{"rotation":[60,20,0],"translation":[-0.75,0.75,0],"scale":[0.4,0.4,0.4]},"firstperson_righthand":{"rotation":[0,-73,6],"translation":[0.5,1.75,0],"scale":[-0.4,0.4,-0.4]},"firstperson_lefthand":{"rotation":[0,-73,6],"translation":[0.5,1.75,0],"scale":[-0.4,0.4,-0.4]},"ground":{"translation":[0,1.5,0],"scale":[0.5,0.5,0.5]},"gui":{"rotation":[30,-135,0],"translation":[0,-2.25,0],"scale":[0.5,0.5,0.5]},"head":{"translation":[0,-30.4,0],"scale":[-1.6,1.6,-1.6]},"fixed":{"rotation":[-90,90,0],"translation":[0,0,-16],"scale":[-2,2,-2]}}}