{"credit":"Made with Blockbench","texture_size":[128,128],"textures":{"0":"custom/general/decoration/beach/beach_towel","particle":"custom/general/decoration/beach/beach_towel"},"elements":[{"from":[1,0,0],"to":[31,1,16],"faces":{"north":{"uv":[2,2,5.75,2.125],"texture":"#0"},"east":{"uv":[0,2,2,2.125],"texture":"#0"},"south":{"uv":[7.75,2,11.5,2.125],"texture":"#0"},"west":{"uv":[5.75,2,7.75,2.125],"texture":"#0"},"up":{"uv":[5.75,2,2,0],"texture":"#0"},"down":{"uv":[9.5,0,5.75,2],"texture":"#0"}}},{"from":[0,0.05078,0],"to":[1,0.05078,16],"faces":{"up":{"uv":[2.125,4.125,2,2.125],"texture":"#0"},"down":{"uv":[2.25,2.125,2.125,4.125],"texture":"#0"}}},{"from":[31,0.05078,0],"to":[32,0.05078,16],"faces":{"up":{"uv":[2.125,4.125,2,2.125],"texture":"#0"},"down":{"uv":[2.25,2.125,2.125,4.125],"texture":"#0"}}}],"display":{"thirdperson_righthand":{"rotation":[60,20,0],"translation":[-5.75,4.5,4.25],"scale":[0.6,0.6,0.6]},"thirdperson_lefthand":{"rotation":[60,20,0],"translation":[3.75,8.25,2],"scale":[0.6,0.6,0.6]},"firstperson_righthand":{"rotation":[0,106,6],"translation":[0,5.75,0],"scale":[-0.55,0.55,-0.55]},"firstperson_lefthand":{"rotation":[0,-75,6],"translation":[0,5.75,0],"scale":[-0.55,0.55,-0.55]},"ground":{"translation":[-2.5,1.5,0],"scale":[0.34,0.35,0.35]},"gui":{"rotation":[30,-45,0],"translation":[-2,3,0],"scale":[0.4,0.4,0.4]},"head":{"rotation":[0,180,0],"translation":[0,-30.4,0],"scale":[-1.6,1.6,-1.6]},"fixed":{"rotation":[-90,0,0],"translation":[0,0,-16],"scale":[-2,2,-2]}}}