{"credit":"Made by LZLeon with Blockbench, Contact - Discord: LZBlocks#0261 - E-Mail: lzblocks@outlook.com","texture_size":[64,64],"textures":{"0":"custom/general/decoration/beach/beach_hammock"},"elements":[{"from":[21.5,8,5.5],"to":[26.5,13,10.5],"rotation":{"angle":0,"axis":"y","origin":[0,-7,0]},"faces":{"north":{"uv":[7.5,7.25,8.75,8.5],"texture":"#0"},"east":{"uv":[6.25,7.25,7.5,8.5],"texture":"#0"},"south":{"uv":[10,7.25,11.25,8.5],"texture":"#0"},"west":{"uv":[8.75,7.25,10,8.5],"texture":"#0"},"up":{"uv":[8.75,7.25,7.5,6],"texture":"#0"},"down":{"uv":[10,6,8.75,7.25],"texture":"#0"}}},{"from":[-3.35088,9.74967,2.5],"to":[3.64912,10.74967,13.5],"rotation":{"angle":-22.5,"axis":"z","origin":[-5.85088,8.24967,8]},"faces":{"north":{"uv":[2.75,8.75,4.5,9],"texture":"#0"},"south":{"uv":[7.25,8.75,9,9],"texture":"#0"},"west":{"uv":[4.5,8.75,7.25,9],"texture":"#0"},"up":{"uv":[4.5,8.75,2.75,6],"texture":"#0"},"down":{"uv":[6.25,6,4.5,8.75],"texture":"#0"}}},{"from":[19.2,10,3.5],"to":[22.2,10,12.5],"rotation":{"angle":22.5,"axis":"z","origin":[21.7,8.5,8]},"faces":{"up":{"uv":[7,5.25,6.25,3],"texture":"#0"},"down":{"uv":[7.75,3,7,5.25],"texture":"#0"}}},{"from":[-6.2,10,3.5],"to":[-3.2,10,12.5],"rotation":{"angle":-22.5,"axis":"z","origin":[-5.7,8.5,8]},"faces":{"up":{"uv":[6.25,5.25,7,3],"texture":"#0"},"down":{"uv":[7,3,7.75,5.25],"texture":"#0"}}},{"from":[-10.5,8,5.5],"to":[-5.5,13,10.5],"rotation":{"angle":0,"axis":"y","origin":[16,-7,0]},"faces":{"north":{"uv":[8.75,7.25,7.5,8.5],"texture":"#0"},"east":{"uv":[10,7.25,8.75,8.5],"texture":"#0"},"south":{"uv":[11.25,7.25,10,8.5],"texture":"#0"},"west":{"uv":[7.5,7.25,6.25,8.5],"texture":"#0"},"up":{"uv":[7.5,7.25,8.75,6],"texture":"#0"},"down":{"uv":[8.75,6,10,7.25],"texture":"#0"}}},{"from":[12.35088,9.74967,2.5],"to":[19.35088,10.74967,13.5],"rotation":{"angle":22.5,"axis":"z","origin":[21.85088,8.24967,8]},"faces":{"north":{"uv":[2.75,5.75,4.5,6],"texture":"#0"},"east":{"uv":[0,5.75,2.75,6],"texture":"#0"},"south":{"uv":[7.25,5.75,9,6],"texture":"#0"},"up":{"uv":[4.5,5.75,2.75,3],"texture":"#0"},"down":{"uv":[6.25,3,4.5,5.75],"texture":"#0"}}},{"from":[3.5,6,2.5],"to":[12.5,7,13.5],"rotation":{"angle":0,"axis":"z","origin":[-6.84912,3.75033,8]},"faces":{"north":{"uv":[2.75,2.75,5,3],"texture":"#0"},"south":{"uv":[7.75,2.75,10,3],"texture":"#0"},"up":{"uv":[5,2.75,2.75,0],"texture":"#0"},"down":{"uv":[7.25,0,5,2.75],"texture":"#0"}}}],"display":{"thirdperson_righthand":{"rotation":[65,0,0],"translation":[0,1,-0.75],"scale":[0.4,0.4,0.4]},"thirdperson_lefthand":{"rotation":[60,20,0],"translation":[0,3.5,1],"scale":[0.6,0.6,0.6]},"firstperson_righthand":{"rotation":[0,22,6],"translation":[0,2,0],"scale":[-0.55,0.55,-0.55]},"firstperson_lefthand":{"rotation":[0,22,6],"translation":[0,2,0],"scale":[-0.55,0.55,-0.55]},"ground":{"translation":[0,1.5,0],"scale":[0.5,0.5,0.5]},"gui":{"rotation":[30,-135,0],"translation":[0.25,-0.5,0],"scale":[0.45,0.45,0.45]},"head":{"translation":[0,-30.4,0],"scale":[-1.6,1.6,-1.6]},"fixed":{"rotation":[-90,90,0],"translation":[0,0,-16],"scale":[-2,2,-2]}}}