{"credit":"Made by LZLeon with Blockbench, Contact - Discord: LZBlocks#0261 - E-Mail: lzblocks@outlook.com","texture_size":[32,32],"textures":{"0":"custom/general/decoration/beach/beach_starfish"},"elements":[{"from":[2,0.01563,6],"to":[14,2.01563,9],"rotation":{"angle":0,"axis":"y","origin":[0,0,1]},"faces":{"north":{"uv":[1.5,1.5,7.5,2.5],"texture":"#0"},"east":{"uv":[0,1.5,1.5,2.5],"texture":"#0"},"south":{"uv":[9,1.5,15,2.5],"texture":"#0"},"west":{"uv":[7.5,1.5,9,2.5],"texture":"#0"},"up":{"uv":[7.5,1.5,1.5,0],"texture":"#0"},"down":{"uv":[13.5,0,7.5,1.5],"texture":"#0"}}},{"from":[6.5,0,2],"to":[9.5,2,6],"rotation":{"angle":0,"axis":"y","origin":[0,0,1]},"faces":{"north":{"uv":[8.5,4.5,10,5.5],"texture":"#0"},"east":{"uv":[6.5,4.5,8.5,5.5],"texture":"#0"},"south":{"uv":[12,4.5,13.5,5.5],"texture":"#0"},"west":{"uv":[10,4.5,12,5.5],"texture":"#0"},"up":{"uv":[10,4.5,8.5,2.5],"texture":"#0"},"down":{"uv":[11.5,2.5,10,4.5],"texture":"#0"}}},{"from":[3.5,0,9],"to":[6.5,2,16],"rotation":{"angle":-45,"axis":"y","origin":[8,1,12.5]},"faces":{"north":{"uv":[3.5,6,5,7],"texture":"#0"},"east":{"uv":[0,6,3.5,7],"texture":"#0"},"south":{"uv":[8.5,6,10,7],"texture":"#0"},"west":{"uv":[5,6,8.5,7],"texture":"#0"},"up":{"uv":[5,6,3.5,2.5],"texture":"#0"},"down":{"uv":[6.5,2.5,5,6],"texture":"#0"}}},{"from":[9.5,-0.00391,9],"to":[12.5,1.99609,16],"rotation":{"angle":45,"axis":"y","origin":[8,1,12.5]},"faces":{"north":{"uv":[5,6,3.5,7],"texture":"#0"},"east":{"uv":[8.5,6,5,7],"texture":"#0"},"south":{"uv":[10,6,8.5,7],"texture":"#0"},"west":{"uv":[3.5,6,0,7],"texture":"#0"},"up":{"uv":[3.5,6,5,2.5],"texture":"#0"},"down":{"uv":[5,2.5,6.5,6],"texture":"#0"}}}],"display":{"thirdperson_righthand":{"rotation":[60,20,0],"translation":[-1.5,3.25,2.25],"scale":[0.5,0.5,0.5]},"thirdperson_lefthand":{"rotation":[60,20,0],"translation":[-1.5,3.25,2.25],"scale":[0.5,0.5,0.5]},"firstperson_righthand":{"rotation":[0,-161,-1],"translation":[0,5,0],"scale":[-0.55,0.55,-0.55]},"firstperson_lefthand":{"rotation":[0,-161,-1],"translation":[0,5,0],"scale":[-0.55,0.55,-0.55]},"ground":{"translation":[0,1.5,0],"scale":[0.5,0.5,0.5]},"gui":{"rotation":[30,-135,0],"translation":[0.5,5.75,0]},"head":{"rotation":[0,180,0],"translation":[0,-30.4,0],"scale":[-1.6,1.6,-1.6]},"fixed":{"rotation":[-90,90,0],"translation":[0,0,-16],"scale":[-2,2,-2]}}}