{"credit":"Made with Blockbench","texture_size":[256,256],"textures":{"0":"custom/general/decoration/beach/beach_roofed_chair","particle":"custom/general/decoration/beach/beach_roofed_chair"},"elements":[{"from":[-14,-16,0],"to":[14,16,16],"rotation":{"angle":0,"axis":"y","origin":[0,-16,-2]},"faces":{"north":{"uv":[1,1,2.75,3],"texture":"#0"},"east":{"uv":[0,1,1,3],"texture":"#0"},"south":{"uv":[3.75,1,5.5,3],"texture":"#0"},"west":{"uv":[2.75,1,3.75,3],"texture":"#0"},"up":{"uv":[2.75,1,1,0],"texture":"#0"},"down":{"uv":[4.5,0,2.75,1],"texture":"#0"}}},{"from":[-13,9,-2],"to":[13,15,0],"rotation":{"angle":0,"axis":"y","origin":[0,-16,-2]},"faces":{"north":{"uv":[5.625,2.25,7.25,2.625],"texture":"#0"},"east":{"uv":[5.5,2.25,5.625,2.625],"texture":"#0"},"west":{"uv":[7.25,2.25,7.375,2.625],"texture":"#0"},"up":{"uv":[7.25,2.25,5.625,2.125],"texture":"#0"},"down":{"uv":[8.875,2.125,7.25,2.25],"texture":"#0"}}},{"from":[-13.98,-10.13281,7.58569],"to":[13.97,18.86719,17.58569],"rotation":{"angle":22.5,"axis":"x","origin":[0,-3.71721,4.58569]},"faces":{"north":{"uv":[0.625,3.625,2.375,5.4375],"texture":"#0"},"east":{"uv":[0,3.625,0.625,5.4375],"texture":"#0"},"south":{"uv":[3,3.625,4.75,5.4375],"texture":"#0"},"west":{"uv":[2.375,3.625,3,5.4375],"texture":"#0"},"up":{"uv":[2.375,3.625,0.625,3],"texture":"#0"}}},{"from":[-16,-16,-2],"to":[-14,-1,17],"rotation":{"angle":0,"axis":"y","origin":[0,-16,-2]},"faces":{"north":{"uv":[1.1875,6.625,1.3125,7.5625],"texture":"#0"},"east":{"uv":[0,6.625,1.1875,7.5625],"texture":"#0"},"south":{"uv":[2.5,6.625,2.625,7.5625],"texture":"#0"},"west":{"uv":[1.3125,6.625,2.5,7.5625],"texture":"#0"},"up":{"uv":[1.3125,6.625,1.1875,5.4375],"texture":"#0"},"down":{"uv":[1.4375,5.4375,1.3125,6.625],"texture":"#0"}}},{"from":[14,-16,-2],"to":[16,-1,17],"rotation":{"angle":0,"axis":"y","origin":[16,-16,-2]},"faces":{"north":{"uv":[1.3125,6.625,1.1875,7.5625],"texture":"#0"},"east":{"uv":[2.5,6.625,1.3125,7.5625],"texture":"#0"},"south":{"uv":[2.625,6.625,2.5,7.5625],"texture":"#0"},"west":{"uv":[1.1875,6.625,0,7.5625],"texture":"#0"},"up":{"uv":[1.1875,6.625,1.3125,5.4375],"texture":"#0"},"down":{"uv":[1.3125,5.4375,1.4375,6.625],"texture":"#0"}}},{"from":[-14,-9,-1],"to":[14,-6,15],"faces":{"north":{"uv":[4.75,5.4375,6.5,5.625],"texture":"#0"},"up":{"uv":[6.5,5.4375,4.75,4.4375],"texture":"#0"},"down":{"uv":[8.25,4.4375,6.5,5.4375],"texture":"#0"}}},{"from":[-14,-5.5,13.5],"to":[14,13.5,15.5],"rotation":{"angle":22.5,"axis":"x","origin":[0,-7,7.5]},"faces":{"north":{"uv":[4.875,3.125,6.625,4.3125],"rotation":180,"texture":"#0"},"east":{"uv":[4.75,3.125,4.875,4.3125],"rotation":270,"texture":"#0"},"south":{"uv":[6.75,3.125,8.5,4.3125],"texture":"#0"},"up":{"uv":[6.625,3.125,4.875,3],"rotation":180,"texture":"#0"}}},{"name":"cube inverted","from":[14,16,16],"to":[-14,-16,0],"rotation":{"angle":0,"axis":"y","origin":[0,-16,-2]},"faces":{"north":{"uv":[3.75,3,5.5,1],"texture":"#0"},"east":{"uv":[2.75,3,3.75,1],"texture":"#0"},"south":{"uv":[1,3,2.75,1],"texture":"#0"},"west":{"uv":[0,3,1,1],"texture":"#0"},"up":{"uv":[2.75,0,4.5,1],"texture":"#0"},"down":{"uv":[1,1,2.75,0],"texture":"#0"}}},{"name":"cube inverted","from":[13.999,18.86719,17.58569],"to":[-14.001,-10.13281,7.58569],"rotation":{"angle":22.5,"axis":"x","origin":[0,-3.71721,4.58569]},"faces":{"north":{"uv":[3,5.4375,4.75,3.625],"texture":"#0"},"east":{"uv":[2.375,5.4375,3,3.625],"texture":"#0"},"south":{"uv":[0.625,5.4375,2.375,3.625],"texture":"#0"},"west":{"uv":[0,5.4375,0.625,3.625],"texture":"#0"},"up":{"uv":[2.375,3,4.125,3.625],"texture":"#0"},"down":{"uv":[0.625,3.625,2.375,3],"texture":"#0"}}},{"name":"cube inverted","from":[13,15,0],"to":[-13,9,-2],"rotation":{"angle":0,"axis":"y","origin":[0,-16,-2]},"faces":{"east":{"uv":[7.25,2.625,7.375,2.25],"texture":"#0"},"south":{"uv":[5.625,2.625,7.25,2.25],"texture":"#0"},"west":{"uv":[5.5,2.625,5.625,2.25],"texture":"#0"},"up":{"uv":[7.25,2.125,8.875,2.25],"texture":"#0"},"down":{"uv":[5.625,2.25,7.25,2.125],"texture":"#0"}}}],"display":{"thirdperson_righthand":{"rotation":[60,20,0],"translation":[3.75,8.25,2.5],"scale":[0.5,0.5,0.5]},"thirdperson_lefthand":{"rotation":[60,20,0],"translation":[3.75,8.25,2.5],"scale":[0.5,0.5,0.5]},"firstperson_righthand":{"rotation":[0,-73,6],"translation":[-0.75,3.25,0],"scale":[-0.4,0.4,-0.45]},"firstperson_lefthand":{"rotation":[0,-73,6],"translation":[-0.75,3.25,0],"scale":[-0.4,0.4,-0.45]},"ground":{"translation":[2.25,2.5,-1.25],"scale":[0.25,0.25,0.25]},"gui":{"rotation":[30,-135,0],"translation":[-1.25,1.5,0],"scale":[0.3,0.3,0.3]},"head":{"translation":[0,-4.9,0],"scale":[-1.6,1.6,-1.6]},"fixed":{"rotation":[-90,90,0],"translation":[0,32,-48],"scale":[-2,2,-2]}}}