{"credit":"Made with Blockbench","texture_size":[64,64],"textures":{"0":"custom/general/decoration/beach/beach_lifebuoy","particle":"custom/general/decoration/beach/beach_lifebuoy"},"elements":[{"from":[0,0,0],"to":[4,4,4],"faces":{"north":{"uv":[11,1,12,2],"texture":"#0"},"south":{"uv":[13,1,14,2],"texture":"#0"},"west":{"uv":[12,1,13,2],"texture":"#0"},"down":{"uv":[13,0,12,1],"texture":"#0"}}},{"from":[12,0,0],"to":[16,4,4],"faces":{"north":{"uv":[1,11,2,12],"texture":"#0"},"east":{"uv":[0,11,1,12],"texture":"#0"},"south":{"uv":[3,11,4,12],"texture":"#0"},"down":{"uv":[3,10,2,11],"texture":"#0"}}},{"from":[12,12,0],"to":[16,16,4],"faces":{"north":{"uv":[9,9,10,10],"texture":"#0"},"east":{"uv":[8,9,9,10],"texture":"#0"},"south":{"uv":[11,9,12,10],"texture":"#0"},"up":{"uv":[10,9,9,8],"texture":"#0"}}},{"from":[4,12,0],"to":[12,16,4],"faces":{"north":{"uv":[6,7,8,8],"texture":"#0"},"south":{"uv":[9,7,11,8],"texture":"#0"},"up":{"uv":[8,7,6,6],"texture":"#0"},"down":{"uv":[10,6,8,7],"texture":"#0"}}},{"from":[4,0,0],"to":[12,4,4],"faces":{"north":{"uv":[1,6,3,7],"texture":"#0"},"south":{"uv":[4,6,6,7],"texture":"#0"},"up":{"uv":[3,6,1,5],"texture":"#0"},"down":{"uv":[5,5,3,6],"texture":"#0"}}},{"from":[0,4,0],"to":[4,12,4],"faces":{"north":{"uv":[5,9,6,11],"texture":"#0"},"east":{"uv":[4,9,5,11],"texture":"#0"},"south":{"uv":[7,9,8,11],"texture":"#0"},"west":{"uv":[6,9,7,11],"texture":"#0"}}},{"from":[-2,-2,2.5],"to":[18,18,2.5],"faces":{"north":{"uv":[0,0,5,5],"texture":"#0"},"south":{"uv":[5,0,10,5],"texture":"#0"}}},{"from":[12,4,0],"to":[16,12,4],"faces":{"north":{"uv":[1,8,2,10],"texture":"#0"},"east":{"uv":[0,8,1,10],"texture":"#0"},"south":{"uv":[3,8,4,10],"texture":"#0"},"west":{"uv":[2,8,3,10],"texture":"#0"}}},{"from":[0,12,0],"to":[4,16,4],"faces":{"north":{"uv":[10,5,11,6],"texture":"#0"},"south":{"uv":[12,5,13,6],"texture":"#0"},"west":{"uv":[11,5,12,6],"texture":"#0"},"up":{"uv":[11,5,10,4],"texture":"#0"}}}],"display":{"thirdperson_righthand":{"rotation":[60,20,0],"translation":[1.25,-3.75,1],"scale":[0.6,0.6,0.6]},"thirdperson_lefthand":{"rotation":[60,20,0],"translation":[1.25,-3.75,1],"scale":[0.6,0.6,0.6]},"firstperson_righthand":{"rotation":[0,-73,6],"translation":[1.5,0.25,0],"scale":[-0.55,0.55,-0.55]},"firstperson_lefthand":{"rotation":[0,-73,6],"translation":[1.5,0.25,0],"scale":[-0.55,0.55,-0.55]},"ground":{"rotation":[90,0,0],"translation":[0,-3,0],"scale":[0.5,0.5,0.5]},"gui":{"rotation":[30,45,0],"translation":[2.5,-1.75,0],"scale":[0.6,0.6,0.6]},"head":{"translation":[0,-30.4,0],"scale":[-1.6,1.6,-1.6]},"fixed":{"rotation":[-180,-90,0],"translation":[0,0,-16],"scale":[-2,2,-2]}}}