{"credit":"Made with Blockbench","texture_size":[128,128],"textures":{"2":"custom/general/decoration/beach/beach_inflatable_flamingo","particle":"custom/general/decoration/beach/beach_inflatable_flamingo"},"elements":[{"from":[-4,0,15],"to":[20,6,21],"faces":{"north":{"uv":[0.75,2.25,3.75,3],"texture":"#2"},"east":{"uv":[0,2.25,0.75,3],"texture":"#2"},"south":{"uv":[4.5,2.25,7.5,3],"texture":"#2"},"west":{"uv":[3.75,2.25,4.5,3],"texture":"#2"},"up":{"uv":[3.75,2.25,0.75,1.5],"texture":"#2"},"down":{"uv":[6.75,1.5,3.75,2.25],"texture":"#2"}}},{"from":[-4,0,-5],"to":[20,6,1],"faces":{"north":{"uv":[0.75,0.75,3.75,1.5],"texture":"#2"},"east":{"uv":[0,0.75,0.75,1.5],"texture":"#2"},"south":{"uv":[4.5,0.75,7.5,1.5],"texture":"#2"},"west":{"uv":[3.75,0.75,4.5,1.5],"texture":"#2"},"up":{"uv":[3.75,0.75,0.75,0],"texture":"#2"},"down":{"uv":[6.75,0,3.75,0.75],"texture":"#2"}}},{"from":[14,0,1],"to":[20,6,15],"faces":{"east":{"uv":[3.25,5.5,5,6.25],"texture":"#2"},"west":{"uv":[5.75,5.5,7.5,6.25],"texture":"#2"},"up":{"uv":[5.75,5.5,5,3.75],"texture":"#2"},"down":{"uv":[6.5,3.75,5.75,5.5],"texture":"#2"}}},{"from":[-4,0,1],"to":[2,6,15],"faces":{"east":{"uv":[0,4.75,1.75,5.5],"texture":"#2"},"west":{"uv":[2.5,4.75,4.25,5.5],"texture":"#2"},"up":{"uv":[2.5,4.75,1.75,3],"texture":"#2"},"down":{"uv":[3.25,3,2.5,4.75],"texture":"#2"}}},{"from":[4.9375,16.40462,11.74052],"to":[11.02734,23.40462,18.74052],"rotation":{"angle":22.5,"axis":"x","origin":[8,19.90462,15.24052]},"faces":{"north":{"uv":[4.125,7.125,4.875,8],"texture":"#2"},"east":{"uv":[3.25,7.125,4.125,8],"texture":"#2"},"south":{"uv":[5.75,7.125,6.5,8],"texture":"#2"},"west":{"uv":[4.875,7.125,5.75,8],"texture":"#2"},"up":{"uv":[4.875,7.125,4.125,6.25],"texture":"#2"},"down":{"uv":[5.625,6.25,4.875,7.125],"texture":"#2"}}},{"from":[5,-2.41695,13.68511],"to":[11,17.58305,20.68511],"rotation":{"angle":-22.5,"axis":"x","origin":[8.5,2.58305,-0.31489]},"faces":{"north":{"uv":[0.875,6.375,1.625,8.875],"texture":"#2"},"east":{"uv":[0,6.375,0.875,8.875],"texture":"#2"},"south":{"uv":[2.5,6.375,3.25,8.875],"texture":"#2"},"west":{"uv":[1.625,6.375,2.5,8.875],"texture":"#2"},"up":{"uv":[1.625,6.375,0.875,5.5],"texture":"#2"},"down":{"uv":[2.375,5.5,1.625,6.375],"texture":"#2"}}},{"from":[5.98828,7.22548,23.61527],"to":[9.98828,11.22548,28.61527],"rotation":{"angle":-22.5,"axis":"x","origin":[5.98828,-2.77452,2.61527]},"faces":{"north":{"uv":[7.125,3.625,7.625,4.125],"texture":"#2"},"east":{"uv":[6.5,3.625,7.125,4.125],"texture":"#2"},"south":{"uv":[8.25,3.625,8.75,4.125],"texture":"#2"},"west":{"uv":[7.625,3.625,8.25,4.125],"texture":"#2"},"up":{"uv":[7.625,3.625,7.125,3],"texture":"#2"},"down":{"uv":[8.125,3,7.625,3.625],"texture":"#2"}}},{"from":[5.98828,17.5303,19.16335],"to":[9.98828,20.5303,21.16335],"rotation":{"angle":22.5,"axis":"x","origin":[7.98828,20.0303,20.16335]},"faces":{"north":{"uv":[0.25,3.25,0.75,3.625],"texture":"#2"},"east":{"uv":[0,3.25,0.25,3.625],"texture":"#2"},"south":{"uv":[1,3.25,1.5,3.625],"texture":"#2"},"west":{"uv":[0.75,3.25,1,3.625],"texture":"#2"},"up":{"uv":[0.75,3.25,0.25,3],"texture":"#2"},"down":{"uv":[1.25,3,0.75,3.25],"texture":"#2"}}}],"display":{"thirdperson_righthand":{"rotation":[60,-156,0],"translation":[-1.5,7,1],"scale":[0.5,0.5,0.5]},"thirdperson_lefthand":{"rotation":[60,-156,0],"translation":[-1.5,7,1],"scale":[0.5,0.5,0.5]},"firstperson_righthand":{"rotation":[0,28,6],"translation":[2.75,-0.5,-2.25],"scale":[-0.45,0.45,-0.45]},"firstperson_lefthand":{"rotation":[0,28,6],"translation":[2.75,-0.5,-2.25],"scale":[-0.45,0.45,-0.45]},"ground":{"translation":[0,1.5,0],"scale":[0.35,0.35,0.35]},"gui":{"rotation":[30,45,0],"translation":[0.25,0.25,0],"scale":[0.4,0.4,0.4]},"head":{"rotation":[0,180,0],"translation":[0,-30.4,0],"scale":[-1.6,1.6,-1.6]},"fixed":{"rotation":[-90,-90,0],"translation":[0,0,-16],"scale":[-2,2,-2]}},"groups":[0,1,2,3,{"name":"group","origin":[8.5,0.73529,0.45048],"color":0,"children":[4,5,6,7]}]}