{"credit":"Made with Blockbench","texture_size":[32,32],"textures":{"0":"custom/general/decoration/beach/beach_surfboard","particle":"custom/general/decoration/beach/beach_surfboard"},"elements":[{"from":[4,0,6],"to":[12,24,8],"faces":{"north":{"uv":[1,1,5,13],"texture":"#0"},"east":{"uv":[0,1,1,13],"texture":"#0"},"south":{"uv":[6,1,10,13],"texture":"#0"},"west":{"uv":[5,1,6,13],"texture":"#0"},"up":{"uv":[5,1,1,0],"texture":"#0"},"down":{"uv":[9,0,5,1],"texture":"#0"}}},{"from":[8,17,8],"to":[8,24,12],"faces":{"east":{"uv":[10,2,12,5.5],"texture":"#0"},"west":{"uv":[12,2,14,5.5],"texture":"#0"}}},{"from":[10,14,8],"to":[10,21,12],"faces":{"east":{"uv":[10,2,12,5.5],"texture":"#0"},"west":{"uv":[12,2,14,5.5],"texture":"#0"}}},{"from":[6,14,8],"to":[6,21,12],"faces":{"east":{"uv":[10,2,12,5.5],"texture":"#0"},"west":{"uv":[12,2,14,5.5],"texture":"#0"}}}],"display":{"thirdperson_righthand":{"rotation":[-16,90,180],"translation":[-0.75,0.75,0.25]},"thirdperson_lefthand":{"rotation":[-16,90,180],"translation":[-0.75,0.75,0.25]},"firstperson_righthand":{"rotation":[0,-90,6],"translation":[2.25,-2,0],"scale":[-0.55,0.55,-0.55]},"firstperson_lefthand":{"rotation":[0,-90,6],"translation":[2.25,-2,0],"scale":[-0.55,0.55,-0.55]},"ground":{"translation":[0,1.5,0],"scale":[0.5,0.5,0.5]},"gui":{"rotation":[30,-135,0],"translation":[0,-2.25,0],"scale":[0.6,0.6,0.6]},"head":{"translation":[0,-35.65,0],"scale":[-1.6,1.6,-1.6]},"fixed":{"rotation":[159.6,85,100.51],"translation":[-1.75,-1.25,-9.5],"scale":[-2,2,-2]}},"groups":[{"name":"group","origin":[0,0,0],"color":0,"children":[0,1,2,3]}]}