{"credit":"Made with Blockbench","texture_size":[256,256],"textures":{"1":"custom/general/decoration/beach/beach_parasol"},"elements":[{"from":[-11,-7,-11],"to":[27,0,27],"faces":{"north":{"uv":[2.375,2.375,4.75,2.8125],"texture":"#1"},"east":{"uv":[0,2.375,2.375,2.8125],"texture":"#1"},"south":{"uv":[7.125,2.375,9.5,2.8125],"texture":"#1"},"west":{"uv":[4.75,2.375,7.125,2.8125],"texture":"#1"},"up":{"uv":[4.75,2.375,2.375,0],"texture":"#1"},"down":{"uv":[7.125,0,4.75,2.375],"texture":"#1"}}},{"name":"cube inverted","from":[27,0,27],"to":[-11,-7,-11],"faces":{"north":{"uv":[7.125,2.8125,9.5,2.375],"texture":"#1"},"east":{"uv":[4.75,2.8125,7.125,2.375],"texture":"#1"},"south":{"uv":[2.375,2.8125,4.75,2.375],"texture":"#1"},"west":{"uv":[0,2.8125,2.375,2.375],"texture":"#1"},"up":{"uv":[4.75,0,7.125,2.375],"texture":"#1"},"down":{"uv":[2.375,2.375,4.75,0],"texture":"#1"}}}],"display":{"thirdperson_righthand":{"rotation":[16,20,0],"translation":[0,0.25,0],"scale":[0.6,0.6,0.6]},"thirdperson_lefthand":{"rotation":[16,20,0],"translation":[0,0.25,0],"scale":[0.6,0.6,0.6]},"firstperson_righthand":{"rotation":[0,-73,6],"translation":[0,-4.5,0],"scale":[-0.35,0.35,-0.35]},"firstperson_lefthand":{"rotation":[0,-73,6],"translation":[0,-4.5,0],"scale":[-0.35,0.35,-0.35]},"ground":{"scale":[0.3,0.3,0.3]},"gui":{"rotation":[30,-135,0],"translation":[0.25,1.75,0],"scale":[0.25,0.25,0.25]},"head":{"translation":[0,-30.4,0],"scale":[-1.6,1.6,-1.6]},"fixed":{"rotation":[-90,-180,0],"translation":[0,0,-16.25],"scale":[-2,2,-2]}}}