{"credit":"Made by LZLeon with Blockbench, Contact - Discord: LZBlocks#0261 - E-Mail: lzblocks@outlook.com","texture_size":[32,32],"textures":{"0":"custom/general/decoration/beach/beach_tiki_torch"},"elements":[{"from":[7,0,7],"to":[9,20,9],"faces":{"north":{"uv":[1,1,2,11],"texture":"#0"},"east":{"uv":[0,1,1,11],"texture":"#0"},"south":{"uv":[3,1,4,11],"texture":"#0"},"west":{"uv":[2,1,3,11],"texture":"#0"},"up":{"uv":[2,1,1,0],"texture":"#0"},"down":{"uv":[3,0,2,1],"texture":"#0"}}},{"from":[6,18,6],"to":[10,26,10],"faces":{"north":{"uv":[6,2,8,6],"texture":"#0"},"east":{"uv":[4,2,6,6],"texture":"#0"},"south":{"uv":[10,2,12,6],"texture":"#0"},"west":{"uv":[8,2,10,6],"texture":"#0"},"up":{"uv":[8,2,6,0],"texture":"#0"},"down":{"uv":[10,0,8,2],"texture":"#0"}}},{"from":[6,20,8],"to":[10,25,8],"faces":{"north":{"uv":[8,6,10,8.5],"texture":"#0"},"east":{"uv":[8,6,8,8.5],"texture":"#0"},"south":{"uv":[10,6,12,8.5],"texture":"#0"},"west":{"uv":[10,6,10,8.5],"texture":"#0"},"up":{"uv":[10,6,8,6],"texture":"#0"},"down":{"uv":[12,6,10,6],"texture":"#0"}}},{"from":[8,20,6],"to":[8,25,10],"rotation":{"angle":0,"axis":"y","origin":[8,22.5,8]},"faces":{"north":{"uv":[6,6,6,8.5],"texture":"#0"},"east":{"uv":[4,6,6,8.5],"texture":"#0"},"south":{"uv":[8,6,8,8.5],"texture":"#0"},"west":{"uv":[6,6,8,8.5],"texture":"#0"},"up":{"uv":[6,6,6,4],"rotation":270,"texture":"#0"},"down":{"uv":[6,4,6,6],"rotation":90,"texture":"#0"}}},{"name":"cube inverted","from":[10,26,10],"to":[6,18,6],"faces":{"north":{"uv":[10,6,12,2],"texture":"#0"},"east":{"uv":[8,6,10,2],"texture":"#0"},"south":{"uv":[6,6,8,2],"texture":"#0"},"west":{"uv":[4,6,6,2],"texture":"#0"},"up":{"uv":[8,0,10,2],"texture":"#0"},"down":{"uv":[6,2,8,0],"texture":"#0"}}}],"display":{"thirdperson_righthand":{"rotation":[60,20,0],"translation":[0,1,1],"scale":[0.8,0.8,0.8]},"thirdperson_lefthand":{"rotation":[60,20,0],"translation":[0,1,1],"scale":[0.8,0.8,0.8]},"firstperson_righthand":{"rotation":[0,-73,6],"translation":[0,-2,0],"scale":[-0.55,0.55,-0.55]},"firstperson_lefthand":{"rotation":[0,-73,6],"translation":[0,-2,0],"scale":[-0.55,0.55,-0.55]},"ground":{"translation":[0,1.5,0],"scale":[0.5,0.5,0.5]},"gui":{"rotation":[30,-135,0],"translation":[0.25,-2.25,0],"scale":[0.55,0.55,0.55]},"head":{"translation":[0,-30.4,0],"scale":[-1.6,1.6,-1.6]},"fixed":{"rotation":[-90,90,0],"translation":[0,0,-16],"scale":[-2,2,-2]}}}