{"credit":"Made with Blockbench","texture_size":[64,64],"textures":{"0":"custom/general/decoration/beach/beach_sandcastle","particle":"custom/general/decoration/beach/beach_sandcastle"},"elements":[{"from":[5,0,5],"to":[11,5,11],"faces":{"north":{"uv":[1.5,1.5,3,2.75],"texture":"#0"},"east":{"uv":[0,1.5,1.5,2.75],"texture":"#0"},"south":{"uv":[4.5,1.5,6,2.75],"texture":"#0"},"west":{"uv":[3,1.5,4.5,2.75],"texture":"#0"},"up":{"uv":[3,1.5,1.5,0],"texture":"#0"},"down":{"uv":[4.5,0,3,1.5],"texture":"#0"}}},{"from":[5,5,5],"to":[11,7,11],"faces":{"north":{"uv":[1.5,4.25,3,4.75],"texture":"#0"},"east":{"uv":[0,4.25,1.5,4.75],"texture":"#0"},"south":{"uv":[4.5,4.25,6,4.75],"texture":"#0"},"west":{"uv":[3,4.25,4.5,4.75],"texture":"#0"},"up":{"uv":[3,4.25,1.5,2.75],"texture":"#0"},"down":{"uv":[4.5,2.75,3,4.25],"texture":"#0"}}},{"from":[6,5,6],"to":[10,8,10],"faces":{"north":{"uv":[1,5.75,2,6.5],"texture":"#0"},"east":{"uv":[0,5.75,1,6.5],"texture":"#0"},"south":{"uv":[3,5.75,4,6.5],"texture":"#0"},"west":{"uv":[2,5.75,3,6.5],"texture":"#0"},"up":{"uv":[2,5.75,1,4.75],"texture":"#0"},"down":{"uv":[3,4.75,2,5.75],"texture":"#0"}}},{"from":[3,0,3],"to":[6,6,6],"faces":{"north":{"uv":[4.75,5.5,5.5,7],"texture":"#0"},"east":{"uv":[4,5.5,4.75,7],"texture":"#0"},"south":{"uv":[6.25,5.5,7,7],"texture":"#0"},"west":{"uv":[5.5,5.5,6.25,7],"texture":"#0"},"up":{"uv":[5.5,5.5,4.75,4.75],"texture":"#0"},"down":{"uv":[6.25,4.75,5.5,5.5],"texture":"#0"}}},{"from":[3,6,3],"to":[6,8,6],"faces":{"north":{"uv":[6.75,2,7.5,2.5],"texture":"#0"},"east":{"uv":[6,2,6.75,2.5],"texture":"#0"},"south":{"uv":[8.25,2,9,2.5],"texture":"#0"},"west":{"uv":[7.5,2,8.25,2.5],"texture":"#0"},"up":{"uv":[7.5,2,6.75,1.25],"texture":"#0"},"down":{"uv":[8.25,1.25,7.5,2],"texture":"#0"}}},{"from":[10,0,3],"to":[13,6,6],"faces":{"north":{"uv":[4.75,5.5,5.5,7],"texture":"#0"},"east":{"uv":[4,5.5,4.75,7],"texture":"#0"},"south":{"uv":[6.25,5.5,7,7],"texture":"#0"},"west":{"uv":[5.5,5.5,6.25,7],"texture":"#0"},"up":{"uv":[5.5,5.5,4.75,4.75],"texture":"#0"},"down":{"uv":[6.25,4.75,5.5,5.5],"texture":"#0"}}},{"from":[10,6,3],"to":[13,8,6],"faces":{"north":{"uv":[6.75,2,7.5,2.5],"texture":"#0"},"east":{"uv":[6,2,6.75,2.5],"texture":"#0"},"south":{"uv":[8.25,2,9,2.5],"texture":"#0"},"west":{"uv":[7.5,2,8.25,2.5],"texture":"#0"},"up":{"uv":[7.5,2,6.75,1.25],"texture":"#0"},"down":{"uv":[8.25,1.25,7.5,2],"texture":"#0"}}},{"from":[10,0,10],"to":[13,6,13],"faces":{"north":{"uv":[4.75,5.5,5.5,7],"texture":"#0"},"east":{"uv":[4,5.5,4.75,7],"texture":"#0"},"south":{"uv":[6.25,5.5,7,7],"texture":"#0"},"west":{"uv":[5.5,5.5,6.25,7],"texture":"#0"},"up":{"uv":[5.5,5.5,4.75,4.75],"texture":"#0"},"down":{"uv":[6.25,4.75,5.5,5.5],"texture":"#0"}}},{"from":[10,6,10],"to":[13,8,13],"faces":{"north":{"uv":[6.75,2,7.5,2.5],"texture":"#0"},"east":{"uv":[6,2,6.75,2.5],"texture":"#0"},"south":{"uv":[8.25,2,9,2.5],"texture":"#0"},"west":{"uv":[7.5,2,8.25,2.5],"texture":"#0"},"up":{"uv":[7.5,2,6.75,1.25],"texture":"#0"},"down":{"uv":[8.25,1.25,7.5,2],"texture":"#0"}}},{"from":[3,0,10],"to":[6,6,13],"faces":{"north":{"uv":[4.75,5.5,5.5,7],"texture":"#0"},"east":{"uv":[4,5.5,4.75,7],"texture":"#0"},"south":{"uv":[6.25,5.5,7,7],"texture":"#0"},"west":{"uv":[5.5,5.5,6.25,7],"texture":"#0"},"up":{"uv":[5.5,5.5,4.75,4.75],"texture":"#0"},"down":{"uv":[6.25,4.75,5.5,5.5],"texture":"#0"}}},{"from":[3,6,10],"to":[6,8,13],"faces":{"north":{"uv":[6.75,2,7.5,2.5],"texture":"#0"},"east":{"uv":[6,2,6.75,2.5],"texture":"#0"},"south":{"uv":[8.25,2,9,2.5],"texture":"#0"},"west":{"uv":[7.5,2,8.25,2.5],"texture":"#0"},"up":{"uv":[7.5,2,6.75,1.25],"texture":"#0"},"down":{"uv":[8.25,1.25,7.5,2],"texture":"#0"}}},{"from":[6.5,8,6.5],"to":[9.5,10,9.5],"faces":{"north":{"uv":[7,4.75,7.75,5.25],"texture":"#0"},"east":{"uv":[6.25,4.75,7,5.25],"texture":"#0"},"south":{"uv":[8.5,4.75,9.25,5.25],"texture":"#0"},"west":{"uv":[7.75,4.75,8.5,5.25],"texture":"#0"},"up":{"uv":[7.75,4.75,7,4],"texture":"#0"},"down":{"uv":[8.5,4,7.75,4.75],"texture":"#0"}}},{"from":[6.5,10,6.5],"to":[9.5,12,9.5],"faces":{"north":{"uv":[5.25,3.5,6,4],"texture":"#0"},"east":{"uv":[4.5,3.5,5.25,4],"texture":"#0"},"south":{"uv":[6.75,3.5,7.5,4],"texture":"#0"},"west":{"uv":[6,3.5,6.75,4],"texture":"#0"},"up":{"uv":[6,3.5,5.25,2.75],"texture":"#0"},"down":{"uv":[6.75,2.75,6,3.5],"texture":"#0"}}},{"from":[3.5,10,8],"to":[10.5,15,8],"rotation":{"angle":45,"axis":"y","origin":[8,12,8]},"faces":{"north":{"uv":[4.5,0,6.25,1.25],"texture":"#0"},"east":{"uv":[4.5,0,4.5,1.25],"texture":"#0"},"south":{"uv":[6.25,0,8,1.25],"texture":"#0"},"west":{"uv":[6.25,0,6.25,1.25],"texture":"#0"},"up":{"uv":[6.25,0,4.5,0],"texture":"#0"},"down":{"uv":[8,0,6.25,0],"texture":"#0"}}},{"name":"cube inverted","from":[6,8,6],"to":[3,6,3],"faces":{"north":{"uv":[8.25,2.5,9,2],"texture":"#0"},"east":{"uv":[7.5,2.5,8.25,2],"texture":"#0"},"south":{"uv":[6.75,2.5,7.5,2],"texture":"#0"},"west":{"uv":[6,2.5,6.75,2],"texture":"#0"},"up":{"uv":[7.5,1.25,8.25,2],"texture":"#0"},"down":{"uv":[6.75,2,7.5,1.25],"texture":"#0"}}},{"name":"cube inverted","from":[11,7,11],"to":[5,5,5],"faces":{"north":{"uv":[4.5,4.75,6,4.25],"texture":"#0"},"east":{"uv":[3,4.75,4.5,4.25],"texture":"#0"},"south":{"uv":[1.5,4.75,3,4.25],"texture":"#0"},"west":{"uv":[0,4.75,1.5,4.25],"texture":"#0"},"up":{"uv":[3,2.75,4.5,4.25],"texture":"#0"},"down":{"uv":[1.5,4.25,3,2.75],"texture":"#0"}}},{"name":"cube inverted","from":[6,8,13],"to":[3,6,10],"faces":{"north":{"uv":[8.25,2.5,9,2],"texture":"#0"},"east":{"uv":[7.5,2.5,8.25,2],"texture":"#0"},"south":{"uv":[6.75,2.5,7.5,2],"texture":"#0"},"west":{"uv":[6,2.5,6.75,2],"texture":"#0"},"up":{"uv":[7.5,1.25,8.25,2],"texture":"#0"},"down":{"uv":[6.75,2,7.5,1.25],"texture":"#0"}}},{"name":"cube inverted","from":[13,8,13],"to":[10,6,10],"faces":{"north":{"uv":[8.25,2.5,9,2],"texture":"#0"},"east":{"uv":[7.5,2.5,8.25,2],"texture":"#0"},"south":{"uv":[6.75,2.5,7.5,2],"texture":"#0"},"west":{"uv":[6,2.5,6.75,2],"texture":"#0"},"up":{"uv":[7.5,1.25,8.25,2],"texture":"#0"},"down":{"uv":[6.75,2,7.5,1.25],"texture":"#0"}}},{"name":"cube inverted","from":[13,8,6],"to":[10,6,3],"faces":{"north":{"uv":[8.25,2.5,9,2],"texture":"#0"},"east":{"uv":[7.5,2.5,8.25,2],"texture":"#0"},"south":{"uv":[6.75,2.5,7.5,2],"texture":"#0"},"west":{"uv":[6,2.5,6.75,2],"texture":"#0"},"up":{"uv":[7.5,1.25,8.25,2],"texture":"#0"},"down":{"uv":[6.75,2,7.5,1.25],"texture":"#0"}}},{"name":"cube inverted","from":[9.5,12,9.5],"to":[6.5,10,6.5],"faces":{"north":{"uv":[6.75,4,7.5,3.5],"texture":"#0"},"east":{"uv":[6,4,6.75,3.5],"texture":"#0"},"south":{"uv":[5.25,4,6,3.5],"texture":"#0"},"west":{"uv":[4.5,4,5.25,3.5],"texture":"#0"},"up":{"uv":[6,2.75,6.75,3.5],"texture":"#0"},"down":{"uv":[5.25,3.5,6,2.75],"texture":"#0"}}}],"display":{"thirdperson_righthand":{"rotation":[60,20,0],"translation":[0,4.5,1],"scale":[0.6,0.6,0.6]},"thirdperson_lefthand":{"rotation":[60,20,0],"translation":[0,4.5,1],"scale":[0.6,0.6,0.6]},"firstperson_righthand":{"rotation":[0,-73,6],"translation":[0,3.25,0],"scale":[-0.55,0.55,-0.55]},"firstperson_lefthand":{"rotation":[0,-73,6],"translation":[0,3.25,0],"scale":[-0.55,0.55,-0.55]},"ground":{"translation":[0,1.5,0],"scale":[0.5,0.5,0.5]},"gui":{"rotation":[30,-135,0],"translation":[0.25,1.5,0],"scale":[0.8,0.8,0.8]},"head":{"rotation":[0,180,0],"translation":[0,-30.4,0],"scale":[-1.6,1.6,-1.6]},"fixed":{"rotation":[-90,-90,0],"translation":[0,0,-16],"scale":[-2,2,-2]}}}