{"credit":"Made with Blockbench","texture_size":[128,128],"textures":{"1":"custom/general/decoration/collectibles/figures/letshugo_funkopop"},"elements":[{"from":[4,9,4],"to":[12,17,12],"faces":{"north":{"uv":[1,4.5,2,5.5],"texture":"#1"},"east":{"uv":[0,4.5,1,5.5],"texture":"#1"},"south":{"uv":[3,4.5,4,5.5],"texture":"#1"},"west":{"uv":[2,4.5,3,5.5],"texture":"#1"},"up":{"uv":[2,4.5,1,3.5],"texture":"#1"},"down":{"uv":[3,3.5,2,4.5],"texture":"#1"}}},{"from":[3,4,6.5],"to":[13,9,9.5],"faces":{"north":{"uv":[3.375,3.875,4.625,4.5],"texture":"#1"},"east":{"uv":[3,3.875,3.375,4.5],"texture":"#1"},"south":{"uv":[5,3.875,6.25,4.5],"texture":"#1"},"west":{"uv":[4.625,3.875,5,4.5],"texture":"#1"},"up":{"uv":[4.625,3.875,3.375,3.5],"texture":"#1"},"down":{"uv":[5.875,3.5,4.625,3.875],"texture":"#1"}}},{"from":[5,0,6.5],"to":[11,4,9.5],"faces":{"north":{"uv":[4.375,4.875,5.125,5.375],"texture":"#1"},"east":{"uv":[4,4.875,4.375,5.375],"texture":"#1"},"south":{"uv":[5.5,4.875,6.25,5.375],"texture":"#1"},"west":{"uv":[5.125,4.875,5.5,5.375],"texture":"#1"},"up":{"uv":[5.125,4.875,4.375,4.5],"texture":"#1"},"down":{"uv":[5.875,4.5,5.125,4.875],"texture":"#1"}}},{"from":[0,0,3],"to":[16,18,13],"faces":{"north":{"uv":[1.25,1.25,3.25,3.5],"texture":"#1"},"east":{"uv":[0,1.25,1.25,3.5],"texture":"#1"},"south":{"uv":[4.5,1.25,6.5,3.5],"texture":"#1"},"west":{"uv":[3.25,1.25,4.5,3.5],"texture":"#1"},"up":{"uv":[3.25,1.25,1.25,0],"texture":"#1"},"down":{"uv":[5.25,0,3.25,1.25],"texture":"#1"}}},{"name":"cube inverted","from":[16,18,13],"to":[0,0,3],"rotation":{"angle":0,"axis":"y","origin":[8,9,5]},"faces":{"north":{"uv":[4.5,9,6.5,6.75],"texture":"#1"},"east":{"uv":[3.25,9,4.5,6.75],"texture":"#1"},"south":{"uv":[1.25,9,3.25,6.75],"texture":"#1"},"west":{"uv":[0,9,1.25,6.75],"texture":"#1"},"up":{"uv":[3.25,5.5,5.25,6.75],"texture":"#1"},"down":{"uv":[1.25,6.75,3.25,5.5],"texture":"#1"}}}],"display":{"thirdperson_righthand":{"rotation":[60,0,0],"translation":[0.25,4,0.75],"scale":[0.6,0.6,0.6]},"thirdperson_lefthand":{"rotation":[60,0,0],"translation":[0.25,4,0.75],"scale":[0.6,0.6,0.6]},"firstperson_righthand":{"rotation":[0,111,-6],"translation":[0.25,0.5,0],"scale":[0.5,0.5,0.5]},"firstperson_lefthand":{"rotation":[0,111,-6],"translation":[0.25,0.5,0],"scale":[0.5,0.5,0.5]},"ground":{"translation":[0,2,1],"scale":[0.4,0.4,0.4]},"gui":{"rotation":[30,-135,0],"translation":[0.25,-0.5,0],"scale":[0.6,0.6,0.6]},"head":{"rotation":[0,180,0],"translation":[0,-30.4,0],"scale":[1.6,1.6,1.6]},"fixed":{"rotation":[90,180,-180],"translation":[0,0,-16],"scale":[2,2,2]}}}