{"credit":"by w11shes","textures":{"0":"custom/factions/weapons/wolf_claw/wolf_claws_on","particle":"custom/factions/weapons/wolf_claw/wolf_claws_on"},"elements":[{"from":[6,0,5],"to":[9,7,10],"faces":{"north":{"uv":[2.5,0,4,3.5],"texture":"#0"},"east":{"uv":[0,0,2.5,3.5],"texture":"#0"},"south":{"uv":[4,0,2.5,3.5],"texture":"#0"},"west":{"uv":[4,0,6.5,3.5],"texture":"#0"},"up":{"uv":[4,3.5,6.5,5],"rotation":90,"texture":"#0"},"down":{"uv":[6.5,3.5,9,5],"rotation":90,"texture":"#0"}}},{"from":[8,7,9],"to":[6,0,6],"faces":{"north":{"uv":[10,0,11,3.5],"texture":"#0"},"south":{"uv":[11,0,12,3.5],"texture":"#0"},"west":{"uv":[12,0,13.5,3.5],"texture":"#0"}}},{"from":[5.75,3.75,4.75],"to":[9.25,7.25,10.25],"faces":{"north":{"uv":[2.5,5,4,6.5],"texture":"#0"},"east":{"uv":[0,5,2.5,6.5],"texture":"#0"},"south":{"uv":[4,5,2.5,6.5],"texture":"#0"},"west":{"uv":[4,5,6.5,6.5],"texture":"#0"},"up":{"uv":[4,6.5,6.5,8],"rotation":90,"texture":"#0"}}},{"from":[4,-4.9,5],"to":[9,2.1,5.02],"rotation":{"angle":22.5,"axis":"x","origin":[0,0,0]},"faces":{"north":{"uv":[0.5,10.5,3,14],"texture":"#0"},"south":{"uv":[3,10.5,0.5,14],"texture":"#0"}}},{"from":[4,-10.7,9],"to":[9,-3.7,9.02],"rotation":{"angle":-22.5,"axis":"x","origin":[0,0,0]},"faces":{"north":{"uv":[0.5,10.5,3,14],"texture":"#0"},"south":{"uv":[3,10.5,0.5,14],"texture":"#0"}}},{"from":[5,-7,7.5],"to":[9,0,7.52],"faces":{"north":{"uv":[0.5,10.5,3,14],"texture":"#0"},"south":{"uv":[3,10.5,0.5,14],"texture":"#0"}}},{"from":[4,2,5],"to":[6,4,10],"faces":{"north":{"uv":[6.5,1.5,7.5,2.5],"texture":"#0"},"south":{"uv":[7.5,1.5,6.5,2.5],"texture":"#0"},"west":{"uv":[7.5,1.5,10,2.5],"texture":"#0"}}},{"from":[5.99,3.99,9.99],"to":[4.01,2.01,5.01],"rotation":{"angle":0,"axis":"y","origin":[16,16,0]},"faces":{"north":{"uv":[7.5,2.5,6.5,1.5],"texture":"#0"},"east":{"uv":[10,2.5,7.5,1.5],"texture":"#0"},"south":{"uv":[6.5,2.5,7.5,1.5],"texture":"#0"}}}],"gui_light":"front","display":{"thirdperson_righthand":{"rotation":[90,0,0],"translation":[2.75,-2.5,10],"scale":[1.25,1.25,1.25]},"thirdperson_lefthand":{"rotation":[90,180,0],"translation":[2.5,-1.5,10.25],"scale":[1.25,1.25,1.25]},"firstperson_righthand":{"rotation":[147,91,0],"translation":[5,-2.25,0]},"firstperson_lefthand":{"rotation":[147,-91,0],"translation":[5,-2.25,0]},"ground":{"rotation":[180,0,0],"translation":[0,3,0],"scale":[0.5,0.5,0.5]},"gui":{"rotation":[54,47,102],"translation":[-5.5,-5.5,0]},"fixed":{"rotation":[0,90,0],"translation":[0,6.5,0]}}}