{"credit":"Made with Blockbench","textures":{"2":"custom/general/decoration/christmas/winter_sled_crimson"},"elements":[{"from":[-1,1,-7],"to":[1,3,26],"rotation":{"angle":0,"axis":"y","origin":[0,1,0]},"faces":{"north":{"uv":[4.75,2.25,5,2.5],"texture":"#2"},"east":{"uv":[3.5,2.75,7.625,3],"texture":"#2"},"south":{"uv":[4.75,2.5,5,2.75],"texture":"#2"},"west":{"uv":[3.5,3,7.625,3.25],"texture":"#2"},"up":{"uv":[3.75,7.375,3.5,3.25],"texture":"#2"},"down":{"uv":[4,3.25,3.75,7.375],"texture":"#2"}}},{"from":[-1,3,-7],"to":[1,8,-5],"rotation":{"angle":0,"axis":"y","origin":[0,1,0]},"faces":{"north":{"uv":[3.25,4,3.5,4.625],"texture":"#2"},"east":{"uv":[2.75,4.25,3,4.875],"texture":"#2"},"south":{"uv":[3,4.25,3.25,4.875],"texture":"#2"},"west":{"uv":[4.5,1.5,4.75,2.125],"texture":"#2"},"up":{"uv":[5,4.75,4.75,4.5],"texture":"#2"},"down":{"uv":[5,4.75,4.75,5],"texture":"#2"}}},{"from":[1,6,-7],"to":[13,8,-5],"rotation":{"angle":0,"axis":"y","origin":[0,1,0]},"faces":{"north":{"uv":[4.25,4.25,5.75,4.5],"texture":"#2"},"east":{"uv":[2.75,4.875,3,5.125],"texture":"#2"},"south":{"uv":[4.75,0,6.25,0.25],"texture":"#2"},"west":{"uv":[3,4.875,3.25,5.125],"texture":"#2"},"up":{"uv":[6.25,0.5,4.75,0.25],"texture":"#2"},"down":{"uv":[2.25,4.5,0.75,4.75],"texture":"#2"}}},{"from":[-1,5,-5],"to":[1,8,-3],"rotation":{"angle":0,"axis":"y","origin":[0,1,0]},"faces":{"north":{"uv":[1,4.75,1.25,5.125],"texture":"#2"},"east":{"uv":[1.25,4.75,1.5,5.125],"texture":"#2"},"south":{"uv":[1.5,4.75,1.75,5.125],"texture":"#2"},"west":{"uv":[4.75,1.5,5,1.875],"texture":"#2"},"up":{"uv":[5.25,1.75,5,1.5],"texture":"#2"},"down":{"uv":[5.25,1.75,5,2],"texture":"#2"}}},{"from":[-2,7,-2],"to":[16,9,20],"rotation":{"angle":0,"axis":"y","origin":[0,1,0]},"faces":{"north":{"uv":[4,4,6.25,4.25],"texture":"#2"},"east":{"uv":[0.5,4,3.25,4.25],"texture":"#2"},"south":{"uv":[0.5,4.25,2.75,4.5],"texture":"#2"},"west":{"uv":[4,3.75,6.75,4],"texture":"#2"},"up":{"uv":[2.25,2.75,0,0],"texture":"#2"},"down":{"uv":[4.5,0,2.25,2.75],"texture":"#2"}}},{"from":[0,2,-1],"to":[14,7,1],"rotation":{"angle":0,"axis":"y","origin":[0,1,0]},"faces":{"north":{"uv":[0,2.75,1.75,3.375],"texture":"#2"},"east":{"uv":[4.5,2.125,4.75,2.75],"texture":"#2"},"south":{"uv":[1.75,2.75,3.5,3.375],"texture":"#2"},"west":{"uv":[2.5,4.5,2.75,5.125],"texture":"#2"},"up":{"uv":[6.25,0.75,4.5,0.5],"texture":"#2"},"down":{"uv":[6.25,0.75,4.5,1],"texture":"#2"}}},{"from":[0,2,17],"to":[14,7,19],"rotation":{"angle":0,"axis":"y","origin":[0,1,0]},"faces":{"north":{"uv":[0,3.375,1.75,4],"texture":"#2"},"east":{"uv":[4,4.5,4.25,5.125],"texture":"#2"},"south":{"uv":[1.75,3.375,3.5,4],"texture":"#2"},"west":{"uv":[4.25,4.5,4.5,5.125],"texture":"#2"},"up":{"uv":[6.25,1.25,4.5,1],"texture":"#2"},"down":{"uv":[6.25,1.25,4.5,1.5],"texture":"#2"}}},{"from":[13,5,-5],"to":[15,8,-3],"rotation":{"angle":0,"axis":"y","origin":[0,1,0]},"faces":{"north":{"uv":[1.75,4.75,2,5.125],"texture":"#2"},"east":{"uv":[4.75,1.875,5,2.25],"texture":"#2"},"south":{"uv":[2,4.75,2.25,5.125],"texture":"#2"},"west":{"uv":[2.25,4.75,2.5,5.125],"texture":"#2"},"up":{"uv":[5.25,2.25,5,2],"texture":"#2"},"down":{"uv":[5.25,2.25,5,2.5],"texture":"#2"}}},{"from":[13,1,-7],"to":[15,3,26],"rotation":{"angle":0,"axis":"y","origin":[0,1,0]},"faces":{"north":{"uv":[5,2.5,5.25,2.75],"texture":"#2"},"east":{"uv":[4,3.25,8.125,3.5],"texture":"#2"},"south":{"uv":[5,4.5,5.25,4.75],"texture":"#2"},"west":{"uv":[4,3.5,8.125,3.75],"texture":"#2"},"up":{"uv":[0.25,8.125,0,4],"texture":"#2"},"down":{"uv":[0.5,4,0.25,8.125],"texture":"#2"}}},{"from":[13,3,-7],"to":[15,8,-5],"rotation":{"angle":0,"axis":"y","origin":[0,1,0]},"faces":{"north":{"uv":[4.5,4.5,4.75,5.125],"texture":"#2"},"east":{"uv":[3.25,4.625,3.5,5.25],"texture":"#2"},"south":{"uv":[0.5,4.75,0.75,5.375],"texture":"#2"},"west":{"uv":[0.75,4.75,1,5.375],"texture":"#2"},"up":{"uv":[5,5.25,4.75,5],"texture":"#2"},"down":{"uv":[5.25,4.75,5,5],"texture":"#2"}}}],"display":{"thirdperson_righthand":{"rotation":[90,0,0],"translation":[0,-1.25,0.25],"scale":[0.5,0.5,0.5]},"thirdperson_lefthand":{"rotation":[90,0,0],"translation":[0,-1.25,0.25],"scale":[0.5,0.5,0.5]},"firstperson_righthand":{"rotation":[15,-10,0],"translation":[5.5,0,0],"scale":[0.5,0.5,0.5]},"firstperson_lefthand":{"rotation":[15,-10,0],"translation":[5.5,0,0],"scale":[0.5,0.5,0.5]},"ground":{"scale":[0.5,0.5,0.5]},"gui":{"rotation":[30,-135,0],"scale":[0.5,0.5,0.4]},"head":{"translation":[0.75,-42.25,0]},"fixed":{"rotation":[-90,-90,0],"translation":[0.5,2,-14],"scale":[2,2,2]}},"groups":[{"name":"all","origin":[0,0,-12],"color":0,"children":[0,1,2,3,4,5,6,7,8,9]}]}