{"credit":"Made with Blockbench","texture_size":[32,32],"textures":{"1":"custom/general/decoration/christmas/santa_toy_1"},"elements":[{"from":[4,0,4],"to":[12,1,12],"faces":{"north":{"uv":[6.5,4,10.5,4.5],"texture":"#1"},"east":{"uv":[6.5,4.5,10.5,5],"texture":"#1"},"south":{"uv":[7,7,11,7.5],"texture":"#1"},"west":{"uv":[7,7.5,11,8],"texture":"#1"},"up":{"uv":[4,4,0,0],"texture":"#1"},"down":{"uv":[4,4,0,8],"texture":"#1"}}},{"from":[5.5,1,5.6],"to":[10.5,3,10.6],"faces":{"north":{"uv":[6.5,0,9,1],"texture":"#1"},"east":{"uv":[6.5,1,9,2],"texture":"#1"},"south":{"uv":[6.5,2,9,3],"texture":"#1"},"west":{"uv":[6.5,3,9,4],"texture":"#1"},"up":{"uv":[6.5,2.5,4,0],"texture":"#1"},"down":{"uv":[6.5,2.5,4,5],"texture":"#1"}}},{"from":[6,3,6],"to":[10,5,10],"faces":{"north":{"uv":[0,8,2,9],"texture":"#1"},"east":{"uv":[2,8,4,9],"texture":"#1"},"south":{"uv":[8,5,10,6],"texture":"#1"},"west":{"uv":[8,6,10,7],"texture":"#1"},"up":{"uv":[6,7,4,5],"texture":"#1"},"down":{"uv":[8,5,6,7],"texture":"#1"}}},{"from":[6.5,5,6.5],"to":[9.5,7,9.5],"faces":{"north":{"uv":[7,8,8.5,9],"texture":"#1"},"east":{"uv":[4,8.5,5.5,9.5],"texture":"#1"},"south":{"uv":[5.5,8.5,7,9.5],"texture":"#1"},"west":{"uv":[8.5,8,10,9],"texture":"#1"},"up":{"uv":[5.5,8.5,4,7],"texture":"#1"},"down":{"uv":[7,7,5.5,8.5],"texture":"#1"}}},{"from":[7.5,7,7.5],"to":[8.5,9,8.5],"faces":{"north":{"uv":[0,9,0.5,10],"texture":"#1"},"east":{"uv":[9,0,9.5,1],"texture":"#1"},"south":{"uv":[0.5,9,1,10],"texture":"#1"},"west":{"uv":[1,9,1.5,10],"texture":"#1"},"up":{"uv":[9.5,1.5,9,1],"texture":"#1"},"down":{"uv":[2,9,1.5,9.5],"texture":"#1"}}}],"display":{"thirdperson_righthand":{"rotation":[75,45,0],"translation":[0,2.5,0],"scale":[0.375,0.375,0.375]},"thirdperson_lefthand":{"rotation":[75,45,0],"translation":[0,2.5,0],"scale":[0.375,0.375,0.375]},"firstperson_righthand":{"rotation":[0,45,0],"scale":[0.4,0.4,0.4]},"firstperson_lefthand":{"rotation":[0,225,0],"scale":[0.4,0.4,0.4]},"ground":{"translation":[0,3,0],"scale":[0.25,0.25,0.25]},"gui":{"rotation":[30,-135,0],"translation":[0,2.5,0]},"fixed":{"rotation":[-90,-90,0],"translation":[0,0,-16],"scale":[2,2,2]}}}