{"credit":"Made with Blockbench","texture_size":[32,32],"textures":{"1":"custom/general/decoration/christmas/santa_toy_2"},"elements":[{"from":[5.9,1.2,3],"to":[7.9,5.2,5],"rotation":{"angle":22.5,"axis":"x","origin":[7,3,5]},"faces":{"north":{"uv":[3.5,10,4.5,12],"texture":"#1"},"east":{"uv":[10,3.5,11,5.5],"texture":"#1"},"south":{"uv":[4.5,10,5.5,12],"texture":"#1"},"west":{"uv":[5.5,10,6.5,12],"texture":"#1"},"up":{"uv":[13,11,12,10],"texture":"#1"},"down":{"uv":[13.5,1,12.5,2],"texture":"#1"}}},{"from":[5.9,1.2,11],"to":[7.9,5.2,13],"rotation":{"angle":-22.5,"axis":"x","origin":[7,3,11]},"faces":{"north":{"uv":[10,5.5,11,7.5],"texture":"#1"},"east":{"uv":[6.5,10,7.5,12],"texture":"#1"},"south":{"uv":[11,3.5,12,5.5],"texture":"#1"},"west":{"uv":[11,5.5,12,7.5],"texture":"#1"},"up":{"uv":[13.5,3,12.5,2],"texture":"#1"},"down":{"uv":[13.5,11,12.5,12],"texture":"#1"}}},{"from":[8.1,1.2,11],"to":[10.1,5.2,13],"rotation":{"angle":-22.5,"axis":"x","origin":[9,3,11]},"faces":{"north":{"uv":[2,12,3,14],"texture":"#1"},"east":{"uv":[3,12,4,14],"texture":"#1"},"south":{"uv":[12,3.5,13,5.5],"texture":"#1"},"west":{"uv":[4,12,5,14],"texture":"#1"},"up":{"uv":[14,8.5,13,7.5],"texture":"#1"},"down":{"uv":[11,13,10,14],"texture":"#1"}}},{"from":[8.1,1.2,3],"to":[10.1,5.2,5],"rotation":{"angle":22.5,"axis":"x","origin":[9,3,5]},"faces":{"north":{"uv":[0,11.5,1,13.5],"texture":"#1"},"east":{"uv":[1,11.5,2,13.5],"texture":"#1"},"south":{"uv":[11.5,1.5,12.5,3.5],"texture":"#1"},"west":{"uv":[11.5,11,12.5,13],"texture":"#1"},"up":{"uv":[14,5.5,13,4.5],"texture":"#1"},"down":{"uv":[7,13,6,14],"texture":"#1"}}},{"from":[6,5,4],"to":[10,8,12],"rotation":{"angle":0,"axis":"y","origin":[1,0,0]},"faces":{"north":{"uv":[0,10,2,11.5],"texture":"#1"},"east":{"uv":[8,8,12,9.5],"texture":"#1"},"south":{"uv":[10,0,12,1.5],"texture":"#1"},"west":{"uv":[8,9.5,12,11],"texture":"#1"},"up":{"uv":[10,4,8,0],"texture":"#1"},"down":{"uv":[10,4,8,8],"texture":"#1"}}},{"from":[7.5,6.46404,11.69448],"to":[8.5,7.46404,15.69448],"rotation":{"angle":22.5,"axis":"x","origin":[9.5,6.96404,13.19448]},"faces":{"north":{"uv":[0,13.5,0.5,14],"texture":"#1"},"east":{"uv":[10,7.5,12,8],"texture":"#1"},"south":{"uv":[0.5,13.5,1,14],"texture":"#1"},"west":{"uv":[13,4,15,4.5],"texture":"#1"},"up":{"uv":[5.5,15,5,13],"texture":"#1"},"down":{"uv":[6,13,5.5,15],"texture":"#1"}}},{"from":[6.5,8.89105,0.42493],"to":[9.5,10.89105,4.42493],"rotation":{"angle":-22.5,"axis":"x","origin":[8.5,10.39105,1.42493]},"faces":{"north":{"uv":[12,9,13.5,10],"texture":"#1"},"east":{"uv":[7.5,11,9.5,12],"texture":"#1"},"south":{"uv":[10,12,11.5,13],"texture":"#1"},"west":{"uv":[9.5,11,11.5,12],"texture":"#1"},"up":{"uv":[11.5,3.5,10,1.5],"texture":"#1"},"down":{"uv":[3.5,10,2,12],"texture":"#1"}}},{"from":[6.4,8.89105,0.42493],"to":[6.4,10.89105,4.42493],"rotation":{"angle":-22.5,"axis":"x","origin":[8.5,10.39105,1.42493]},"faces":{"north":{"uv":[0,0,0,1],"texture":"#1"},"east":{"uv":[12,0,14,1],"texture":"#1"},"south":{"uv":[0,0,0,1],"texture":"#1"},"west":{"uv":[5,12,7,13],"texture":"#1"},"up":{"uv":[0,2,0,0],"texture":"#1"},"down":{"uv":[0,0,0,2],"texture":"#1"}}},{"from":[9.6,8.89105,0.42493],"to":[9.6,10.89105,4.42493],"rotation":{"angle":-22.5,"axis":"x","origin":[9.5,10.39105,1.42493]},"faces":{"north":{"uv":[0,0,0,1],"texture":"#1"},"east":{"uv":[12,5.5,14,6.5],"texture":"#1"},"south":{"uv":[0,0,0,1],"texture":"#1"},"west":{"uv":[12,6.5,14,7.5],"texture":"#1"},"up":{"uv":[0,2,0,0],"texture":"#1"},"down":{"uv":[0,0,0,2],"texture":"#1"}}},{"from":[6.5,10.89105,3.42493],"to":[7.5,11.89105,4.42493],"rotation":{"angle":-22.5,"axis":"x","origin":[8.5,10.39105,1.42493]},"faces":{"north":{"uv":[7.5,10,8,10.5],"texture":"#1"},"east":{"uv":[7.5,10.5,8,11],"texture":"#1"},"south":{"uv":[12,1,12.5,1.5],"texture":"#1"},"west":{"uv":[12.5,3,13,3.5],"texture":"#1"},"up":{"uv":[13.5,9,13,8.5],"texture":"#1"},"down":{"uv":[13.5,10,13,10.5],"texture":"#1"}}},{"from":[8.5,10.89105,3.42493],"to":[9.5,11.89105,4.42493],"rotation":{"angle":-22.5,"axis":"x","origin":[8.5,10.39105,1.42493]},"faces":{"north":{"uv":[13,10.5,13.5,11],"texture":"#1"},"east":{"uv":[11,13,11.5,13.5],"texture":"#1"},"south":{"uv":[11.5,13,12,13.5],"texture":"#1"},"west":{"uv":[12,13,12.5,13.5],"texture":"#1"},"up":{"uv":[13,13.5,12.5,13],"texture":"#1"},"down":{"uv":[13.5,13,13,13.5],"texture":"#1"}}},{"from":[7,7,3],"to":[9,10,5],"rotation":{"angle":-22.5,"axis":"x","origin":[8.5,9.5,4.5]},"faces":{"north":{"uv":[7,12,8,13.5],"texture":"#1"},"east":{"uv":[12,7.5,13,9],"texture":"#1"},"south":{"uv":[8,12,9,13.5],"texture":"#1"},"west":{"uv":[9,12,10,13.5],"texture":"#1"},"up":{"uv":[13.5,13,12.5,12],"texture":"#1"},"down":{"uv":[14,3,13,4],"texture":"#1"}}},{"from":[6.9,0,0],"to":[6.9,5,16],"rotation":{"angle":0,"axis":"y","origin":[1,1,0]},"faces":{"north":{"uv":[0,0,0,2.5],"texture":"#1"},"east":{"uv":[0,0,8,2.5],"texture":"#1"},"south":{"uv":[0,0,0,2.5],"texture":"#1"},"west":{"uv":[0,2.5,8,5],"texture":"#1"},"up":{"uv":[0,8,0,0],"texture":"#1"},"down":{"uv":[0,0,0,8],"texture":"#1"}}},{"from":[9.1,0,0],"to":[9.1,5,16],"rotation":{"angle":0,"axis":"y","origin":[17,1,0]},"faces":{"north":{"uv":[0,0,0,2.5],"texture":"#1"},"east":{"uv":[0,5,8,7.5],"texture":"#1"},"south":{"uv":[0,0,0,2.5],"texture":"#1"},"west":{"uv":[0,7.5,8,10],"texture":"#1"},"up":{"uv":[0,8,0,0],"texture":"#1"},"down":{"uv":[0,0,0,8],"texture":"#1"}}}],"display":{"thirdperson_righthand":{"rotation":[75,45,0],"translation":[0,2.5,0],"scale":[0.375,0.375,0.375]},"thirdperson_lefthand":{"rotation":[75,45,0],"translation":[0,2.5,0],"scale":[0.375,0.375,0.375]},"firstperson_righthand":{"rotation":[0,45,0],"scale":[0.4,0.4,0.4]},"firstperson_lefthand":{"rotation":[0,225,0],"scale":[0.4,0.4,0.4]},"ground":{"translation":[0,3,0],"scale":[0.25,0.25,0.25]},"gui":{"rotation":[30,-135,0],"translation":[0,2.5,0]},"fixed":{"rotation":[-90,-90,0],"translation":[0,0,-16],"scale":[2,2,2]}}}