{"credit":"Made with Blockbench","texture_size":[64,64],"textures":{"2":"custom/general/decoration/christmas/santa_toy_4"},"elements":[{"from":[6,2.32199,3.14038],"to":[10,6.32199,9.14038],"rotation":{"angle":0,"axis":"y","origin":[7.5,5.62754,8.00671]},"faces":{"north":{"uv":[3,5.75,4,6.75],"texture":"#2"},"east":{"uv":[2.5,4,4,5],"texture":"#2"},"south":{"uv":[5.75,5.5,6.75,6.5],"texture":"#2"},"west":{"uv":[4,4,5.5,5],"texture":"#2"},"up":{"uv":[6,1.5,5,0],"texture":"#2"},"down":{"uv":[6,1.5,5,3],"texture":"#2"}}},{"from":[5,0.32199,4.44038],"to":[6,3.32199,7.44038],"rotation":{"angle":45,"axis":"x","origin":[5.5,1.82199,5.94038]},"faces":{"north":{"uv":[2,6.75,2.25,7.5],"texture":"#2"},"east":{"uv":[6,0.75,6.75,1.5],"texture":"#2"},"south":{"uv":[6.75,5.75,7,6.5],"texture":"#2"},"west":{"uv":[6,1.5,6.75,2.25],"texture":"#2"},"up":{"uv":[3.25,7.75,3,7],"texture":"#2"},"down":{"uv":[3.5,7,3.25,7.75],"texture":"#2"}}},{"from":[10,0.32199,4.44038],"to":[11,3.32199,7.44038],"rotation":{"angle":45,"axis":"x","origin":[5.5,1.82199,5.94038]},"faces":{"north":{"uv":[5.5,7,5.75,7.75],"texture":"#2"},"east":{"uv":[6,2.25,6.75,3],"texture":"#2"},"south":{"uv":[5.75,7,6,7.75],"texture":"#2"},"west":{"uv":[4,6.25,4.75,7],"texture":"#2"},"up":{"uv":[7.25,6.5,7,5.75],"texture":"#2"},"down":{"uv":[6.25,7,6,7.75],"texture":"#2"}}},{"from":[-2,3.32199,4.14038],"to":[18,4.32199,8.14038],"rotation":{"angle":0,"axis":"y","origin":[7.5,5.62754,8.00671]},"faces":{"north":{"uv":[5,3.75,10,4],"texture":"#2"},"east":{"uv":[6.25,4.75,7.25,5],"texture":"#2"},"south":{"uv":[4.25,5,9.25,5.25],"texture":"#2"},"west":{"uv":[3,6.75,4,7],"texture":"#2"},"up":{"uv":[5,1,0,0],"texture":"#2"},"down":{"uv":[5,1,0,2],"texture":"#2"}}},{"from":[-2,7.32199,4.14038],"to":[18,8.32199,8.14038],"rotation":{"angle":0,"axis":"y","origin":[7.5,5.62754,8.00671]},"faces":{"north":{"uv":[4.25,5.25,9.25,5.5],"texture":"#2"},"east":{"uv":[6.75,3,7.75,3.25],"texture":"#2"},"south":{"uv":[5.5,4,10.5,4.25],"texture":"#2"},"west":{"uv":[6.75,3.25,7.75,3.5],"texture":"#2"},"up":{"uv":[5,3,0,2],"texture":"#2"},"down":{"uv":[5,3,0,4],"texture":"#2"}}},{"from":[-1,4.32199,5.14038],"to":[0,7.32199,7.14038],"rotation":{"angle":0,"axis":"y","origin":[7.5,5.62754,8.00671]},"faces":{"north":{"uv":[3.5,7,3.75,7.75],"texture":"#2"},"east":{"uv":[0,6.75,0.5,7.5],"texture":"#2"},"south":{"uv":[3.75,7,4,7.75],"texture":"#2"},"west":{"uv":[6.75,0,7.25,0.75],"texture":"#2"},"up":{"uv":[2.5,5.75,2.25,5.25],"texture":"#2"},"down":{"uv":[4.25,5.75,4,6.25],"texture":"#2"}}},{"from":[5,4.32199,5.14038],"to":[6,7.32199,7.14038],"rotation":{"angle":0,"axis":"y","origin":[7.5,5.62754,8.00671]},"faces":{"north":{"uv":[4,7,4.25,7.75],"texture":"#2"},"east":{"uv":[0.5,6.75,1,7.5],"texture":"#2"},"south":{"uv":[4.25,7,4.5,7.75],"texture":"#2"},"west":{"uv":[6.75,0.75,7.25,1.5],"texture":"#2"},"up":{"uv":[6.5,7.5,6.25,7],"texture":"#2"},"down":{"uv":[6.75,7,6.5,7.5],"texture":"#2"}}},{"from":[16,4.32199,5.14038],"to":[17,7.32199,7.14038],"rotation":{"angle":0,"axis":"y","origin":[7.5,5.62754,8.00671]},"faces":{"north":{"uv":[5,7,5.25,7.75],"texture":"#2"},"east":{"uv":[6.75,1.5,7.25,2.25],"texture":"#2"},"south":{"uv":[5.25,7,5.5,7.75],"texture":"#2"},"west":{"uv":[6.75,2.25,7.25,3],"texture":"#2"},"up":{"uv":[7.5,0.5,7.25,0],"texture":"#2"},"down":{"uv":[7.5,0.5,7.25,1],"texture":"#2"}}},{"from":[10,4.32199,5.14038],"to":[11,7.32199,7.14038],"rotation":{"angle":0,"axis":"y","origin":[7.5,5.62754,8.00671]},"faces":{"north":{"uv":[4.5,7,4.75,7.75],"texture":"#2"},"east":{"uv":[1,6.75,1.5,7.5],"texture":"#2"},"south":{"uv":[4.75,7,5,7.75],"texture":"#2"},"west":{"uv":[1.5,6.75,2,7.5],"texture":"#2"},"up":{"uv":[7,7.5,6.75,7],"texture":"#2"},"down":{"uv":[7.25,7,7,7.5],"texture":"#2"}}},{"from":[6.5,2.32199,9.14038],"to":[9.5,5.32199,15.14038],"rotation":{"angle":0,"axis":"y","origin":[7.5,5.62754,8.00671]},"faces":{"north":{"uv":[5.5,4.25,6.25,5],"texture":"#2"},"east":{"uv":[0,5.25,1.5,6],"texture":"#2"},"south":{"uv":[0,6,0.75,6.75],"texture":"#2"},"west":{"uv":[4.25,5.5,5.75,6.25],"texture":"#2"},"up":{"uv":[2.25,6.75,1.5,5.25],"texture":"#2"},"down":{"uv":[3,5.75,2.25,7.25],"texture":"#2"}}},{"from":[6.5,2.32199,1.14038],"to":[9.5,5.32199,3.14038],"rotation":{"angle":0,"axis":"y","origin":[7.5,5.62754,8.00671]},"faces":{"north":{"uv":[6,0,6.75,0.75],"texture":"#2"},"east":{"uv":[4.75,6.25,5.25,7],"texture":"#2"},"south":{"uv":[0.75,6,1.5,6.75],"texture":"#2"},"west":{"uv":[5.25,6.25,5.75,7],"texture":"#2"},"up":{"uv":[6.5,7,5.75,6.5],"texture":"#2"},"down":{"uv":[7.25,6.5,6.5,7],"texture":"#2"}}},{"from":[5.5,1.32199,1.04038],"to":[10.5,6.32199,1.04038],"rotation":{"angle":45,"axis":"z","origin":[8,3.82199,1.04038]},"faces":{"north":{"uv":[0,4,1.25,5.25],"texture":"#2"},"east":{"uv":[0,0,0,1.25],"texture":"#2"},"south":{"uv":[1.25,4,2.5,5.25],"texture":"#2"},"west":{"uv":[0,0,0,1.25],"texture":"#2"},"up":{"uv":[1.25,0,0,0],"texture":"#2"},"down":{"uv":[1.25,0,0,0],"texture":"#2"}}},{"from":[4.5,3.32199,14.14038],"to":[11.5,4.32199,17.14038],"rotation":{"angle":0,"axis":"y","origin":[7.5,5.62754,8.00671]},"faces":{"north":{"uv":[6.25,4.25,8,4.5],"texture":"#2"},"east":{"uv":[6.75,3.5,7.5,3.75],"texture":"#2"},"south":{"uv":[6.25,4.5,8,4.75],"texture":"#2"},"west":{"uv":[6.75,5.5,7.5,5.75],"texture":"#2"},"up":{"uv":[4.25,5.75,2.5,5],"texture":"#2"},"down":{"uv":[6.75,3,5,3.75],"texture":"#2"}}}],"display":{"thirdperson_righthand":{"rotation":[75,45,0],"translation":[0,2.5,0],"scale":[0.375,0.375,0.375]},"thirdperson_lefthand":{"rotation":[75,45,0],"translation":[0,2.5,0],"scale":[0.375,0.375,0.375]},"firstperson_righthand":{"rotation":[0,45,0],"scale":[0.4,0.4,0.4]},"firstperson_lefthand":{"rotation":[0,225,0],"scale":[0.4,0.4,0.4]},"ground":{"translation":[0,3,0],"scale":[0.25,0.25,0.25]},"gui":{"rotation":[30,-135,0],"translation":[-0.25,2.25,0],"scale":[0.8,0.8,0.8]},"fixed":{"rotation":[-90,-90,0],"translation":[0,0,-16],"scale":[2,2,2]}}}