{"credit":"Made with Blockbench","texture_size":[64,64],"textures":{"1":"custom/general/decoration/christmas/santa_toy_3","particle":"custom/general/decoration/christmas/santa_toy_3"},"elements":[{"from":[1.499,0,3.9],"to":[1.499,5,8.9],"rotation":{"angle":0,"axis":"y","origin":[3.999,2.5,6.4]},"faces":{"north":{"uv":[0,0,0,1.25],"texture":"#1"},"east":{"uv":[1.25,2.5,2.5,3.75],"texture":"#1"},"south":{"uv":[0,0,0,1.25],"texture":"#1"},"west":{"uv":[2.5,1.25,3.75,2.5],"texture":"#1"},"up":{"uv":[0,1.25,0,0],"texture":"#1"},"down":{"uv":[0,0,0,1.25],"texture":"#1"}}},{"from":[6.499,0,3.9],"to":[6.499,5,8.9],"rotation":{"angle":0,"axis":"y","origin":[3.999,2.5,6.4]},"faces":{"north":{"uv":[0,0,0,1.25],"texture":"#1"},"east":{"uv":[1.25,0,2.5,1.25],"texture":"#1"},"south":{"uv":[0,0,0,1.25],"texture":"#1"},"west":{"uv":[1.25,1.25,2.5,2.5],"texture":"#1"},"up":{"uv":[0,1.25,0,0],"texture":"#1"},"down":{"uv":[0,0,0,1.25],"texture":"#1"}}},{"from":[1.5,0,3.9],"to":[6.5,0,8.9],"rotation":{"angle":0,"axis":"y","origin":[3.999,2.5,6.4]},"faces":{"north":{"uv":[0,0,1.25,0],"texture":"#1"},"east":{"uv":[0,0,1.25,0],"texture":"#1"},"south":{"uv":[0,0,1.25,0],"texture":"#1"},"west":{"uv":[0,0,1.25,0],"texture":"#1"},"up":{"uv":[5,1.25,3.75,0],"texture":"#1"},"down":{"uv":[2.5,3.75,1.25,5],"texture":"#1"}}},{"from":[1.5,5,3.9],"to":[6.5,5,8.9],"rotation":{"angle":0,"axis":"y","origin":[3.999,2.5,6.4]},"faces":{"north":{"uv":[0,0,1.25,0],"texture":"#1"},"east":{"uv":[0,0,1.25,0],"texture":"#1"},"south":{"uv":[0,0,1.25,0],"texture":"#1"},"west":{"uv":[0,0,1.25,0],"texture":"#1"},"up":{"uv":[3.75,3.75,2.5,2.5],"texture":"#1"},"down":{"uv":[1.25,3.75,0,5],"texture":"#1"}}},{"from":[1.5,0,8.9],"to":[6.5,5,8.9],"rotation":{"angle":0,"axis":"y","origin":[3.999,2.5,6.4]},"faces":{"north":{"uv":[0,2.5,1.25,3.75],"texture":"#1"},"east":{"uv":[0,0,0,1.25],"texture":"#1"},"south":{"uv":[2.5,0,3.75,1.25],"texture":"#1"},"west":{"uv":[0,0,0,1.25],"texture":"#1"},"up":{"uv":[1.25,0,0,0],"texture":"#1"},"down":{"uv":[1.25,0,0,0],"texture":"#1"}}},{"from":[1.5,0,3.9],"to":[6.5,5,3.9],"rotation":{"angle":0,"axis":"y","origin":[3.999,2.5,6.4]},"faces":{"north":{"uv":[0,0,1.25,1.25],"texture":"#1"},"east":{"uv":[0,0,0,1.25],"texture":"#1"},"south":{"uv":[0,1.25,1.25,2.5],"texture":"#1"},"west":{"uv":[0,0,0,1.25],"texture":"#1"},"up":{"uv":[1.25,0,0,0],"texture":"#1"},"down":{"uv":[1.25,0,0,0],"texture":"#1"}}},{"from":[1.7,0.2,4.2],"to":[6.3,4.8,8.8],"rotation":{"angle":0,"axis":"y","origin":[3.999,2.5,6.4]},"faces":{"north":{"uv":[7.5,7.5,8.5,8.5],"texture":"#1"},"east":{"uv":[7.5,8.5,8.5,9.5],"texture":"#1"},"south":{"uv":[8.5,7.5,9.5,8.5],"texture":"#1"},"west":{"uv":[8.5,8.5,9.5,9.5],"texture":"#1"},"up":{"uv":[1,9.75,0,8.75],"texture":"#1"},"down":{"uv":[9.75,0,8.75,1],"texture":"#1"}}},{"from":[7.799,0,9.1],"to":[7.799,5,14.1],"rotation":{"angle":-45,"axis":"y","origin":[10.999,2.5,9.4]},"faces":{"north":{"uv":[0,0,0,1.25],"texture":"#1"},"east":{"uv":[3.75,1.25,5,2.5],"texture":"#1"},"south":{"uv":[0,0,0,1.25],"texture":"#1"},"west":{"uv":[2.5,3.75,3.75,5],"texture":"#1"},"up":{"uv":[0,1.25,0,0],"texture":"#1"},"down":{"uv":[0,0,0,1.25],"texture":"#1"}}},{"from":[12.799,0,9.1],"to":[12.799,5,14.1],"rotation":{"angle":-45,"axis":"y","origin":[10.999,2.5,9.4]},"faces":{"north":{"uv":[0,0,0,1.25],"texture":"#1"},"east":{"uv":[3.75,2.5,5,3.75],"texture":"#1"},"south":{"uv":[0,0,0,1.25],"texture":"#1"},"west":{"uv":[3.75,3.75,5,5],"texture":"#1"},"up":{"uv":[0,1.25,0,0],"texture":"#1"},"down":{"uv":[0,0,0,1.25],"texture":"#1"}}},{"from":[7.8,0,9.1],"to":[12.8,0,14.1],"rotation":{"angle":-45,"axis":"y","origin":[10.999,2.5,9.4]},"faces":{"north":{"uv":[0,0,1.25,0],"texture":"#1"},"east":{"uv":[0,0,1.25,0],"texture":"#1"},"south":{"uv":[0,0,1.25,0],"texture":"#1"},"west":{"uv":[0,0,1.25,0],"texture":"#1"},"up":{"uv":[1.25,6.25,0,5],"texture":"#1"},"down":{"uv":[6.25,0,5,1.25],"texture":"#1"}}},{"from":[7.8,5,9.1],"to":[12.8,5,14.1],"rotation":{"angle":-45,"axis":"y","origin":[10.999,2.5,9.4]},"faces":{"north":{"uv":[0,0,1.25,0],"texture":"#1"},"east":{"uv":[0,0,1.25,0],"texture":"#1"},"south":{"uv":[0,0,1.25,0],"texture":"#1"},"west":{"uv":[0,0,1.25,0],"texture":"#1"},"up":{"uv":[2.5,6.25,1.25,5],"texture":"#1"},"down":{"uv":[6.25,1.25,5,2.5],"texture":"#1"}}},{"from":[7.8,0,14.1],"to":[12.8,5,14.1],"rotation":{"angle":-45,"axis":"y","origin":[10.999,2.5,9.4]},"faces":{"north":{"uv":[2.5,5,3.75,6.25],"texture":"#1"},"east":{"uv":[0,0,0,1.25],"texture":"#1"},"south":{"uv":[5,2.5,6.25,3.75],"texture":"#1"},"west":{"uv":[0,0,0,1.25],"texture":"#1"},"up":{"uv":[1.25,0,0,0],"texture":"#1"},"down":{"uv":[1.25,0,0,0],"texture":"#1"}}},{"from":[7.8,0,9.1],"to":[12.8,5,9.1],"rotation":{"angle":-45,"axis":"y","origin":[10.999,2.5,9.4]},"faces":{"north":{"uv":[3.75,5,5,6.25],"texture":"#1"},"east":{"uv":[0,0,0,1.25],"texture":"#1"},"south":{"uv":[5,3.75,6.25,5],"texture":"#1"},"west":{"uv":[0,0,0,1.25],"texture":"#1"},"up":{"uv":[1.25,0,0,0],"texture":"#1"},"down":{"uv":[1.25,0,0,0],"texture":"#1"}}},{"from":[8,0.2,9.4],"to":[12.6,4.8,14],"rotation":{"angle":-45,"axis":"y","origin":[10.999,2.5,9.4]},"faces":{"north":{"uv":[1,8.75,2,9.75],"texture":"#1"},"east":{"uv":[8.75,1,9.75,2],"texture":"#1"},"south":{"uv":[2,8.75,3,9.75],"texture":"#1"},"west":{"uv":[8.75,2,9.75,3],"texture":"#1"},"up":{"uv":[4,9.75,3,8.75],"texture":"#1"},"down":{"uv":[9.75,3,8.75,4],"texture":"#1"}}},{"from":[6.99935,0,1.89985],"to":[11.99935,5,1.89985],"rotation":{"angle":-45,"axis":"z","origin":[10.99935,2.5,9.40035]},"faces":{"north":{"uv":[5,5,6.25,6.25],"texture":"#1"},"east":{"uv":[0,0,0,1.25],"texture":"#1"},"south":{"uv":[0,6.25,1.25,7.5],"texture":"#1"},"west":{"uv":[0,0,0,1.25],"texture":"#1"},"up":{"uv":[1.25,0,0,0],"texture":"#1"},"down":{"uv":[1.25,0,0,0],"texture":"#1"}}},{"from":[6.99935,0,6.89985],"to":[11.99935,5,6.89985],"rotation":{"angle":-45,"axis":"z","origin":[10.99935,2.5,9.40035]},"faces":{"north":{"uv":[6.25,0,7.5,1.25],"texture":"#1"},"east":{"uv":[0,0,0,1.25],"texture":"#1"},"south":{"uv":[1.25,6.25,2.5,7.5],"texture":"#1"},"west":{"uv":[0,0,0,1.25],"texture":"#1"},"up":{"uv":[1.25,0,0,0],"texture":"#1"},"down":{"uv":[1.25,0,0,0],"texture":"#1"}}},{"from":[6.99935,0,1.90085],"to":[11.99935,0,6.90085],"rotation":{"angle":-45,"axis":"z","origin":[10.99935,2.5,9.40035]},"faces":{"north":{"uv":[0,0,1.25,0],"texture":"#1"},"east":{"uv":[0,0,1.25,0],"texture":"#1"},"south":{"uv":[0,0,1.25,0],"texture":"#1"},"west":{"uv":[0,0,1.25,0],"texture":"#1"},"up":{"uv":[7.5,2.5,6.25,1.25],"texture":"#1"},"down":{"uv":[3.75,6.25,2.5,7.5],"texture":"#1"}}},{"from":[6.99935,5,1.90085],"to":[11.99935,5,6.90085],"rotation":{"angle":-45,"axis":"z","origin":[10.99935,2.5,9.40035]},"faces":{"north":{"uv":[0,0,1.25,0],"texture":"#1"},"east":{"uv":[0,0,1.25,0],"texture":"#1"},"south":{"uv":[0,0,1.25,0],"texture":"#1"},"west":{"uv":[0,0,1.25,0],"texture":"#1"},"up":{"uv":[7.5,3.75,6.25,2.5],"texture":"#1"},"down":{"uv":[5,6.25,3.75,7.5],"texture":"#1"}}},{"from":[6.99935,0,1.90085],"to":[6.99935,5,6.90085],"rotation":{"angle":-45,"axis":"z","origin":[10.99935,2.5,9.40035]},"faces":{"north":{"uv":[0,0,0,1.25],"texture":"#1"},"east":{"uv":[6.25,3.75,7.5,5],"texture":"#1"},"south":{"uv":[0,0,0,1.25],"texture":"#1"},"west":{"uv":[5,6.25,6.25,7.5],"texture":"#1"},"up":{"uv":[0,1.25,0,0],"texture":"#1"},"down":{"uv":[0,0,0,1.25],"texture":"#1"}}},{"from":[11.99935,0,1.90085],"to":[11.99935,5,6.90085],"rotation":{"angle":-45,"axis":"z","origin":[10.99935,2.5,9.40035]},"faces":{"north":{"uv":[0,0,0,1.25],"texture":"#1"},"east":{"uv":[6.25,5,7.5,6.25],"texture":"#1"},"south":{"uv":[0,0,0,1.25],"texture":"#1"},"west":{"uv":[6.25,6.25,7.5,7.5],"texture":"#1"},"up":{"uv":[0,1.25,0,0],"texture":"#1"},"down":{"uv":[0,0,0,1.25],"texture":"#1"}}},{"from":[7.09935,0.2,2.10085],"to":[11.69935,4.8,6.70085],"rotation":{"angle":-45,"axis":"z","origin":[10.99935,2.5,9.40035]},"faces":{"north":{"uv":[4,8.75,5,9.75],"texture":"#1"},"east":{"uv":[8.75,4,9.75,5],"texture":"#1"},"south":{"uv":[5,8.75,6,9.75],"texture":"#1"},"west":{"uv":[8.75,5,9.75,6],"texture":"#1"},"up":{"uv":[7,9.75,6,8.75],"texture":"#1"},"down":{"uv":[9.75,6,8.75,7],"texture":"#1"}}},{"from":[3.499,5,6.7],"to":[3.499,10,11.7],"rotation":{"angle":-22.5,"axis":"y","origin":[6.999,7.5,9.4]},"faces":{"north":{"uv":[0,0,0,1.25],"texture":"#1"},"east":{"uv":[0,7.5,1.25,8.75],"texture":"#1"},"south":{"uv":[0,0,0,1.25],"texture":"#1"},"west":{"uv":[7.5,0,8.75,1.25],"texture":"#1"},"up":{"uv":[0,1.25,0,0],"texture":"#1"},"down":{"uv":[0,0,0,1.25],"texture":"#1"}}},{"from":[8.499,5,6.7],"to":[8.499,10,11.7],"rotation":{"angle":-22.5,"axis":"y","origin":[6.999,7.5,9.4]},"faces":{"north":{"uv":[0,0,0,1.25],"texture":"#1"},"east":{"uv":[1.25,7.5,2.5,8.75],"texture":"#1"},"south":{"uv":[0,0,0,1.25],"texture":"#1"},"west":{"uv":[7.5,1.25,8.75,2.5],"texture":"#1"},"up":{"uv":[0,1.25,0,0],"texture":"#1"},"down":{"uv":[0,0,0,1.25],"texture":"#1"}}},{"from":[3.5,5,6.7],"to":[8.5,5,11.7],"rotation":{"angle":-22.5,"axis":"y","origin":[6.999,7.5,9.4]},"faces":{"north":{"uv":[0,0,1.25,0],"texture":"#1"},"east":{"uv":[0,0,1.25,0],"texture":"#1"},"south":{"uv":[0,0,1.25,0],"texture":"#1"},"west":{"uv":[0,0,1.25,0],"texture":"#1"},"up":{"uv":[3.75,8.75,2.5,7.5],"texture":"#1"},"down":{"uv":[8.75,2.5,7.5,3.75],"texture":"#1"}}},{"from":[3.5,10,6.7],"to":[8.5,10,11.7],"rotation":{"angle":-22.5,"axis":"y","origin":[6.999,7.5,9.4]},"faces":{"north":{"uv":[0,0,1.25,0],"texture":"#1"},"east":{"uv":[0,0,1.25,0],"texture":"#1"},"south":{"uv":[0,0,1.25,0],"texture":"#1"},"west":{"uv":[0,0,1.25,0],"texture":"#1"},"up":{"uv":[5,8.75,3.75,7.5],"texture":"#1"},"down":{"uv":[8.75,3.75,7.5,5],"texture":"#1"}}},{"from":[3.5,5,11.7],"to":[8.5,10,11.7],"rotation":{"angle":-22.5,"axis":"y","origin":[6.999,7.5,9.4]},"faces":{"north":{"uv":[5,7.5,6.25,8.75],"texture":"#1"},"east":{"uv":[0,0,0,1.25],"texture":"#1"},"south":{"uv":[7.5,5,8.75,6.25],"texture":"#1"},"west":{"uv":[0,0,0,1.25],"texture":"#1"},"up":{"uv":[1.25,0,0,0],"texture":"#1"},"down":{"uv":[1.25,0,0,0],"texture":"#1"}}},{"from":[3.5,5,6.7],"to":[8.5,10,6.7],"rotation":{"angle":-22.5,"axis":"y","origin":[6.999,7.5,9.4]},"faces":{"north":{"uv":[6.25,7.5,7.5,8.75],"texture":"#1"},"east":{"uv":[0,0,0,1.25],"texture":"#1"},"south":{"uv":[7.5,6.25,8.75,7.5],"texture":"#1"},"west":{"uv":[0,0,0,1.25],"texture":"#1"},"up":{"uv":[1.25,0,0,0],"texture":"#1"},"down":{"uv":[1.25,0,0,0],"texture":"#1"}}},{"from":[3.7,5.2,7],"to":[8.3,9.8,11.6],"rotation":{"angle":-22.5,"axis":"y","origin":[6.999,7.5,9.4]},"faces":{"north":{"uv":[7,9.5,8,10.5],"texture":"#1"},"east":{"uv":[9.5,7,10.5,8],"texture":"#1"},"south":{"uv":[8,9.5,9,10.5],"texture":"#1"},"west":{"uv":[9.5,8,10.5,9],"texture":"#1"},"up":{"uv":[10,10.5,9,9.5],"texture":"#1"},"down":{"uv":[1,9.75,0,10.75],"texture":"#1"}}}],"display":{"thirdperson_righthand":{"rotation":[75,45,0],"translation":[0,2.5,0],"scale":[0.375,0.375,0.375]},"thirdperson_lefthand":{"rotation":[75,45,0],"translation":[0,2.5,0],"scale":[0.375,0.375,0.375]},"firstperson_righthand":{"rotation":[0,45,0],"scale":[0.4,0.4,0.4]},"firstperson_lefthand":{"rotation":[0,225,0],"scale":[0.4,0.4,0.4]},"ground":{"translation":[0,3,0],"scale":[0.25,0.25,0.25]},"gui":{"rotation":[30,-135,0],"translation":[-1,2.5,0]},"fixed":{"rotation":[-90,-90,0],"translation":[0,0,-16],"scale":[2,2,2]}},"groups":[{"name":"group","origin":[0,0,0],"color":0,"children":[0,1,2,3,4,5,6]},{"name":"group","origin":[0,0,0],"color":0,"children":[7,8,9,10,11,12,13]},{"name":"group","origin":[0,0,0],"color":0,"children":[14,15,16,17,18,19,20]},{"name":"group","origin":[0,0,0],"color":0,"children":[21,22,23,24,25,26,27]}]}