{"credit":"Made with Blockbench","textures":{"0":"custom/general/cosmetics/hats/tintable/judge_hat","particle":"custom/general/cosmetics/hats/tintable/judge_hat"},"elements":[{"from":[3,10,3],"to":[13,15,13],"faces":{"north":{"uv":[0,4,2.5,5.25],"texture":"#0"},"east":{"uv":[0,4,2.5,5.25],"texture":"#0"},"south":{"uv":[0,4,2.5,5.25],"texture":"#0"},"west":{"uv":[0,4,2.5,5.25],"texture":"#0"},"down":{"uv":[0,5.5,2.5,7.75],"texture":"#0"}}},{"from":[0,15,0],"to":[16,16,16],"rotation":{"angle":-45,"axis":"y","origin":[8,0,8]},"faces":{"north":{"uv":[0,3.75,4,4],"texture":"#0"},"east":{"uv":[0,0,4,0.25],"texture":"#0"},"south":{"uv":[0,3.75,4,4],"texture":"#0"},"west":{"uv":[0,0,4,0.25],"texture":"#0"},"up":{"uv":[0,0,4,4],"texture":"#0"},"down":{"uv":[4,0,0,4],"texture":"#0"}}},{"from":[2.75,10,2.75],"to":[13.25,13,13.25],"faces":{"north":{"uv":[0,7.75,2.5,8.5],"texture":"#0"},"east":{"uv":[0,7.75,2.5,8.5],"texture":"#0"},"south":{"uv":[0,7.75,2.5,8.5],"texture":"#0"},"west":{"uv":[0,7.75,2.5,8.5],"texture":"#0"}}},{"from":[1,2.7,3],"to":[4,10.7,13],"faces":{"north":{"uv":[7.25,0,6.5,2],"texture":"#0"},"east":{"uv":[4,2,6.5,4],"texture":"#0"},"south":{"uv":[6.5,0,7.25,2],"texture":"#0"},"west":{"uv":[4,0,6.5,2],"texture":"#0"},"up":{"uv":[8.25,2.75,7.5,5.25],"texture":"#0"}}},{"from":[0.65,2.35,2.65],"to":[4.35,11.05,13.35],"faces":{"north":{"uv":[7.25,4,6.5,6],"texture":"#0"},"east":{"uv":[4,6,6.5,8],"texture":"#0"},"south":{"uv":[6.5,4,7.25,6],"texture":"#0"},"west":{"uv":[4,4,6.5,6],"texture":"#0"},"up":{"uv":[8.25,5.25,7.5,7.75],"texture":"#0"}}},{"from":[11.65,2.35,2.65],"to":[15.35,11.05,13.35],"faces":{"north":{"uv":[6.5,4,7.25,6],"texture":"#0"},"east":{"uv":[6.5,4,4,6],"texture":"#0"},"south":{"uv":[7.25,4,6.5,6],"texture":"#0"},"west":{"uv":[6.5,6,4,8],"texture":"#0"},"up":{"uv":[7.5,5.25,8.25,7.75],"texture":"#0"}}},{"from":[0,-0.3,3],"to":[4,2.7,13],"faces":{"north":{"uv":[6.5,2,7.5,2.75],"texture":"#0"},"east":{"uv":[9.5,0.75,12,1.5],"texture":"#0"},"south":{"uv":[7.5,2,6.5,2.75],"texture":"#0"},"west":{"uv":[9.5,0,12,0.75],"texture":"#0"},"up":{"uv":[8.5,0.25,7.5,2.75],"texture":"#0"},"down":{"uv":[9.5,0.25,8.5,2.75],"texture":"#0"}}},{"from":[-0.35,-0.65,2.65],"to":[4.35,3.05,13.35],"faces":{"north":{"uv":[9.5,2.25,10.5,3],"texture":"#0"},"east":{"uv":[12,1.5,14.5,2.25],"texture":"#0"},"south":{"uv":[10.5,2.25,9.5,3],"texture":"#0"},"west":{"uv":[9.5,1.5,12,2.25],"texture":"#0"},"up":{"uv":[9.5,3,8.5,5.5],"texture":"#0"},"down":{"uv":[10.5,3,9.5,5.5],"texture":"#0"}}},{"from":[11.65,-0.65,2.65],"to":[16.35,3.05,13.35],"faces":{"north":{"uv":[10.5,2.25,9.5,3],"texture":"#0"},"east":{"uv":[12,1.5,9.5,2.25],"texture":"#0"},"south":{"uv":[9.5,2.25,10.5,3],"texture":"#0"},"west":{"uv":[14.5,1.5,12,2.25],"texture":"#0"},"up":{"uv":[8.5,3,9.5,5.5],"texture":"#0"},"down":{"uv":[9.5,3,10.5,5.5],"texture":"#0"}}},{"from":[12,2.7,3],"to":[15,10.7,13],"rotation":{"angle":0,"axis":"y","origin":[16,0,0]},"faces":{"north":{"uv":[6.5,0,7.25,2],"texture":"#0"},"east":{"uv":[6.5,0,4,2],"texture":"#0"},"south":{"uv":[7.25,0,6.5,2],"texture":"#0"},"west":{"uv":[6.5,2,4,4],"texture":"#0"},"up":{"uv":[7.5,2.75,8.25,5.25],"texture":"#0"}}},{"from":[12,-0.3,3],"to":[16,2.7,13],"rotation":{"angle":0,"axis":"y","origin":[16,0,0]},"faces":{"north":{"uv":[7.5,2,6.5,2.75],"texture":"#0"},"east":{"uv":[12,0,9.5,0.75],"texture":"#0"},"south":{"uv":[6.5,2,7.5,2.75],"texture":"#0"},"west":{"uv":[12,0.75,9.5,1.5],"texture":"#0"},"up":{"uv":[7.5,0.25,8.5,2.75],"texture":"#0"},"down":{"uv":[8.5,0.25,9.5,2.75],"texture":"#0"}}},{"from":[-3.4,9.5,7.5],"to":[7.6,16.5,8.5],"faces":{"west":{"uv":[0,8.75,0.25,10.5],"texture":"#0"},"up":{"uv":[0,8.5,2.75,8.75],"texture":"#0"}}},{"from":[7.4,16.5,8.5],"to":[-3.6,9.5,7.5],"faces":{"east":{"uv":[0,10.5,0.25,8.75],"texture":"#0"},"down":{"uv":[2.75,8.5,0,8.75],"texture":"#0"}}},{"from":[-4.3,3.5,7],"to":[-2.3,9.5,9],"faces":{"north":{"uv":[3,4,2.5,5.5],"texture":"#0","tintindex":0},"east":{"uv":[2.5,4,3,5.5],"texture":"#0","tintindex":0},"south":{"uv":[3,4,2.5,5.5],"texture":"#0","tintindex":0},"west":{"uv":[2.5,4,3,5.5],"texture":"#0","tintindex":0},"up":{"uv":[2.5,5.5,3,6],"texture":"#0","tintindex":0},"down":{"uv":[3,6,2.5,6.5],"texture":"#0","tintindex":0}}},{"from":[-4.65,3.15,6.65],"to":[-1.95,9.85,9.35],"faces":{"north":{"uv":[3.5,4,3,5.5],"texture":"#0","tintindex":0},"east":{"uv":[3,4,3.5,5.5],"texture":"#0","tintindex":0},"south":{"uv":[3.5,4,3,5.5],"texture":"#0","tintindex":0},"west":{"uv":[3,4,3.5,5.5],"texture":"#0","tintindex":0},"down":{"uv":[3.5,6,3,6.5],"texture":"#0","tintindex":0}}}],"gui_light":"front","display":{"thirdperson_righthand":{"rotation":[75,45,0],"translation":[-1.5,0.5,0.75],"scale":[0.4,0.4,0.4]},"thirdperson_lefthand":{"rotation":[75,45,0],"translation":[-1.5,0.5,0.75],"scale":[0.4,0.4,0.4]},"firstperson_righthand":{"rotation":[0,-177,0],"translation":[2.25,1.5,0],"scale":[0.4,0.4,0.4]},"firstperson_lefthand":{"rotation":[0,-177,0],"translation":[2.25,1.5,0],"scale":[0.4,0.4,0.4]},"ground":{"translation":[0,3,0],"scale":[0.5,0.5,0.5]},"gui":{"rotation":[30,-135,0],"translation":[0,-0.25,0],"scale":[0.6,0.6,0.6]},"head":{"rotation":[3,0,0],"translation":[0,2.75,0],"scale":[1.45,1.45,1.45]}}}