{"credit":"Made with Blockbench by yungwilder","texture_size":[32,32],"textures":{"0":"custom/general/cosmetics/hats/tintable/wizard_hat_tint","particle":"custom/general/cosmetics/hats/tintable/wizard_hat_tint"},"elements":[{"from":[4,0,4],"to":[12,3,12],"faces":{"north":{"uv":[7,3,11,4.5],"texture":"#0","tintindex":0},"east":{"uv":[4,7,8,8.5],"texture":"#0","tintindex":0},"south":{"uv":[11,3,7,4.5],"texture":"#0","tintindex":0},"west":{"uv":[8,7,4,8.5],"texture":"#0","tintindex":0},"up":{"uv":[4,11,0,7],"texture":"#0","tintindex":0}}},{"from":[5,2,6],"to":[11,6,12],"rotation":{"angle":22.5,"axis":"x","origin":[8,5,8]},"faces":{"north":{"uv":[7,4.5,10,6.5],"texture":"#0","tintindex":0},"east":{"uv":[8,6.5,11,8.5],"texture":"#0","tintindex":0},"south":{"uv":[10,4.5,7,6.5],"texture":"#0","tintindex":0},"west":{"uv":[11,6.5,8,8.5],"texture":"#0","tintindex":0},"up":{"uv":[10,3,7,0],"texture":"#0","tintindex":0}}},{"from":[6,3.96508,7.43925],"to":[10,7.96508,11.43925],"rotation":{"angle":45,"axis":"x","origin":[8,5.96508,9.18925]},"faces":{"north":{"uv":[4,9.5,6,11.5],"texture":"#0","tintindex":0},"east":{"uv":[6,9.5,8,11.5],"texture":"#0","tintindex":0},"south":{"uv":[4,9.5,6,11.5],"texture":"#0","tintindex":0},"west":{"uv":[6,9.5,8,11.5],"texture":"#0","tintindex":0},"up":{"uv":[10,11.5,8,9.5],"texture":"#0","tintindex":0}}},{"from":[6.5,5.80607,9.63379],"to":[9.5,8.80607,12.63379],"rotation":{"angle":-22.5,"axis":"x","origin":[8,7.30607,11.13379]},"faces":{"east":{"uv":[10,0,11.5,1.5],"texture":"#0","tintindex":0},"south":{"uv":[10,1.5,11.5,3],"texture":"#0","tintindex":0},"west":{"uv":[10,0,11.5,1.5],"rotation":180,"texture":"#0","tintindex":0},"up":{"uv":[11.5,6,10,4.5],"texture":"#0","tintindex":0},"down":{"uv":[10,4.5,11.5,6],"texture":"#0","tintindex":0}}},{"from":[7,5.36839,12.16976],"to":[9,8.36839,14.16976],"rotation":{"angle":-45,"axis":"x","origin":[8,6.11839,12.91976]},"faces":{"north":{"uv":[0,11,1,12.5],"texture":"#0","tintindex":0},"east":{"uv":[11,9.5,10,11],"rotation":180,"texture":"#0","tintindex":0},"south":{"uv":[0,11,1,12.5],"texture":"#0","tintindex":0},"west":{"uv":[11,9.5,10,11],"rotation":180,"texture":"#0","tintindex":0},"down":{"uv":[2,11,1,12],"texture":"#0","tintindex":0}}},{"from":[7.525,3.87532,13.76639],"to":[8.475,4.87532,14.76639],"rotation":{"angle":22.5,"axis":"x","origin":[8,4.37532,14.76639]},"faces":{"east":{"uv":[7,6.5,7.5,7],"texture":"#0","tintindex":0},"south":{"uv":[7,6.5,7.5,7],"texture":"#0","tintindex":0},"west":{"uv":[7,6.5,7.5,7],"texture":"#0","tintindex":0},"up":{"uv":[7,6.5,7.5,7],"texture":"#0","tintindex":0},"down":{"uv":[7,6.5,7.5,7],"texture":"#0","tintindex":0}}},{"from":[7.5,4.41128,13.23042],"to":[8.5,6.41128,14.23042],"rotation":{"angle":-22.5,"axis":"x","origin":[8,5.41128,13.73042]},"faces":{"north":{"uv":[2,11,2.5,12],"texture":"#0","tintindex":0},"east":{"uv":[2,11,2.5,12],"texture":"#0","tintindex":0},"south":{"uv":[2,11,2.5,12],"texture":"#0","tintindex":0},"west":{"uv":[2,11,2.5,12],"texture":"#0","tintindex":0}}},{"from":[1,0,1],"to":[15,0,15],"faces":{"north":{"uv":[0,0,7,0],"texture":"#0","tintindex":0},"east":{"uv":[0,0,7,0],"texture":"#0","tintindex":0},"south":{"uv":[0,0,7,0],"texture":"#0","tintindex":0},"west":{"uv":[0,0,7,0],"texture":"#0","tintindex":0},"up":{"uv":[7,7,0,0],"texture":"#0","tintindex":0},"down":{"uv":[7,0,0,7],"texture":"#0","tintindex":0}}},{"from":[3.75,0,3.75],"to":[12.25,2,12.25],"faces":{"north":{"uv":[4,8.5,8.5,9.5],"texture":"#0"},"east":{"uv":[8.5,8.5,13,9.5],"texture":"#0"},"south":{"uv":[8.5,8.5,4,9.5],"texture":"#0"},"west":{"uv":[13,8.5,8.5,9.5],"texture":"#0"}}},{"from":[12.25,0,3.75],"to":[3.75,2,12.25],"faces":{"north":{"uv":[4,8.5,8.5,9.5],"texture":"#0"},"east":{"uv":[8.5,8.5,13,9.5],"texture":"#0"},"south":{"uv":[8.5,8.5,4,9.5],"texture":"#0"},"west":{"uv":[13,8.5,8.5,9.5],"texture":"#0"}}}],"gui_light":"front","display":{"thirdperson_righthand":{"translation":[0,4,0],"scale":[0.5,0.5,0.5]},"thirdperson_lefthand":{"translation":[0,4,0],"scale":[0.5,0.5,0.5]},"firstperson_righthand":{"rotation":[0,125,0],"translation":[0,5.5,0],"scale":[0.5,0.5,0.5]},"firstperson_lefthand":{"rotation":[0,125,0],"translation":[0,5.5,0],"scale":[0.5,0.5,0.5]},"ground":{"translation":[0,2,0],"scale":[0.5,0.5,0.5]},"gui":{"rotation":[30,-135,0],"translation":[0,4,0],"scale":[0.9,0.9,0.9]},"head":{"translation":[0,16.5,0],"scale":[1.81,1.81,1.81]},"fixed":{"translation":[0,5,-7],"scale":[1.5,1.5,1.5]}}}