{"credit":"by w11shes","textures":{"0":"custom/factions/weapons/protonshield/proton_shield","particle":"custom/factions/weapons/protonshield/proton_shield"},"elements":[{"from":[6.5,5,7.5],"to":[9.5,11,12.5],"faces":{"east":{"uv":[4,10.75,5.25,12.25],"texture":"#0"},"south":{"uv":[4,13,4.75,14.5],"texture":"#0"},"west":{"uv":[5.25,10.75,4,12.25],"texture":"#0"},"up":{"uv":[4,12.25,5.25,13],"rotation":90,"texture":"#0"},"down":{"uv":[5.25,12.25,4,13],"rotation":90,"texture":"#0"}}},{"from":[9.5,10,11.5],"to":[6.5,6,7.5],"faces":{"north":{"uv":[4,13.25,4.75,14.25],"texture":"#0"},"up":{"uv":[5,12.25,4,13],"rotation":90,"texture":"#0"},"down":{"uv":[4,12.25,5,13],"rotation":90,"texture":"#0"}}},{"from":[5.25,5.5,4.5],"to":[10.25,10.5,5.5],"rotation":{"angle":45,"axis":"z","origin":[7.25,8.5,0]},"faces":{"north":{"uv":[4,14.5,5.5,16],"texture":"#0"},"east":{"uv":[4,14.5,4.25,16],"texture":"#0"},"west":{"uv":[4,16,5.5,16],"rotation":90,"texture":"#0"},"up":{"uv":[4,14.5,4.25,16],"rotation":90,"texture":"#0"},"down":{"uv":[4,15.75,5.5,16],"texture":"#0"}}},{"from":[0,-2.5,5.5],"to":[16,17.5,7.5],"faces":{"north":{"uv":[0,10.25,4,15.25],"texture":"#0"},"east":{"uv":[0,10.25,0.25,15.25],"texture":"#0"},"south":{"uv":[0,3.75,4,8.75],"texture":"#0"},"west":{"uv":[3.75,10.25,4,15.25],"texture":"#0"},"up":{"uv":[0,10.25,4,10.5],"texture":"#0"},"down":{"uv":[0,15,4,15.25],"texture":"#0"}}},{"from":[3,-5.5,5.5],"to":[13,-2.5,7.5],"faces":{"north":{"uv":[0.75,15.25,3.25,16],"texture":"#0"},"east":{"uv":[0.75,15.25,1,16],"texture":"#0"},"south":{"uv":[0.75,8.75,3.25,9.5],"texture":"#0"},"west":{"uv":[0.75,15.25,1,16],"texture":"#0"},"down":{"uv":[0.75,15.75,3.25,16],"texture":"#0"}}},{"from":[3,17.5,5.5],"to":[13,20.5,7.5],"faces":{"north":{"uv":[0.75,9.5,3.25,10.25],"texture":"#0"},"east":{"uv":[0.75,9.5,1,10.25],"texture":"#0"},"south":{"uv":[0.75,3,3.25,3.75],"texture":"#0"},"west":{"uv":[3,9.5,3.25,10.25],"texture":"#0"},"up":{"uv":[0.75,9.5,3.25,9.75],"texture":"#0"}}},{"from":[0,0.5,4],"to":[16,16.5,4.02],"faces":{"north":{"uv":[12,0,16,4],"texture":"#0"},"south":{"uv":[0,0,4,4],"texture":"#0"}}}],"gui_light":"front","display":{"thirdperson_righthand":{"rotation":[0,-90,0],"translation":[2.3,-2,3]},"thirdperson_lefthand":{"rotation":[0,-90,0],"translation":[2.3,-2,3]},"firstperson_righthand":{"rotation":[0,-2,2],"translation":[1.38,-1.25,1.13],"scale":[0.6,0.6,0.6]},"firstperson_lefthand":{"rotation":[0,-2,2],"translation":[1.38,-1.25,1.13],"scale":[0.6,0.6,0.6]},"ground":{"translation":[0,3,0],"scale":[0.5,0.5,0.5]},"gui":{"rotation":[-16,142,15],"translation":[0.75,0,0],"scale":[0.5,0.5,0.5]},"head":{"rotation":[0,180,0],"translation":[0,-16,5],"scale":[1.5,1.5,1.5]},"fixed":{"rotation":[-10,0,0],"translation":[0,0,-2.75],"scale":[2,2,2]}}}