{"credit":"Made with Blockbench","texture_size":[64,64],"textures":{"0":"custom/citybuild/ad_sign","1":"custom/citybuild/ad_sign_font","2":"custom/citybuild/ad_sign_picture","particle":"custom/citybuild/ad_sign"},"elements":[{"name":"picture","from":[-13.5,9,6.5],"to":[29.5,28,10.5],"rotation":{"angle":0,"axis":"y","origin":[8,0,8]},"faces":{"north":{"uv":[0,0,10.75,4.75],"texture":"#2"},"east":{"uv":[10.75,0,11.75,4.75],"texture":"#2"},"south":{"uv":[0,4.75,10.75,9.5],"texture":"#2"},"west":{"uv":[10.75,4.75,11.75,9.5],"texture":"#2"},"up":{"uv":[10.75,10.5,0,9.5],"texture":"#2"},"down":{"uv":[10.75,10.5,0,11.5],"texture":"#2"}}},{"name":"font","from":[-12.5,14,6],"to":[18.5,27,6.5],"rotation":{"angle":0,"axis":"y","origin":[-36,9,5]},"faces":{"north":{"uv":[0,0,10.75,4.75],"texture":"#1"},"east":{"uv":[0,11,0.25,15.75],"texture":"#1"},"south":{"uv":[0,5,10.75,9.75],"texture":"#1"},"west":{"uv":[11,0,11.25,4.75],"texture":"#1"},"up":{"uv":[10.75,10.25,0,10],"texture":"#1"},"down":{"uv":[10.75,10.5,0,10.75],"texture":"#1"}}},{"from":[-14,28,5],"to":[30,30,10.5],"rotation":{"angle":0,"axis":"y","origin":[8,0,8]},"faces":{"north":{"uv":[0,3.5,5.5,3.75],"texture":"#0"},"east":{"uv":[5.25,6.75,6,7],"texture":"#0"},"south":{"uv":[0,3.875,5.5,4.125],"texture":"#0"},"west":{"uv":[6.75,5.75,7.5,6],"texture":"#0"},"up":{"uv":[5.5,0.75,0,0],"texture":"#0"},"down":{"uv":[5.5,0.875,0,1.625],"texture":"#0"}}},{"from":[-14,7,5],"to":[30,9,10.5],"rotation":{"angle":0,"axis":"y","origin":[8,0,8]},"faces":{"north":{"uv":[0,4.25,5.5,4.5],"texture":"#0"},"east":{"uv":[6.125,6.75,6.875,7],"texture":"#0"},"south":{"uv":[0,4.625,5.5,4.875],"texture":"#0"},"west":{"uv":[6.75,6.125,7.5,6.375],"texture":"#0"},"up":{"uv":[5.5,2.5,0,1.75],"texture":"#0"},"down":{"uv":[5.5,2.625,0,3.375],"texture":"#0"}}},{"from":[-9,30.16422,0.33579],"to":[-8,31.16422,3.83579],"rotation":{"angle":0,"axis":"y","origin":[-12,0.41422,2.58579]},"faces":{"north":{"uv":[6.75,6.5,6.875,6.625],"texture":"#0"},"east":{"uv":[5.5,7.125,6,7.25],"texture":"#0"},"south":{"uv":[7.75,1,7.875,1.125],"texture":"#0"},"west":{"uv":[6.125,7.125,6.625,7.25],"texture":"#0"},"up":{"uv":[5.375,6.5,5.25,6],"texture":"#0"},"down":{"uv":[6.875,7.125,6.75,7.625],"texture":"#0"}}},{"from":[7,30.16422,0.33579],"to":[8,31.16422,3.83579],"rotation":{"angle":0,"axis":"y","origin":[-12,0.41422,2.58579]},"faces":{"north":{"uv":[7.75,1.25,7.875,1.375],"texture":"#0"},"east":{"uv":[3,7.25,3.5,7.375],"texture":"#0"},"south":{"uv":[7.75,1.5,7.875,1.625],"texture":"#0"},"west":{"uv":[3.625,7.25,4.125,7.375],"texture":"#0"},"up":{"uv":[4.375,7.75,4.25,7.25],"texture":"#0"},"down":{"uv":[7.125,7.25,7,7.75],"texture":"#0"}}},{"from":[-9.75,29.96629,-0.42535],"to":[-7.25,31.96629,1.57465],"rotation":{"angle":-22.5,"axis":"x","origin":[-9,29.32958,2.59638]},"faces":{"north":{"uv":[6.875,2.25,7.25,2.5],"texture":"#0"},"east":{"uv":[7.25,7.25,7.5,7.5],"texture":"#0"},"south":{"uv":[6.875,2.625,7.25,2.875],"texture":"#0"},"west":{"uv":[7.375,0.25,7.625,0.5],"texture":"#0"},"up":{"uv":[3.375,7.125,3,6.875],"texture":"#0"},"down":{"uv":[7.25,3,6.875,3.25],"texture":"#0"}}},{"from":[6.25,28.43556,-0.72983],"to":[8.75,30.43556,1.27017],"rotation":{"angle":-22.5,"axis":"x","origin":[7,29.32958,-1.40362]},"faces":{"north":{"uv":[6.875,3.375,7.25,3.625],"texture":"#0"},"east":{"uv":[7.375,0.625,7.625,0.875],"texture":"#0"},"south":{"uv":[3.5,6.875,3.875,7.125],"texture":"#0"},"west":{"uv":[7.375,1,7.625,1.25],"texture":"#0"},"up":{"uv":[7.25,4,6.875,3.75],"texture":"#0"},"down":{"uv":[4.375,6.875,4,7.125],"texture":"#0"}}},{"from":[23.25,29.19721,-0.91329],"to":[25.75,31.19721,1.08671],"rotation":{"angle":-22.5,"axis":"x","origin":[23,30.17156,0.41919]},"faces":{"north":{"uv":[4.5,7,4.875,7.25],"texture":"#0"},"east":{"uv":[7.375,1.375,7.625,1.625],"texture":"#0"},"south":{"uv":[7,6.5,7.375,6.75],"texture":"#0"},"west":{"uv":[7.375,1.75,7.625,2],"texture":"#0"},"up":{"uv":[7.375,7.125,7,6.875],"texture":"#0"},"down":{"uv":[5.375,7.125,5,7.375],"texture":"#0"}}},{"from":[24,30.16422,0.33579],"to":[25,31.16422,3.83579],"rotation":{"angle":0,"axis":"y","origin":[-12,0.41422,2.58579]},"faces":{"north":{"uv":[7.75,1.75,7.875,1.875],"texture":"#0"},"east":{"uv":[7.375,2.125,7.875,2.25],"texture":"#0"},"south":{"uv":[7.75,3.75,7.875,3.875],"texture":"#0"},"west":{"uv":[7.375,2.375,7.875,2.5],"texture":"#0"},"up":{"uv":[7.5,3.125,7.375,2.625],"texture":"#0"},"down":{"uv":[7.5,3.25,7.375,3.75],"texture":"#0"}}},{"from":[-10,22.74088,6.63827],"to":[-8,24.74088,14.59538],"rotation":{"angle":22.5,"axis":"x","origin":[-9,15.74088,15.11683]},"faces":{"north":{"uv":[7.625,4.125,7.375,3.875],"rotation":180,"texture":"#0"},"east":{"uv":[0.375,5,0.625,8.625],"rotation":90,"texture":"#0"},"south":{"uv":[4.75,7.375,4.5,7.625],"texture":"#0"},"west":{"uv":[1.125,5,1.375,8.625],"rotation":270,"texture":"#0"},"up":{"uv":[0.75,5,1,8.625],"texture":"#0"},"down":{"uv":[0,5,0.25,8.625],"rotation":180,"texture":"#0"}}},{"from":[-10.25,19.9945,17.36214],"to":[-7.75,26.55161,19.86214],"rotation":{"angle":0,"axis":"x","origin":[10,-2.63195,8.93925]},"faces":{"north":{"uv":[5.625,0.25,6,1.125],"texture":"#0"},"east":{"uv":[5.625,1.25,6,2.125],"texture":"#0"},"south":{"uv":[5.625,2.25,6,3.125],"texture":"#0"},"west":{"uv":[5.625,3.25,6,4.125],"texture":"#0"},"up":{"uv":[7.25,0.625,6.875,0.25],"texture":"#0"},"down":{"uv":[7.25,0.75,6.875,1.125],"texture":"#0"}}},{"from":[24,22.74088,6.63827],"to":[26,24.74088,14.59538],"rotation":{"angle":22.5,"axis":"x","origin":[25,15.74088,15.11683]},"faces":{"north":{"uv":[7.625,4.125,7.375,3.875],"rotation":180,"texture":"#0"},"east":{"uv":[0.375,5,0.625,8.625],"rotation":90,"texture":"#0"},"south":{"uv":[4.75,7.375,4.5,7.625],"texture":"#0"},"west":{"uv":[1.125,5,1.375,8.625],"rotation":270,"texture":"#0"},"up":{"uv":[0.75,5,1,8.625],"texture":"#0"},"down":{"uv":[0,5,0.25,8.625],"rotation":180,"texture":"#0"}}},{"from":[23.75,19.9945,17.36214],"to":[26.25,26.55161,19.86214],"rotation":{"angle":0,"axis":"y","origin":[44,-2.63195,8.93925]},"faces":{"north":{"uv":[5.625,0.25,6,1.125],"texture":"#0"},"east":{"uv":[5.625,1.25,6,2.125],"texture":"#0"},"south":{"uv":[5.625,2.25,6,3.125],"texture":"#0"},"west":{"uv":[5.625,3.25,6,4.125],"texture":"#0"},"up":{"uv":[7.25,0.625,6.875,0.25],"texture":"#0"},"down":{"uv":[7.25,0.75,6.875,1.125],"texture":"#0"}}},{"from":[-9,27.70711,2.87868],"to":[-8,29.45711,3.87868],"rotation":{"angle":-45,"axis":"x","origin":[-19,30.70711,2.87868]},"faces":{"north":{"uv":[5.25,7.5,5.375,7.75],"texture":"#0"},"east":{"uv":[7.5,6.875,7.625,7.125],"texture":"#0"},"south":{"uv":[7.625,2.625,7.75,2.875],"texture":"#0"},"west":{"uv":[7.625,3,7.75,3.25],"texture":"#0"},"up":{"uv":[7.875,4.125,7.75,4],"texture":"#0"},"down":{"uv":[4.625,7.75,4.5,7.875],"texture":"#0"}}},{"from":[7,27.70711,2.87868],"to":[8,29.45711,3.87868],"rotation":{"angle":-45,"axis":"x","origin":[-19,30.70711,2.87868]},"faces":{"north":{"uv":[7.625,3.375,7.75,3.625],"texture":"#0"},"east":{"uv":[7.625,5.75,7.75,6],"texture":"#0"},"south":{"uv":[7.625,6.125,7.75,6.375],"texture":"#0"},"west":{"uv":[7.25,7.625,7.375,7.875],"texture":"#0"},"up":{"uv":[5.625,7.875,5.5,7.75],"texture":"#0"},"down":{"uv":[5.875,7.75,5.75,7.875],"texture":"#0"}}},{"from":[-12,29.45711,2.87868],"to":[28,30.45711,3.87868],"rotation":{"angle":-45,"axis":"x","origin":[-19,30.70711,2.87868]},"faces":{"north":{"uv":[3,5,8,5.125],"texture":"#0"},"east":{"uv":[6,7.75,6.125,7.875],"texture":"#0"},"south":{"uv":[3,5.25,8,5.375],"texture":"#0"},"west":{"uv":[6.25,7.75,6.375,7.875],"texture":"#0"},"up":{"uv":[8,5.625,3,5.5],"texture":"#0"},"down":{"uv":[10.625,0,5.625,0.125],"texture":"#0"}}},{"from":[24,27.70711,2.87868],"to":[25,29.45711,3.87868],"rotation":{"angle":-45,"axis":"x","origin":[-19,30.70711,2.87868]},"faces":{"north":{"uv":[7.625,7.25,7.75,7.5],"texture":"#0"},"east":{"uv":[7.5,7.625,7.625,7.875],"texture":"#0"},"south":{"uv":[7.75,0.25,7.875,0.5],"texture":"#0"},"west":{"uv":[7.75,0.625,7.875,0.875],"texture":"#0"},"up":{"uv":[6.625,7.875,6.5,7.75],"texture":"#0"},"down":{"uv":[6.875,7.75,6.75,7.875],"texture":"#0"}}}],"display":{"firstperson_righthand":{"scale":[0.2,0.2,0.2]},"firstperson_lefthand":{"scale":[0.2,0.2,0.2]},"gui":{"rotation":[-8,-149,0],"translation":[0,-3.25,0],"scale":[0.4,0.4,0.4]},"fixed":{"rotation":[-90,-90,0],"translation":[-33.25,2,-18.75],"scale":[4,4,4]}},"groups":[0,1,{"name":"Advertising sign","origin":[8,8,8],"color":0,"children":[2,3,{"name":"lamps","origin":[8,8,8],"color":0,"children":[4,5,6,7,8,9]},{"name":"beams","origin":[8,8,8],"color":0,"children":[]},{"name":"large_beams","origin":[8,8,8],"color":0,"children":[{"name":"beam1","origin":[8,-1.13195,8.93925],"color":0,"children":[10,11,{"name":"beam1","origin":[8,-1.13195,8.93925],"color":0,"children":[12,13]}]},{"name":"beam1","origin":[8,-1.13195,8.93925],"color":0,"children":[]}]},{"name":"rod","origin":[8,0,8],"color":0,"children":[14,15,16,17]},{"name":"pillars","origin":[8,8,8],"color":0,"children":[]}]}]}