{"credit":"Made with Blockbench","texture_size":[64,64],"textures":{"1":"custom/citybuild/city_teleporter_planet","particle":"custom/citybuild/city_teleporter_planet"},"elements":[{"from":[6,6,6],"to":[10,10,10],"rotation":{"angle":0,"axis":"y","origin":[8,8,8]},"faces":{"north":{"uv":[9,3,10,4],"texture":"#1"},"east":{"uv":[9,4,10,5],"texture":"#1"},"south":{"uv":[9,5,10,6],"texture":"#1"},"west":{"uv":[6,9,7,10],"texture":"#1"},"up":{"uv":[10,7,9,6],"texture":"#1"},"down":{"uv":[8,9,7,10],"texture":"#1"}}}],"display":{"thirdperson_righthand":{"rotation":[0,45,45],"translation":[2.5,0,5.25],"scale":[1.5,1.5,1.5]},"head":{"rotation":[22.5,22.5,0],"translation":[0.25,-5.5,-30],"scale":[2,2,2]}}}