{"credit":"Made with Blockbench","texture_size":[128,128],"textures":{"4":"custom/citybuild/city_teleporter"},"elements":[{"from":[23.77,0.01,24.01],"to":[31.75,11.99,31.99],"rotation":{"angle":0,"axis":"y","origin":[18,0,28]},"faces":{"north":{"uv":[5.25,9,6.25,10.5],"texture":"#4"},"east":{"uv":[6.25,9,7.25,10.5],"texture":"#4"},"south":{"uv":[7.25,9,8.25,10.5],"texture":"#4"},"west":{"uv":[8.25,9,9.25,10.5],"texture":"#4"},"up":{"uv":[12.25,7,11.25,6],"texture":"#4"},"down":{"uv":[12.25,7,11.25,8],"texture":"#4"}}},{"from":[-15.99,0.01,23.77],"to":[-8.01,11.99,31.75],"rotation":{"angle":0,"axis":"y","origin":[3,0,2]},"faces":{"north":{"uv":[10.25,8.5,11.25,10],"texture":"#4"},"east":{"uv":[10.25,10,11.25,11.5],"texture":"#4"},"south":{"uv":[0,10.5,1,12],"texture":"#4"},"west":{"uv":[10.5,0,11.5,1.5],"texture":"#4"},"up":{"uv":[12.5,1,11.5,0],"texture":"#4"},"down":{"uv":[12.5,1,11.5,2],"texture":"#4"}}},{"from":[24.01,0.01,-16],"to":[31.99,11.99,-8.02],"rotation":{"angle":0,"axis":"y","origin":[3,0,2]},"faces":{"north":{"uv":[1,10.5,2,12],"texture":"#4"},"east":{"uv":[10.5,1.5,11.5,3],"texture":"#4"},"south":{"uv":[2,10.5,3,12],"texture":"#4"},"west":{"uv":[3,10.5,4,12],"texture":"#4"},"up":{"uv":[12.5,3,11.5,2],"texture":"#4"},"down":{"uv":[12.5,3,11.5,4],"texture":"#4"}}},{"from":[-16,0.01,-15.99],"to":[-8.02,11.99,-8.01],"rotation":{"angle":0,"axis":"y","origin":[3,0,2]},"faces":{"north":{"uv":[4,10.5,5,12],"texture":"#4"},"east":{"uv":[5,10.5,6,12],"texture":"#4"},"south":{"uv":[6,10.5,7,12],"texture":"#4"},"west":{"uv":[7,10.5,8,12],"texture":"#4"},"up":{"uv":[9,12.5,8,11.5],"texture":"#4"},"down":{"uv":[10,11.5,9,12.5],"texture":"#4"}}},{"from":[23.77,0.01,4.01],"to":[31.75,11.99,11.99],"rotation":{"angle":0,"axis":"y","origin":[3,0,2]},"faces":{"north":{"uv":[5.25,6,6.25,7.5],"texture":"#4"},"east":{"uv":[6.25,6,7.25,7.5],"texture":"#4"},"south":{"uv":[7.25,6,8.25,7.5],"texture":"#4"},"west":{"uv":[5.25,7.5,6.25,9],"texture":"#4"},"up":{"uv":[11.5,4,10.5,3],"texture":"#4"},"down":{"uv":[9,10.5,8,11.5],"texture":"#4"}}},{"from":[4.01,0.01,-16],"to":[11.99,11.99,-8.02],"rotation":{"angle":0,"axis":"y","origin":[3,0,2]},"faces":{"north":{"uv":[6.25,7.5,7.25,9],"texture":"#4"},"east":{"uv":[7.25,7.5,8.25,9],"texture":"#4"},"south":{"uv":[8.25,6,9.25,7.5],"texture":"#4"},"west":{"uv":[8.25,7.5,9.25,9],"texture":"#4"},"up":{"uv":[12.25,5,11.25,4],"texture":"#4"},"down":{"uv":[12.25,5,11.25,6],"texture":"#4"}}},{"from":[-16,0.01,4.01],"to":[-8.02,11.99,11.99],"rotation":{"angle":0,"axis":"y","origin":[3,0,2]},"faces":{"north":{"uv":[9.25,10,10.25,11.5],"texture":"#4"},"east":{"uv":[10.25,4,11.25,5.5],"texture":"#4"},"south":{"uv":[10.25,5.5,11.25,7],"texture":"#4"},"west":{"uv":[10.25,7,11.25,8.5],"texture":"#4"},"up":{"uv":[12.25,11,11.25,10],"texture":"#4"},"down":{"uv":[12.25,11,11.25,12],"texture":"#4"}}},{"from":[4.01,0.01,23.77],"to":[11.99,11.99,31.75],"rotation":{"angle":0,"axis":"y","origin":[3,0,2]},"faces":{"north":{"uv":[9.25,4,10.25,5.5],"texture":"#4"},"east":{"uv":[9.25,5.5,10.25,7],"texture":"#4"},"south":{"uv":[9.25,7,10.25,8.5],"texture":"#4"},"west":{"uv":[9.25,8.5,10.25,10],"texture":"#4"},"up":{"uv":[12.25,9,11.25,8],"texture":"#4"},"down":{"uv":[12.25,9,11.25,10],"texture":"#4"}}},{"from":[-13,0,-13],"to":[29,8,29],"rotation":{"angle":0,"axis":"y","origin":[3,0,2]},"faces":{"north":{"uv":[5.25,0,10.5,1],"texture":"#4"},"east":{"uv":[5.25,1,10.5,2],"texture":"#4"},"south":{"uv":[5.25,2,10.5,3],"texture":"#4"},"west":{"uv":[5.25,3,10.5,4],"texture":"#4"},"up":{"uv":[5.25,5.25,0,0],"texture":"#4"},"down":{"uv":[5.25,5.25,0,10.5],"texture":"#4"}}},{"from":[-8,8,-10],"to":[24,16,-10],"rotation":{"angle":0,"axis":"y","origin":[3,0,2]},"faces":{"north":{"uv":[5.25,4,9.25,5],"texture":"#4"},"east":{"uv":[0,0,0,1],"texture":"#4"},"south":{"uv":[5.25,4,9.25,5],"texture":"#4"},"west":{"uv":[0,0,0,1],"texture":"#4"},"up":{"uv":[0,4,0,0],"rotation":90,"texture":"#4"},"down":{"uv":[0,0,0,4],"rotation":270,"texture":"#4"}}},{"from":[-8,8,25],"to":[24,16,25],"rotation":{"angle":0,"axis":"y","origin":[3,0,2]},"faces":{"north":{"uv":[5.25,4,9.25,5],"texture":"#4"},"east":{"uv":[0,0,0,1],"texture":"#4"},"south":{"uv":[5.25,4,9.25,5],"texture":"#4"},"west":{"uv":[0,0,0,1],"texture":"#4"},"up":{"uv":[0,4,0,0],"rotation":90,"texture":"#4"},"down":{"uv":[0,0,0,4],"rotation":270,"texture":"#4"}}},{"from":[26,8,-8],"to":[26,16,24],"rotation":{"angle":0,"axis":"y","origin":[3,0,2]},"faces":{"north":{"uv":[0,0,0,1],"texture":"#4"},"east":{"uv":[5.25,4,9.25,5],"texture":"#4"},"south":{"uv":[0,0,0,1],"texture":"#4"},"west":{"uv":[5.25,4,9.25,5],"texture":"#4"},"up":{"uv":[0,4,0,0],"texture":"#4"},"down":{"uv":[0,0,0,4],"texture":"#4"}}},{"from":[-10,8,-8],"to":[-10,16,24],"rotation":{"angle":0,"axis":"y","origin":[3,0,2]},"faces":{"north":{"uv":[0,0,0,1],"texture":"#4"},"east":{"uv":[5.25,4,9.25,5],"texture":"#4"},"south":{"uv":[0,0,0,1],"texture":"#4"},"west":{"uv":[5.25,4,9.25,5],"texture":"#4"},"up":{"uv":[0,4,0,0],"texture":"#4"},"down":{"uv":[0,0,0,4],"texture":"#4"}}}],"display":{"thirdperson_righthand":{"scale":[0.2,0.2,0.2]},"gui":{"rotation":[54,-9,12],"translation":[-0.25,0.5,0],"scale":[0.3,0.3,0.3]},"head":{"rotation":[0,0,-1],"translation":[0,-11.25,0],"scale":[5,5,5]},"fixed":{"rotation":[-90,0,0],"translation":[0,0,-16],"scale":[2,2,2]}}}