{"credit":"Made with Blockbench","texture_size":[64,64],"textures":{"1":"custom/citybuild/city_teleporter_planet","particle":"custom/citybuild/city_teleporter_planet"},"elements":[{"from":[2,2,2],"to":[14,14,14],"rotation":{"angle":45,"axis":"y","origin":[8,8,8]},"faces":{"north":{"uv":[3,6,6,9],"texture":"#1"},"east":{"uv":[6,3,9,6],"texture":"#1"},"south":{"uv":[6,6,9,9],"texture":"#1"},"west":{"uv":[0,9,3,12],"texture":"#1"},"up":{"uv":[12,3,9,0],"texture":"#1"},"down":{"uv":[6,9,3,12],"texture":"#1"}}},{"from":[1.7,1.7,1.7],"to":[14.3,14.3,14.3],"rotation":{"angle":45,"axis":"y","origin":[8,8,8]},"faces":{"north":{"uv":[0,0,3,3],"texture":"#1"},"east":{"uv":[0,3,3,6],"texture":"#1"},"south":{"uv":[3,0,6,3],"texture":"#1"},"west":{"uv":[3,3,6,6],"texture":"#1"},"up":{"uv":[3,9,0,6],"texture":"#1"},"down":{"uv":[9,0,6,3],"texture":"#1"}}}],"display":{"thirdperson_righthand":{"rotation":[45,0,0],"translation":[2.5,0,5.25],"scale":[1.5,1.5,1.5]},"head":{"rotation":[57,0,0],"translation":[0,-3,0],"scale":[2,2,2]}}}