{"credit":"Made with Blockbench","texture_size":[128,128],"textures":{"0":"custom/citybuild/city_teleporter_city","particle":"custom/citybuild/city_teleporter_city"},"elements":[{"from":[-3,0,-3],"to":[19,4,19],"faces":{"north":{"uv":[7.375,4.125,10.125,4.625],"texture":"#0"},"east":{"uv":[7.375,4.625,10.125,5.125],"texture":"#0"},"south":{"uv":[7.375,5.125,10.125,5.625],"texture":"#0"},"west":{"uv":[7.5,6.75,10.25,7.25],"texture":"#0"},"up":{"uv":[2.75,2.75,0,0],"texture":"#0"},"down":{"uv":[2.75,2.75,0,5.5],"texture":"#0"}}},{"from":[13,4,11],"to":[19,24,19],"faces":{"north":{"uv":[4.375,6.75,5.125,9.25],"texture":"#0"},"east":{"uv":[6.25,1.125,7.25,3.625],"texture":"#0"},"south":{"uv":[5.125,6.75,5.875,9.25],"texture":"#0"},"west":{"uv":[0,6.75,1,9.25],"texture":"#0"},"up":{"uv":[9.375,6.625,8.625,5.625],"texture":"#0"},"down":{"uv":[5.625,9.25,4.875,10.25],"texture":"#0"}}},{"from":[1.5,4,8],"to":[6.5,20,17],"faces":{"north":{"uv":[6.875,7.875,7.5,9.875],"texture":"#0"},"east":{"uv":[6.25,3.625,7.375,5.625],"texture":"#0"},"south":{"uv":[8.5,7.25,9.125,9.25],"texture":"#0"},"west":{"uv":[1,6.75,2.125,8.75],"texture":"#0"},"up":{"uv":[10.375,1.125,9.75,0],"texture":"#0"},"down":{"uv":[7,9.875,6.375,11],"texture":"#0"}}},{"from":[-0.5,4,10],"to":[8.5,20,15],"faces":{"north":{"uv":[2.125,6.75,3.25,8.75],"texture":"#0"},"east":{"uv":[7.5,8.625,8.125,10.625],"texture":"#0"},"south":{"uv":[3.25,6.75,4.375,8.75],"texture":"#0"},"west":{"uv":[1,8.75,1.625,10.75],"texture":"#0"},"up":{"uv":[10.5,4.125,9.375,3.5],"texture":"#0"},"down":{"uv":[11,7.25,9.875,7.875],"texture":"#0"}}},{"from":[2.5,20,10],"to":[6.5,22,14],"faces":{"north":{"uv":[10.75,0.375,11.25,0.625],"texture":"#0"},"east":{"uv":[0.875,10.75,1.375,11],"texture":"#0"},"south":{"uv":[10.75,2.625,11.25,2.875],"texture":"#0"},"west":{"uv":[10.75,2.875,11.25,3.125],"texture":"#0"},"up":{"uv":[2.5,10.875,2,10.375],"texture":"#0"},"down":{"uv":[3,10.375,2.5,10.875],"texture":"#0"}}},{"from":[3.5,22,11],"to":[5.75,22.25,13],"faces":{"north":{"uv":[2.25,5.5,2.5,5.625],"texture":"#0"},"east":{"uv":[2.5,5.5,2.75,5.625],"texture":"#0"},"south":{"uv":[8.625,6.625,8.875,6.75],"texture":"#0"},"west":{"uv":[8.875,6.625,9.125,6.75],"texture":"#0"},"up":{"uv":[4.375,9,4.125,8.75],"texture":"#0"},"down":{"uv":[4.375,9,4.125,9.25],"texture":"#0"}}},{"from":[-2,4,-2],"to":[3.5,15,6],"faces":{"north":{"uv":[3.375,8.75,4.125,10.125],"texture":"#0"},"east":{"uv":[7.5,7.25,8.5,8.625],"texture":"#0"},"south":{"uv":[9.125,7.25,9.875,8.625],"texture":"#0"},"west":{"uv":[5.875,7.875,6.875,9.25],"texture":"#0"},"up":{"uv":[6.375,10.25,5.625,9.25],"texture":"#0"},"down":{"uv":[8.875,9.25,8.125,10.25],"texture":"#0"}}},{"from":[4.5,4,-2],"to":[10,15,6],"faces":{"north":{"uv":[9.125,8.625,9.875,10],"texture":"#0"},"east":{"uv":[8.25,1.125,9.25,2.5],"texture":"#0"},"south":{"uv":[0,9.25,0.75,10.625],"texture":"#0"},"west":{"uv":[8.375,2.5,9.375,3.875],"texture":"#0"},"up":{"uv":[10.125,3.5,9.375,2.5],"texture":"#0"},"down":{"uv":[10.125,5.625,9.375,6.625],"texture":"#0"}}},{"from":[2.5,4,-1],"to":[5,15,5],"faces":{"north":{"uv":[7,9.875,7.375,11.25],"texture":"#0"},"east":{"uv":[9.25,1.125,10,2.5],"texture":"#0"},"south":{"uv":[8.875,10,9.25,11.375],"texture":"#0"},"west":{"uv":[4.125,9.25,4.875,10.625],"texture":"#0"},"up":{"uv":[10.75,0.75,10.375,0],"texture":"#0"},"down":{"uv":[2,10.375,1.625,11.125],"texture":"#0"}}},{"from":[-2.5,14,-2.5],"to":[10.5,16,6.5],"faces":{"north":{"uv":[1.625,10.125,3.25,10.375],"texture":"#0"},"east":{"uv":[10.25,6.75,11.375,7],"texture":"#0"},"south":{"uv":[10.125,2.375,11.75,2.625],"texture":"#0"},"west":{"uv":[10.25,7,11.375,7.25],"texture":"#0"},"up":{"uv":[7.5,7.875,5.875,6.75],"texture":"#0"},"down":{"uv":[8.625,5.625,7,6.75],"texture":"#0"}}},{"from":[11.25,4,-1.75],"to":[17.75,5.75,8.75],"faces":{"north":{"uv":[0,10.625,0.875,10.875],"texture":"#0"},"east":{"uv":[10.125,4.375,11.5,4.625],"texture":"#0"},"south":{"uv":[3.75,10.625,4.625,10.875],"texture":"#0"},"west":{"uv":[10.125,4.625,11.5,4.875],"texture":"#0"},"up":{"uv":[2.5,10.125,1.625,8.75],"texture":"#0"},"down":{"uv":[3.375,8.75,2.5,10.125],"texture":"#0"}}},{"from":[10.75,10,-2.25],"to":[18.25,12,9.25],"faces":{"north":{"uv":[8.375,3.875,9.375,4.125],"texture":"#0"},"east":{"uv":[10.125,3.25,11.625,3.5],"texture":"#0"},"south":{"uv":[10.375,0.75,11.375,1],"texture":"#0"},"west":{"uv":[10.125,4.125,11.625,4.375],"texture":"#0"},"up":{"uv":[8.25,2.625,7.25,1.125],"texture":"#0"},"down":{"uv":[8.375,2.625,7.375,4.125],"texture":"#0"}}},{"from":[12.25,12,4.75],"to":[14.75,14,7.25],"faces":{"north":{"uv":[10.75,7.875,11.125,8.125],"texture":"#0"},"east":{"uv":[10.75,8.125,11.125,8.375],"texture":"#0"},"south":{"uv":[10.75,8.375,11.125,8.625],"texture":"#0"},"west":{"uv":[10.75,8.625,11.125,8.875],"texture":"#0"},"up":{"uv":[11,10.75,10.625,10.375],"texture":"#0"},"down":{"uv":[11.125,0,10.75,0.375],"texture":"#0"}}},{"from":[12.24,13.99,4.74],"to":[15.76,14.01,7.26],"faces":{"north":{"uv":[0,0,0.5,0],"texture":"#0"},"east":{"uv":[0,0,0.375,0],"texture":"#0"},"south":{"uv":[0,0,0.5,0],"texture":"#0"},"west":{"uv":[0,0,0.375,0],"texture":"#0"},"up":{"uv":[7.875,11,7.375,10.625],"texture":"#0"},"down":{"uv":[9.75,10.625,9.25,11],"texture":"#0"}}},{"from":[13,5.75,1],"to":[17,10.75,6],"faces":{"north":{"uv":[6.375,9.25,6.875,9.875],"texture":"#0"},"east":{"uv":[9.25,10,9.875,10.625],"texture":"#0"},"south":{"uv":[4.875,10.25,5.375,10.875],"texture":"#0"},"west":{"uv":[10.125,2.625,10.75,3.25],"texture":"#0"},"up":{"uv":[5.875,10.875,5.375,10.25],"texture":"#0"},"down":{"uv":[6.375,10.25,5.875,10.875],"texture":"#0"}}},{"from":[11,5.75,-2],"to":[18,10.75,1],"faces":{"north":{"uv":[9.875,9.125,10.75,9.75],"texture":"#0"},"east":{"uv":[10.25,10.375,10.625,11],"texture":"#0"},"south":{"uv":[9.875,9.75,10.75,10.375],"texture":"#0"},"west":{"uv":[3,10.5,3.375,11.125],"texture":"#0"},"up":{"uv":[11,5.625,10.125,5.25],"texture":"#0"},"down":{"uv":[11,5.625,10.125,6],"texture":"#0"}}},{"from":[11,5.75,6],"to":[18,10.75,9],"rotation":{"angle":0,"axis":"y","origin":[0,0,16]},"faces":{"north":{"uv":[10.75,9.75,9.875,10.375],"texture":"#0"},"east":{"uv":[10.625,10.375,10.25,11],"texture":"#0"},"south":{"uv":[10.75,9.125,9.875,9.75],"texture":"#0"},"west":{"uv":[3.375,10.5,3,11.125],"texture":"#0"},"up":{"uv":[11,5.25,10.125,5.625],"texture":"#0"},"down":{"uv":[11,6,10.125,5.625],"texture":"#0"}}},{"from":[11,5.75,2],"to":[18,10.75,5],"faces":{"north":{"uv":[10,1.125,10.875,1.75],"texture":"#0"},"east":{"uv":[3.375,10.5,3.75,11.125],"texture":"#0"},"south":{"uv":[10,1.75,10.875,2.375],"texture":"#0"},"west":{"uv":[10.5,3.5,10.875,4.125],"texture":"#0"},"up":{"uv":[11,6.375,10.125,6],"texture":"#0"},"down":{"uv":[11,6.375,10.125,6.75],"texture":"#0"}}},{"from":[14.5,24,12],"to":[17.5,25,18],"faces":{"north":{"uv":[1.5,5.5,1.875,5.625],"texture":"#0"},"east":{"uv":[0,5.5,0.75,5.625],"texture":"#0"},"south":{"uv":[1.875,5.5,2.25,5.625],"texture":"#0"},"west":{"uv":[0.75,5.5,1.5,5.625],"texture":"#0"},"up":{"uv":[8.5,11,8.125,10.25],"texture":"#0"},"down":{"uv":[8.875,10.25,8.5,11],"texture":"#0"}}}],"display":{"ground":{"translation":[0,-2.25,0],"scale":[0.9,0.9,0.9]},"head":{"translation":[0,8,0],"scale":[2,2,2]}}}