{"credit":"Made with Blockbench","texture_size":[64,64],"textures":{"0":"custom/citybuild/windmill_base","particle":"custom/citybuild/windmill_base"},"elements":[{"from":[0,0,3],"to":[16,16,13],"faces":{"north":{"uv":[0,0,4,4],"texture":"#0"},"east":{"uv":[4,0,6.5,4],"texture":"#0"},"south":{"uv":[0,4,4,8],"texture":"#0"},"west":{"uv":[4,4,6.5,8],"texture":"#0"},"up":{"uv":[10.5,2.5,6.5,0],"texture":"#0"},"down":{"uv":[10.5,2.5,6.5,5],"texture":"#0"}}}],"display":{"head":{"rotation":[90,0,0],"translation":[0,14.75,0],"scale":[2,2,2]}},"groups":[{"name":"group","origin":[8,8,8],"color":0,"children":[0]}]}