{"credit":"Made with Blockbench","texture_size":[64,64],"textures":{"0":"custom/citybuild/windmill_blade","particle":"custom/citybuild/windmill_blade"},"elements":[{"from":[6,-15,6],"to":[10,-7,10],"rotation":{"angle":0,"axis":"y","origin":[0,17,0]},"faces":{"north":{"uv":[4,7.75,5,9.75],"texture":"#0"},"east":{"uv":[5,7.75,6,9.75],"texture":"#0"},"south":{"uv":[6,7.75,7,9.75],"texture":"#0"},"west":{"uv":[8,0,9,2],"texture":"#0"},"up":{"uv":[9.25,5,8.25,4],"texture":"#0"},"down":{"uv":[9.25,5,8.25,6],"texture":"#0"}}},{"from":[7,-4,7.25],"to":[9,28,8.75],"rotation":{"angle":0,"axis":"y","origin":[0,28,0]},"faces":{"north":{"uv":[7,0,7.5,8],"texture":"#0"},"east":{"uv":[7.5,0,8,8],"texture":"#0"},"south":{"uv":[0,7.75,0.5,15.75],"texture":"#0"},"west":{"uv":[0.5,7.75,1,15.75],"texture":"#0"},"up":{"uv":[9.75,10,9.25,9.5],"texture":"#0"},"down":{"uv":[4.5,9.75,4,10.25],"texture":"#0"}}},{"from":[-7.228,-4.1,7.25],"to":[-5.228,26,8.75],"rotation":{"angle":0,"axis":"y","origin":[-14.478,25,0]},"faces":{"north":{"uv":[2,7.75,2.5,15.25],"texture":"#0"},"east":{"uv":[2.5,7.75,3,15.25],"texture":"#0"},"south":{"uv":[3,7.75,3.5,15.25],"texture":"#0"},"west":{"uv":[3.5,7.75,4,15.25],"texture":"#0"},"up":{"uv":[10.25,4.5,9.75,4],"texture":"#0"},"down":{"uv":[5,9.75,4.5,10.25],"texture":"#0"}}},{"from":[7,-8,6.75],"to":[9,-4,9.25],"rotation":{"angle":0,"axis":"y","origin":[0,24,0]},"faces":{"north":{"uv":[8.25,9,8.75,10],"texture":"#0"},"east":{"uv":[7.25,8,8,9],"texture":"#0"},"south":{"uv":[8.75,9,9.25,10],"texture":"#0"},"west":{"uv":[7.25,9,8,10],"texture":"#0"},"up":{"uv":[9.75,4.75,9.25,4],"texture":"#0"},"down":{"uv":[9.75,4.75,9.25,5.5],"texture":"#0"}}},{"from":[0.272,-3,7.5],"to":[1.772,27.8,8.5],"rotation":{"angle":0,"axis":"y","origin":[-6.978,25,0]},"faces":{"north":{"uv":[1,7.75,1.5,15.5],"texture":"#0"},"east":{"uv":[8,2,8.25,9.75],"texture":"#0"},"south":{"uv":[1.5,7.75,2,15.5],"texture":"#0"},"west":{"uv":[7,8,7.25,15.75],"texture":"#0"},"up":{"uv":[10.25,4.75,9.75,4.5],"texture":"#0"},"down":{"uv":[10.25,4.75,9.75,5],"texture":"#0"}}},{"from":[-5.728,-3,8],"to":[7.772,28,8],"rotation":{"angle":0,"axis":"y","origin":[-5.978,25,0]},"faces":{"north":{"uv":[0,0,3.5,7.75],"texture":"#0"},"east":{"uv":[0,0,0,7.75],"texture":"#0"},"south":{"uv":[3.5,0,7,7.75],"texture":"#0"},"west":{"uv":[0,0,0,7.75],"texture":"#0"},"up":{"uv":[3.5,0,0,0],"texture":"#0"},"down":{"uv":[3.5,0,0,0],"texture":"#0"}}},{"from":[-8.228,-4,7.75],"to":[7.272,-3,8.25],"rotation":{"angle":0,"axis":"y","origin":[-8.478,25,0.5]},"faces":{"north":{"uv":[8.25,6,12.25,6.25],"texture":"#0"},"east":{"uv":[5,9.75,5.25,10],"texture":"#0"},"south":{"uv":[8.25,6.25,12.25,6.5],"texture":"#0"},"west":{"uv":[9.75,5,10,5.25],"texture":"#0"},"up":{"uv":[12.25,6.75,8.25,6.5],"texture":"#0"},"down":{"uv":[12.25,6.75,8.25,7],"texture":"#0"}}},{"from":[-8.228,2,7.75],"to":[7.272,3,8.25],"rotation":{"angle":0,"axis":"y","origin":[-8.478,31,0.5]},"faces":{"north":{"uv":[8.25,7,12.25,7.25],"texture":"#0"},"east":{"uv":[5.25,9.75,5.5,10],"texture":"#0"},"south":{"uv":[8.25,7.25,12.25,7.5],"texture":"#0"},"west":{"uv":[9.75,5.25,10,5.5],"texture":"#0"},"up":{"uv":[12.25,7.75,8.25,7.5],"texture":"#0"},"down":{"uv":[12.25,7.75,8.25,8],"texture":"#0"}}},{"from":[-8.228,14,7.75],"to":[7.272,15,8.25],"rotation":{"angle":0,"axis":"y","origin":[-8.478,43,0.5]},"faces":{"north":{"uv":[9,0,13,0.25],"texture":"#0"},"east":{"uv":[5.75,9.75,6,10],"texture":"#0"},"south":{"uv":[9,0.25,13,0.5],"texture":"#0"},"west":{"uv":[9.75,5.75,10,6],"texture":"#0"},"up":{"uv":[13,0.75,9,0.5],"texture":"#0"},"down":{"uv":[13,0.75,9,1],"texture":"#0"}}},{"from":[-8.228,8,7.75],"to":[7.272,9,8.25],"rotation":{"angle":0,"axis":"y","origin":[-8.478,37,0.5]},"faces":{"north":{"uv":[8.25,8,12.25,8.25],"texture":"#0"},"east":{"uv":[5.5,9.75,5.75,10],"texture":"#0"},"south":{"uv":[8.25,8.25,12.25,8.5],"texture":"#0"},"west":{"uv":[9.75,5.5,10,5.75],"texture":"#0"},"up":{"uv":[12.25,8.75,8.25,8.5],"texture":"#0"},"down":{"uv":[12.25,8.75,8.25,9],"texture":"#0"}}},{"from":[-8.228,20,7.75],"to":[7.272,21,8.25],"rotation":{"angle":0,"axis":"y","origin":[-8.478,49,0.5]},"faces":{"north":{"uv":[9,1,13,1.25],"texture":"#0"},"east":{"uv":[6,9.75,6.25,10],"texture":"#0"},"south":{"uv":[9,1.25,13,1.5],"texture":"#0"},"west":{"uv":[6.25,9.75,6.5,10],"texture":"#0"},"up":{"uv":[13,1.75,9,1.5],"texture":"#0"},"down":{"uv":[13,1.75,9,2],"texture":"#0"}}},{"from":[-7.228,26,7.25],"to":[7.022,28,8.75],"rotation":{"angle":0,"axis":"y","origin":[-2.228,21,0]},"faces":{"north":{"uv":[8.25,2,11.75,2.5],"texture":"#0"},"east":{"uv":[9.25,5.5,9.75,6],"texture":"#0"},"south":{"uv":[8.25,2.5,11.75,3],"texture":"#0"},"west":{"uv":[9.25,9,9.75,9.5],"texture":"#0"},"up":{"uv":[11.75,3.5,8.25,3],"texture":"#0"},"down":{"uv":[11.75,3.5,8.25,4],"texture":"#0"}}}],"display":{"head":{"rotation":[90,0,0],"translation":[0,14.5,80],"scale":[3,3,3]}},"groups":[{"name":"group","origin":[8,8,8],"color":0,"children":[0,1,2,3,4,5,6,7,8,9,10,11]}]}