{"credit":"MadewithBlockbench","texture_size":[128,128],"textures":{"2":"custom/general/decoration/city/air_conditioner_v2","3":"custom/general/decoration/city/fan"},"elements":[{"from":[-5,0,1],"to":[24,20,16],"rotation":{"angle":0,"axis":"y","origin":[8,9.86567,8.75]},"faces":{"north":{"uv":[3.625,0,0,2.5],"texture":"#2"},"east":{"uv":[9.125,6.25,7.25,8.75],"texture":"#2"},"south":{"uv":[3.625,2.5,0,5],"texture":"#2"},"west":{"uv":[9.125,3.75,7.25,6.25],"texture":"#2"},"up":{"uv":[7.25,1.875,10.875,0],"texture":"#2"},"down":{"uv":[7.25,1.875,10.875,3.75],"texture":"#2"}}},{"name":"interior","from":[-5,0,2],"to":[24,20,2],"rotation":{"angle":0,"axis":"y","origin":[8,9.86567,8.75]},"faces":{"north":{"uv":[7.25,0,3.625,2.5],"texture":"#2"},"east":{"uv":[0,0,0,2.5],"texture":"#2"},"south":{"uv":[7.25,2.5,3.625,5],"texture":"#2"},"west":{"uv":[0,0,0,2.5],"texture":"#2"},"up":{"uv":[0,0,3.625,0],"texture":"#2"},"down":{"uv":[0,0,3.625,0],"texture":"#2"}}},{"name":"interior","from":[-5,0,14],"to":[24,20,14],"rotation":{"angle":0,"axis":"y","origin":[8,9.86567,8.75]},"faces":{"north":{"uv":[3.625,5,0,7.5],"texture":"#2"},"east":{"uv":[0,0,0,2.5],"texture":"#2"},"south":{"uv":[7.25,5,3.625,7.5],"texture":"#2"},"west":{"uv":[0,0,0,2.5],"texture":"#2"},"up":{"uv":[0,0,3.625,0],"texture":"#2"},"down":{"uv":[0,0,3.625,0],"texture":"#2"}}},{"name":"interior","from":[22,0,1],"to":[22,20,15],"rotation":{"angle":0,"axis":"y","origin":[8,9.86567,8.75]},"faces":{"north":{"uv":[0,0,0,2.5],"texture":"#2"},"east":{"uv":[3.5,7.5,1.75,10],"texture":"#2"},"south":{"uv":[0,0,0,2.5],"texture":"#2"},"west":{"uv":[1.75,7.5,0,10],"texture":"#2"},"up":{"uv":[0,1.75,0,0],"texture":"#2"},"down":{"uv":[0,0,0,1.75],"texture":"#2"}}},{"from":[6,2,0],"to":[22,18,1],"rotation":{"angle":0,"axis":"y","origin":[8,9.86567,8.75]},"faces":{"north":{"uv":[5.5,7.5,3.5,9.5],"texture":"#2"},"east":{"uv":[5.5,9.5,5.375,11.5],"texture":"#2"},"south":{"uv":[7.5,8.75,5.5,10.75],"texture":"#2"},"west":{"uv":[5.375,9.5,5.25,11.5],"texture":"#2"},"up":{"uv":[10,6.875,12,6.75],"texture":"#2"},"down":{"uv":[10,6.875,12,7],"texture":"#2"}}},{"from":[-8,0,4],"to":[-5,20,16],"rotation":{"angle":0,"axis":"y","origin":[8,9.86567,8.75]},"faces":{"north":{"uv":[4.875,9.5,4.5,12],"texture":"#2"},"east":{"uv":[10.5,8.75,9,11.25],"texture":"#2"},"south":{"uv":[5.25,9.5,4.875,12],"texture":"#2"},"west":{"uv":[9,8.75,7.5,11.25],"texture":"#2"},"up":{"uv":[0,11.5,0.375,10],"texture":"#2"},"down":{"uv":[0.375,10,0.75,11.5],"texture":"#2"}}},{"from":[0.15216,0.005,-5.91435],"to":[4.15216,19.995,-2.91435],"rotation":{"angle":45,"axis":"y","origin":[8,9.86567,8.75]},"faces":{"north":{"uv":[9.625,3.75,9.125,6.25],"texture":"#2"},"east":{"uv":[10,6.25,9.625,8.75],"texture":"#2"},"south":{"uv":[9.625,6.25,9.125,8.75],"texture":"#2"},"west":{"uv":[10,3.75,9.625,6.25],"texture":"#2"},"up":{"uv":[10.5,5.375,11,5],"texture":"#2"},"down":{"uv":[10.5,5.375,11,5.75],"texture":"#2"}}},{"from":[15,0,18],"to":[21,2,24],"rotation":{"angle":0,"axis":"y","origin":[8,9.86567,7.25]},"faces":{"north":{"uv":[10.75,8.5,10,8.75],"texture":"#2"},"east":{"uv":[11.25,7,10.5,7.25],"texture":"#2"},"south":{"uv":[11.25,6,10.5,6.25],"texture":"#2"},"west":{"uv":[11.25,5.75,10.5,6],"texture":"#2"},"up":{"uv":[6.5,8.25,7.25,7.5],"texture":"#2"},"down":{"uv":[0.75,10,1.5,10.75],"texture":"#2"}}},{"from":[-9,15,6],"to":[-8,18,11],"rotation":{"angle":0,"axis":"y","origin":[8,9.86567,8.75]},"faces":{"north":{"uv":[1.125,10.75,1,11.125],"texture":"#2"},"east":{"uv":[11.125,4.625,10.5,5],"texture":"#2"},"south":{"uv":[1.25,10.75,1.125,11.125],"texture":"#2"},"west":{"uv":[11.125,4.25,10.5,4.625],"texture":"#2"},"up":{"uv":[10.625,10.125,10.75,9.5],"texture":"#2"},"down":{"uv":[10.625,10.125,10.75,10.75],"texture":"#2"}}},{"from":[-9,10,6],"to":[-8,13,12],"rotation":{"angle":0,"axis":"y","origin":[8,9.86567,8.75]},"faces":{"north":{"uv":[1.375,10.75,1.25,11.125],"texture":"#2"},"east":{"uv":[10.75,6.375,10,6.75],"texture":"#2"},"south":{"uv":[1.5,10.75,1.375,11.125],"texture":"#2"},"west":{"uv":[7.25,8.25,6.5,8.625],"texture":"#2"},"up":{"uv":[10.5,10.25,10.625,9.5],"texture":"#2"},"down":{"uv":[10.5,10.25,10.625,11],"texture":"#2"}}},{"from":[-8.5,9,8],"to":[-8.5,19,16],"rotation":{"angle":0,"axis":"y","origin":[8,9.86567,8.75]},"faces":{"north":{"uv":[0,0,0,1.25],"texture":"#2"},"east":{"uv":[4.5,9.5,3.5,10.75],"texture":"#2"},"south":{"uv":[0,0,0,1.25],"texture":"#2"},"west":{"uv":[6.5,7.5,5.5,8.75],"texture":"#2"},"up":{"uv":[0,1,0,0],"texture":"#2"},"down":{"uv":[0,0,0,1],"texture":"#2"}}},{"from":[16,2,19],"to":[20,9,23],"rotation":{"angle":0,"axis":"y","origin":[8,9.86567,7.25]},"faces":{"north":{"uv":[3.5,10,3,10.875],"texture":"#2"},"east":{"uv":[10.5,5.5,10,6.375],"texture":"#2"},"south":{"uv":[10.5,4.625,10,5.5],"texture":"#2"},"west":{"uv":[10.5,3.75,10,4.625],"texture":"#2"},"up":{"uv":[10,7.5,10.5,7],"texture":"#2"},"down":{"uv":[10,7.5,10.5,8],"texture":"#2"}}},{"from":[15,4,16],"to":[21,10,18],"rotation":{"angle":0,"axis":"y","origin":[8,9.86567,7.25]},"faces":{"north":{"uv":[2.25,10,1.5,10.75],"texture":"#2"},"east":{"uv":[10.75,8.75,10.5,9.5],"texture":"#2"},"south":{"uv":[3,10,2.25,10.75],"texture":"#2"},"west":{"uv":[10.75,7.25,10.5,8],"texture":"#2"},"up":{"uv":[10.5,8.25,11.25,8],"texture":"#2"},"down":{"uv":[10.5,8.25,11.25,8.5],"texture":"#2"}}},{"from":[16,5,18],"to":[20,9,19],"rotation":{"angle":0,"axis":"y","origin":[8,9.86567,7.25]},"faces":{"north":{"uv":[10.5,8,10,8.5],"texture":"#2"},"east":{"uv":[1,10.75,0.875,11.25],"texture":"#2"},"south":{"uv":[11,3.75,10.5,4.25],"texture":"#2"},"west":{"uv":[0.875,10.75,0.75,11.25],"texture":"#2"},"up":{"uv":[6.5,8.75,7,8.625],"texture":"#2"},"down":{"uv":[10.5,6.25,11,6.375],"texture":"#2"}}},{"name":"fan","from":[6,2,1.25],"to":[22,18,1.25],"rotation":{"angle":0,"axis":"y","origin":[8,9.86567,8.75]},"faces":{"north":{"uv":[8,8,16,16],"texture":"#3"},"east":{"uv":[0,0,0,4],"texture":"#3"},"south":{"uv":[0,1.5,0,4],"texture":"#3"},"west":{"uv":[0,0,0,4],"texture":"#3"},"up":{"uv":[0,0,4,0],"texture":"#3"},"down":{"uv":[0,0,4,0],"texture":"#3"}}},{"name":"fan","from":[5.59468,-0.30633,1.25],"to":[21.59468,15.69367,1.25],"rotation":{"angle":22.5,"axis":"z","origin":[8,9.86567,8.75]},"faces":{"north":{"uv":[0,0,8,8],"texture":"#3"},"east":{"uv":[0,0,0,4],"texture":"#3"},"south":{"uv":[0,1.5,0,5.5],"texture":"#3"},"west":{"uv":[0,0,0,4],"texture":"#3"},"up":{"uv":[0,0,4,0],"texture":"#3"},"down":{"uv":[0,0,4,0],"texture":"#3"}}},{"name":"fan","from":[5.49187,4.28588,1.25],"to":[21.49187,20.28588,1.25],"rotation":{"angle":-22.5,"axis":"z","origin":[8,9.86567,8.75]},"faces":{"north":{"uv":[0,8,8,16],"texture":"#3"},"east":{"uv":[0,0,0,4],"texture":"#3"},"south":{"uv":[0,1,0,5],"texture":"#3"},"west":{"uv":[0,0,0,4],"texture":"#3"},"up":{"uv":[0,0,4,0],"texture":"#3"},"down":{"uv":[0,0,4,0],"texture":"#3"}}},{"name":"fan","from":[4.33763,-2.28199,1.25],"to":[20.33763,13.71801,1.25],"shade":false,"rotation":{"angle":45,"axis":"z","origin":[8,9.86567,8.75]},"faces":{"north":{"uv":[8,0,16,8],"texture":"#3"},"east":{"uv":[0,0,0,4],"texture":"#3"},"south":{"uv":[0,9.5,0,13.5],"texture":"#3"},"west":{"uv":[0,0,0,4],"texture":"#3"},"up":{"uv":[0,0,4,0],"texture":"#3"},"down":{"uv":[0,0,4,0],"texture":"#3"}}}],"gui_light":"front","display":{"thirdperson_righthand":{"rotation":[70,18,0],"translation":[-0.75,1.75,1.5],"scale":[0.22578,0.22578,0.22578]},"thirdperson_lefthand":{"rotation":[68,16,0],"translation":[-0.75,1.75,1.5],"scale":[0.22578,0.22578,0.22578]},"firstperson_righthand":{"rotation":[0,5,0],"translation":[1.75,2.5,0.25],"scale":[0.3,0.3,0.3]},"firstperson_lefthand":{"rotation":[0,5,0],"translation":[1.75,2.5,0.25],"scale":[0.3,0.3,0.3]},"ground":{"translation":[0,2.75,0],"scale":[0.39,0.39,0.39]},"gui":{"rotation":[30,-135,0],"translation":[0.75,-1.25,0],"scale":[0.31,0.31,0.31]},"head":{"translation":[0,-14.25,0],"scale":[2.285,2.285,2.285]},"fixed":{"rotation":[-90,-90,0],"translation":[0,16,-16],"scale":[2,2,2]}},"groups":[{"name":"air_conditioner","origin":[0,0,0],"color":0,"children":[0,1,2,3,4,5,6,7,8,9,10,11,12,13]},{"name":"fan","origin":[6,12,15.25],"color":0,"children":[14,15,16,17]}]}