{"credit":"MadewithBlockbench","texture_size":[128,128],"textures":{"2":"custom/general/decoration/city/air_conditioner","3":"custom/general/decoration/city/fan"},"elements":[{"from":[-5,2,-1],"to":[24,22,14],"rotation":{"angle":0,"axis":"y","origin":[8,11.86567,6.75]},"faces":{"north":{"uv":[3.625,4.75,0,7.25],"texture":"#2"},"east":{"uv":[10.25,2.5,8.375,5],"texture":"#2"},"south":{"uv":[8.375,0,4.75,2.5],"texture":"#2"},"west":{"uv":[10.25,0,8.375,2.5],"texture":"#2"},"up":{"uv":[3.625,9.375,7.25,7.5],"texture":"#2"},"down":{"uv":[7.25,7.5,10.875,9.375],"texture":"#2"}}},{"name":"interior","from":[-5,2,0],"to":[24,22,0],"rotation":{"angle":0,"axis":"y","origin":[8,11.86567,6.75]},"faces":{"north":{"uv":[8.375,2.5,4.75,5],"texture":"#2"},"east":{"uv":[0,0,0,2.5],"texture":"#2"},"south":{"uv":[7.25,5,3.625,7.5],"texture":"#2"},"west":{"uv":[0,0,0,2.5],"texture":"#2"},"up":{"uv":[0,0,3.625,0],"texture":"#2"},"down":{"uv":[0,0,3.625,0],"texture":"#2"}}},{"name":"interior","from":[-5,2,12],"to":[24,22,12],"rotation":{"angle":0,"axis":"y","origin":[8,11.86567,6.75]},"faces":{"north":{"uv":[3.625,7.25,0,9.75],"texture":"#2"},"east":{"uv":[0,0,0,2.5],"texture":"#2"},"south":{"uv":[10.875,5,7.25,7.5],"texture":"#2"},"west":{"uv":[0,0,0,2.5],"texture":"#2"},"up":{"uv":[0,0,3.625,0],"texture":"#2"},"down":{"uv":[0,0,3.625,0],"texture":"#2"}}},{"name":"interior","from":[22,2,-1],"to":[22,22,13],"rotation":{"angle":0,"axis":"y","origin":[8,11.86567,6.75]},"faces":{"north":{"uv":[0,0,0,2.5],"texture":"#2"},"east":{"uv":[7.125,9.375,5.375,11.875],"texture":"#2"},"south":{"uv":[0,0,0,2.5],"texture":"#2"},"west":{"uv":[5.375,9.375,3.625,11.875],"texture":"#2"},"up":{"uv":[0,1.75,0,0],"texture":"#2"},"down":{"uv":[0,0,0,1.75],"texture":"#2"}}},{"from":[6,4,-2],"to":[22,20,-1],"rotation":{"angle":0,"axis":"y","origin":[8,11.86567,6.75]},"faces":{"north":{"uv":[9.125,9.375,7.125,11.375],"texture":"#2"},"east":{"uv":[5.625,11.875,5.5,13.875],"texture":"#2"},"south":{"uv":[11.125,9.375,9.125,11.375],"texture":"#2"},"west":{"uv":[11.25,0.5,11.125,2.5],"texture":"#2"},"up":{"uv":[11.5,6.125,13.5,6],"texture":"#2"},"down":{"uv":[11.5,6.125,13.5,6.25],"texture":"#2"}}},{"from":[-8,2,2],"to":[-5,22,14],"rotation":{"angle":0,"axis":"y","origin":[8,11.86567,6.75]},"faces":{"north":{"uv":[11.25,5,10.875,7.5],"texture":"#2"},"east":{"uv":[3,9.75,1.5,12.25],"texture":"#2"},"south":{"uv":[11.5,7.5,11.125,10],"texture":"#2"},"west":{"uv":[1.5,9.75,0,12.25],"texture":"#2"},"up":{"uv":[10.75,2,11.125,0.5],"texture":"#2"},"down":{"uv":[8.875,11.375,9.25,12.875],"texture":"#2"}}},{"from":[0.15216,2.005,-7.91435],"to":[4.15216,21.995,-4.91435],"rotation":{"angle":45,"axis":"y","origin":[8,11.86567,6.75]},"faces":{"north":{"uv":[3.5,9.75,3,12.25],"texture":"#2"},"east":{"uv":[11.625,0.5,11.25,3],"texture":"#2"},"south":{"uv":[10.75,0,10.25,2.5],"texture":"#2"},"west":{"uv":[11.5,10,11.125,12.5],"texture":"#2"},"up":{"uv":[12,4.875,12.5,4.5],"texture":"#2"},"down":{"uv":[12,4.875,12.5,5.25],"texture":"#2"}}},{"from":[-11,0,-3],"to":[27,2,16],"rotation":{"angle":0,"axis":"y","origin":[8,11.86567,6.75]},"faces":{"north":{"uv":[15.5,0,10.75,0.25],"texture":"#2"},"east":{"uv":[13.625,6.5,11.25,6.75],"texture":"#2"},"south":{"uv":[15.5,0.25,10.75,0.5],"texture":"#2"},"west":{"uv":[13.625,6.25,11.25,6.5],"texture":"#2"},"up":{"uv":[0,2.375,4.75,0],"texture":"#2"},"down":{"uv":[0,2.375,4.75,4.75],"texture":"#2"}}},{"from":[25,2,14],"to":[27,28,16],"rotation":{"angle":0,"axis":"y","origin":[8,11.86567,6.75]},"faces":{"north":{"uv":[11.5,3,11.25,6.25],"texture":"#2"},"east":{"uv":[7.875,11.375,7.625,14.625],"texture":"#2"},"south":{"uv":[7.625,11.375,7.375,14.625],"texture":"#2"},"west":{"uv":[7.375,11.375,7.125,14.625],"texture":"#2"},"up":{"uv":[4.375,5,4.625,4.75],"texture":"#2"},"down":{"uv":[10.75,2,11,2.25],"texture":"#2"}}},{"from":[-11,2,14],"to":[-9,28,16],"rotation":{"angle":0,"axis":"y","origin":[8,11.86567,6.75]},"faces":{"north":{"uv":[8.125,11.375,7.875,14.625],"texture":"#2"},"east":{"uv":[8.875,11.375,8.625,14.625],"texture":"#2"},"south":{"uv":[8.625,11.375,8.375,14.625],"texture":"#2"},"west":{"uv":[8.375,11.375,8.125,14.625],"texture":"#2"},"up":{"uv":[10.75,2.5,11,2.25],"texture":"#2"},"down":{"uv":[1,12.25,1.25,12.5],"texture":"#2"}}},{"from":[24.99,3.01611,11.85261],"to":[26.99,17.01611,12.85261],"rotation":{"angle":45,"axis":"x","origin":[8,11.86567,6.75]},"faces":{"north":{"uv":[11.125,7.5,10.875,9.25],"texture":"#2"},"east":{"uv":[12.25,6.75,12.125,8.5],"texture":"#2"},"south":{"uv":[11.875,0.5,11.625,2.25],"texture":"#2"},"west":{"uv":[12.125,6.75,12,8.5],"texture":"#2"},"up":{"uv":[10.875,9.375,11.125,9.25],"texture":"#2"},"down":{"uv":[11.5,5.875,11.75,6],"texture":"#2"}}},{"from":[-10.99,3.01611,11.85261],"to":[-8.99,17.01611,12.85261],"rotation":{"angle":45,"axis":"x","origin":[8,11.86567,6.75]},"faces":{"north":{"uv":[12,3.75,11.75,5.5],"texture":"#2"},"east":{"uv":[9.5,12.125,9.375,13.875],"texture":"#2"},"south":{"uv":[12,7.5,11.75,9.25],"texture":"#2"},"west":{"uv":[9.375,12.125,9.25,13.875],"texture":"#2"},"up":{"uv":[1.625,12.375,1.875,12.25],"texture":"#2"},"down":{"uv":[1.875,12.25,2.125,12.375],"texture":"#2"}}},{"from":[-3,-11.25165,-3.36428],"to":[-1,5.74835,-2.36428],"rotation":{"angle":-45,"axis":"x","origin":[8,11.86567,6.75]},"faces":{"north":{"uv":[11,11.375,10.75,13.5],"texture":"#2"},"east":{"uv":[11.125,11.375,11,13.5],"texture":"#2"},"south":{"uv":[11.75,3.75,11.5,5.875],"texture":"#2"},"west":{"uv":[3.625,9.75,3.5,11.875],"texture":"#2"},"up":{"uv":[2.125,12.375,2.375,12.25],"texture":"#2"},"down":{"uv":[12.25,2.25,12.5,2.375],"texture":"#2"}}},{"from":[17,-11.25165,-3.36428],"to":[19,5.74835,-2.36428],"rotation":{"angle":-45,"axis":"x","origin":[8,11.86567,6.75]},"faces":{"north":{"uv":[11.75,7.5,11.5,9.625],"texture":"#2"},"east":{"uv":[11.75,11.75,11.625,13.875],"texture":"#2"},"south":{"uv":[11.75,9.625,11.5,11.75],"texture":"#2"},"west":{"uv":[11.625,11.75,11.5,13.875],"texture":"#2"},"up":{"uv":[2.375,12.375,2.625,12.25],"texture":"#2"},"down":{"uv":[12.25,2.375,12.5,2.5],"texture":"#2"}}},{"from":[15,22,4],"to":[21,24,10],"rotation":{"angle":0,"axis":"y","origin":[8,11.86567,6.75]},"faces":{"north":{"uv":[4.375,4.75,3.625,5],"texture":"#2"},"east":{"uv":[12.75,5.25,12,5.5],"texture":"#2"},"south":{"uv":[12.625,2,11.875,2.25],"texture":"#2"},"west":{"uv":[12.375,2.75,11.625,3],"texture":"#2"},"up":{"uv":[11.25,7.5,12,6.75],"texture":"#2"},"down":{"uv":[9.25,11.375,10,12.125],"texture":"#2"}}},{"from":[-9,17,4],"to":[-8,20,9],"rotation":{"angle":0,"axis":"y","origin":[8,11.86567,6.75]},"faces":{"north":{"uv":[11.125,2,11,2.375],"texture":"#2"},"east":{"uv":[12.625,4.125,12,4.5],"texture":"#2"},"south":{"uv":[1.375,12.25,1.25,12.625],"texture":"#2"},"west":{"uv":[12.625,3.75,12,4.125],"texture":"#2"},"up":{"uv":[0.75,12.875,0.875,12.25],"texture":"#2"},"down":{"uv":[0.875,12.25,1,12.875],"texture":"#2"}}},{"from":[-9,12,4],"to":[-8,15,10],"rotation":{"angle":0,"axis":"y","origin":[8,11.86567,6.75]},"faces":{"north":{"uv":[1.5,12.25,1.375,12.625],"texture":"#2"},"east":{"uv":[5.5,11.875,4.75,12.25],"texture":"#2"},"south":{"uv":[1.625,12.25,1.5,12.625],"texture":"#2"},"west":{"uv":[4.75,11.875,4,12.25],"texture":"#2"},"up":{"uv":[10.5,12.875,10.625,12.125],"texture":"#2"},"down":{"uv":[10.625,12.125,10.75,12.875],"texture":"#2"}}},{"from":[-8.5,11,6],"to":[-8.5,21,14],"rotation":{"angle":0,"axis":"y","origin":[8,11.86567,6.75]},"faces":{"north":{"uv":[0,0,0,1.25],"texture":"#2"},"east":{"uv":[11.25,3.75,10.25,5],"texture":"#2"},"south":{"uv":[0,0,0,1.25],"texture":"#2"},"west":{"uv":[11.25,2.5,10.25,3.75],"texture":"#2"},"up":{"uv":[0,1,0,0],"texture":"#2"},"down":{"uv":[0,0,0,1],"texture":"#2"}}},{"from":[16,24,5],"to":[20,31,9],"rotation":{"angle":0,"axis":"y","origin":[8,11.86567,6.75]},"faces":{"north":{"uv":[12.25,9.25,11.75,10.125],"texture":"#2"},"east":{"uv":[12.375,0.5,11.875,1.375],"texture":"#2"},"south":{"uv":[12.25,11,11.75,11.875],"texture":"#2"},"west":{"uv":[12.25,10.125,11.75,11],"texture":"#2"},"up":{"uv":[5.625,12.375,6.125,11.875],"texture":"#2"},"down":{"uv":[6.125,11.875,6.625,12.375],"texture":"#2"}}},{"from":[15,26,14],"to":[21,32,16],"rotation":{"angle":0,"axis":"y","origin":[8,11.86567,6.75]},"faces":{"north":{"uv":[10.75,11.375,10,12.125],"texture":"#2"},"east":{"uv":[9.75,12.125,9.5,12.875],"texture":"#2"},"south":{"uv":[12.25,3,11.5,3.75],"texture":"#2"},"west":{"uv":[12.25,8.5,12,9.25],"texture":"#2"},"up":{"uv":[9.75,12.375,10.5,12.125],"texture":"#2"},"down":{"uv":[0,12.25,0.75,12.5],"texture":"#2"}}},{"from":[16,27,9],"to":[20,31,14],"rotation":{"angle":0,"axis":"y","origin":[8,11.86567,6.75]},"faces":{"north":{"uv":[7.125,11.875,6.625,12.375],"texture":"#2"},"east":{"uv":[12.375,5.5,11.75,6],"texture":"#2"},"south":{"uv":[12.25,11.875,11.75,12.375],"texture":"#2"},"west":{"uv":[12.25,2.25,11.625,2.75],"texture":"#2"},"up":{"uv":[11.875,2,12.375,1.375],"texture":"#2"},"down":{"uv":[3.5,11.875,4,12.5],"texture":"#2"}}},{"name":"fan","from":[6,4,-0.75],"to":[22,20,-0.75],"rotation":{"angle":0,"axis":"y","origin":[8,11.86567,6.75]},"faces":{"north":{"uv":[8,8,16,16],"texture":"#3"},"east":{"uv":[0,0,0,4],"texture":"#3"},"south":{"uv":[0,1.5,0,4],"texture":"#3"},"west":{"uv":[0,0,0,4],"texture":"#3"},"up":{"uv":[0,0,4,0],"texture":"#3"},"down":{"uv":[0,0,4,0],"texture":"#3"}}},{"name":"fan","from":[5.59468,1.69367,-0.75],"to":[21.59468,17.69367,-0.75],"rotation":{"angle":22.5,"axis":"z","origin":[8,11.86567,6.75]},"faces":{"north":{"uv":[0,0,8,8],"texture":"#3"},"east":{"uv":[0,0,0,4],"texture":"#3"},"south":{"uv":[0,1.5,0,5.5],"texture":"#3"},"west":{"uv":[0,0,0,4],"texture":"#3"},"up":{"uv":[0,0,4,0],"texture":"#3"},"down":{"uv":[0,0,4,0],"texture":"#3"}}},{"name":"fan","from":[5.49187,6.28588,-0.75],"to":[21.49187,22.28588,-0.75],"rotation":{"angle":-22.5,"axis":"z","origin":[8,11.86567,6.75]},"faces":{"north":{"uv":[0,8,8,16],"texture":"#3"},"east":{"uv":[0,0,0,4],"texture":"#3"},"south":{"uv":[0,1,0,5],"texture":"#3"},"west":{"uv":[0,0,0,4],"texture":"#3"},"up":{"uv":[0,0,4,0],"texture":"#3"},"down":{"uv":[0,0,4,0],"texture":"#3"}}},{"name":"fan","from":[4.33763,-0.28199,-0.75],"to":[20.33763,15.71801,-0.75],"shade":false,"rotation":{"angle":45,"axis":"z","origin":[8,11.86567,6.75]},"faces":{"north":{"uv":[8,0,16,8],"texture":"#3"},"east":{"uv":[0,0,0,4],"texture":"#3"},"south":{"uv":[0,9.5,0,13.5],"texture":"#3"},"west":{"uv":[0,0,0,4],"texture":"#3"},"up":{"uv":[0,0,4,0],"texture":"#3"},"down":{"uv":[0,0,4,0],"texture":"#3"}}}],"gui_light":"front","display":{"thirdperson_righthand":{"rotation":[68,16,0],"translation":[-0.75,1.75,1.5],"scale":[0.22578,0.22578,0.22578]},"thirdperson_lefthand":{"rotation":[68,16,0],"translation":[-0.75,1.75,1.5],"scale":[0.22578,0.22578,0.22578]},"firstperson_righthand":{"rotation":[0,5,0],"translation":[1.75,2.5,0.25],"scale":[0.3,0.3,0.3]},"firstperson_lefthand":{"rotation":[0,5,0],"translation":[1.75,2.5,0.25],"scale":[0.3,0.3,0.3]},"ground":{"translation":[0,2.75,0],"scale":[0.39,0.39,0.39]},"gui":{"rotation":[30,-135,0],"translation":[0,-0.75,0],"scale":[0.25,0.25,0.25]},"head":{"translation":[-0.5,-14.25,0],"scale":[2.285,2.285,2.285]},"fixed":{"rotation":[-90,-90,0],"translation":[0,16,-16],"scale":[2,2,2]}},"groups":[{"name":"air_conditioner","origin":[0,0,0],"color":0,"children":[0,1,2,3,4,5,6,7,8,9,10,11,12,13,14,15,16,17,18,19,20]},{"name":"fan","origin":[6,12,15.25],"color":0,"children":[21,22,23,24]}]}