{"credit":"Made with Blockbench","textures":{"2":"custom/general/decoration/city/street_light_modern_light_base","3":"custom/general/decoration/city/street_light_modern","4":"custom/general/decoration/city/street_light_modern_light_e","particle":"custom/general/decoration/city/street_light_modern_light_base_e"},"elements":[{"from":[7.48964,-16,7.46826],"to":[8.48964,17.5,8.46826],"rotation":{"angle":0,"axis":"y","origin":[8.025,11.08944,-0.75]},"faces":{"north":{"uv":[0,0,0.25,8.375],"texture":"#3"},"east":{"uv":[0.25,0,0.5,8.375],"texture":"#3"},"south":{"uv":[0.5,0,0.75,8.375],"texture":"#3"},"west":{"uv":[0.75,0,1,8.375],"texture":"#3"},"up":{"uv":[3,2.75,2.75,2.5],"texture":"#3"},"down":{"uv":[2.75,3,2.5,3.25],"texture":"#3"}}},{"from":[7.51464,19.61411,-5.83002],"to":[8.46464,20.61411,5.16998],"rotation":{"angle":22.5,"axis":"x","origin":[8.025,11.08944,-0.75]},"faces":{"north":{"uv":[3.25,2.75,3,2.5],"rotation":180,"texture":"#3"},"east":{"uv":[2,0,2.25,2.75],"rotation":90,"texture":"#3"},"south":{"uv":[3,3,2.75,3.25],"texture":"#3"},"west":{"uv":[2.5,0,2.75,2.75],"rotation":270,"texture":"#3"},"up":{"uv":[2.25,0,2.5,2.75],"texture":"#3"},"down":{"uv":[1.75,0,2,2.75],"rotation":180,"texture":"#3"}}},{"from":[6.48964,20.92889,-8.42863],"to":[9.48964,21.92889,-1.92863],"rotation":{"angle":0,"axis":"y","origin":[8.025,11.08944,-0.75]},"faces":{"north":{"uv":[3,3,2.25,2.75],"rotation":180,"texture":"#3"},"east":{"uv":[1.75,2.75,2,4.375],"rotation":90,"texture":"#3"},"south":{"uv":[3.5,2.25,2.75,2.5],"texture":"#3"},"west":{"uv":[2,2.75,2.25,4.375],"rotation":270,"texture":"#3"},"up":{"uv":[1,1.625,1.75,3.25],"texture":"#3"},"down":{"uv":[1,0,1.75,1.625],"rotation":180,"texture":"#3"}}},{"from":[6.98964,20.42889,-7.92863],"to":[8.98964,20.92889,-3.42863],"rotation":{"angle":0,"axis":"y","origin":[8.025,11.08944,-0.75]},"faces":{"north":{"uv":[4,2,6,2.5],"texture":"#4"},"east":{"uv":[4,0,8.5,0.5],"texture":"#4"},"south":{"uv":[4,3,6,3.5],"texture":"#4"},"west":{"uv":[4,1,8.5,1.5],"texture":"#4"},"up":{"uv":[2,4.5,0,0],"texture":"#4"},"down":{"uv":[4,0,2,4.5],"texture":"#4"}}},{"from":[6.48964,16.21097,-9.52008],"to":[9.48964,16.21097,-5.52008],"rotation":{"angle":45,"axis":"x","origin":[8.025,11.08944,-0.75]},"faces":{"north":{"uv":[3,0,0,0],"texture":"#2"},"east":{"uv":[0,0,0,4],"rotation":270,"texture":"#2"},"south":{"uv":[3,0,0,0],"rotation":180,"texture":"#2"},"west":{"uv":[0,0,0,4],"rotation":90,"texture":"#2"},"up":{"uv":[8,4,11,8],"rotation":180,"texture":"#2"},"down":{"uv":[8,0,11,4],"texture":"#2"}}},{"from":[6.48964,23.16848,-3.00044],"to":[9.48964,23.16848,0.99956],"rotation":{"angle":-45,"axis":"x","origin":[8.025,11.08944,-0.75]},"faces":{"north":{"uv":[3,0,0,0],"texture":"#2"},"east":{"uv":[0,0,0,4],"rotation":90,"texture":"#2"},"south":{"uv":[3,0,0,0],"rotation":180,"texture":"#2"},"west":{"uv":[0,0,0,4],"rotation":270,"texture":"#2"},"up":{"uv":[8,8,11,12],"texture":"#2"},"down":{"uv":[0,9,3,13],"rotation":180,"texture":"#2"}}},{"from":[10.2083,18.89775,-7.9047],"to":[14.2083,18.89775,-3.4047],"rotation":{"angle":45,"axis":"z","origin":[8.025,11.08944,-0.75]},"faces":{"north":{"uv":[4,0,0,0],"rotation":180,"texture":"#2"},"east":{"uv":[0,0,0,4.5],"rotation":90,"texture":"#2"},"south":{"uv":[4,0,0,0],"texture":"#2"},"west":{"uv":[0,0,0,4.5],"rotation":270,"texture":"#2"},"up":{"uv":[4,0,8,4.5],"texture":"#2"},"down":{"uv":[0,0,4,4.5],"rotation":180,"texture":"#2"}}},{"from":[1.8917,18.84775,-7.9047],"to":[5.8917,18.84775,-3.4047],"rotation":{"angle":-45,"axis":"z","origin":[8.025,11.08944,-0.75]},"faces":{"north":{"uv":[4,0,0,0],"rotation":180,"texture":"#2"},"east":{"uv":[0,0,0,4.5],"rotation":90,"texture":"#2"},"south":{"uv":[4,0,0,0],"texture":"#2"},"west":{"uv":[0,0,0,4.5],"rotation":270,"texture":"#2"},"up":{"uv":[4,4.5,8,9],"texture":"#2"},"down":{"uv":[0,4.5,4,9],"rotation":180,"texture":"#2"}}}],"gui_light":"front","display":{"thirdperson_righthand":{"rotation":[60,0,0],"translation":[0,0,1.75],"scale":[0.48438,0.48438,0.48438]},"thirdperson_lefthand":{"rotation":[60,0,0],"translation":[0,0,1.75],"scale":[0.48438,0.48438,0.48438]},"firstperson_righthand":{"rotation":[13,12,9],"translation":[4,5,0.75],"scale":[0.35352,0.35352,0.35352]},"firstperson_lefthand":{"rotation":[13,12,9],"translation":[4,5,0.75],"scale":[0.35352,0.35352,0.35352]},"ground":{"translation":[0,6.25,0],"scale":[0.32227,0.32227,0.32227]},"gui":{"rotation":[30,-135,0],"translation":[-0.5,3,0],"scale":[0.48242,0.48242,0.48242]},"head":{"translation":[0,33.5,0],"scale":[3.2,3.2,3.2]},"fixed":{"rotation":[-90,-90,0],"translation":[0,0,-80],"scale":[4,4,4]}},"groups":[{"name":"street_light","origin":[7.96464,13.13856,9.60729],"color":0,"children":[0,1,2,3,4,5,6,7]}]}