{"credit":"Made by LZLeon with Blockbench, Contact - Discord: LZBlocks#0261 - E-Mail: lzblocks@outlook.com","texture_size":[64,64],"textures":{"1":"custom/general/decoration/collectibles/garden_gnome/gardengnome_toad","particle":"custom/general/decoration/collectibles/garden_gnome/gardengnome_toad"},"elements":[{"from":[4,3,5],"to":[12,10,12],"rotation":{"angle":0,"axis":"y","origin":[0,2,5]},"faces":{"north":{"uv":[0,8,2,9.75],"texture":"#1"},"east":{"uv":[8,3.5,9.75,5.25],"texture":"#1"},"south":{"uv":[8,0,10,1.75],"texture":"#1"},"west":{"uv":[4,8,5.75,9.75],"texture":"#1"},"up":{"uv":[10,3.5,8,1.75],"texture":"#1"},"down":{"uv":[4,8,2,9.75],"texture":"#1"}}},{"from":[12,4,7],"to":[15,10,10],"rotation":{"angle":22.5,"axis":"x","origin":[13.5,8.5,8.5]},"faces":{"north":{"uv":[3.25,9.75,4,11.25],"texture":"#1"},"east":{"uv":[9.75,3.5,10.5,5],"texture":"#1"},"south":{"uv":[4,9.75,4.75,11.25],"texture":"#1"},"west":{"uv":[4.75,9.75,5.5,11.25],"texture":"#1"},"up":{"uv":[8.75,6,8,5.25],"texture":"#1"},"down":{"uv":[10.75,0,10,0.75],"texture":"#1"}}},{"from":[4,10,5],"to":[12,18,13],"rotation":{"angle":0,"axis":"y","origin":[0,2,5]},"faces":{"north":{"uv":[6,0,8,2],"texture":"#1"},"east":{"uv":[6,2,8,4],"texture":"#1"},"south":{"uv":[3,6,5,8],"texture":"#1"},"west":{"uv":[6,4,8,6],"texture":"#1"},"up":{"uv":[7,8,5,6],"texture":"#1"},"down":{"uv":[9,6,7,8],"texture":"#1"}}},{"from":[3.5,7.27165,3.66165],"to":[12.5,12.27165,8.66165],"rotation":{"angle":22.5,"axis":"x","origin":[8.5,10.27165,6.16165]},"faces":{"north":{"uv":[5.75,8,8,9.25],"texture":"#1"},"east":{"uv":[5.75,9.25,7,10.5],"texture":"#1"},"south":{"uv":[8,8,10.25,9.25],"texture":"#1"},"west":{"uv":[7,9.25,8.25,10.5],"texture":"#1"},"up":{"uv":[11.25,6.5,9,5.25],"texture":"#1"},"down":{"uv":[11.25,6.5,9,7.75],"texture":"#1"}}},{"from":[3.5,12.27165,4.66165],"to":[4.5,15.27165,7.66165],"rotation":{"angle":22.5,"axis":"x","origin":[8.5,10.27165,6.16165]},"faces":{"north":{"uv":[8.75,5.25,9,6],"texture":"#1"},"east":{"uv":[10,0.75,10.75,1.5],"texture":"#1"},"south":{"uv":[5.5,9.75,5.75,10.5],"texture":"#1"},"west":{"uv":[10,1.5,10.75,2.25],"texture":"#1"},"up":{"uv":[10,10.75,9.75,10],"texture":"#1"},"down":{"uv":[10.25,10,10,10.75],"texture":"#1"}}},{"from":[11.5,12.27165,4.66165],"to":[12.5,15.27165,7.66165],"rotation":{"angle":22.5,"axis":"x","origin":[7.5,10.27165,6.16165]},"faces":{"north":{"uv":[10.25,7.75,10.5,8.5],"texture":"#1"},"east":{"uv":[9,10,9.75,10.75],"texture":"#1"},"south":{"uv":[10.25,8.5,10.5,9.25],"texture":"#1"},"west":{"uv":[10,9.25,10.75,10],"texture":"#1"},"up":{"uv":[10.5,10.75,10.25,10],"texture":"#1"},"down":{"uv":[0.25,10.5,0,11.25],"texture":"#1"}}},{"from":[9,0,4],"to":[12,3,11],"rotation":{"angle":-22.5,"axis":"y","origin":[10,1,8.5]},"faces":{"north":{"uv":[10,2.25,10.75,3],"texture":"#1"},"east":{"uv":[8.25,9.25,10,10],"texture":"#1"},"south":{"uv":[8.25,10,9,10.75],"texture":"#1"},"west":{"uv":[0,9.75,1.75,10.5],"texture":"#1"},"up":{"uv":[2.5,11.5,1.75,9.75],"texture":"#1"},"down":{"uv":[3.25,9.75,2.5,11.5],"texture":"#1"}}},{"from":[1,4,7],"to":[4,10,10],"rotation":{"angle":22.5,"axis":"x","origin":[2.5,8.5,8.5]},"faces":{"north":{"uv":[4,9.75,3.25,11.25],"texture":"#1"},"east":{"uv":[5.5,9.75,4.75,11.25],"texture":"#1"},"south":{"uv":[4.75,9.75,4,11.25],"texture":"#1"},"west":{"uv":[10.5,3.5,9.75,5],"texture":"#1"},"up":{"uv":[8,6,8.75,5.25],"texture":"#1"},"down":{"uv":[10,0,10.75,0.75],"texture":"#1"}}},{"from":[4,0,4],"to":[7,3,11],"rotation":{"angle":22.5,"axis":"y","origin":[6,0,8.5]},"faces":{"north":{"uv":[10.75,2.25,10,3],"texture":"#1"},"east":{"uv":[1.75,9.75,0,10.5],"texture":"#1"},"south":{"uv":[9,10,8.25,10.75],"texture":"#1"},"west":{"uv":[10,9.25,8.25,10],"texture":"#1"},"up":{"uv":[1.75,11.5,2.5,9.75],"texture":"#1"},"down":{"uv":[2.5,9.75,3.25,11.5],"texture":"#1"}}},{"from":[2,16.5,3.7],"to":[14,24.5,15.7],"rotation":{"angle":22.5,"axis":"x","origin":[5,18,5]},"faces":{"north":{"uv":[3,0,6,2],"texture":"#1"},"east":{"uv":[3,2,6,4],"texture":"#1"},"south":{"uv":[3,4,6,6],"texture":"#1"},"west":{"uv":[0,6,3,8],"texture":"#1"},"up":{"uv":[3,3,0,0],"texture":"#1"},"down":{"uv":[3,3,0,6],"texture":"#1"}}}],"display":{"thirdperson_righthand":{"rotation":[60,20,0],"translation":[-0.75,0.75,0],"scale":[0.4,0.4,0.4]},"thirdperson_lefthand":{"rotation":[60,20,0],"translation":[-0.75,0.75,0],"scale":[0.4,0.4,0.4]},"firstperson_righthand":{"rotation":[0,-73,6],"translation":[0.5,1.75,0],"scale":[-0.4,0.4,-0.4]},"firstperson_lefthand":{"rotation":[0,-73,6],"translation":[0.5,1.75,0],"scale":[-0.4,0.4,-0.4]},"ground":{"translation":[0,1.5,0],"scale":[0.5,0.5,0.5]},"gui":{"rotation":[30,-135,0],"translation":[0,-2.25,0],"scale":[0.5,0.5,0.5]},"head":{"translation":[0,-30.4,0],"scale":[-1.6,1.6,-1.6]},"fixed":{"rotation":[-90,90,0],"translation":[0,0,-16],"scale":[-2,2,-2]}}}