{"credit":"Made with Blockbench","texture_size":[64,64],"textures":{"0":"custom/general/cosmetics/back/chestpack","particle":"custom/general/cosmetics/back/chestpack"},"elements":[{"name":"chest_bottom","from":[1,0,1],"to":[15,10,15],"rotation":{"angle":0,"axis":"y","origin":[8,8.75,8]},"faces":{"north":{"uv":[3.5,8.25,7,10.75],"rotation":180,"texture":"#0"},"east":{"uv":[0,8.25,3.5,10.75],"rotation":180,"texture":"#0"},"south":{"uv":[10.5,8.25,14,10.75],"rotation":180,"texture":"#0"},"west":{"uv":[7,8.25,10.5,10.75],"rotation":180,"texture":"#0"},"up":{"uv":[7,4.75,10.5,8.25],"texture":"#0"},"down":{"uv":[3.5,4.75,7,8.25],"rotation":180,"texture":"#0"}}},{"name":"chest_top","from":[1,9,1],"to":[15,14,15],"rotation":{"angle":0,"axis":"y","origin":[8,7.75,8]},"faces":{"north":{"uv":[3.5,3.5,7,4.75],"rotation":180,"texture":"#0"},"east":{"uv":[0,3.5,3.5,4.75],"rotation":180,"texture":"#0"},"south":{"uv":[10.5,3.5,14,4.75],"rotation":180,"texture":"#0"},"west":{"uv":[7,3.5,10.5,4.75],"rotation":180,"texture":"#0"},"up":{"uv":[10.5,0,7,3.5],"rotation":180,"texture":"#0"},"down":{"uv":[3.5,0,7,3.5],"texture":"#0"}}},{"name":"latch","from":[7,7,15],"to":[9,11,16],"rotation":{"angle":0,"axis":"y","origin":[8,9,15.5]},"faces":{"north":{"uv":[0.25,0.25,0.75,1.25],"rotation":180,"texture":"#0"},"east":{"uv":[1,0.25,1.25,1.25],"rotation":180,"texture":"#0"},"south":{"uv":[0.25,0.25,0.75,1.25],"rotation":180,"texture":"#0"},"west":{"uv":[0.5,0.25,0.75,1.25],"rotation":180,"texture":"#0"},"up":{"uv":[0.25,0,0.75,0.25],"texture":"#0"},"down":{"uv":[0.75,0,1.25,0.25],"rotation":180,"texture":"#0"}}},{"name":"rope","from":[0,-1,6.5],"to":[16,15,9.5],"rotation":{"angle":0,"axis":"y","origin":[8,7,8]},"faces":{"north":{"uv":[0,11,4,15],"rotation":90,"texture":"#0"},"east":{"uv":[5.25,11,6,15],"texture":"#0"},"south":{"uv":[0,11,4,15],"texture":"#0"},"west":{"uv":[4.25,11,5,15],"texture":"#0"},"up":{"uv":[0,15.25,4,16],"texture":"#0"},"down":{"uv":[4.25,15.25,8.25,16],"texture":"#0"}}}],"display":{"thirdperson_righthand":{"rotation":[75,-135,0],"translation":[0,2.5,0],"scale":[0.375,0.375,0.375]},"thirdperson_lefthand":{"rotation":[75,-135,0],"translation":[0,2.5,0],"scale":[0.375,0.375,0.375]},"firstperson_righthand":{"rotation":[0,-45,0],"scale":[0.4,0.4,0.4]},"firstperson_lefthand":{"rotation":[0,-45,0],"scale":[0.4,0.4,0.4]},"ground":{"translation":[0,3,0],"scale":[0.25,0.25,0.25]},"gui":{"rotation":[30,45,0],"scale":[0.625,0.625,0.625]},"head":{"rotation":[5,0,0],"translation":[0,-17,14.25],"scale":[1.6,1.6,1.6]},"fixed":{"rotation":[0,90,0],"translation":[0,0,-3.5],"scale":[0.5,0.5,0.5]}},"groups":[{"name":"chest_backpack","origin":[1,0,1],"color":0,"children":[0,1,2,3]}]}