{"credit":"Made with Blockbench","texture_size":[32,32],"textures":{"0":"custom/general/cosmetics/back/heart_teddy_bag","particle":"custom/general/cosmetics/back/heart_teddy_bag"},"elements":[{"name":"ours","from":[5.5,6.4,4.2],"to":[10.5,11.4,9.2],"rotation":{"angle":-22.5,"axis":"x","origin":[6.75,9,9]},"faces":{"north":{"uv":[0,11,2.5,13.5],"texture":"#0"},"east":{"uv":[11,3,13.5,5.5],"texture":"#0"},"south":{"uv":[10,11,12.5,13.5],"texture":"#0"},"west":{"uv":[12,0,14.5,2.5],"texture":"#0"},"up":{"uv":[5,14.5,2.5,12],"texture":"#0"},"down":{"uv":[7.5,12,5,14.5],"texture":"#0"}}},{"name":"ours","from":[6,3,5.8],"to":[10,6,8.8],"rotation":{"angle":0,"axis":"y","origin":[1,0,-5]},"faces":{"north":{"uv":[11,5.5,13,7],"texture":"#0"},"east":{"uv":[13,5.5,14.5,7],"texture":"#0"},"south":{"uv":[7.5,12,9.5,13.5],"texture":"#0"},"west":{"uv":[13,7,14.5,8.5],"texture":"#0"},"up":{"uv":[14.5,12.5,12.5,11],"texture":"#0"},"down":{"uv":[14.5,12.5,12.5,14],"texture":"#0"}}},{"name":"ours","from":[5,1.1,5.5],"to":[7,3.1,8.5],"rotation":{"angle":45,"axis":"x","origin":[7,1.3,8]},"faces":{"north":{"uv":[12.5,14,13.5,15],"texture":"#0"},"east":{"uv":[2.5,11,4,12],"texture":"#0"},"south":{"uv":[13.5,14,14.5,15],"texture":"#0"},"west":{"uv":[13,9.5,14.5,10.5],"texture":"#0"},"up":{"uv":[14.5,4,13.5,2.5],"texture":"#0"},"down":{"uv":[14.5,4,13.5,5.5],"texture":"#0"}}},{"name":"ours","from":[5,3.8,6.5],"to":[7,5.8,10.5],"rotation":{"angle":22.5,"axis":"y","origin":[6,4.1,8.5]},"faces":{"north":{"uv":[14.5,0,15.5,1],"texture":"#0"},"east":{"uv":[8,7,10,8],"texture":"#0"},"south":{"uv":[14.5,1,15.5,2],"texture":"#0"},"west":{"uv":[13,8.5,15,9.5],"texture":"#0"},"up":{"uv":[1,15.5,0,13.5],"texture":"#0"},"down":{"uv":[2,13.5,1,15.5],"texture":"#0"}}},{"name":"ours","from":[4.5,10.4,7.2],"to":[6.5,12.4,8.2],"rotation":{"angle":-22.5,"axis":"x","origin":[6.75,9,9]},"faces":{"north":{"uv":[2,14.5,3,15.5],"texture":"#0"},"east":{"uv":[2,13.5,2.5,14.5],"texture":"#0"},"south":{"uv":[14.5,2,15.5,3],"texture":"#0"},"west":{"uv":[14.5,3,15,4],"texture":"#0"},"up":{"uv":[4.5,15,3.5,14.5],"texture":"#0"},"down":{"uv":[15.5,4,14.5,4.5],"texture":"#0"}}},{"name":"ours","from":[9.5,10.4,7.2],"to":[11.5,12.4,8.2],"rotation":{"angle":-22.5,"axis":"x","origin":[9.25,9,9]},"faces":{"north":{"uv":[3,14.5,2,15.5],"texture":"#0"},"east":{"uv":[15,3,14.5,4],"texture":"#0"},"south":{"uv":[15.5,2,14.5,3],"texture":"#0"},"west":{"uv":[2.5,13.5,2,14.5],"texture":"#0"},"up":{"uv":[3.5,15,4.5,14.5],"texture":"#0"},"down":{"uv":[14.5,4,15.5,4.5],"texture":"#0"}}},{"name":"ours","from":[9,3.8,6.5],"to":[11,5.8,10.5],"rotation":{"angle":-22.5,"axis":"y","origin":[10,4.1,8.5]},"faces":{"north":{"uv":[15.5,0,14.5,1],"texture":"#0"},"east":{"uv":[15,8.5,13,9.5],"texture":"#0"},"south":{"uv":[15.5,1,14.5,2],"texture":"#0"},"west":{"uv":[10,7,8,8],"texture":"#0"},"up":{"uv":[0,15.5,1,13.5],"texture":"#0"},"down":{"uv":[1,13.5,2,15.5],"texture":"#0"}}},{"name":"ours","from":[9,1.1,5.5],"to":[11,3.1,8.5],"rotation":{"angle":45,"axis":"x","origin":[9,1.3,8]},"faces":{"north":{"uv":[13.5,14,12.5,15],"texture":"#0"},"east":{"uv":[14.5,9.5,13,10.5],"texture":"#0"},"south":{"uv":[14.5,14,13.5,15],"texture":"#0"},"west":{"uv":[4,11,2.5,12],"texture":"#0"},"up":{"uv":[13.5,4,14.5,2.5],"texture":"#0"},"down":{"uv":[13.5,4,14.5,5.5],"texture":"#0"}}},{"name":"ours","from":[6.5,6.4,9.2],"to":[9.5,8.4,10.2],"rotation":{"angle":-22.5,"axis":"x","origin":[6.75,9,9]},"faces":{"north":{"uv":[7.5,13.5,9,14.5],"texture":"#0"},"east":{"uv":[4.5,14.5,5,15.5],"texture":"#0"},"south":{"uv":[9,13.5,10.5,14.5],"texture":"#0"},"west":{"uv":[14.5,4.5,15,5.5],"texture":"#0"},"up":{"uv":[13.5,3,12,2.5],"texture":"#0"},"down":{"uv":[14.5,10.5,13,11],"texture":"#0"}}},{"name":"ours","from":[7.2,1.3,10.2],"to":[9.2,4.3,11.2],"rotation":{"angle":45,"axis":"z","origin":[5.75,3.25,11.5]},"faces":{"north":{"uv":[10.5,13.5,11.5,15],"texture":"#0"},"east":{"uv":[9.5,12,10,13.5],"texture":"#0"},"south":{"uv":[11.5,13.5,12.5,15],"texture":"#0"},"west":{"uv":[3,14.5,3.5,16],"texture":"#0"},"up":{"uv":[6,15,5,14.5],"texture":"#0"},"down":{"uv":[15.5,5.5,14.5,6],"texture":"#0"}}},{"name":"ours","from":[9.2,1.3,10.2],"to":[10.2,3.3,11.2],"rotation":{"angle":45,"axis":"z","origin":[5.75,3.25,11.5]},"faces":{"north":{"uv":[6,14.5,6.5,15.5],"texture":"#0"},"east":{"uv":[14.5,6,15,7],"texture":"#0"},"south":{"uv":[6.5,14.5,7,15.5],"texture":"#0"},"west":{"uv":[7,14.5,7.5,15.5],"texture":"#0"},"up":{"uv":[15,7.5,14.5,7],"texture":"#0"},"down":{"uv":[8,14.5,7.5,15],"texture":"#0"}}},{"name":"sangle","from":[4,10.5,0.5],"to":[12,10.5,5.5],"rotation":{"angle":0,"axis":"y","origin":[8.02552,6.14498,3.95]},"faces":{"north":{"uv":[0,0,4,0],"texture":"#0"},"east":{"uv":[0,0,3,0],"texture":"#0"},"south":{"uv":[0,0,4,0],"texture":"#0"},"west":{"uv":[0,0,3,0],"texture":"#0"},"up":{"uv":[4,10.5,0,8],"texture":"#0"},"down":{"uv":[12,0,8,2.5],"texture":"#0"}}},{"name":"sangle","from":[4,2.5,0.5],"to":[4,10.5,5.5],"rotation":{"angle":0,"axis":"y","origin":[8.02552,6.14498,3.95]},"faces":{"north":{"uv":[0,0,0,4],"texture":"#0"},"east":{"uv":[7.5,8,10,12],"texture":"#0"},"south":{"uv":[0,0,0,4],"texture":"#0"},"west":{"uv":[10,7,12.5,11],"texture":"#0"},"up":{"uv":[0,3,0,0],"texture":"#0"},"down":{"uv":[0,0,0,3],"texture":"#0"}}},{"name":"sangle","from":[12,2.5,0.5],"to":[12,10.5,6.5],"rotation":{"angle":0,"axis":"y","origin":[7.97448,6.14498,3.95]},"faces":{"north":{"uv":[0,0,0,4],"texture":"#0"},"east":{"uv":[13,7,10,11],"texture":"#0"},"south":{"uv":[0,0,0,4],"texture":"#0"},"west":{"uv":[10,8,7,12],"texture":"#0"},"up":{"uv":[0,3,0,0],"texture":"#0"},"down":{"uv":[0,0,0,3],"texture":"#0"}}},{"name":"sangle","from":[4,2.5,0.5],"to":[12,10.5,0.5],"rotation":{"angle":0,"axis":"y","origin":[8.02552,6.14498,3.95]},"faces":{"north":{"uv":[0,0,4,4],"texture":"#0"},"east":{"uv":[0,0,0,4],"texture":"#0"},"south":{"uv":[0,4,4,8],"texture":"#0"},"west":{"uv":[0,0,0,4],"texture":"#0"},"up":{"uv":[4,0,0,0],"texture":"#0"},"down":{"uv":[4,0,0,0],"texture":"#0"}}},{"name":"sangle","from":[4,2.5,5.5],"to":[12,10.5,5.5],"rotation":{"angle":0,"axis":"y","origin":[8.02552,6.14498,3.95]},"faces":{"north":{"uv":[4,0,8,4],"texture":"#0"},"east":{"uv":[0,0,0,4],"texture":"#0"},"south":{"uv":[4,4,8,8],"texture":"#0"},"west":{"uv":[0,0,0,4],"texture":"#0"},"up":{"uv":[4,0,0,0],"texture":"#0"},"down":{"uv":[4,0,0,0],"texture":"#0"}}}],"gui_light":"front","display":{"thirdperson_righthand":{"rotation":[0,153,0],"translation":[2.25,1,0],"scale":[0.5,0.5,0.5]},"thirdperson_lefthand":{"rotation":[0,153,0],"translation":[2.25,1,0],"scale":[0.5,0.5,0.5]},"firstperson_righthand":{"rotation":[0,-25,0],"translation":[0,4.75,-1.25]},"firstperson_lefthand":{"rotation":[0,-25,0],"translation":[0,4.75,-1.25]},"ground":{"translation":[0,2.25,0],"scale":[0.5,0.5,0.5]},"gui":{"rotation":[30,45,0],"translation":[2,0.75,0]},"head":{"rotation":[0,-1,0],"translation":[0,-45,8.25],"scale":[1.6,1.6,1.6]}},"groups":[{"name":"group","origin":[8,8,8],"color":0,"children":[0,1,2,3,4,5,6,7,8,9,10,11,12,13,14,15]}]}