{"credit":"Made with Blockbench","textures":{"0":"custom/general/cosmetics/back/pixie_wings","particle":"custom/general/cosmetics/back/pixie_wings"},"elements":[{"from":[-9.5,6,8.5],"to":[5.5,15,8.5],"rotation":{"angle":0,"axis":"z","origin":[5,6.5,8.5]},"faces":{"north":{"uv":[1,0,16,9],"texture":"#0","tintindex":0},"east":{"uv":[0,0,0,16],"texture":"#0","tintindex":0},"south":{"uv":[16,0,1,9],"texture":"#0","tintindex":0},"west":{"uv":[0,0,0,16],"texture":"#0","tintindex":0},"up":{"uv":[0,0,16,0],"texture":"#0","tintindex":0},"down":{"uv":[0,0,16,0],"texture":"#0","tintindex":0}}},{"from":[-1.5,2,8],"to":[5.5,7,8],"rotation":{"angle":22.5,"axis":"z","origin":[6,6.5,8.5]},"faces":{"north":{"uv":[0,11,7,16],"texture":"#0","tintindex":0},"east":{"uv":[0,0,0,16],"texture":"#0","tintindex":0},"south":{"uv":[7,11,0,16],"texture":"#0","tintindex":0},"west":{"uv":[0,0,0,16],"texture":"#0","tintindex":0},"up":{"uv":[0,0,16,0],"texture":"#0","tintindex":0},"down":{"uv":[0,0,16,0],"texture":"#0","tintindex":0}}},{"from":[7.499,6,10.5],"to":[7.499,15,25.5],"rotation":{"angle":0,"axis":"y","origin":[7.499,6.5,11]},"faces":{"north":{"uv":[0,0,0,16],"texture":"#0","tintindex":0},"east":{"uv":[16,0,1,9],"texture":"#0","tintindex":0},"south":{"uv":[0,0,0,16],"texture":"#0","tintindex":0},"west":{"uv":[1,0,16,9],"texture":"#0","tintindex":0},"up":{"uv":[0,0,16,0],"rotation":270,"texture":"#0","tintindex":0},"down":{"uv":[0,0,16,0],"rotation":90,"texture":"#0","tintindex":0}}},{"from":[7.999,2,10.5],"to":[7.999,7,17.5],"rotation":{"angle":22.5,"axis":"x","origin":[7.499,6.5,10]},"faces":{"north":{"uv":[0,0,0,16],"texture":"#0","tintindex":0},"east":{"uv":[7,11,0,16],"texture":"#0","tintindex":0},"south":{"uv":[0,0,0,16],"texture":"#0","tintindex":0},"west":{"uv":[0,11,7,16],"texture":"#0","tintindex":0},"up":{"uv":[0,0,16,0],"rotation":270,"texture":"#0","tintindex":0},"down":{"uv":[0,0,16,0],"rotation":90,"texture":"#0","tintindex":0}}}],"display":{"thirdperson_righthand":{"rotation":[60,-135,0],"translation":[0,-0.5,1.25],"scale":[0.5,0.5,0.5]},"thirdperson_lefthand":{"rotation":[60,135,0],"translation":[0,-0.5,1.25],"scale":[0.5,0.5,0.5]},"firstperson_righthand":{"rotation":[0,-168,0],"translation":[0,2.25,0],"scale":[0.5,0.5,0.5]},"firstperson_lefthand":{"rotation":[0,102,0],"translation":[0,2.25,0],"scale":[0.5,0.5,0.5]},"ground":{"translation":[0,3,0],"scale":[0.5,0.5,0.5]},"gui":{"rotation":[0,45,0],"scale":[0.66016,0.66016,0.66016]},"head":{"rotation":[-5,45,0],"translation":[0,-49,-1],"scale":[1.9,1.9,1.9]},"fixed":{"rotation":[10,-135,0],"translation":[0,2.5,3.75]}}}