{"credit":"by w11shes","textures":{"0":"custom/factions/weapons/ice_staff/ice_staff","particle":"custom/factions/weapons/ice_staff/ice_staff"},"elements":[{"from":[7,-3,7],"to":[9,16,9],"rotation":{"angle":-45,"axis":"y","origin":[8,0,8]},"faces":{"north":{"uv":[0,0,1,9.5],"texture":"#0"},"east":{"uv":[0,0,1,9.5],"texture":"#0"},"south":{"uv":[0,0,1,9.5],"texture":"#0"},"west":{"uv":[0,0,1,9.5],"texture":"#0"}}},{"from":[6,12,6],"to":[10,14,10],"rotation":{"angle":-45,"axis":"y","origin":[8,0,8]},"faces":{"north":{"uv":[4,0,6,1],"texture":"#0"},"east":{"uv":[4,0,6,1],"texture":"#0"},"south":{"uv":[4,0,6,1],"texture":"#0"},"west":{"uv":[4,0,6,1],"texture":"#0"},"up":{"uv":[4,1,6,3],"texture":"#0"},"down":{"uv":[4,3,6,5],"texture":"#0"}}},{"from":[6,16,6],"to":[10,20,10],"rotation":{"angle":-45,"axis":"y","origin":[8,0,8]},"faces":{"north":{"uv":[1,3,3,5],"texture":"#0"},"east":{"uv":[1,3,3,5],"texture":"#0"},"south":{"uv":[1,3,3,5],"texture":"#0"},"west":{"uv":[1,3,3,5],"texture":"#0"},"up":{"uv":[1,5,3,7],"texture":"#0"},"down":{"uv":[3,5,5,7],"texture":"#0"}}},{"from":[6.5,-7,6.5],"to":[9.5,-3,9.5],"rotation":{"angle":-45,"axis":"y","origin":[8,0,8]},"faces":{"north":{"uv":[1,0,2.5,2],"texture":"#0"},"east":{"uv":[1,0,2.5,2],"texture":"#0"},"south":{"uv":[1,0,2.5,2],"texture":"#0"},"west":{"uv":[1,0,2.5,2],"texture":"#0"},"up":{"uv":[2.5,0,4,1.5],"texture":"#0"},"down":{"uv":[2.5,1.5,4,3],"texture":"#0"}}},{"from":[9,17.2,7],"to":[11,24.2,9],"rotation":{"angle":-22.5,"axis":"z","origin":[10,20.2,0]},"faces":{"north":{"uv":[7,0,6,3.5],"texture":"#0"},"east":{"uv":[8,0,9,3.5],"texture":"#0"},"south":{"uv":[6,0,7,3.5],"texture":"#0"},"west":{"uv":[7,0,8,3.5],"texture":"#0"},"up":{"uv":[9,0,10,1],"texture":"#0"}}},{"from":[5,17.2,7],"to":[7,24.2,9],"rotation":{"angle":22.5,"axis":"z","origin":[6,20.2,0]},"faces":{"north":{"uv":[6,0,7,3.5],"texture":"#0"},"east":{"uv":[8,0,7,3.5],"texture":"#0"},"south":{"uv":[7,0,6,3.5],"texture":"#0"},"west":{"uv":[9,0,8,3.5],"texture":"#0"},"up":{"uv":[10,0,9,1],"texture":"#0"}}},{"from":[7,17.2,5],"to":[9,24.2,7],"rotation":{"angle":-22.5,"axis":"x","origin":[0,20.2,6]},"faces":{"north":{"uv":[9,0,8,3.5],"texture":"#0"},"east":{"uv":[6,0,7,3.5],"texture":"#0"},"south":{"uv":[8,0,7,3.5],"texture":"#0"},"west":{"uv":[7,0,6,3.5],"texture":"#0"},"up":{"uv":[10,0,9,1],"rotation":90,"texture":"#0"}}},{"from":[7,17.2,9],"to":[9,24.2,11],"rotation":{"angle":22.5,"axis":"x","origin":[0,20.2,10]},"faces":{"north":{"uv":[7,0,8,3.5],"texture":"#0"},"east":{"uv":[7,0,6,3.5],"texture":"#0"},"south":{"uv":[8,0,9,3.5],"texture":"#0"},"west":{"uv":[6,0,7,3.5],"texture":"#0"},"up":{"uv":[9,0,10,1],"rotation":90,"texture":"#0"}}},{"from":[6,23,6],"to":[10,27,10],"faces":{"north":{"uv":[14,2,16,4],"texture":"#0"},"east":{"uv":[14,2,16,4],"texture":"#0"},"south":{"uv":[14,2,16,4],"texture":"#0"},"west":{"uv":[14,2,16,4],"texture":"#0"},"up":{"uv":[14,0,16,2],"texture":"#0"},"down":{"uv":[12,0,14,2],"texture":"#0"}}},{"from":[10.25,27.25,10.25],"to":[5.75,22.75,5.75],"faces":{"north":{"uv":[10,0,10.5,0.5],"texture":"#0"},"east":{"uv":[10,0,10.5,0.5],"texture":"#0"},"south":{"uv":[10,0,10.5,0.5],"texture":"#0"},"west":{"uv":[10,0,10.5,0.5],"texture":"#0"},"up":{"uv":[10,0,10.5,0.5],"texture":"#0"},"down":{"uv":[10,0,10.5,0.5],"texture":"#0"}}},{"from":[0,25.5,0.5],"to":[16,25.6,16.5],"rotation":{"angle":-22.5,"axis":"x","origin":[8,25.5,8]},"faces":{"up":{"uv":[8,8,16,16],"texture":"#0"},"down":{"uv":[8,16,16,8],"texture":"#0"}}},{"from":[0,25.5,0.5],"to":[16,25.6,16.5],"rotation":{"angle":22.5,"axis":"x","origin":[8,25.5,8]},"faces":{"up":{"uv":[16,16,8,8],"texture":"#0"},"down":{"uv":[16,8,8,16],"texture":"#0"}}}],"gui_light":"front","display":{"thirdperson_righthand":{"rotation":[0,45,0],"translation":[-0.25,-1,1]},"thirdperson_lefthand":{"rotation":[0,45,0],"translation":[-0.25,-1,1]},"firstperson_righthand":{"rotation":[14,110,0],"translation":[1.5,-0.25,-1.25],"scale":[0.6,0.6,0.6]},"firstperson_lefthand":{"rotation":[14,110,0],"translation":[1.5,-0.25,-1.25],"scale":[0.6,0.6,0.6]},"ground":{"translation":[0,6,0],"scale":[0.5,0.5,0.5]},"gui":{"rotation":[-1,-16,-47],"translation":[-0.75,-1,0],"scale":[0.5,0.5,0.5]}}}