{"credit":"by w11shes","textures":{"0":"custom/factions/weapons/fire_staff/fireball","particle":"custom/factions/weapons/fire_staff/fireball"},"elements":[{"from":[4,0,4],"to":[12,8,12],"faces":{"north":{"uv":[0,4,4,8],"texture":"#0"},"east":{"uv":[8,4,4,8],"texture":"#0"},"south":{"uv":[8,0,12,4],"texture":"#0"},"west":{"uv":[4,4,8,8],"texture":"#0"},"up":{"uv":[0,0,4,4],"texture":"#0"},"down":{"uv":[4,0,8,4],"texture":"#0"}}},{"from":[12.5,8.5,12.5],"to":[3.5,-0.5,3.5],"faces":{"north":{"uv":[12,0,12.5,0.5],"texture":"#0"},"east":{"uv":[12,0,12.5,0.5],"texture":"#0"},"south":{"uv":[12,0,12.5,0.5],"texture":"#0"},"west":{"uv":[12,0,12.5,0.5],"texture":"#0"},"up":{"uv":[12,0,12.5,0.5],"texture":"#0"},"down":{"uv":[12,0,12.5,0.5],"texture":"#0"}}},{"from":[8,-0.5,12],"to":[8.02,8.5,30],"rotation":{"angle":-45,"axis":"z","origin":[8,4,12]},"faces":{"east":{"uv":[5,16,14,11.5],"texture":"#0"},"west":{"uv":[14,11.5,5,16],"texture":"#0"}}},{"from":[8,-0.5,12],"to":[8.02,8.5,30],"rotation":{"angle":45,"axis":"z","origin":[8,4,12]},"faces":{"east":{"uv":[5,16,14,11.5],"texture":"#0"},"west":{"uv":[14,11.5,5,16],"texture":"#0"}}}],"display":{"head":{"scale":[0.5,0.5,0.5]}}}