{"credit":"Made with Blockbench","texture_size":[256,256],"textures":{"2":"custom/general/casino/roulette_table"},"elements":[{"from":[-14,10,5],"to":[-8,12,11],"rotation":{"angle":0,"axis":"y","origin":[8,10,8]},"faces":{"north":{"uv":[2.5,6,2.875,6.125],"texture":"#2"},"east":{"uv":[2.5,6.125,2.875,6.25],"texture":"#2"},"south":{"uv":[7.125,6.5625,7.5,6.6875],"texture":"#2"},"west":{"uv":[7.125,6.6875,7.5,6.8125],"texture":"#2"},"up":{"uv":[4.125,7.3125,3.75,6.9375],"texture":"#2"},"down":{"uv":[4.5,6.9375,4.125,7.3125],"texture":"#2"}}},{"from":[-14,10,5],"to":[-8,12,11],"rotation":{"angle":22.5,"axis":"y","origin":[8,10,8]},"faces":{"north":{"uv":[2.8125,7.5625,3.1875,7.6875],"texture":"#2"},"east":{"uv":[3.1875,7.5625,3.5625,7.6875],"texture":"#2"},"south":{"uv":[0,7.625,0.375,7.75],"texture":"#2"},"west":{"uv":[0.375,7.625,0.75,7.75],"texture":"#2"},"up":{"uv":[4.875,7.3125,4.5,6.9375],"texture":"#2"},"down":{"uv":[5.25,6.9375,4.875,7.3125],"texture":"#2"}}},{"from":[5,10,24],"to":[11,12,30],"rotation":{"angle":-22.5,"axis":"y","origin":[8,10,8]},"faces":{"north":{"uv":[0.75,7.625,1.125,7.75],"texture":"#2"},"east":{"uv":[1.125,7.625,1.5,7.75],"texture":"#2"},"south":{"uv":[1.5,7.625,1.875,7.75],"texture":"#2"},"west":{"uv":[1.875,7.625,2.25,7.75],"texture":"#2"},"up":{"uv":[5.625,7.3125,5.25,6.9375],"texture":"#2"},"down":{"uv":[7.5,2.4375,7.125,2.8125],"texture":"#2"}}},{"from":[-14,10,5],"to":[-8,12,11],"rotation":{"angle":45,"axis":"y","origin":[8,10,8]},"faces":{"north":{"uv":[7.6875,2.4375,8.0625,2.5625],"texture":"#2"},"east":{"uv":[7.6875,2.5625,8.0625,2.6875],"texture":"#2"},"south":{"uv":[7.6875,2.6875,8.0625,2.8125],"texture":"#2"},"west":{"uv":[2.8125,7.6875,3.1875,7.8125],"texture":"#2"},"up":{"uv":[7.5,3.1875,7.125,2.8125],"texture":"#2"},"down":{"uv":[7.5,3.1875,7.125,3.5625],"texture":"#2"}}},{"from":[5,10,24],"to":[11,12,30],"rotation":{"angle":22.5,"axis":"y","origin":[8,10,8]},"faces":{"north":{"uv":[7.6875,2.8125,8.0625,2.9375],"texture":"#2"},"east":{"uv":[7.6875,2.9375,8.0625,3.0625],"texture":"#2"},"south":{"uv":[7.6875,3.0625,8.0625,3.1875],"texture":"#2"},"west":{"uv":[3.1875,7.6875,3.5625,7.8125],"texture":"#2"},"up":{"uv":[7.5,3.9375,7.125,3.5625],"texture":"#2"},"down":{"uv":[7.5,3.9375,7.125,4.3125],"texture":"#2"}}},{"from":[5,10,24],"to":[11,12,30],"rotation":{"angle":0,"axis":"y","origin":[8,10,8]},"faces":{"north":{"uv":[7.6875,3.1875,8.0625,3.3125],"texture":"#2"},"east":{"uv":[7.6875,3.3125,8.0625,3.4375],"texture":"#2"},"south":{"uv":[7.6875,3.4375,8.0625,3.5625],"texture":"#2"},"west":{"uv":[3.5625,7.6875,3.9375,7.8125],"texture":"#2"},"up":{"uv":[7.5,4.6875,7.125,4.3125],"texture":"#2"},"down":{"uv":[7.5,4.6875,7.125,5.0625],"texture":"#2"}}},{"from":[24,10,5],"to":[30,12,11],"rotation":{"angle":-45,"axis":"y","origin":[8,10,8]},"faces":{"north":{"uv":[7.6875,3.5625,8.0625,3.6875],"texture":"#2"},"east":{"uv":[7.6875,3.6875,8.0625,3.8125],"texture":"#2"},"south":{"uv":[7.6875,3.8125,8.0625,3.9375],"texture":"#2"},"west":{"uv":[3.9375,7.6875,4.3125,7.8125],"texture":"#2"},"up":{"uv":[7.5,5.4375,7.125,5.0625],"texture":"#2"},"down":{"uv":[7.5,5.4375,7.125,5.8125],"texture":"#2"}}},{"from":[24,10,5],"to":[30,12,11],"rotation":{"angle":-22.5,"axis":"y","origin":[8,10,8]},"faces":{"north":{"uv":[7.6875,3.9375,8.0625,4.0625],"texture":"#2"},"east":{"uv":[7.6875,4.0625,8.0625,4.1875],"texture":"#2"},"south":{"uv":[7.6875,4.1875,8.0625,4.3125],"texture":"#2"},"west":{"uv":[4.3125,7.6875,4.6875,7.8125],"texture":"#2"},"up":{"uv":[7.5,6.1875,7.125,5.8125],"texture":"#2"},"down":{"uv":[7.5,6.1875,7.125,6.5625],"texture":"#2"}}},{"from":[5,10,-14],"to":[11,12,-8],"rotation":{"angle":22.5,"axis":"y","origin":[8,10,8]},"faces":{"north":{"uv":[7.6875,4.3125,8.0625,4.4375],"texture":"#2"},"east":{"uv":[7.6875,4.4375,8.0625,4.5625],"texture":"#2"},"south":{"uv":[7.6875,4.5625,8.0625,4.6875],"texture":"#2"},"west":{"uv":[4.6875,7.6875,5.0625,7.8125],"texture":"#2"},"up":{"uv":[0.375,7.625,0,7.25],"texture":"#2"},"down":{"uv":[0.75,7.25,0.375,7.625],"texture":"#2"}}},{"from":[5,10,-14],"to":[11,12,-8],"rotation":{"angle":0,"axis":"y","origin":[8,10,8]},"faces":{"north":{"uv":[7.6875,4.6875,8.0625,4.8125],"texture":"#2"},"east":{"uv":[7.6875,4.8125,8.0625,4.9375],"texture":"#2"},"south":{"uv":[7.6875,4.9375,8.0625,5.0625],"texture":"#2"},"west":{"uv":[5.0625,7.6875,5.4375,7.8125],"texture":"#2"},"up":{"uv":[1.125,7.625,0.75,7.25],"texture":"#2"},"down":{"uv":[1.5,7.25,1.125,7.625],"texture":"#2"}}},{"from":[-14,10,5],"to":[-8,12,11],"rotation":{"angle":-45,"axis":"y","origin":[8,10,8]},"faces":{"north":{"uv":[7.6875,5.0625,8.0625,5.1875],"texture":"#2"},"east":{"uv":[7.6875,5.1875,8.0625,5.3125],"texture":"#2"},"south":{"uv":[7.6875,5.3125,8.0625,5.4375],"texture":"#2"},"west":{"uv":[7.6875,5.4375,8.0625,5.5625],"texture":"#2"},"up":{"uv":[1.875,7.625,1.5,7.25],"texture":"#2"},"down":{"uv":[2.25,7.25,1.875,7.625],"texture":"#2"}}},{"from":[-14,10,5],"to":[-8,12,11],"rotation":{"angle":-22.5,"axis":"y","origin":[8,10,8]},"faces":{"north":{"uv":[7.6875,5.5625,8.0625,5.6875],"texture":"#2"},"east":{"uv":[7.6875,5.6875,8.0625,5.8125],"texture":"#2"},"south":{"uv":[7.6875,5.8125,8.0625,5.9375],"texture":"#2"},"west":{"uv":[7.6875,5.9375,8.0625,6.0625],"texture":"#2"},"up":{"uv":[4.125,7.6875,3.75,7.3125],"texture":"#2"},"down":{"uv":[4.5,7.3125,4.125,7.6875],"texture":"#2"}}},{"from":[5,10,-14],"to":[11,12,-8],"rotation":{"angle":-22.5,"axis":"y","origin":[8,10,8]},"faces":{"north":{"uv":[7.6875,6.0625,8.0625,6.1875],"texture":"#2"},"east":{"uv":[7.6875,6.1875,8.0625,6.3125],"texture":"#2"},"south":{"uv":[7.6875,6.3125,8.0625,6.4375],"texture":"#2"},"west":{"uv":[7.6875,6.4375,8.0625,6.5625],"texture":"#2"},"up":{"uv":[4.875,7.6875,4.5,7.3125],"texture":"#2"},"down":{"uv":[5.25,7.3125,4.875,7.6875],"texture":"#2"}}},{"from":[5,10,-14],"to":[11,12,-8],"rotation":{"angle":-45,"axis":"y","origin":[8,10,8]},"faces":{"north":{"uv":[7.6875,6.5625,8.0625,6.6875],"texture":"#2"},"east":{"uv":[7.6875,6.6875,8.0625,6.8125],"texture":"#2"},"south":{"uv":[7.6875,6.8125,8.0625,6.9375],"texture":"#2"},"west":{"uv":[7.6875,6.9375,8.0625,7.0625],"texture":"#2"},"up":{"uv":[5.625,7.6875,5.25,7.3125],"texture":"#2"},"down":{"uv":[6,7.4375,5.625,7.8125],"texture":"#2"}}},{"from":[24,10,5],"to":[30,12,11],"rotation":{"angle":22.5,"axis":"y","origin":[8,10,8]},"faces":{"north":{"uv":[7.6875,7.0625,8.0625,7.1875],"texture":"#2"},"east":{"uv":[7.6875,7.1875,8.0625,7.3125],"texture":"#2"},"south":{"uv":[7.6875,7.3125,8.0625,7.4375],"texture":"#2"},"west":{"uv":[7.6875,7.4375,8.0625,7.5625],"texture":"#2"},"up":{"uv":[6.375,7.8125,6,7.4375],"texture":"#2"},"down":{"uv":[6.75,7.4375,6.375,7.8125],"texture":"#2"}}},{"from":[24,10,5],"to":[30,12,11],"rotation":{"angle":0,"axis":"y","origin":[8,10,8]},"faces":{"north":{"uv":[7.5,7.6875,7.875,7.8125],"texture":"#2"},"east":{"uv":[7.6875,7.5625,8.0625,7.6875],"texture":"#2"},"south":{"uv":[0,7.75,0.375,7.875],"texture":"#2"},"west":{"uv":[0.375,7.75,0.75,7.875],"texture":"#2"},"up":{"uv":[7.125,7.8125,6.75,7.4375],"texture":"#2"},"down":{"uv":[7.5,7.4375,7.125,7.8125],"texture":"#2"}}},{"from":[-15.1,9.9,3.9],"to":[-6.9,10.1,12.1],"rotation":{"angle":0,"axis":"y","origin":[8,10,8]},"faces":{"north":{"uv":[0,0,0.625,0],"texture":"#2"},"east":{"uv":[0,0,0.625,0],"texture":"#2"},"south":{"uv":[0,0,0.625,0],"texture":"#2"},"west":{"uv":[0,0,0.625,0],"texture":"#2"},"up":{"uv":[0.625,6.625,0,6],"rotation":180,"texture":"#2"},"down":{"uv":[1.25,6,0.625,6.625],"rotation":180,"texture":"#2"}}},{"from":[-15.1,9.9,3.9],"to":[-6.9,10.1,12.1],"rotation":{"angle":22.5,"axis":"y","origin":[8,10,8]},"faces":{"north":{"uv":[0,0,0.625,0],"texture":"#2"},"east":{"uv":[0,0,0.625,0],"texture":"#2"},"south":{"uv":[0,0,0.625,0],"texture":"#2"},"west":{"uv":[0,0,0.625,0],"texture":"#2"},"up":{"uv":[0.625,6.625,0,6],"rotation":180,"texture":"#2"},"down":{"uv":[1.25,6,0.625,6.625],"rotation":180,"texture":"#2"}}},{"from":[-15.1,9.9,3.9],"to":[-6.9,10.1,12.1],"rotation":{"angle":-45,"axis":"y","origin":[8,10,8]},"faces":{"north":{"uv":[0,0,0.625,0],"texture":"#2"},"east":{"uv":[0,0,0.625,0],"texture":"#2"},"south":{"uv":[0,0,0.625,0],"texture":"#2"},"west":{"uv":[0,0,0.625,0],"texture":"#2"},"up":{"uv":[0.625,6.625,0,6],"rotation":180,"texture":"#2"},"down":{"uv":[1.25,6,0.625,6.625],"rotation":180,"texture":"#2"}}},{"from":[-15.1,9.9,3.9],"to":[-6.9,10.1,12.1],"rotation":{"angle":-22.5,"axis":"y","origin":[8,10,8]},"faces":{"north":{"uv":[0,0,0.625,0],"texture":"#2"},"east":{"uv":[0,0,0.625,0],"texture":"#2"},"south":{"uv":[0,0,0.625,0],"texture":"#2"},"west":{"uv":[0,0,0.625,0],"texture":"#2"},"up":{"uv":[0.625,6.625,0,6],"rotation":180,"texture":"#2"},"down":{"uv":[1.25,6,0.625,6.625],"rotation":180,"texture":"#2"}}},{"from":[22.9,9.9,3.9],"to":[31.1,10.1,12.1],"rotation":{"angle":45,"axis":"y","origin":[8,10,8]},"faces":{"north":{"uv":[0,0,0.625,0],"texture":"#2"},"east":{"uv":[0,0,0.625,0],"texture":"#2"},"south":{"uv":[0,0,0.625,0],"texture":"#2"},"west":{"uv":[0,0,0.625,0],"texture":"#2"},"up":{"uv":[0.625,6.625,0,6],"texture":"#2"},"down":{"uv":[1.25,6,0.625,6.625],"texture":"#2"}}},{"from":[3.9,9.9,-15.1],"to":[12.1,10.1,-6.9],"rotation":{"angle":-22.5,"axis":"y","origin":[8,10,8]},"faces":{"north":{"uv":[0,0,0.625,0],"texture":"#2"},"east":{"uv":[0,0,0.625,0],"texture":"#2"},"south":{"uv":[0,0,0.625,0],"texture":"#2"},"west":{"uv":[0,0,0.625,0],"texture":"#2"},"up":{"uv":[0.625,6.625,0,6],"rotation":270,"texture":"#2"},"down":{"uv":[1.25,6,0.625,6.625],"rotation":90,"texture":"#2"}}},{"from":[3.9,9.9,-15.1],"to":[12.1,10.1,-6.9],"rotation":{"angle":0,"axis":"y","origin":[8,10,8]},"faces":{"north":{"uv":[0,0,0.625,0],"texture":"#2"},"east":{"uv":[0,0,0.625,0],"texture":"#2"},"south":{"uv":[0,0,0.625,0],"texture":"#2"},"west":{"uv":[0,0,0.625,0],"texture":"#2"},"up":{"uv":[0.625,6.625,0,6],"rotation":270,"texture":"#2"},"down":{"uv":[1.25,6,0.625,6.625],"rotation":90,"texture":"#2"}}},{"from":[3.9,9.9,-15.1],"to":[12.1,10.1,-6.9],"rotation":{"angle":22.5,"axis":"y","origin":[8,10,8]},"faces":{"north":{"uv":[0,0,0.625,0],"texture":"#2"},"east":{"uv":[0,0,0.625,0],"texture":"#2"},"south":{"uv":[0,0,0.625,0],"texture":"#2"},"west":{"uv":[0,0,0.625,0],"texture":"#2"},"up":{"uv":[0.625,6.625,0,6],"rotation":270,"texture":"#2"},"down":{"uv":[1.25,6,0.625,6.625],"rotation":90,"texture":"#2"}}},{"from":[-15.1,9.9,3.9],"to":[-6.9,10.1,12.1],"rotation":{"angle":45,"axis":"y","origin":[8,10,8]},"faces":{"north":{"uv":[0,0,0.625,0],"texture":"#2"},"east":{"uv":[0,0,0.625,0],"texture":"#2"},"south":{"uv":[0,0,0.625,0],"texture":"#2"},"west":{"uv":[0,0,0.625,0],"texture":"#2"},"up":{"uv":[0.625,6.625,0,6],"rotation":180,"texture":"#2"},"down":{"uv":[1.25,6,0.625,6.625],"rotation":180,"texture":"#2"}}},{"from":[3.9,9.9,22.9],"to":[12.1,10.1,31.1],"rotation":{"angle":-22.5,"axis":"y","origin":[8,10,8]},"faces":{"north":{"uv":[0,0,0.625,0],"texture":"#2"},"east":{"uv":[0,0,0.625,0],"texture":"#2"},"south":{"uv":[0,0,0.625,0],"texture":"#2"},"west":{"uv":[0,0,0.625,0],"texture":"#2"},"up":{"uv":[0.625,6.625,0,6],"rotation":90,"texture":"#2"},"down":{"uv":[1.25,6,0.625,6.625],"rotation":270,"texture":"#2"}}},{"from":[3.9,9.9,22.9],"to":[12.1,10.1,31.1],"rotation":{"angle":0,"axis":"y","origin":[8,10,8]},"faces":{"north":{"uv":[0,0,0.625,0],"texture":"#2"},"east":{"uv":[0,0,0.625,0],"texture":"#2"},"south":{"uv":[0,0,0.625,0],"texture":"#2"},"west":{"uv":[0,0,0.625,0],"texture":"#2"},"up":{"uv":[0.625,6.625,0,6],"rotation":90,"texture":"#2"},"down":{"uv":[1.25,6,0.625,6.625],"rotation":270,"texture":"#2"}}},{"from":[3.9,9.9,22.9],"to":[12.1,10.1,31.1],"rotation":{"angle":22.5,"axis":"y","origin":[8,10,8]},"faces":{"north":{"uv":[0,0,0.625,0],"texture":"#2"},"east":{"uv":[0,0,0.625,0],"texture":"#2"},"south":{"uv":[0,0,0.625,0],"texture":"#2"},"west":{"uv":[0,0,0.625,0],"texture":"#2"},"up":{"uv":[0.625,6.625,0,6],"rotation":90,"texture":"#2"},"down":{"uv":[1.25,6,0.625,6.625],"rotation":270,"texture":"#2"}}},{"from":[3.9,9.9,22.9],"to":[12.1,10.1,31.1],"rotation":{"angle":45,"axis":"y","origin":[8,10,8]},"faces":{"north":{"uv":[0,0,0.625,0],"texture":"#2"},"east":{"uv":[0,0,0.625,0],"texture":"#2"},"south":{"uv":[0,0,0.625,0],"texture":"#2"},"west":{"uv":[0,0,0.625,0],"texture":"#2"},"up":{"uv":[0.625,6.625,0,6],"rotation":90,"texture":"#2"},"down":{"uv":[1.25,6,0.625,6.625],"rotation":270,"texture":"#2"}}},{"from":[22.9,9.9,3.9],"to":[31.1,10.1,12.1],"rotation":{"angle":-22.5,"axis":"y","origin":[8,10,8]},"faces":{"north":{"uv":[0,0,0.625,0],"texture":"#2"},"east":{"uv":[0,0,0.625,0],"texture":"#2"},"south":{"uv":[0,0,0.625,0],"texture":"#2"},"west":{"uv":[0,0,0.625,0],"texture":"#2"},"up":{"uv":[0.625,6.625,0,6],"texture":"#2"},"down":{"uv":[1.25,6,0.625,6.625],"texture":"#2"}}},{"from":[22.9,9.9,3.9],"to":[31.1,10.1,12.1],"rotation":{"angle":0,"axis":"y","origin":[8,10,8]},"faces":{"north":{"uv":[0,0,0.625,0],"texture":"#2"},"east":{"uv":[0,0,0.625,0],"texture":"#2"},"south":{"uv":[0,0,0.625,0],"texture":"#2"},"west":{"uv":[0,0,0.625,0],"texture":"#2"},"up":{"uv":[0.625,6.625,0,6],"texture":"#2"},"down":{"uv":[1.25,6,0.625,6.625],"texture":"#2"}}},{"from":[22.9,9.9,3.9],"to":[31.1,10.1,12.1],"rotation":{"angle":22.5,"axis":"y","origin":[8,10,8]},"faces":{"north":{"uv":[0,0,0.625,0],"texture":"#2"},"east":{"uv":[0,0,0.625,0],"texture":"#2"},"south":{"uv":[0,0,0.625,0],"texture":"#2"},"west":{"uv":[0,0,0.625,0],"texture":"#2"},"up":{"uv":[0.625,6.625,0,6],"texture":"#2"},"down":{"uv":[1.25,6,0.625,6.625],"texture":"#2"}}},{"from":[-15,0,-15],"to":[31,9,31],"faces":{"north":{"uv":[3,5.75,5.875,6.3125],"texture":"#2"},"east":{"uv":[5.875,0,8.75,0.5625],"texture":"#2"},"south":{"uv":[5.875,0.5625,8.75,1.125],"texture":"#2"},"west":{"uv":[5.875,1.125,8.75,1.6875],"texture":"#2"},"up":{"uv":[5.875,2.875,3,0],"texture":"#2"},"down":{"uv":[5.875,2.875,3,5.75],"texture":"#2"}}},{"from":[-16,7,-16],"to":[32,10,32],"faces":{"north":{"uv":[5.875,1.6875,8.875,1.875],"texture":"#2"},"east":{"uv":[5.875,1.875,8.875,2.0625],"texture":"#2"},"south":{"uv":[5.875,2.0625,8.875,2.25],"texture":"#2"},"west":{"uv":[5.875,2.25,8.875,2.4375],"texture":"#2"},"up":{"uv":[3,3,0,0],"texture":"#2"},"down":{"uv":[3,3,0,6],"texture":"#2"}}},{"from":[29,0,-16],"to":[32,7,-13],"faces":{"north":{"uv":[5.625,6.3125,5.8125,6.75],"texture":"#2"},"east":{"uv":[2.25,7.25,2.4375,7.6875],"texture":"#2"},"south":{"uv":[7.5,2.4375,7.6875,2.875],"texture":"#2"},"west":{"uv":[7.5,2.875,7.6875,3.3125],"texture":"#2"},"up":{"uv":[2.4375,7.875,2.25,7.6875],"texture":"#2"},"down":{"uv":[5.625,7.6875,5.4375,7.875],"texture":"#2"}}},{"from":[29,0,29],"to":[32,7,32],"faces":{"north":{"uv":[7.5,3.3125,7.6875,3.75],"texture":"#2"},"east":{"uv":[7.5,3.75,7.6875,4.1875],"texture":"#2"},"south":{"uv":[7.5,4.1875,7.6875,4.625],"texture":"#2"},"west":{"uv":[7.5,4.625,7.6875,5.0625],"texture":"#2"},"up":{"uv":[0.9375,7.9375,0.75,7.75],"texture":"#2"},"down":{"uv":[1.125,7.75,0.9375,7.9375],"texture":"#2"}}},{"from":[-16,0,29],"to":[-13,7,32],"faces":{"north":{"uv":[7.5,5.0625,7.6875,5.5],"texture":"#2"},"east":{"uv":[7.5,5.5,7.6875,5.9375],"texture":"#2"},"south":{"uv":[7.5,5.9375,7.6875,6.375],"texture":"#2"},"west":{"uv":[7.5,6.375,7.6875,6.8125],"texture":"#2"},"up":{"uv":[1.3125,7.9375,1.125,7.75],"texture":"#2"},"down":{"uv":[1.5,7.75,1.3125,7.9375],"texture":"#2"}}},{"from":[-16,0,-16],"to":[-13,7,-13],"faces":{"north":{"uv":[7.5,6.8125,7.6875,7.25],"texture":"#2"},"east":{"uv":[7.5,7.25,7.6875,7.6875],"texture":"#2"},"south":{"uv":[2.4375,7.5625,2.625,8],"texture":"#2"},"west":{"uv":[2.625,7.5625,2.8125,8],"texture":"#2"},"up":{"uv":[1.6875,7.9375,1.5,7.75],"texture":"#2"},"down":{"uv":[1.875,7.75,1.6875,7.9375],"texture":"#2"}}},{"from":[6,10,8],"to":[10,28,8],"rotation":{"angle":0,"axis":"y","origin":[8,8,0]},"faces":{"north":{"uv":[5.875,4.6875,6.125,5.8125],"texture":"#2"},"east":{"uv":[0,0,0,1.125],"texture":"#2"},"south":{"uv":[5.875,4.6875,6.125,5.8125],"texture":"#2"},"west":{"uv":[0,0,0,1.125],"texture":"#2"},"up":{"uv":[0.25,0,0,0],"texture":"#2"},"down":{"uv":[0.25,0,0,0],"texture":"#2"}}},{"from":[8,10,6],"to":[8,28,10],"rotation":{"angle":0,"axis":"y","origin":[8,8,8]},"faces":{"north":{"uv":[0,0,0,1.125],"texture":"#2"},"east":{"uv":[5.875,4.6875,6.125,5.8125],"texture":"#2"},"south":{"uv":[0,0,0,1.125],"texture":"#2"},"west":{"uv":[5.875,4.6875,6.125,5.8125],"texture":"#2"},"up":{"uv":[0,0.25,0,0],"texture":"#2"},"down":{"uv":[0,0,0,0.25],"texture":"#2"}}}],"display":{"thirdperson_righthand":{"scale":[0.25,0.25,0.25]},"thirdperson_lefthand":{"scale":[0.25,0.25,0.25]},"firstperson_righthand":{"scale":[0.25,0.25,0.25]},"firstperson_lefthand":{"scale":[0.25,0.25,0.25]},"ground":{"translation":[0,3,0]},"gui":{"rotation":[45,-8,0],"scale":[0.25,0.25,0.25]},"fixed":{"rotation":[-90,0,0],"translation":[0,0,-16],"scale":[2,2,2]}},"groups":[{"name":"group","origin":[8,0,8],"color":0,"children":[0,1,2,3,4,5,6,7,8,9,10,11,12,13,14,15,16,17,18,19,20,21,22,23,24,25,26,27,28,29,30,31,32,33,34,35,36,37]},38,39]}