{"credit":"Made with Blockbench","texture_size":[256,256],"textures":{"0":"custom/general/casino/slot_machine","particle":"custom/general/casino/slot_machine"},"elements":[{"from":[-9.5,28.25,5],"to":[25.5,31.25,16],"rotation":{"angle":0,"axis":"y","origin":[0,0.25,0]},"faces":{"north":{"uv":[5.6875,1.375,7.875,1.5625],"texture":"#0"},"east":{"uv":[6.0625,1.0625,6.75,1.25],"texture":"#0"},"south":{"uv":[5.6875,1.5625,7.875,1.75],"texture":"#0"},"west":{"uv":[6.0625,5.625,6.75,5.8125],"texture":"#0"},"up":{"uv":[6.0625,0.6875,3.875,0],"texture":"#0"},"down":{"uv":[6.0625,0.6875,3.875,1.375],"texture":"#0"}}},{"from":[22.49,-15.76,4.99],"to":[25.51,28.26,16.01],"rotation":{"angle":0,"axis":"y","origin":[0,0.25,0]},"faces":{"north":{"uv":[3.875,6,4.0625,8.75],"texture":"#0"},"east":{"uv":[0,3.75,0.6875,6.5],"texture":"#0"},"south":{"uv":[4.0625,6,4.25,8.75],"texture":"#0"},"west":{"uv":[0.6875,3.75,1.375,6.5],"texture":"#0"},"up":{"uv":[6.375,6.875,6.1875,6.1875],"texture":"#0"},"down":{"uv":[6.4375,0.1875,6.25,0.875],"texture":"#0"}}},{"from":[-6.5,22.25,5],"to":[22.5,25.25,15],"rotation":{"angle":0,"axis":"y","origin":[0,0.25,0]},"faces":{"north":{"uv":[5.8125,6,7.625,6.1875],"texture":"#0"},"east":{"uv":[6.0625,5.8125,6.6875,6],"texture":"#0"},"south":{"uv":[6.0625,0,7.875,0.1875],"texture":"#0"},"west":{"uv":[6.1875,2.75,6.8125,2.9375],"texture":"#0"},"up":{"uv":[5.6875,2.75,3.875,2.125],"texture":"#0"},"down":{"uv":[6.1875,2.75,4.375,3.375],"texture":"#0"}}},{"from":[-9.51,-15.76,4.99],"to":[-6.49,28.26,16.01],"rotation":{"angle":0,"axis":"y","origin":[0,0.25,0]},"faces":{"north":{"uv":[4.25,6,4.4375,8.75],"texture":"#0"},"east":{"uv":[1.375,3.75,2.0625,6.5],"texture":"#0"},"south":{"uv":[4.4375,6,4.625,8.75],"texture":"#0"},"west":{"uv":[2.0625,3.75,2.75,6.5],"texture":"#0"},"up":{"uv":[6.4375,4.4375,6.25,3.75],"texture":"#0"},"down":{"uv":[6.4375,4.4375,6.25,5.125],"texture":"#0"}}},{"from":[-7.5,-15.75,7],"to":[23.5,28.25,16],"rotation":{"angle":0,"axis":"y","origin":[0,0.25,0]},"faces":{"north":{"uv":[0,0,1.9375,2.75],"texture":"#0"},"east":{"uv":[2.75,3.75,3.3125,6.5],"texture":"#0"},"south":{"uv":[1.9375,0,3.875,2.75],"texture":"#0"},"west":{"uv":[3.3125,3.75,3.875,6.5],"texture":"#0"},"up":{"uv":[5.8125,5.0625,3.875,4.5],"texture":"#0"},"down":{"uv":[5.8125,5.0625,3.875,5.625],"texture":"#0"}}},{"from":[-9.52,-15.77,-0.02],"to":[25.52,0.27,6.02],"rotation":{"angle":0,"axis":"y","origin":[0,0.25,0]},"faces":{"north":{"uv":[0,2.75,2.1875,3.75],"texture":"#0"},"east":{"uv":[5.0625,6,5.4375,7],"texture":"#0"},"south":{"uv":[2.1875,2.75,4.375,3.75],"texture":"#0"},"west":{"uv":[5.4375,6,5.8125,7],"texture":"#0"},"up":{"uv":[6.5625,3.75,4.375,3.375],"texture":"#0"},"down":{"uv":[6.0625,5.625,3.875,6],"texture":"#0"}}},{"from":[7.5,0.25,1],"to":[11.5,1.25,5],"rotation":{"angle":0,"axis":"y","origin":[0,0.25,0]},"faces":{"north":{"uv":[6.4375,5.0625,6.6875,5.125],"texture":"#0"},"east":{"uv":[6.5,1,6.75,1.0625],"texture":"#0"},"south":{"uv":[3.125,6.5,3.375,6.5625],"texture":"#0"},"west":{"uv":[3.375,6.5,3.625,6.5625],"texture":"#0"},"up":{"uv":[6.6875,2.5625,6.4375,2.3125],"texture":"#0"},"down":{"uv":[6.6875,4.3125,6.4375,4.5625],"texture":"#0"}}},{"from":[12.5,0.25,1],"to":[16.5,1.25,5],"rotation":{"angle":0,"axis":"y","origin":[0,0.25,0]},"faces":{"north":{"uv":[6.4375,5.0625,6.6875,5.125],"texture":"#0"},"east":{"uv":[6.5,1,6.75,1.0625],"texture":"#0"},"south":{"uv":[3.125,6.5,3.375,6.5625],"texture":"#0"},"west":{"uv":[3.375,6.5,3.625,6.5625],"texture":"#0"},"up":{"uv":[6.6875,2.5625,6.4375,2.3125],"texture":"#0"},"down":{"uv":[6.6875,4.3125,6.4375,4.5625],"texture":"#0"}}},{"from":[17.5,0.25,1],"to":[21.5,1.25,5],"rotation":{"angle":0,"axis":"y","origin":[0,0.25,0]},"faces":{"north":{"uv":[6.4375,5.0625,6.6875,5.125],"texture":"#0"},"east":{"uv":[6.5,1,6.75,1.0625],"texture":"#0"},"south":{"uv":[3.125,6.5,3.375,6.5625],"texture":"#0"},"west":{"uv":[3.375,6.5,3.625,6.5625],"texture":"#0"},"up":{"uv":[6.6875,2.5625,6.4375,2.3125],"texture":"#0"},"down":{"uv":[6.6875,4.3125,6.4375,4.5625],"texture":"#0"}}},{"from":[-5.5,0.25,1],"to":[-1.5,1.25,5],"rotation":{"angle":0,"axis":"y","origin":[0,0.25,0]},"faces":{"north":{"uv":[6.5,5.3125,6.75,5.375],"texture":"#0"},"east":{"uv":[6.5,5.375,6.75,5.4375],"texture":"#0"},"south":{"uv":[6.5,5.4375,6.75,5.5],"texture":"#0"},"west":{"uv":[6.5625,1.75,6.8125,1.8125],"texture":"#0"},"up":{"uv":[0.25,6.75,0,6.5],"texture":"#0"},"down":{"uv":[0.5,6.5,0.25,6.75],"texture":"#0"}}},{"from":[-9.5,0.25,0],"to":[-6.5,14.25,7],"rotation":{"angle":22.5,"axis":"x","origin":[25,0.25,0]},"faces":{"north":{"uv":[6.0625,0.1875,6.25,1.0625],"texture":"#0"},"east":{"uv":[5.6875,1.75,6.125,2.625],"texture":"#0"},"south":{"uv":[6.125,1.75,6.3125,2.625],"texture":"#0"},"west":{"uv":[5.8125,3.75,6.25,4.625],"texture":"#0"},"up":{"uv":[6.375,3.375,6.1875,2.9375],"texture":"#0"},"down":{"uv":[6.5625,2.9375,6.375,3.375],"texture":"#0"}}},{"from":[22.5,0.25,0],"to":[25.5,14.25,7],"rotation":{"angle":22.5,"axis":"x","origin":[25,0.25,0]},"faces":{"north":{"uv":[5.8125,6.1875,6,7.0625],"texture":"#0"},"east":{"uv":[5.8125,4.625,6.25,5.5],"texture":"#0"},"south":{"uv":[6,6.1875,6.1875,7.0625],"texture":"#0"},"west":{"uv":[4.625,6,5.0625,6.875],"texture":"#0"},"up":{"uv":[6.5625,6.625,6.375,6.1875],"texture":"#0"},"down":{"uv":[6.625,0.1875,6.4375,0.625],"texture":"#0"}}},{"from":[-6.5,0.25,5],"to":[22.5,12.25,7],"rotation":{"angle":22.5,"axis":"x","origin":[25,0.25,0]},"faces":{"north":{"uv":[3.875,1.375,5.6875,2.125],"texture":"#0"},"east":{"uv":[5.6875,3.75,5.8125,4.5],"texture":"#0"},"south":{"uv":[3.875,3.75,5.6875,4.5],"texture":"#0"},"west":{"uv":[6.3125,1.75,6.4375,2.5],"texture":"#0"},"up":{"uv":[7.5,2.75,5.6875,2.625],"texture":"#0"},"down":{"uv":[7.625,5.5,5.8125,5.625],"texture":"#0"}}}],"display":{"thirdperson_righthand":{"scale":[0.3,0.3,0.3]},"thirdperson_lefthand":{"scale":[0.3,0.3,0.3]},"firstperson_righthand":{"rotation":[0,-180,0],"translation":[1.75,3.25,0],"scale":[0.2,0.2,0.2]},"firstperson_lefthand":{"rotation":[0,-180,0],"translation":[1.75,3.25,0],"scale":[0.2,0.2,0.2]},"ground":{"translation":[0,3.75,0],"scale":[0.3,0.3,0.3]},"gui":{"rotation":[31,-158,0],"translation":[0.25,0,0],"scale":[0.3,0.3,0.3]},"fixed":{"rotation":[-90,-90,0],"translation":[2.25,16,-54.5],"scale":[2.3,2.3,2.3]}}}