{"credit":"Made with Blockbench","texture_size":[256,256],"textures":{"0":"custom/general/casino/slot_machine","particle":"custom/general/casino/slot_machine"},"elements":[{"from":[6.5,13,6.5],"to":[9.5,16,9.5],"rotation":{"angle":0,"axis":"x","origin":[28,4.25,7]},"faces":{"north":{"uv":[3.125,6.5,2.9375,6.6875],"rotation":180,"texture":"#0"},"east":{"uv":[2.1875,6.5,2.375,6.6875],"rotation":270,"texture":"#0"},"south":{"uv":[2.9375,6.6875,2.75,6.5],"texture":"#0"},"west":{"uv":[2.5625,6.5,2.75,6.6875],"rotation":90,"texture":"#0"},"up":{"uv":[2,6.5,2.1875,6.6875],"rotation":180,"texture":"#0"},"down":{"uv":[2.375,6.5,2.5625,6.6875],"texture":"#0"}}},{"from":[6,0,6],"to":[10,4,10],"rotation":{"angle":0,"axis":"x","origin":[28,4.25,7]},"faces":{"north":{"uv":[2,6.5,1.75,6.75],"rotation":180,"texture":"#0"},"east":{"uv":[0.75,6.5,1,6.75],"rotation":270,"texture":"#0"},"south":{"uv":[1.75,6.75,1.5,6.5],"texture":"#0"},"west":{"uv":[1.25,6.5,1.5,6.75],"rotation":90,"texture":"#0"},"up":{"uv":[0.5,6.5,0.75,6.75],"rotation":180,"texture":"#0"},"down":{"uv":[1,6.5,1.25,6.75],"texture":"#0"}}},{"from":[7,4,7],"to":[9,13,9],"rotation":{"angle":0,"axis":"x","origin":[28,4.25,7]},"faces":{"north":{"uv":[6.5625,3.75,6.4375,4.3125],"rotation":180,"texture":"#0"},"east":{"uv":[6.0625,1.25,6.625,1.375],"rotation":270,"texture":"#0"},"south":{"uv":[6.5625,2.3125,6.4375,1.75],"texture":"#0"},"west":{"uv":[6.25,0.875,6.8125,1],"rotation":90,"texture":"#0"},"up":{"uv":[6.5625,1.8125,6.6875,1.9375],"rotation":180,"texture":"#0"},"down":{"uv":[6.5625,1.9375,6.6875,2.0625],"texture":"#0"}}}],"display":{"thirdperson_righthand":{"translation":[0,2.75,0.25],"scale":[0.5,0.5,0.5]},"thirdperson_lefthand":{"translation":[0,2.75,0.25],"scale":[0.5,0.5,0.5]},"firstperson_righthand":{"rotation":[0,0,34],"translation":[4,1.75,0],"scale":[0.3,0.3,0.3]},"firstperson_lefthand":{"rotation":[0,0,34],"translation":[4,1.75,0],"scale":[0.3,0.3,0.3]},"ground":{"translation":[0,3.75,0],"scale":[0.3,0.3,0.3]},"gui":{"rotation":[31,-158,0],"translation":[0.25,0,0],"scale":[0.3,0.3,0.3]},"head":{"translation":[0,11.25,0.25],"scale":[2,2,2]},"fixed":{"rotation":[-90,-90,0],"translation":[2.25,16,-54.5],"scale":[2.3,2.3,2.3]}},"groups":[{"name":"group","origin":[0,0,0],"color":0,"children":[0,1,2]}]}