{"credit":"Made with Blockbench","texture_size":[64,64],"textures":{"0":"custom/general/cosmetics/balloon/colorful_kite","particle":"custom/general/cosmetics/balloon/colorful_kite"},"elements":[{"from":[-8,1,-8],"to":[24,0,24],"rotation":{"angle":45,"axis":"y","origin":[8,1,8]},"faces":{"north":{"uv":[8,8,0,8.25],"rotation":180,"texture":"#0"},"east":{"uv":[8,8,0,8.25],"texture":"#0"},"south":{"uv":[8,15.75,0,16],"texture":"#0"},"west":{"uv":[0,15.75,8,16],"texture":"#0"},"up":{"uv":[0,16,8,8],"rotation":180,"texture":"#0"},"down":{"uv":[8,16,16,8],"rotation":270,"texture":"#0"}}},{"from":[-8,0,-8],"to":[24,1,24],"rotation":{"angle":-45,"axis":"y","origin":[8,1,8]},"faces":{"north":{"uv":[8,8,0,8.25],"texture":"#0"},"east":{"uv":[7.75,8,8,16],"rotation":90,"texture":"#0"},"south":{"uv":[7.75,16,8,8],"rotation":90,"texture":"#0"},"west":{"uv":[8,8,0,8.25],"rotation":180,"texture":"#0"},"up":{"uv":[8,8,16,16],"texture":"#0"},"down":{"uv":[0,8,8,16],"rotation":270,"texture":"#0"}}},{"from":[1,0,-8],"to":[24,1,15],"rotation":{"angle":45,"axis":"y","origin":[8,0.5,8]},"faces":{"north":{"uv":[0,0,5.75,0.25],"texture":"#0"},"east":{"uv":[0,0,5.75,0.25],"texture":"#0"},"south":{"uv":[5.5,8.5,5.75,2.75],"rotation":90,"texture":"#0"},"west":{"uv":[5.5,2.75,5.75,8.5],"rotation":90,"texture":"#0"},"up":{"uv":[0,0,5.75,5.75],"texture":"#0"},"down":{"uv":[0,0,5.75,5.75],"texture":"#0"}}}],"display":{"thirdperson_righthand":{"rotation":[40,135,0],"translation":[0,3.25,1.5],"scale":[0.5,0.5,0.5]},"thirdperson_lefthand":{"rotation":[40,135,0],"translation":[0,3.25,1.5],"scale":[0.5,0.5,0.5]},"firstperson_righthand":{"rotation":[0,115,0],"translation":[0,6.5,0],"scale":[0.4,0.4,0.4]},"firstperson_lefthand":{"rotation":[0,115,0],"translation":[0,6.5,0],"scale":[0.4,0.4,0.4]},"ground":{"translation":[0,3,0],"scale":[0.2,0.2,0.2]},"gui":{"rotation":[30,-135,0],"translation":[0,3.5,0],"scale":[0.49219,0.49219,0.49219]},"head":{"rotation":[28,0,0],"translation":[0,-41.75,5.75]},"fixed":{"translation":[0,7.25,0]}}}