{"credit":"Made with Blockbench","texture_size":[128,128],"textures":{"0":"custom/general/cosmetics/balloon/sport_kite","particle":"custom/general/cosmetics/balloon/sport_kite"},"elements":[{"from":[-12,0,-8],"to":[28,1,32],"rotation":{"angle":-45,"axis":"y","origin":[8,1,12]},"faces":{"north":{"uv":[5,0,0,0.25],"texture":"#0"},"east":{"uv":[0,0,5,0.25],"texture":"#0"},"south":{"uv":[5,0,0,0.25],"texture":"#0"},"west":{"uv":[0,0,5,0.25],"texture":"#0"},"up":{"uv":[11,6,16,11],"texture":"#0"},"down":{"uv":[6,6,11,11],"rotation":270,"texture":"#0"}}},{"from":[-12,0,-8],"to":[28,1,32],"rotation":{"angle":-45,"axis":"y","origin":[8,1,12]},"faces":{"north":{"uv":[16,11,11,11.125],"texture":"#0","tintindex":0},"east":{"uv":[1.25,15.75,6.25,16],"texture":"#0","tintindex":0},"south":{"uv":[6.25,15.75,1.25,15.875],"texture":"#0","tintindex":0},"west":{"uv":[11,11,16,11.125],"texture":"#0","tintindex":0},"up":{"uv":[11,11,16,16],"texture":"#0","tintindex":0},"down":{"uv":[6,11,11,16],"rotation":270,"texture":"#0","tintindex":0}}},{"from":[-12,1,-8],"to":[28,0,32],"rotation":{"angle":-45,"axis":"y","origin":[8,2,12]},"faces":{"north":{"uv":[16,11,11,11.25],"texture":"#0","tintindex":0},"east":{"uv":[1.25,15.75,6.25,16],"texture":"#0","tintindex":0},"south":{"uv":[6.25,15.75,1.25,16],"texture":"#0","tintindex":0},"west":{"uv":[11,11,16,11.25],"texture":"#0","tintindex":0},"up":{"uv":[6,11,11,16],"texture":"#0","tintindex":0},"down":{"uv":[11,11,16,16],"rotation":270,"texture":"#0","tintindex":0}}},{"from":[-12,1,-8],"to":[28,0,32],"rotation":{"angle":-45,"axis":"y","origin":[8,2,12]},"faces":{"north":{"uv":[5,0,0,0.25],"texture":"#0"},"east":{"uv":[0,0,5,0.25],"texture":"#0"},"south":{"uv":[5,0,0,0.25],"texture":"#0"},"west":{"uv":[0,0,5,0.25],"texture":"#0"},"up":{"uv":[6,6,11,11],"texture":"#0"},"down":{"uv":[11,6,16,11],"rotation":270,"texture":"#0"}}}],"display":{"thirdperson_righthand":{"rotation":[40,135,0],"translation":[0,3.25,1.5],"scale":[0.5,0.5,0.5]},"thirdperson_lefthand":{"rotation":[40,135,0],"translation":[0,3.25,1.5],"scale":[0.5,0.5,0.5]},"firstperson_righthand":{"rotation":[0,115,0],"translation":[0,6.5,0],"scale":[0.4,0.4,0.4]},"firstperson_lefthand":{"rotation":[0,115,0],"translation":[0,6.5,0],"scale":[0.4,0.4,0.4]},"ground":{"translation":[0,3,0],"scale":[0.2,0.2,0.2]},"gui":{"rotation":[30,-135,0],"translation":[1,2.25,0],"scale":[0.39453,0.39453,0.39453]},"head":{"rotation":[20,0,0],"translation":[0,-42.75,10.5]},"fixed":{"translation":[0,7.25,0]}}}