{"credit":"by w11shes","textures":{"0":"custom/factions/weapons/sacred_bow/sacred_bow","1":"custom/factions/weapons/sacred_bow/sacred_bow_arrow","particle":"#0"},"elements":[{"from":[8,-4,16.8],"to":[8.02,8,17.8],"rotation":{"angle":22.5,"axis":"x","origin":[8,8,17.8]},"faces":{"east":{"uv":[15.5,5.5,16,11],"texture":"#0"},"west":{"uv":[15.5,5.5,16,11],"texture":"#0"}}},{"from":[8,8,16.8],"to":[8.02,20,17.8],"rotation":{"angle":-22.5,"axis":"x","origin":[8,8,17.8]},"faces":{"east":{"uv":[15.5,0,16,5.5],"texture":"#0"},"west":{"uv":[15.5,0,16,5.5],"texture":"#0"}}},{"from":[6.98,11.05,4.2],"to":[9.02,20.05,6.2],"rotation":{"angle":-45,"axis":"x","origin":[0,14.05,6.2]},"faces":{"north":{"uv":[4,6.5,3,11],"texture":"#0"},"east":{"uv":[1,2,0,6.5],"texture":"#0"},"south":{"uv":[2,3,1,7.5],"texture":"#0"},"west":{"uv":[0,2,1,6.5],"texture":"#0"}}},{"from":[7,16.8,2],"to":[9,18.8,16],"rotation":{"angle":-22.5,"axis":"x","origin":[0,14.05,6.2]},"faces":{"east":{"uv":[1,6.5,0,13.5],"rotation":270,"texture":"#0"},"south":{"uv":[1,14.5,0,13.5],"rotation":270,"texture":"#0"},"west":{"uv":[1,13.5,0,6.5],"rotation":270,"texture":"#0"},"up":{"uv":[2,14.5,1,7.5],"rotation":180,"texture":"#0"},"down":{"uv":[3,14.5,2,7.5],"rotation":180,"texture":"#0"}}},{"from":[8,16.8,16],"to":[8.02,20.8,20],"rotation":{"angle":-22.5,"axis":"x","origin":[0,14.05,6.2]},"faces":{"east":{"uv":[4,6.5,6,8.5],"rotation":270,"texture":"#0"},"west":{"uv":[4,8.5,6,6.5],"rotation":270,"texture":"#0"}}},{"from":[8,-4.8,16],"to":[8.02,-0.8,20],"rotation":{"angle":22.5,"axis":"x","origin":[0,1.95,6.2]},"faces":{"east":{"uv":[6,6.5,4,8.5],"rotation":270,"texture":"#0"},"west":{"uv":[6,8.5,4,6.5],"rotation":270,"texture":"#0"}}},{"from":[6,15.8,13],"to":[10,19.8,15],"rotation":{"angle":-22.5,"axis":"x","origin":[0,14.05,6.2]},"faces":{"north":{"uv":[5,3,3,1],"rotation":270,"texture":"#0"},"east":{"uv":[3,0,1,1],"rotation":270,"texture":"#0"},"south":{"uv":[3,3,1,1],"rotation":270,"texture":"#0"},"west":{"uv":[3,1,1,0],"rotation":270,"texture":"#0"},"up":{"uv":[1,0,3,1],"rotation":180,"texture":"#0"},"down":{"uv":[1,1,3,0],"rotation":180,"texture":"#0"}}},{"from":[6.5,16.3,1.5],"to":[9.5,19.3,8.5],"rotation":{"angle":-22.5,"axis":"x","origin":[0,14.05,6.2]},"faces":{"north":{"uv":[6.5,0,5,1.5],"rotation":180,"texture":"#0"},"east":{"uv":[3.5,3,2,6.5],"rotation":270,"texture":"#0"},"south":{"uv":[6.5,1.5,5,3],"rotation":180,"texture":"#0"},"west":{"uv":[3.5,6.5,2,3],"rotation":270,"texture":"#0"},"up":{"uv":[5,3,3.5,6.5],"rotation":180,"texture":"#0"},"down":{"uv":[6.5,3,5,6.5],"rotation":180,"texture":"#0"}}},{"from":[6.98,-4.05,4.2],"to":[9.02,4.95,6.2],"rotation":{"angle":45,"axis":"x","origin":[0,1.95,6.2]},"faces":{"north":{"uv":[4,11,3,6.5],"texture":"#0"},"east":{"uv":[1,6.5,0,2],"texture":"#0"},"south":{"uv":[2,7.5,1,3],"texture":"#0"},"west":{"uv":[0,6.5,1,2],"texture":"#0"}}},{"from":[6.5,-3.3,1.5],"to":[9.5,-0.3,8.5],"rotation":{"angle":22.5,"axis":"x","origin":[0,1.95,6.2]},"faces":{"north":{"uv":[6.5,1.5,5,0],"rotation":180,"texture":"#0"},"east":{"uv":[2,3,3.5,6.5],"rotation":270,"texture":"#0"},"south":{"uv":[6.5,3,5,1.5],"rotation":180,"texture":"#0"},"west":{"uv":[2,6.5,3.5,3],"rotation":270,"texture":"#0"},"up":{"uv":[6.5,6.5,5,3],"rotation":180,"texture":"#0"},"down":{"uv":[5,6.5,3.5,3],"rotation":180,"texture":"#0"}}},{"from":[7,-2.8,2],"to":[9,-0.8,16],"rotation":{"angle":22.5,"axis":"x","origin":[0,1.95,6.2]},"faces":{"east":{"uv":[0,6.5,1,13.5],"rotation":270,"texture":"#0"},"south":{"uv":[0,14.5,1,13.5],"rotation":270,"texture":"#0"},"west":{"uv":[0,13.5,1,6.5],"rotation":270,"texture":"#0"},"up":{"uv":[3,7.5,2,14.5],"rotation":180,"texture":"#0"},"down":{"uv":[2,7.5,1,14.5],"rotation":180,"texture":"#0"}}},{"from":[6,-3.8,13],"to":[10,0.2,15],"rotation":{"angle":22.5,"axis":"x","origin":[0,1.95,6.2]},"faces":{"north":{"uv":[3,3,5,1],"rotation":270,"texture":"#0"},"east":{"uv":[1,0,3,1],"rotation":270,"texture":"#0"},"south":{"uv":[1,3,3,1],"rotation":270,"texture":"#0"},"west":{"uv":[1,1,3,0],"rotation":270,"texture":"#0"},"up":{"uv":[1,0,3,1],"rotation":180,"texture":"#0"},"down":{"uv":[1,1,3,0],"rotation":180,"texture":"#0"}}},{"from":[6,10,5],"to":[10,12,9],"faces":{"north":{"uv":[1,0,3,1],"texture":"#0"},"east":{"uv":[1,0,3,1],"texture":"#0"},"south":{"uv":[1,0,3,1],"texture":"#0"},"west":{"uv":[1,0,3,1],"texture":"#0"},"up":{"uv":[1,1,3,3],"rotation":90,"texture":"#0"},"down":{"uv":[3,1,5,3],"rotation":90,"texture":"#0"}}},{"from":[6,4,5],"to":[10,6,9],"faces":{"north":{"uv":[1,0,3,1],"texture":"#0"},"east":{"uv":[1,0,3,1],"texture":"#0"},"south":{"uv":[1,0,3,1],"texture":"#0"},"west":{"uv":[1,0,3,1],"texture":"#0"},"up":{"uv":[1,1,3,3],"rotation":90,"texture":"#0"},"down":{"uv":[3,1,5,3],"rotation":90,"texture":"#0"}}},{"from":[7,6,6],"to":[9,10,8],"faces":{"north":{"uv":[0,0,1,2],"rotation":180,"texture":"#0"},"east":{"uv":[0,0,1,2],"rotation":180,"texture":"#0"},"south":{"uv":[0,0,1,2],"rotation":180,"texture":"#0"},"west":{"uv":[0,0,1,2],"rotation":180,"texture":"#0"}}},{"from":[10,12,5],"to":[10.02,17,11],"rotation":{"angle":-22.5,"axis":"z","origin":[10,12,0]},"faces":{"east":{"uv":[6.5,0,9.5,2.5],"texture":"#0"},"west":{"uv":[9.5,0,6.5,2.5],"texture":"#0"}}},{"from":[5.98,12,5],"to":[6,17,11],"rotation":{"angle":22.5,"axis":"z","origin":[6,12,0]},"faces":{"east":{"uv":[6.5,0,9.5,2.5],"texture":"#0"},"west":{"uv":[9.5,0,6.5,2.5],"texture":"#0"}}},{"from":[10,-1,5],"to":[10.02,4,11],"rotation":{"angle":22.5,"axis":"z","origin":[10,4,0]},"faces":{"east":{"uv":[6.5,2.5,9.5,0],"texture":"#0"},"west":{"uv":[9.5,2.5,6.5,0],"texture":"#0"}}},{"from":[5.98,-1,5],"to":[6,4,11],"rotation":{"angle":-22.5,"axis":"z","origin":[6,4,0]},"faces":{"east":{"uv":[6.5,2.5,9.5,0],"texture":"#0"},"west":{"uv":[9.5,2.5,6.5,0],"texture":"#0"}}},{"from":[7.5,10.2,3.4],"to":[8.5,12.2,5.4],"rotation":{"angle":22.5,"axis":"x","origin":[7,11,5]},"faces":{"north":{"uv":[6.5,3.5,7,2.5],"rotation":180,"texture":"#0"},"east":{"uv":[6.5,2.5,7.5,3.5],"rotation":90,"texture":"#0"},"west":{"uv":[6.5,3.5,7.5,2.5],"rotation":90,"texture":"#0"},"up":{"uv":[6.5,3.5,7,2.5],"rotation":180,"texture":"#0"},"down":{"uv":[7,3.5,7.5,2.5],"rotation":180,"texture":"#0"}}},{"from":[8,9.2,3.4],"to":[8.02,10.2,4.4],"rotation":{"angle":22.5,"axis":"x","origin":[7,11,5]},"faces":{"east":{"uv":[7.5,2.5,8,3],"rotation":90,"texture":"#0"},"west":{"uv":[7.5,2.5,8,3],"rotation":90,"texture":"#0"}}},{"from":[7.5,3.8,3.4],"to":[8.5,5.8,5.4],"rotation":{"angle":-22.5,"axis":"x","origin":[0,5,5]},"faces":{"north":{"uv":[6.5,2.5,7,3.5],"rotation":180,"texture":"#0"},"east":{"uv":[7.5,2.5,6.5,3.5],"rotation":90,"texture":"#0"},"west":{"uv":[7.5,3.5,6.5,2.5],"rotation":90,"texture":"#0"},"up":{"uv":[7,2.5,7.5,3.5],"rotation":180,"texture":"#0"},"down":{"uv":[6.5,2.5,7,3.5],"rotation":180,"texture":"#0"}}},{"from":[8,5.8,3.4],"to":[8.02,6.8,4.4],"rotation":{"angle":-22.5,"axis":"x","origin":[0,5,5]},"faces":{"east":{"uv":[8,2.5,7.5,3],"rotation":90,"texture":"#0"},"west":{"uv":[8,2.5,7.5,3],"rotation":90,"texture":"#0"}}},{"from":[6.8,5.5,-3],"to":[6.82,10.5,17],"faces":{"east":{"uv":[10,0,0,2.5],"texture":"#1"},"west":{"uv":[0,0,10,2.5],"texture":"#1"}}},{"from":[4.31,7.99,-3],"to":[9.31,8.01,17],"faces":{"up":{"uv":[10,0,0,2.5],"rotation":270,"texture":"#1"},"down":{"uv":[0,0,10,2.5],"rotation":270,"texture":"#1"}}}],"gui_light":"front","display":{"thirdperson_righthand":{"translation":[-1.5,-2,0],"scale":[0.8,0.8,0.8]},"thirdperson_lefthand":{"rotation":[180,180,180],"translation":[-1.5,-2,0],"scale":[0.8,0.8,0.8]},"firstperson_righthand":{"rotation":[20,0,0],"translation":[1,5,-2],"scale":[0.6,0.6,0.6]},"firstperson_lefthand":{"rotation":[20,0,0],"translation":[1,5,-2],"scale":[0.6,0.6,0.6]},"ground":{"translation":[0,8,0],"scale":[0.4,0.4,0.4]},"gui":{"rotation":[-122,147,130],"translation":[-1,1,0],"scale":[0.5,0.5,0.5]},"fixed":{"rotation":[0,-90,0],"translation":[0,0,-2],"scale":[1.7,1.7,1.7]}}}