{"credit":"by w11shes","parent":"custom/factions/weapons/sacred_bow/sacred_bow_pulling_0","textures":{"0":"custom/factions/weapons/sacred_bow/sacred_bow","1":"custom/factions/weapons/sacred_bow/sacred_bow_arrow","particle":"#0"},"elements":[{"from":[8,-2,19.1],"to":[8.02,8,20.1],"rotation":{"angle":22.5,"axis":"x","origin":[8,8,20.1]},"faces":{"east":{"uv":[15.5,5.5,16,11],"texture":"#0"},"west":{"uv":[15.5,5.5,16,11],"texture":"#0"}}},{"from":[8,8,19.1],"to":[8.02,18,20.1],"rotation":{"angle":-22.5,"axis":"x","origin":[8,8,20.1]},"faces":{"east":{"uv":[15.5,0,16,5.5],"texture":"#0"},"west":{"uv":[15.5,0,16,5.5],"texture":"#0"}}},{"from":[6.98,11.87843,6.2],"to":[9.02,20.87843,8.2],"rotation":{"angle":-22.5,"axis":"x","origin":[7,12.05,8.2]},"faces":{"north":{"uv":[4,6.5,3,11],"texture":"#0"},"east":{"uv":[1,2,0,6.5],"texture":"#0"},"south":{"uv":[2,3,1,7.5],"texture":"#0"},"west":{"uv":[0,2,1,6.5],"texture":"#0"}}},{"from":[7,17.41313,3.91761],"to":[9,19.41313,17.91761],"faces":{"east":{"uv":[1,6.5,0,13.5],"rotation":270,"texture":"#0"},"south":{"uv":[1,14.5,0,13.5],"rotation":270,"texture":"#0"},"west":{"uv":[1,13.5,0,6.5],"rotation":270,"texture":"#0"},"up":{"uv":[2,14.5,1,7.5],"rotation":180,"texture":"#0"},"down":{"uv":[3,14.5,2,7.5],"rotation":180,"texture":"#0"}}},{"from":[8,17.41313,17.91761],"to":[8.02,21.41313,21.91761],"faces":{"east":{"uv":[4,6.5,6,8.5],"rotation":270,"texture":"#0"},"west":{"uv":[4,8.5,6,6.5],"rotation":270,"texture":"#0"}}},{"from":[8,-5.41313,17.91761],"to":[8.02,-1.41313,21.91761],"faces":{"east":{"uv":[6,6.5,4,8.5],"rotation":270,"texture":"#0"},"west":{"uv":[6,8.5,4,6.5],"rotation":270,"texture":"#0"}}},{"from":[6,16.41313,14.91761],"to":[10,20.41313,16.91761],"faces":{"north":{"uv":[5,3,3,1],"rotation":270,"texture":"#0"},"east":{"uv":[3,0,1,1],"rotation":270,"texture":"#0"},"south":{"uv":[3,3,1,1],"rotation":270,"texture":"#0"},"west":{"uv":[3,1,1,0],"rotation":270,"texture":"#0"},"up":{"uv":[1,0,3,1],"rotation":180,"texture":"#0"},"down":{"uv":[1,1,3,0],"rotation":180,"texture":"#0"}}},{"from":[6.5,16.91313,3.41761],"to":[9.5,19.91313,10.41761],"faces":{"north":{"uv":[6.5,0,5,1.5],"rotation":180,"texture":"#0"},"east":{"uv":[3.5,3,2,6.5],"rotation":270,"texture":"#0"},"south":{"uv":[6.5,1.5,5,3],"rotation":180,"texture":"#0"},"west":{"uv":[3.5,6.5,2,3],"rotation":270,"texture":"#0"},"up":{"uv":[5,3,3.5,6.5],"rotation":180,"texture":"#0"},"down":{"uv":[6.5,3,5,6.5],"rotation":180,"texture":"#0"}}},{"from":[6.98,-4.87843,6.2],"to":[9.02,4.12157,8.2],"rotation":{"angle":22.5,"axis":"x","origin":[8,3.95,8.2]},"faces":{"north":{"uv":[4,11,3,6.5],"texture":"#0"},"east":{"uv":[1,6.5,0,2],"texture":"#0"},"south":{"uv":[2,7.5,1,3],"texture":"#0"},"west":{"uv":[0,6.5,1,2],"texture":"#0"}}},{"from":[6.5,-3.91313,3.41761],"to":[9.5,-0.91313,10.41761],"faces":{"north":{"uv":[6.5,1.5,5,0],"rotation":180,"texture":"#0"},"east":{"uv":[2,3,3.5,6.5],"rotation":270,"texture":"#0"},"south":{"uv":[6.5,3,5,1.5],"rotation":180,"texture":"#0"},"west":{"uv":[2,6.5,3.5,3],"rotation":270,"texture":"#0"},"up":{"uv":[6.5,6.5,5,3],"rotation":180,"texture":"#0"},"down":{"uv":[5,6.5,3.5,3],"rotation":180,"texture":"#0"}}},{"from":[7,-3.41313,3.91761],"to":[9,-1.41313,17.91761],"faces":{"east":{"uv":[0,6.5,1,13.5],"rotation":270,"texture":"#0"},"south":{"uv":[0,14.5,1,13.5],"rotation":270,"texture":"#0"},"west":{"uv":[0,13.5,1,6.5],"rotation":270,"texture":"#0"},"up":{"uv":[3,7.5,2,14.5],"rotation":180,"texture":"#0"},"down":{"uv":[2,7.5,1,14.5],"rotation":180,"texture":"#0"}}},{"from":[6,-4.41313,14.91761],"to":[10,-0.41313,16.91761],"faces":{"north":{"uv":[3,3,5,1],"rotation":270,"texture":"#0"},"east":{"uv":[1,0,3,1],"rotation":270,"texture":"#0"},"south":{"uv":[1,3,3,1],"rotation":270,"texture":"#0"},"west":{"uv":[1,1,3,0],"rotation":270,"texture":"#0"},"up":{"uv":[1,0,3,1],"rotation":180,"texture":"#0"},"down":{"uv":[1,1,3,0],"rotation":180,"texture":"#0"}}},{"from":[6,10,5],"to":[10,12,9],"faces":{"north":{"uv":[1,0,3,1],"texture":"#0"},"east":{"uv":[1,0,3,1],"texture":"#0"},"south":{"uv":[1,0,3,1],"texture":"#0"},"west":{"uv":[1,0,3,1],"texture":"#0"},"up":{"uv":[1,1,3,3],"rotation":90,"texture":"#0"},"down":{"uv":[3,1,5,3],"rotation":90,"texture":"#0"}}},{"from":[6,4,5],"to":[10,6,9],"faces":{"north":{"uv":[1,0,3,1],"texture":"#0"},"east":{"uv":[1,0,3,1],"texture":"#0"},"south":{"uv":[1,0,3,1],"texture":"#0"},"west":{"uv":[1,0,3,1],"texture":"#0"},"up":{"uv":[1,1,3,3],"rotation":90,"texture":"#0"},"down":{"uv":[3,1,5,3],"rotation":90,"texture":"#0"}}},{"from":[7,6,6],"to":[9,10,8],"faces":{"north":{"uv":[0,0,1,2],"rotation":180,"texture":"#0"},"east":{"uv":[0,0,1,2],"rotation":180,"texture":"#0"},"south":{"uv":[0,0,1,2],"rotation":180,"texture":"#0"},"west":{"uv":[0,0,1,2],"rotation":180,"texture":"#0"}}},{"from":[10,12,5],"to":[10.02,17,11],"rotation":{"angle":-22.5,"axis":"z","origin":[10,12,0]},"faces":{"east":{"uv":[6.5,0,9.5,2.5],"texture":"#0"},"west":{"uv":[9.5,0,6.5,2.5],"texture":"#0"}}},{"from":[5.98,12,5],"to":[6,17,11],"rotation":{"angle":22.5,"axis":"z","origin":[6,12,0]},"faces":{"east":{"uv":[6.5,0,9.5,2.5],"texture":"#0"},"west":{"uv":[9.5,0,6.5,2.5],"texture":"#0"}}},{"from":[10,-1,5],"to":[10.02,4,11],"rotation":{"angle":22.5,"axis":"z","origin":[10,4,0]},"faces":{"east":{"uv":[6.5,2.5,9.5,0],"texture":"#0"},"west":{"uv":[9.5,2.5,6.5,0],"texture":"#0"}}},{"from":[5.98,-1,5],"to":[6,4,11],"rotation":{"angle":-22.5,"axis":"z","origin":[6,4,0]},"faces":{"east":{"uv":[6.5,2.5,9.5,0],"texture":"#0"},"west":{"uv":[9.5,2.5,6.5,0],"texture":"#0"}}},{"from":[7.5,10.2,3.4],"to":[8.5,12.2,5.4],"rotation":{"angle":22.5,"axis":"x","origin":[7,11,5]},"faces":{"north":{"uv":[6.5,3.5,7,2.5],"rotation":180,"texture":"#0"},"east":{"uv":[6.5,2.5,7.5,3.5],"rotation":90,"texture":"#0"},"west":{"uv":[6.5,3.5,7.5,2.5],"rotation":90,"texture":"#0"},"up":{"uv":[6.5,3.5,7,2.5],"rotation":180,"texture":"#0"},"down":{"uv":[7,3.5,7.5,2.5],"rotation":180,"texture":"#0"}}},{"from":[8,9.2,3.4],"to":[8.02,10.2,4.4],"rotation":{"angle":22.5,"axis":"x","origin":[7,11,5]},"faces":{"east":{"uv":[7.5,2.5,8,3],"rotation":90,"texture":"#0"},"west":{"uv":[7.5,2.5,8,3],"rotation":90,"texture":"#0"}}},{"from":[7.5,3.8,3.4],"to":[8.5,5.8,5.4],"rotation":{"angle":-22.5,"axis":"x","origin":[0,5,5]},"faces":{"north":{"uv":[6.5,2.5,7,3.5],"rotation":180,"texture":"#0"},"east":{"uv":[7.5,2.5,6.5,3.5],"rotation":90,"texture":"#0"},"west":{"uv":[7.5,3.5,6.5,2.5],"rotation":90,"texture":"#0"},"up":{"uv":[7,2.5,7.5,3.5],"rotation":180,"texture":"#0"},"down":{"uv":[6.5,2.5,7,3.5],"rotation":180,"texture":"#0"}}},{"from":[8,5.8,3.4],"to":[8.02,6.8,4.4],"rotation":{"angle":-22.5,"axis":"x","origin":[0,5,5]},"faces":{"east":{"uv":[8,2.5,7.5,3],"rotation":90,"texture":"#0"},"west":{"uv":[8,2.5,7.5,3],"rotation":90,"texture":"#0"}}},{"from":[6.8,5.5,0.5],"to":[6.82,10.5,20.5],"faces":{"east":{"uv":[10,0,0,2.5],"texture":"#1"},"west":{"uv":[0,0,10,2.5],"texture":"#1"}}},{"from":[4.31,7.99,0.5],"to":[9.31,8.01,20.5],"faces":{"up":{"uv":[10,0,0,2.5],"rotation":270,"texture":"#1"},"down":{"uv":[0,0,10,2.5],"rotation":270,"texture":"#1"}}}]}