{"credit":"Made with Blockbench","texture_size":[64,64],"textures":{"0":"custom/general/decoration/english_garden/eng_garden_mast_light","particle":"custom/general/decoration/english_garden/eng_garden_mast_light"},"elements":[{"from":[6.5,6,6.5],"to":[9.5,21,9.5],"faces":{"north":{"uv":[5.75,4.75,6.5,8.5],"texture":"#0"},"east":{"uv":[5,4.75,5.75,8.5],"texture":"#0"},"south":{"uv":[7.25,4.75,8,8.5],"texture":"#0"},"west":{"uv":[6.5,4.75,7.25,8.5],"texture":"#0"},"up":{"uv":[6.5,4.75,5.75,4],"texture":"#0"},"down":{"uv":[7.25,4,6.5,4.75],"texture":"#0"}}},{"from":[5.5,22,5.5],"to":[10.5,29,10.5],"faces":{"north":{"uv":[1.25,5.25,2.5,7],"texture":"#0"},"east":{"uv":[0,5.25,1.25,7],"texture":"#0"},"south":{"uv":[3.75,5.25,5,7],"texture":"#0"},"west":{"uv":[2.5,5.25,3.75,7],"texture":"#0"},"up":{"uv":[2.5,5.25,1.25,4],"texture":"#0"},"down":{"uv":[3.75,4,2.5,5.25],"texture":"#0"}}},{"from":[4.5,29,4.5],"to":[11.5,30,11.5],"rotation":{"angle":45,"axis":"y","origin":[8,31,8]},"faces":{"north":{"uv":[1.75,1.75,3.5,2],"texture":"#0"},"east":{"uv":[0,1.75,1.75,2],"texture":"#0"},"south":{"uv":[5.25,1.75,7,2],"texture":"#0"},"west":{"uv":[3.5,1.75,5.25,2],"texture":"#0"},"up":{"uv":[3.5,1.75,1.75,0],"texture":"#0"},"down":{"uv":[5.25,0,3.5,1.75],"texture":"#0"}}},{"from":[5.5,31,5.5],"to":[10.5,32,10.5],"rotation":{"angle":45,"axis":"y","origin":[8,31,8]},"faces":{"north":{"uv":[5.75,3.25,7,3.5],"texture":"#0"},"east":{"uv":[4.5,3.25,5.75,3.5],"texture":"#0"},"south":{"uv":[8.25,3.25,9.5,3.5],"texture":"#0"},"west":{"uv":[7,3.25,8.25,3.5],"texture":"#0"},"up":{"uv":[7,3.25,5.75,2],"texture":"#0"},"down":{"uv":[8.25,2,7,3.25],"texture":"#0"}}},{"from":[6,21,6],"to":[10,22,10],"rotation":{"angle":0,"axis":"y","origin":[8,27,8]},"faces":{"north":{"uv":[8.25,4.5,9.25,4.75],"texture":"#0"},"east":{"uv":[7.25,4.5,8.25,4.75],"texture":"#0"},"south":{"uv":[10.25,4.5,11.25,4.75],"texture":"#0"},"west":{"uv":[9.25,4.5,10.25,4.75],"texture":"#0"},"up":{"uv":[9.25,4.5,8.25,3.5],"rotation":270,"texture":"#0"},"down":{"uv":[10.25,3.5,9.25,4.5],"rotation":90,"texture":"#0"}}},{"from":[7.5,22,7.5],"to":[8.5,23,8.5],"rotation":{"angle":0,"axis":"y","origin":[8,27,8]},"faces":{"north":{"uv":[0.25,0.25,0.5,0.5],"texture":"#0"},"east":{"uv":[0,0.25,0.25,0.5],"texture":"#0"},"south":{"uv":[0.75,0.25,1,0.5],"texture":"#0"},"west":{"uv":[0.5,0.25,0.75,0.5],"texture":"#0"},"up":{"uv":[0.5,0.25,0.25,0],"rotation":270,"texture":"#0"},"down":{"uv":[0.75,0,0.5,0.25],"rotation":90,"texture":"#0"}}},{"from":[7,23,7],"to":[9,26,9],"rotation":{"angle":0,"axis":"y","origin":[8,27,8]},"faces":{"north":{"uv":[8.5,5.25,9,6],"texture":"#0"},"east":{"uv":[8,5.25,8.5,6],"texture":"#0"},"south":{"uv":[9.5,5.25,10,6],"texture":"#0"},"west":{"uv":[9,5.25,9.5,6],"texture":"#0"},"up":{"uv":[9,5.25,8.5,4.75],"rotation":270,"texture":"#0"},"down":{"uv":[9.5,4.75,9,5.25],"rotation":90,"texture":"#0"}}},{"from":[6,30,6],"to":[10,31,10],"rotation":{"angle":0,"axis":"y","origin":[8,31,8]},"faces":{"north":{"uv":[6.25,1,7.25,1.25],"texture":"#0"},"east":{"uv":[5.25,1,6.25,1.25],"texture":"#0"},"south":{"uv":[8.25,1,9.25,1.25],"texture":"#0"},"west":{"uv":[7.25,1,8.25,1.25],"texture":"#0"},"up":{"uv":[7.25,1,6.25,0],"rotation":270,"texture":"#0"},"down":{"uv":[8.25,0,7.25,1],"rotation":90,"texture":"#0"}}},{"from":[6,2,6],"to":[10,6,10],"faces":{"north":{"uv":[1,8,2,9],"texture":"#0"},"east":{"uv":[0,8,1,9],"texture":"#0"},"south":{"uv":[3,8,4,9],"texture":"#0"},"west":{"uv":[2,8,3,9],"texture":"#0"},"up":{"uv":[2,8,1,7],"texture":"#0"},"down":{"uv":[3,7,2,8],"texture":"#0"}}},{"from":[5,0,5],"to":[11,2,11],"faces":{"north":{"uv":[1.5,3.5,3,4],"texture":"#0"},"east":{"uv":[0,3.5,1.5,4],"texture":"#0"},"south":{"uv":[4.5,3.5,6,4],"texture":"#0"},"west":{"uv":[3,3.5,4.5,4],"texture":"#0"},"up":{"uv":[3,3.5,1.5,2],"texture":"#0"},"down":{"uv":[4.5,2,3,3.5],"texture":"#0"}}}],"display":{"thirdperson_righthand":{"rotation":[60,20,0],"translation":[0,1,1],"scale":[0.6,0.6,0.6]},"thirdperson_lefthand":{"rotation":[60,20,0],"translation":[0,1,1],"scale":[0.6,0.6,0.6]},"firstperson_righthand":{"translation":[1.25,-1,0],"scale":[0.5,0.5,0.5]},"firstperson_lefthand":{"translation":[1.25,-1,0],"scale":[0.5,0.5,0.5]},"ground":{"translation":[0,1.5,0],"scale":[0.35,0.35,0.35]},"gui":{"rotation":[30,-135,0],"translation":[0.5,-3,0],"scale":[0.45,0.45,0.45]},"head":{"translation":[0,-30.4,0],"scale":[-1.6,1.6,-1.6]},"fixed":{"rotation":[-90,-180,0],"translation":[0,0,-16],"scale":[-2,2,-2]}}}