{"credit":"Made with Blockbench","texture_size":[128,128],"textures":{"0":"custom/general/decoration/english_garden/eng_garden_table","particle":"custom/general/decoration/english_garden/eng_garden_table"},"elements":[{"name":"Box19","from":[-7,14,-7],"to":[23,16,23],"faces":{"north":{"uv":[3.75,3.75,7.5,4],"texture":"#0"},"east":{"uv":[0,3.75,3.75,4],"texture":"#0"},"south":{"uv":[11.25,3.75,15,4],"texture":"#0"},"west":{"uv":[7.5,3.75,11.25,4],"texture":"#0"},"up":{"uv":[7.5,3.75,3.75,0],"texture":"#0"},"down":{"uv":[11.25,0,7.5,3.75],"texture":"#0"}}},{"name":"Box20","from":[-7,0,8],"to":[23,14,8],"rotation":{"angle":45,"axis":"y","origin":[8,6.5,8]},"faces":{"north":{"uv":[0,4,3.75,5.75],"texture":"#0"},"east":{"uv":[0,4,0,5.75],"texture":"#0"},"south":{"uv":[3.75,4,7.5,5.75],"texture":"#0"},"west":{"uv":[3.75,4,3.75,5.75],"texture":"#0"},"up":{"uv":[3.75,4,0,4],"texture":"#0"},"down":{"uv":[7.5,4,3.75,4],"texture":"#0"}}},{"name":"Box21","from":[8,0,-7],"to":[8,14,23],"rotation":{"angle":45,"axis":"y","origin":[8,6.5,8]},"faces":{"north":{"uv":[3.75,4,3.75,5.75],"texture":"#0"},"east":{"uv":[0,4,3.75,5.75],"texture":"#0"},"south":{"uv":[7.5,4,7.5,5.75],"texture":"#0"},"west":{"uv":[3.75,4,7.5,5.75],"texture":"#0"},"up":{"uv":[3.75,4,3.75,0.25],"texture":"#0"},"down":{"uv":[3.75,0.25,3.75,4],"texture":"#0"}}},{"from":[6.5,3,6.5],"to":[9.5,14,9.5],"faces":{"north":{"uv":[0.375,0.375,0.75,1.75],"texture":"#0"},"east":{"uv":[0,0.375,0.375,1.75],"texture":"#0"},"south":{"uv":[1.125,0.375,1.5,1.75],"texture":"#0"},"west":{"uv":[0.75,0.375,1.125,1.75],"texture":"#0"},"up":{"uv":[0.75,0.375,0.375,0],"texture":"#0"},"down":{"uv":[1.125,0,0.75,0.375],"texture":"#0"}}},{"from":[6,5,6],"to":[10,7,10],"faces":{"north":{"uv":[1.5,1.75,2,2],"texture":"#0"},"east":{"uv":[1,1.75,1.5,2],"texture":"#0"},"south":{"uv":[2.5,1.75,3,2],"texture":"#0"},"west":{"uv":[2,1.75,2.5,2],"texture":"#0"},"up":{"uv":[2,1.75,1.5,1.25],"texture":"#0"},"down":{"uv":[2.5,1.25,2,1.75],"texture":"#0"}}}],"display":{"thirdperson_righthand":{"rotation":[60,-132,0],"translation":[0,7.75,-5.5],"scale":[0.6,0.6,0.6]},"thirdperson_lefthand":{"rotation":[60,-132,0],"translation":[0,7.75,-5.5],"scale":[0.6,0.6,0.6]},"firstperson_righthand":{"rotation":[0,-73,6],"translation":[0,-0.75,-0.5],"scale":[0.4,0.4,0.4]},"firstperson_lefthand":{"rotation":[0,-73,6],"translation":[0,-0.75,-0.5],"scale":[0.4,0.4,0.4]},"ground":{"translation":[0,1.5,0],"scale":[0.35,0.35,0.35]},"gui":{"rotation":[30,-135,0],"translation":[0,-1.25,0],"scale":[0.35,0.35,0.35]},"head":{"translation":[0,-30.4,0],"scale":[1.6,1.6,1.6]},"fixed":{"rotation":[90,0,-180],"translation":[0,0,-16],"scale":[2,2,2]}}}