{"credit":"Made with Blockbench","texture_size":[128,128],"textures":{"0":"custom/general/decoration/english_garden/eng_garden_stone_wall","particle":"custom/general/decoration/english_garden/eng_garden_stone_wall"},"elements":[{"from":[-16,13,1],"to":[32,16,15],"faces":{"north":{"uv":[1.75,1.75,7.75,2.125],"texture":"#0"},"east":{"uv":[0,1.75,1.75,2.125],"texture":"#0"},"south":{"uv":[9.5,1.75,15.5,2.125],"texture":"#0"},"west":{"uv":[7.75,1.75,9.5,2.125],"texture":"#0"},"up":{"uv":[7.75,1.75,1.75,0],"texture":"#0"},"down":{"uv":[13.75,0,7.75,1.75],"texture":"#0"}}},{"from":[2,11,2],"to":[14,13,14],"faces":{"north":{"uv":[1.5,5.625,3,5.875],"texture":"#0"},"east":{"uv":[0,5.625,1.5,5.875],"texture":"#0"},"south":{"uv":[4.5,5.625,6,5.875],"texture":"#0"},"west":{"uv":[3,5.625,4.5,5.875],"texture":"#0"},"up":{"uv":[3,5.625,1.5,4.125],"texture":"#0"},"down":{"uv":[4.5,4.125,3,5.625],"texture":"#0"}}},{"from":[2,2,2],"to":[14,4,14],"faces":{"north":{"uv":[1.5,5.625,3,5.875],"texture":"#0"},"east":{"uv":[0,5.625,1.5,5.875],"texture":"#0"},"south":{"uv":[4.5,5.625,6,5.875],"texture":"#0"},"west":{"uv":[3,5.625,4.5,5.875],"texture":"#0"},"up":{"uv":[3,5.625,1.5,4.125],"texture":"#0"},"down":{"uv":[4.5,4.125,3,5.625],"texture":"#0"}}},{"from":[-16,0,1],"to":[32,2,15],"faces":{"north":{"uv":[1.75,3.875,7.75,4.125],"texture":"#0"},"east":{"uv":[0,3.875,1.75,4.125],"texture":"#0"},"south":{"uv":[9.5,3.875,15.5,4.125],"texture":"#0"},"west":{"uv":[7.75,3.875,9.5,4.125],"texture":"#0"},"up":{"uv":[7.75,3.875,1.75,2.125],"texture":"#0"},"down":{"uv":[13.75,2.125,7.75,3.875],"texture":"#0"}}},{"from":[3,4,3],"to":[13,11,13],"faces":{"north":{"uv":[1.25,7.125,2.5,8],"texture":"#0"},"east":{"uv":[0,7.125,1.25,8],"texture":"#0"},"south":{"uv":[3.75,7.125,5,8],"texture":"#0"},"west":{"uv":[2.5,7.125,3.75,8],"texture":"#0"},"up":{"uv":[2.5,7.125,1.25,5.875],"texture":"#0"},"down":{"uv":[3.75,5.875,2.5,7.125],"texture":"#0"}}},{"from":[25,2,5.5],"to":[30,13,10.5],"rotation":{"angle":45,"axis":"y","origin":[27.5,7.5,8]},"faces":{"north":{"uv":[5.625,6.75,6.25,8.125],"texture":"#0"},"east":{"uv":[5,6.75,5.625,8.125],"texture":"#0"},"south":{"uv":[6.875,6.75,7.5,8.125],"texture":"#0"},"west":{"uv":[6.25,6.75,6.875,8.125],"texture":"#0"},"up":{"uv":[6.25,6.75,5.625,6.125],"texture":"#0"},"down":{"uv":[6.875,6.125,6.25,6.75],"texture":"#0"}}},{"from":[17,2,5.5],"to":[22,13,10.5],"rotation":{"angle":45,"axis":"y","origin":[19.5,7.5,8]},"faces":{"north":{"uv":[5.625,6.75,6.25,8.125],"texture":"#0"},"east":{"uv":[5,6.75,5.625,8.125],"texture":"#0"},"south":{"uv":[6.875,6.75,7.5,8.125],"texture":"#0"},"west":{"uv":[6.25,6.75,6.875,8.125],"texture":"#0"},"up":{"uv":[6.25,6.75,5.625,6.125],"texture":"#0"},"down":{"uv":[6.875,6.125,6.25,6.75],"texture":"#0"}}},{"from":[-14,2,5.5],"to":[-9,13,10.5],"rotation":{"angle":45,"axis":"y","origin":[-11.5,7.5,8]},"faces":{"north":{"uv":[5.625,6.75,6.25,8.125],"texture":"#0"},"east":{"uv":[5,6.75,5.625,8.125],"texture":"#0"},"south":{"uv":[6.875,6.75,7.5,8.125],"texture":"#0"},"west":{"uv":[6.25,6.75,6.875,8.125],"texture":"#0"},"up":{"uv":[6.25,6.75,5.625,6.125],"texture":"#0"},"down":{"uv":[6.875,6.125,6.25,6.75],"texture":"#0"}}},{"from":[-6,2,5.5],"to":[-1,13,10.5],"rotation":{"angle":45,"axis":"y","origin":[-3.5,7.5,8]},"faces":{"north":{"uv":[5.625,6.75,6.25,8.125],"texture":"#0"},"east":{"uv":[5,6.75,5.625,8.125],"texture":"#0"},"south":{"uv":[6.875,6.75,7.5,8.125],"texture":"#0"},"west":{"uv":[6.25,6.75,6.875,8.125],"texture":"#0"},"up":{"uv":[6.25,6.75,5.625,6.125],"texture":"#0"},"down":{"uv":[6.875,6.125,6.25,6.75],"texture":"#0"}}}],"display":{"thirdperson_righthand":{"rotation":[60,-160,0],"translation":[0,4.5,1],"scale":[0.6,0.6,0.6]},"thirdperson_lefthand":{"rotation":[60,-160,0],"translation":[0,4.5,1],"scale":[0.6,0.6,0.6]},"firstperson_righthand":{"rotation":[0,-73,6],"translation":[0,-1.75,0],"scale":[-0.7,0.7,-0.7]},"firstperson_lefthand":{"rotation":[0,-73,6],"translation":[0,-1.75,0],"scale":[-0.7,0.7,-0.7]},"ground":{"translation":[0,1.5,0],"scale":[0.35,0.35,0.35]},"gui":{"rotation":[30,-135,0],"translation":[0.25,0,0],"scale":[0.3,0.3,0.3]},"head":{"translation":[0,-30.4,0],"scale":[-1.6,1.6,-1.6]},"fixed":{"rotation":[-90,-90,0],"translation":[0,0,-16],"scale":[-2,2,-2]}}}