{"credit":"Made with Blockbench","texture_size":[64,64],"textures":{"0":"custom/general/decoration/english_garden/eng_garden_square_tree","particle":"custom/general/decoration/english_garden/eng_garden_square_tree"},"elements":[{"from":[6,16,6],"to":[14,24,14],"faces":{"north":{"uv":[2,2,4,4],"texture":"#0"},"east":{"uv":[0,2,2,4],"texture":"#0"},"south":{"uv":[6,2,8,4],"texture":"#0"},"west":{"uv":[4,2,6,4],"texture":"#0"},"up":{"uv":[4,2,2,0],"texture":"#0"},"down":{"uv":[6,0,4,2],"texture":"#0"}}},{"from":[2,9,9],"to":[10,17,17],"faces":{"north":{"uv":[2,2,4,4],"texture":"#0"},"east":{"uv":[0,2,2,4],"texture":"#0"},"south":{"uv":[6,2,8,4],"texture":"#0"},"west":{"uv":[4,2,6,4],"texture":"#0"},"up":{"uv":[4,2,2,0],"texture":"#0"},"down":{"uv":[6,0,4,2],"texture":"#0"}}},{"from":[9,8,4],"to":[17,16,12],"faces":{"north":{"uv":[2,2,4,4],"texture":"#0"},"east":{"uv":[0,2,2,4],"texture":"#0"},"south":{"uv":[6,2,8,4],"texture":"#0"},"west":{"uv":[4,2,6,4],"texture":"#0"},"up":{"uv":[4,2,2,0],"texture":"#0"},"down":{"uv":[6,0,4,2],"texture":"#0"}}},{"from":[3,12,0],"to":[11,20,8],"faces":{"north":{"uv":[2,2,4,4],"texture":"#0"},"east":{"uv":[0,2,2,4],"texture":"#0"},"south":{"uv":[6,2,8,4],"texture":"#0"},"west":{"uv":[4,2,6,4],"texture":"#0"},"up":{"uv":[4,2,2,0],"texture":"#0"},"down":{"uv":[6,0,4,2],"texture":"#0"}}},{"from":[6.5,0,6.5],"to":[9.5,14,9.5],"faces":{"north":{"uv":[0.75,4.75,1.5,8.25],"texture":"#0"},"east":{"uv":[0,4.75,0.75,8.25],"texture":"#0"},"south":{"uv":[2.25,4.75,3,8.25],"texture":"#0"},"west":{"uv":[1.5,4.75,2.25,8.25],"texture":"#0"}}},{"from":[7,4,10.5],"to":[9,12,12.5],"rotation":{"angle":45,"axis":"x","origin":[8,9,10.5]},"faces":{"north":{"uv":[3.5,4,4,6],"texture":"#0"},"east":{"uv":[3,4,3.5,6],"texture":"#0"},"south":{"uv":[4.5,4,5,6],"texture":"#0"},"west":{"uv":[4,4,4.5,6],"texture":"#0"}}},{"from":[10,4,7],"to":[12,11,9],"rotation":{"angle":-45,"axis":"z","origin":[11,7,8]},"faces":{"north":{"uv":[5.5,4,6,5.75],"texture":"#0"},"east":{"uv":[5,4,5.5,5.75],"texture":"#0"},"south":{"uv":[6.5,4,7,5.75],"texture":"#0"},"west":{"uv":[6,4,6.5,5.75],"texture":"#0"}}}],"display":{"thirdperson_righthand":{"rotation":[60,-160,0],"translation":[-0.75,3.5,1.75],"scale":[0.6,0.6,0.6]},"thirdperson_lefthand":{"rotation":[60,-160,0],"translation":[-0.75,3.5,1.75],"scale":[0.6,0.6,0.6]},"firstperson_righthand":{"rotation":[0,-73,6],"translation":[0.75,0.75,0],"scale":[0.4,0.4,0.4]},"firstperson_lefthand":{"rotation":[0,-73,6],"translation":[0.75,0.75,0],"scale":[0.4,0.4,0.4]},"ground":{"translation":[0,1.5,0],"scale":[0.6,0.6,0.6]},"gui":{"rotation":[30,-135,0],"translation":[0,-1.5,0],"scale":[0.5,0.5,0.5]},"head":{"translation":[0,-30.4,0],"scale":[1.6,1.6,1.6]},"fixed":{"rotation":[-90,0,0],"translation":[0,0,-16],"scale":[2,2,2]}}}