{"credit":"Made with Blockbench","texture_size":[64,64],"textures":{"0":"custom/general/decoration/english_garden/eng_garden_small_hedge_corner","particle":"custom/general/decoration/english_garden/eng_garden_small_hedge_corner"},"elements":[{"from":[0,0,0],"to":[16,4,16],"faces":{"north":{"uv":[4,4,8,5],"texture":"#0"},"east":{"uv":[0,4,4,5],"texture":"#0"},"south":{"uv":[12,4,16,5],"texture":"#0"},"west":{"uv":[8,4,12,5],"texture":"#0"},"up":{"uv":[8,4,4,0],"texture":"#0"},"down":{"uv":[12,0,8,4],"texture":"#0"}}},{"from":[7,0,7],"to":[16,16,16],"faces":{"north":{"uv":[2.25,7.25,4.5,11.25],"texture":"#0"},"east":{"uv":[0,7.25,2.25,11.25],"texture":"#0"},"south":{"uv":[6.75,7.25,9,11.25],"texture":"#0"},"west":{"uv":[4.5,7.25,6.75,11.25],"texture":"#0"},"up":{"uv":[4.5,7.25,2.25,5],"texture":"#0"},"down":{"uv":[6.75,5,4.5,7.25],"texture":"#0"}}}],"display":{"thirdperson_righthand":{"rotation":[60,-20,0],"translation":[0,4.5,1],"scale":[0.6,0.6,0.6]},"thirdperson_lefthand":{"rotation":[60,-20,0],"translation":[0,4.5,1],"scale":[0.6,0.6,0.6]},"firstperson_righthand":{"rotation":[0,-73,6],"translation":[2.25,2.75,-0.5],"scale":[-0.6,0.6,-0.6]},"firstperson_lefthand":{"rotation":[0,-73,6],"translation":[2.25,2.75,-0.5],"scale":[-0.6,0.6,-0.6]},"ground":{"translation":[0,1.5,0],"scale":[0.35,0.35,0.35]},"gui":{"rotation":[30,-135,0],"translation":[0.25,0,0],"scale":[0.6,0.6,0.6]},"head":{"translation":[0,-30.4,0],"scale":[-1.6,1.6,-1.6]},"fixed":{"rotation":[-90,0,0],"translation":[0,0,-16],"scale":[-2,2,-2]}}}