{"credit":"Made with Blockbench","texture_size":[64,64],"textures":{"0":"custom/general/decoration/english_garden/eng_garden_stone_pillar_3","particle":"custom/general/decoration/english_garden/eng_garden_stone_pillar_3"},"elements":[{"from":[0,13,0],"to":[16,16,16],"faces":{"north":{"uv":[4,4,8,4.75],"texture":"#0"},"east":{"uv":[0,4,4,4.75],"texture":"#0"},"south":{"uv":[12,4,16,4.75],"texture":"#0"},"west":{"uv":[8,4,12,4.75],"texture":"#0"},"up":{"uv":[8,4,4,0],"texture":"#0"},"down":{"uv":[12,0,8,4],"texture":"#0"}}},{"from":[0,0,0],"to":[16,3,16],"faces":{"north":{"uv":[4,4,8,4.75],"texture":"#0"},"east":{"uv":[0,4,4,4.75],"texture":"#0"},"south":{"uv":[12,4,16,4.75],"texture":"#0"},"west":{"uv":[8,4,12,4.75],"texture":"#0"},"up":{"uv":[8,4,4,0],"texture":"#0"},"down":{"uv":[12,0,8,4],"texture":"#0"}}},{"from":[1,3,1],"to":[15,13,15],"faces":{"north":{"uv":[3.5,8.25,7,10.75],"texture":"#0"},"east":{"uv":[0,8.25,3.5,10.75],"texture":"#0"},"south":{"uv":[10.5,8.25,14,10.75],"texture":"#0"},"west":{"uv":[7,8.25,10.5,10.75],"texture":"#0"},"up":{"uv":[7,8.25,3.5,4.75],"texture":"#0"},"down":{"uv":[10.5,4.75,7,8.25],"texture":"#0"}}}],"display":{"thirdperson_righthand":{"rotation":[60,-160,0],"translation":[0,4.5,1],"scale":[0.6,0.6,0.6]},"thirdperson_lefthand":{"rotation":[60,-160,0],"translation":[0,4.5,1],"scale":[0.6,0.6,0.6]},"firstperson_righthand":{"rotation":[0,-73,6],"translation":[0,-1.75,0],"scale":[-0.7,0.7,-0.7]},"firstperson_lefthand":{"rotation":[0,-73,6],"translation":[0,-1.75,0],"scale":[-0.7,0.7,-0.7]},"ground":{"translation":[0,1.5,0],"scale":[0.35,0.35,0.35]},"gui":{"rotation":[30,-135,0],"translation":[0.25,0,0],"scale":[0.5,0.5,0.5]},"head":{"translation":[0,-30.4,0],"scale":[-1.6,1.6,-1.6]},"fixed":{"rotation":[-90,0,0],"translation":[0,0,-16],"scale":[-2,2,-2]}}}