{"credit":"Made by LZLeon with Blockbench, Contact - Discord: LZBlocks#0261 - E-Mail: lzblocks@outlook.com","texture_size":[256,256],"textures":{"0":"custom/general/decoration/english_garden/eng_garden_spring","particle":"custom/general/decoration/english_garden/eng_garden_spring"},"elements":[{"from":[-16,-15,-16],"to":[32,-13,32],"rotation":{"angle":0,"axis":"y","origin":[0,-15,0]},"faces":{"north":{"uv":[3,3,6,3.125],"texture":"#0"},"east":{"uv":[0,3,3,3.125],"texture":"#0"},"south":{"uv":[9,3,12,3.125],"texture":"#0"},"west":{"uv":[6,3,9,3.125],"texture":"#0"},"up":{"uv":[6,3,3,0],"texture":"#0"},"down":{"uv":[9,0,6,3],"texture":"#0"}}},{"from":[-9,-9,-9],"to":[25,-9,25],"rotation":{"angle":0,"axis":"y","origin":[0,-15,0]},"faces":{"north":{"uv":[6,8.375,8.125,8.375],"texture":"#0"},"east":{"uv":[3.875,8.375,6,8.375],"texture":"#0"},"south":{"uv":[10.25,8.375,12.375,8.375],"texture":"#0"},"west":{"uv":[8.125,8.375,10.25,8.375],"texture":"#0"},"up":{"uv":[8.125,8.375,6,6.25],"texture":"#0"},"down":{"uv":[10.25,6.25,8.125,8.375],"texture":"#0"}}},{"from":[-1,5,-1],"to":[17,5,17],"rotation":{"angle":0,"axis":"y","origin":[0,-15,0]},"faces":{"north":{"uv":[9,1.125,10.125,1.125],"texture":"#0"},"east":{"uv":[7.875,1.125,9,1.125],"texture":"#0"},"south":{"uv":[11.25,1.125,12.375,1.125],"texture":"#0"},"west":{"uv":[10.125,1.125,11.25,1.125],"texture":"#0"},"up":{"uv":[10.125,1.125,9,0],"texture":"#0"},"down":{"uv":[11.25,0,10.125,1.125],"texture":"#0"}}},{"from":[-4,2,-4],"to":[20,3,20],"rotation":{"angle":0,"axis":"y","origin":[0,-15,0]},"faces":{"north":{"uv":[1.5,10.3125,3,10.375],"texture":"#0"},"east":{"uv":[0,10.3125,1.5,10.375],"texture":"#0"},"south":{"uv":[4.5,10.3125,6,10.375],"texture":"#0"},"west":{"uv":[3,10.3125,4.5,10.375],"texture":"#0"},"up":{"uv":[3,10.3125,1.5,8.8125],"texture":"#0"},"down":{"uv":[4.5,8.8125,3,10.3125],"texture":"#0"}}},{"from":[-4,3,-4],"to":[20,6,-1],"rotation":{"angle":0,"axis":"y","origin":[0,-15,0]},"faces":{"north":{"uv":[9.1875,2.6875,10.6875,2.875],"texture":"#0"},"east":{"uv":[9,2.6875,9.1875,2.875],"texture":"#0"},"south":{"uv":[10.875,2.6875,12.375,2.875],"texture":"#0"},"west":{"uv":[10.6875,2.6875,10.875,2.875],"texture":"#0"},"up":{"uv":[10.6875,2.6875,9.1875,2.5],"texture":"#0"},"down":{"uv":[12.1875,2.5,10.6875,2.6875],"texture":"#0"}}},{"from":[-4,3,17],"to":[20,6,20],"rotation":{"angle":0,"axis":"y","origin":[0,-15,0]},"faces":{"north":{"uv":[6.6875,8.5625,8.1875,8.75],"texture":"#0"},"east":{"uv":[6.5,8.5625,6.6875,8.75],"texture":"#0"},"south":{"uv":[8.375,8.5625,9.875,8.75],"texture":"#0"},"west":{"uv":[8.1875,8.5625,8.375,8.75],"texture":"#0"},"up":{"uv":[8.1875,8.5625,6.6875,8.375],"texture":"#0"},"down":{"uv":[9.6875,8.375,8.1875,8.5625],"texture":"#0"}}},{"from":[17,3,-1],"to":[20,6,17],"rotation":{"angle":0,"axis":"y","origin":[0,-15,0]},"faces":{"north":{"uv":[1.125,2.4375,1.3125,2.625],"texture":"#0"},"east":{"uv":[0,2.4375,1.125,2.625],"texture":"#0"},"south":{"uv":[2.4375,2.4375,2.625,2.625],"texture":"#0"},"west":{"uv":[1.3125,2.4375,2.4375,2.625],"texture":"#0"},"up":{"uv":[1.3125,2.4375,1.125,1.3125],"texture":"#0"},"down":{"uv":[1.5,1.3125,1.3125,2.4375],"texture":"#0"}}},{"from":[-4,3,-1],"to":[-1,6,17],"rotation":{"angle":0,"axis":"y","origin":[0,-15,0]},"faces":{"north":{"uv":[1.125,1.125,1.3125,1.3125],"texture":"#0"},"east":{"uv":[0,1.125,1.125,1.3125],"texture":"#0"},"south":{"uv":[2.4375,1.125,2.625,1.3125],"texture":"#0"},"west":{"uv":[1.3125,1.125,2.4375,1.3125],"texture":"#0"},"up":{"uv":[1.3125,1.125,1.125,0],"texture":"#0"},"down":{"uv":[1.5,0,1.3125,1.125],"texture":"#0"}}},{"from":[-16,-15.009,-16],"to":[32,-13.009,32],"rotation":{"angle":-45,"axis":"y","origin":[8,-14,8]},"faces":{"north":{"uv":[3,3,6,3.125],"texture":"#0"},"east":{"uv":[0,3,3,3.125],"texture":"#0"},"south":{"uv":[9,3,12,3.125],"texture":"#0"},"west":{"uv":[6,3,9,3.125],"texture":"#0"},"up":{"uv":[6,3,3,0],"rotation":270,"texture":"#0"},"down":{"uv":[9,0,6,3],"rotation":90,"texture":"#0"}}},{"from":[-13,-13,-13],"to":[-9,-6,29],"rotation":{"angle":0,"axis":"y","origin":[0,-15,0]},"faces":{"north":{"uv":[6,11,6.25,11.4375],"texture":"#0"},"east":{"uv":[3.375,11,6,11.4375],"texture":"#0"},"south":{"uv":[8.875,11,9.125,11.4375],"texture":"#0"},"west":{"uv":[6.25,11,8.875,11.4375],"texture":"#0"},"up":{"uv":[6.25,11,6,8.375],"texture":"#0"},"down":{"uv":[6.5,8.375,6.25,11],"texture":"#0"}}},{"from":[-9,-13,25],"to":[25,-6,29],"rotation":{"angle":0,"axis":"y","origin":[0,-15,0]},"faces":{"north":{"uv":[9.25,2.0625,11.375,2.5],"texture":"#0"},"east":{"uv":[9,2.0625,9.25,2.5],"texture":"#0"},"south":{"uv":[11.625,2.0625,13.75,2.5],"texture":"#0"},"west":{"uv":[11.375,2.0625,11.625,2.5],"texture":"#0"},"up":{"uv":[11.375,2.0625,9.25,1.8125],"texture":"#0"},"down":{"uv":[13.5,1.8125,11.375,2.0625],"texture":"#0"}}},{"from":[-9,-13,-13],"to":[25,-6,-9],"rotation":{"angle":0,"axis":"y","origin":[0,-15,0]},"faces":{"north":{"uv":[9.25,1.375,11.375,1.8125],"texture":"#0"},"east":{"uv":[9,1.375,9.25,1.8125],"texture":"#0"},"south":{"uv":[11.625,1.375,13.75,1.8125],"texture":"#0"},"west":{"uv":[11.375,1.375,11.625,1.8125],"texture":"#0"},"up":{"uv":[11.375,1.375,9.25,1.125],"texture":"#0"},"down":{"uv":[13.5,1.125,11.375,1.375],"texture":"#0"}}},{"from":[25,-13,-13],"to":[29,-6,29],"rotation":{"angle":0,"axis":"y","origin":[0,-15,0]},"faces":{"north":{"uv":[10.25,8.875,10.5,9.3125],"texture":"#0"},"east":{"uv":[7.625,8.875,10.25,9.3125],"texture":"#0"},"south":{"uv":[13.125,8.875,13.375,9.3125],"texture":"#0"},"west":{"uv":[10.5,8.875,13.125,9.3125],"texture":"#0"},"up":{"uv":[10.5,8.875,10.25,6.25],"texture":"#0"},"down":{"uv":[10.75,6.25,10.5,8.875],"texture":"#0"}}},{"from":[5,-6,5],"to":[11,2,11],"rotation":{"angle":0,"axis":"y","origin":[0,-15,0]},"faces":{"north":{"uv":[1.875,0.375,2.25,0.875],"texture":"#0"},"east":{"uv":[1.5,0.375,1.875,0.875],"texture":"#0"},"south":{"uv":[2.625,0.375,3,0.875],"texture":"#0"},"west":{"uv":[2.25,0.375,2.625,0.875],"texture":"#0"},"up":{"uv":[2.25,0.375,1.875,0],"texture":"#0"},"down":{"uv":[2.625,0,2.25,0.375],"texture":"#0"}}},{"from":[6,3,6],"to":[10,17,10],"rotation":{"angle":45,"axis":"y","origin":[8,7.5,8]},"faces":{"north":{"uv":[0.25,0.25,0.5,1.125],"texture":"#0"},"east":{"uv":[0,0.25,0.25,1.125],"texture":"#0"},"south":{"uv":[0.75,0.25,1,1.125],"texture":"#0"},"west":{"uv":[0.5,0.25,0.75,1.125],"texture":"#0"},"up":{"uv":[0.5,0.25,0.25,0],"texture":"#0"},"down":{"uv":[0.75,0,0.5,0.25],"texture":"#0"}}},{"from":[8,-9,-16],"to":[8,32,32],"rotation":{"angle":45,"axis":"y","origin":[8,7.5,8]},"faces":{"north":{"uv":[3,6.25,3,8.8125],"texture":"#0"},"east":{"uv":[0,6.25,3,8.8125],"texture":"#0"},"south":{"uv":[6,6.25,6,8.8125],"texture":"#0"},"west":{"uv":[3,6.25,6,8.8125],"texture":"#0"},"up":{"uv":[3,6.25,3,3.25],"texture":"#0"},"down":{"uv":[3,3.25,3,6.25],"texture":"#0"}}},{"from":[3,-13,3],"to":[13,-6,13],"rotation":{"angle":45,"axis":"y","origin":[8,-10,8]},"faces":{"north":{"uv":[0.625,3.75,1.25,4.1875],"texture":"#0"},"east":{"uv":[0,3.75,0.625,4.1875],"texture":"#0"},"south":{"uv":[1.875,3.75,2.5,4.1875],"texture":"#0"},"west":{"uv":[1.25,3.75,1.875,4.1875],"texture":"#0"},"up":{"uv":[1.25,3.75,0.625,3.125],"texture":"#0"},"down":{"uv":[1.875,3.125,1.25,3.75],"texture":"#0"}}}],"display":{"thirdperson_righthand":{"rotation":[60,20,0],"translation":[0,10.75,3],"scale":[0.4,0.4,0.4]},"thirdperson_lefthand":{"rotation":[60,20,0],"translation":[0,10.75,3],"scale":[0.4,0.4,0.4]},"firstperson_righthand":{"rotation":[0,-73,6],"translation":[0,5,0],"scale":[-0.45,0.45,-0.45]},"firstperson_lefthand":{"rotation":[0,-73,6],"translation":[0,5,0],"scale":[-0.45,0.45,-0.45]},"ground":{"translation":[0,2.25,0],"scale":[0.2,0.2,0.2]},"gui":{"rotation":[30,-135,0],"translation":[0,2,0],"scale":[0.23,0.23,0.23]},"head":{"translation":[0,-6.4,0],"scale":[-1.6,1.6,-1.6]},"fixed":{"rotation":[-90,-180,0],"translation":[0,0,-46],"scale":[-2,2,-2]}}}