{"credit":"Made with Blockbench","texture_size":[64,64],"textures":{"0":"custom/general/decoration/english_garden/eng_garden_allay_statue","particle":"custom/general/decoration/english_garden/eng_garden_allay_statue"},"elements":[{"from":[5,14,2.5],"to":[11,20,8.5],"rotation":{"angle":0,"axis":"y","origin":[3,2,2]},"faces":{"north":{"uv":[1.5,5.25,3,6.75],"texture":"#0"},"east":{"uv":[0,5.25,1.5,6.75],"texture":"#0"},"south":{"uv":[4.5,5.25,6,6.75],"texture":"#0"},"west":{"uv":[3,5.25,4.5,6.75],"texture":"#0"},"up":{"uv":[3,5.25,1.5,3.75],"texture":"#0"},"down":{"uv":[4.5,3.75,3,5.25],"texture":"#0"}}},{"from":[-3.00208,6,10.98954],"to":[7.99792,14,10.98954],"rotation":{"angle":45,"axis":"y","origin":[2.99792,10,9.48954]},"faces":{"north":{"uv":[6,3.75,8.75,5.75],"texture":"#0"},"east":{"uv":[6,3.75,6,5.75],"texture":"#0"},"south":{"uv":[8.75,3.75,11.5,5.75],"texture":"#0"},"west":{"uv":[8.75,3.75,8.75,5.75],"texture":"#0"},"up":{"uv":[8.75,3.75,6,3.75],"rotation":90,"texture":"#0"},"down":{"uv":[11.5,3.75,8.75,3.75],"rotation":270,"texture":"#0"}}},{"from":[8.00208,6,10.98954],"to":[19.00208,14,10.98954],"rotation":{"angle":-45,"axis":"y","origin":[13.00208,10,9.48954]},"faces":{"north":{"uv":[8.75,3.75,6,5.75],"texture":"#0"},"east":{"uv":[8.75,3.75,8.75,5.75],"texture":"#0"},"south":{"uv":[11.5,3.75,8.75,5.75],"texture":"#0"},"west":{"uv":[6,3.75,6,5.75],"texture":"#0"},"up":{"uv":[6,3.75,8.75,3.75],"rotation":90,"texture":"#0"},"down":{"uv":[8.75,3.75,11.5,3.75],"rotation":270,"texture":"#0"}}},{"from":[11,7.5,5],"to":[14,14.5,8],"rotation":{"angle":22.5,"axis":"z","origin":[12.5,10,5]},"faces":{"north":{"uv":[0.75,0.75,1.5,2.5],"texture":"#0"},"east":{"uv":[0,0.75,0.75,2.5],"texture":"#0"},"south":{"uv":[2.25,0.75,3,2.5],"texture":"#0"},"west":{"uv":[1.5,0.75,2.25,2.5],"texture":"#0"},"up":{"uv":[1.5,0.75,0.75,0],"texture":"#0"},"down":{"uv":[2.25,0,1.5,0.75],"texture":"#0"}}},{"from":[2,7.5,5],"to":[5,14.5,8],"rotation":{"angle":-22.5,"axis":"z","origin":[3.5,10,5]},"faces":{"north":{"uv":[1.5,0.75,0.75,2.5],"texture":"#0"},"east":{"uv":[2.25,0.75,1.5,2.5],"texture":"#0"},"south":{"uv":[3,0.75,2.25,2.5],"texture":"#0"},"west":{"uv":[0.75,0.75,0,2.5],"texture":"#0"},"up":{"uv":[0.75,0.75,1.5,0],"texture":"#0"},"down":{"uv":[1.5,0,2.25,0.75],"texture":"#0"}}},{"from":[5.46194,4.30866,5],"to":[10.46194,14.30866,8],"rotation":{"angle":-22.5,"axis":"x","origin":[6.46194,10.80866,5]},"faces":{"north":{"uv":[6,6.75,7.25,9.25],"texture":"#0"},"east":{"uv":[5.25,6.75,6,9.25],"texture":"#0"},"south":{"uv":[8,6.75,9.25,9.25],"texture":"#0"},"west":{"uv":[7.25,6.75,8,9.25],"texture":"#0"},"up":{"uv":[7.25,6.75,6,6],"rotation":270,"texture":"#0"},"down":{"uv":[8.5,6,7.25,6.75],"rotation":90,"texture":"#0"}}},{"from":[2,0,2],"to":[14,3,14],"faces":{"north":{"uv":[3,3,6,3.75],"texture":"#0"},"east":{"uv":[0,3,3,3.75],"texture":"#0"},"south":{"uv":[9,3,12,3.75],"texture":"#0"},"west":{"uv":[6,3,9,3.75],"texture":"#0"},"up":{"uv":[6,3,3,0],"texture":"#0"},"down":{"uv":[9,0,6,3],"texture":"#0"}}}],"display":{"thirdperson_righthand":{"rotation":[60,20,0],"translation":[0,4.5,1],"scale":[0.6,0.6,0.6]},"thirdperson_lefthand":{"rotation":[60,20,0],"translation":[0,4.5,1],"scale":[0.6,0.6,0.6]},"firstperson_righthand":{"rotation":[0,-73,6],"translation":[0,2,0],"scale":[-0.55,0.55,-0.55]},"firstperson_lefthand":{"rotation":[0,-73,6],"translation":[0,2,0],"scale":[-0.55,0.55,-0.55]},"ground":{"translation":[0,1.5,0],"scale":[0.35,0.35,0.35]},"gui":{"rotation":[30,-135,0],"translation":[0.25,0,0],"scale":[0.65,0.65,0.65]},"head":{"translation":[0,-30.4,0],"scale":[-1.6,1.6,-1.6]},"fixed":{"rotation":[-90,90,0],"translation":[0,0,-16],"scale":[-2,2,-2]}}}