{"credit":"Made with Blockbench","texture_size":[64,64],"textures":{"1":"custom/general/decoration/english_garden/eng_garden_gate"},"elements":[{"from":[14,0,7],"to":[16,26,9],"faces":{"north":{"uv":[0.5,8.5,1,15],"texture":"#1"},"east":{"uv":[0,8.5,0.5,15],"texture":"#1"},"south":{"uv":[1.5,8.5,2,15],"texture":"#1"},"west":{"uv":[1,8.5,1.5,15],"texture":"#1"},"up":{"uv":[1,8.5,0.5,8],"texture":"#1"},"down":{"uv":[1.5,8,1,8.5],"texture":"#1"}}},{"from":[-16,0,8],"to":[14,32,8],"faces":{"north":{"uv":[0,0,7.5,8],"texture":"#1"},"east":{"uv":[0,0,0,8],"texture":"#1"},"south":{"uv":[7.5,0,15,8],"texture":"#1"},"west":{"uv":[7.5,0,7.5,8],"texture":"#1"},"up":{"uv":[7.5,0,0,0],"texture":"#1"},"down":{"uv":[15,0,7.5,0],"texture":"#1"}}}],"display":{"thirdperson_righthand":{"rotation":[60,-20,0],"translation":[5.5,-0.75,1],"scale":[0.6,0.6,0.6]},"thirdperson_lefthand":{"rotation":[60,-20,0],"translation":[-3.25,3,1],"scale":[0.6,0.6,0.6]},"firstperson_righthand":{"rotation":[0,-73,6],"translation":[-2.25,0,-0.5],"scale":[-0.4,0.4,-0.4]},"firstperson_lefthand":{"rotation":[0,-73,6],"translation":[-2.25,0,5.25],"scale":[-0.4,0.4,-0.4]},"ground":{"translation":[3.25,1.5,0],"scale":[0.35,0.35,0.35]},"gui":{"rotation":[30,-135,0],"translation":[-3,-3.75,0],"scale":[0.4,0.4,0.4]},"head":{"translation":[0,-30.4,0],"scale":[-1.6,1.6,-1.6]},"fixed":{"rotation":[-90,-90,0],"translation":[0,0,-16],"scale":[-2,2,-2]}}}