{"credit":"Made with Blockbench","texture_size":[64,64],"textures":{"0":"custom/general/decoration/english_garden/eng_garden_flowerpot_flower","particle":"custom/general/decoration/english_garden/eng_garden_flowerpot_flower"},"elements":[{"from":[8,10,1],"to":[8,25,15],"faces":{"north":{"uv":[3.5,8,3.5,11.75],"texture":"#0"},"east":{"uv":[0,8,3.5,11.75],"texture":"#0"},"south":{"uv":[7,8,7,11.75],"texture":"#0"},"west":{"uv":[3.5,8,7,11.75],"texture":"#0"},"up":{"uv":[3.5,8,3.5,4.5],"texture":"#0"},"down":{"uv":[3.5,4.5,3.5,8],"texture":"#0"}}},{"from":[1,10,8],"to":[15,25,8],"rotation":{"angle":0,"axis":"y","origin":[8,17.5,8]},"faces":{"north":{"uv":[0,8,3.5,11.75],"texture":"#0"},"east":{"uv":[0,8,0,11.75],"texture":"#0"},"south":{"uv":[3.5,8,7,11.75],"texture":"#0"},"west":{"uv":[3.5,8,3.5,11.75],"texture":"#0"},"up":{"uv":[3.5,8,0,8],"texture":"#0"},"down":{"uv":[7,8,3.5,8],"texture":"#0"}}},{"from":[1,10,8],"to":[15,25,8],"rotation":{"angle":45,"axis":"y","origin":[8,17.5,8]},"faces":{"north":{"uv":[0,8,3.5,11.75],"texture":"#0"},"east":{"uv":[0,8,0,11.75],"texture":"#0"},"south":{"uv":[3.5,8,7,11.75],"texture":"#0"},"west":{"uv":[3.5,8,3.5,11.75],"texture":"#0"},"up":{"uv":[3.5,8,0,8],"texture":"#0"},"down":{"uv":[7,8,3.5,8],"texture":"#0"}}},{"from":[8,10,1],"to":[8,25,15],"rotation":{"angle":45,"axis":"y","origin":[8,17.5,8]},"faces":{"north":{"uv":[3.5,8,3.5,11.75],"texture":"#0"},"east":{"uv":[0,8,3.5,11.75],"texture":"#0"},"south":{"uv":[7,8,7,11.75],"texture":"#0"},"west":{"uv":[3.5,8,7,11.75],"texture":"#0"},"up":{"uv":[3.5,8,3.5,4.5],"texture":"#0"},"down":{"uv":[3.5,4.5,3.5,8],"texture":"#0"}}},{"from":[3,6,3],"to":[13,13,13],"faces":{"north":{"uv":[2.5,6.25,5,8],"texture":"#0"},"east":{"uv":[0,6.25,2.5,8],"texture":"#0"},"south":{"uv":[7.5,6.25,10,8],"texture":"#0"},"west":{"uv":[5,6.25,7.5,8],"texture":"#0"},"up":{"uv":[5,6.25,2.5,3.75],"texture":"#0"},"down":{"uv":[7.5,3.75,5,6.25],"texture":"#0"}}},{"from":[4,5,4],"to":[12,6,12],"faces":{"north":{"uv":[9.5,5.75,11.5,6],"texture":"#0"},"east":{"uv":[7.5,5.75,9.5,6],"texture":"#0"},"south":{"uv":[13.5,5.75,15.5,6],"texture":"#0"},"west":{"uv":[11.5,5.75,13.5,6],"texture":"#0"},"up":{"uv":[11.5,5.75,9.5,3.75],"texture":"#0"},"down":{"uv":[13.5,3.75,11.5,5.75],"texture":"#0"}}},{"from":[5,3,5],"to":[11,5,11],"faces":{"north":{"uv":[8.5,9.5,10,10],"texture":"#0"},"east":{"uv":[7,9.5,8.5,10],"texture":"#0"},"south":{"uv":[11.5,9.5,13,10],"texture":"#0"},"west":{"uv":[10,9.5,11.5,10],"texture":"#0"},"up":{"uv":[10,9.5,8.5,8],"texture":"#0"},"down":{"uv":[11.5,8,10,9.5],"texture":"#0"}}},{"from":[2,0,2],"to":[14,3,14],"faces":{"north":{"uv":[3,3,6,3.75],"texture":"#0"},"east":{"uv":[0,3,3,3.75],"texture":"#0"},"south":{"uv":[9,3,12,3.75],"texture":"#0"},"west":{"uv":[6,3,9,3.75],"texture":"#0"},"up":{"uv":[6,3,3,0],"texture":"#0"},"down":{"uv":[9,0,6,3],"texture":"#0"}}}],"display":{"thirdperson_righthand":{"rotation":[60,-160,0],"translation":[0,4.5,1],"scale":[0.6,0.6,0.6]},"thirdperson_lefthand":{"rotation":[60,-160,0],"translation":[0,4.5,1],"scale":[0.6,0.6,0.6]},"firstperson_righthand":{"rotation":[0,-73,6],"translation":[0,-1.75,0],"scale":[-0.7,0.7,-0.7]},"firstperson_lefthand":{"rotation":[0,-73,6],"translation":[0,-1.75,0],"scale":[-0.7,0.7,-0.7]},"ground":{"translation":[0,1.5,0],"scale":[0.35,0.35,0.35]},"gui":{"rotation":[30,-135,0],"translation":[0.25,-1.25,0],"scale":[0.55,0.55,0.55]},"head":{"translation":[0,-30.4,0],"scale":[-1.6,1.6,-1.6]},"fixed":{"rotation":[-90,0,0],"translation":[0,0,-16],"scale":[-2,2,-2]}}}