{"credit":"Made with Blockbench","texture_size":[64,64],"textures":{"0":"custom/general/decoration/english_garden/eng_garden_small_hedge","particle":"custom/general/decoration/english_garden/eng_garden_small_hedge"},"elements":[{"from":[0,0,7],"to":[16,16,16],"faces":{"north":{"uv":[2.25,2.25,6.25,6.25],"texture":"#0"},"east":{"uv":[0,2.25,2.25,6.25],"texture":"#0"},"south":{"uv":[8.5,2.25,12.5,6.25],"texture":"#0"},"west":{"uv":[6.25,2.25,8.5,6.25],"texture":"#0"},"up":{"uv":[6.25,2.25,2.25,0],"texture":"#0"},"down":{"uv":[10.25,0,6.25,2.25],"texture":"#0"}}},{"from":[0,0,0],"to":[16,4,7],"faces":{"north":{"uv":[1.75,8,5.75,9],"texture":"#0"},"east":{"uv":[0,8,1.75,9],"texture":"#0"},"south":{"uv":[7.5,8,11.5,9],"texture":"#0"},"west":{"uv":[5.75,8,7.5,9],"texture":"#0"},"up":{"uv":[5.75,8,1.75,6.25],"texture":"#0"},"down":{"uv":[9.75,6.25,5.75,8],"texture":"#0"}}}],"display":{"thirdperson_righthand":{"rotation":[60,40,0],"translation":[0,4.5,1],"scale":[0.6,0.6,0.6]},"thirdperson_lefthand":{"rotation":[60,40,0],"translation":[0,4.5,1],"scale":[0.6,0.6,0.6]},"firstperson_righthand":{"rotation":[0,-73,6],"translation":[2.25,2.75,-0.5],"scale":[-0.6,0.6,-0.6]},"firstperson_lefthand":{"rotation":[0,-73,6],"translation":[2.25,2.75,-0.5],"scale":[-0.6,0.6,-0.6]},"ground":{"translation":[0,1.5,0],"scale":[0.35,0.35,0.35]},"gui":{"rotation":[30,-135,0],"scale":[0.6,0.6,0.6]},"head":{"translation":[0,-30.4,0],"scale":[-1.6,1.6,-1.6]},"fixed":{"rotation":[-90,90,0],"translation":[0,0,-16],"scale":[-2,2,-2]}}}