{"credit":"Made with Blockbench","texture_size":[64,64],"textures":{"0":"custom/general/decoration/english_garden/eng_garden_fir_tree","particle":"custom/general/decoration/english_garden/eng_garden_fir_tree"},"elements":[{"name":"Element","from":[7,-0.05,7],"to":[9,10.95,9],"rotation":{"angle":0,"axis":"y","origin":[-0.1,2.7,-0.1]},"faces":{"north":{"uv":[11,0.5,11.5,3.25],"texture":"#0"},"east":{"uv":[10.5,0.5,11,3.25],"texture":"#0"},"south":{"uv":[12,0.5,12.5,3.25],"texture":"#0"},"west":{"uv":[11.5,0.5,12,3.25],"texture":"#0"},"up":{"uv":[11.5,0.5,11,0],"texture":"#0"},"down":{"uv":[12,0,11.5,0.5],"texture":"#0"}}},{"name":"Element","from":[4.5,1.95,8.001],"to":[11.5,14.95,8.001],"rotation":{"angle":-22.5,"axis":"x","origin":[4.5,1.95,8]},"faces":{"north":{"uv":[0,8.75,1.75,12],"texture":"#0"},"east":{"uv":[0,8.75,0,12],"texture":"#0"},"south":{"uv":[1.75,8.75,3.5,12],"texture":"#0"},"west":{"uv":[1.75,8.75,1.75,12],"texture":"#0"},"up":{"uv":[1.75,8.75,0,8.75],"texture":"#0"},"down":{"uv":[3.5,8.75,1.75,8.75],"texture":"#0"}}},{"name":"Element","from":[7.999,1.95,4.5],"to":[7.999,14.95,11.5],"rotation":{"angle":-22.5,"axis":"z","origin":[8,1.95,4.5]},"faces":{"north":{"uv":[1.75,8.75,1.75,12],"texture":"#0"},"east":{"uv":[0,8.75,1.75,12],"texture":"#0"},"south":{"uv":[3.5,8.75,3.5,12],"texture":"#0"},"west":{"uv":[1.75,8.75,3.5,12],"texture":"#0"},"up":{"uv":[1.75,8.75,1.75,7],"texture":"#0"},"down":{"uv":[1.75,7,1.75,8.75],"texture":"#0"}}},{"name":"Element","from":[8,1.95,4.5],"to":[8,14.95,11.5],"rotation":{"angle":22.5,"axis":"z","origin":[8,1.95,4.5]},"faces":{"north":{"uv":[1.75,8.75,1.75,12],"texture":"#0"},"east":{"uv":[0,8.75,1.75,12],"texture":"#0"},"south":{"uv":[3.5,8.75,3.5,12],"texture":"#0"},"west":{"uv":[1.75,8.75,3.5,12],"texture":"#0"},"up":{"uv":[1.75,8.75,1.75,7],"texture":"#0"},"down":{"uv":[1.75,7,1.75,8.75],"texture":"#0"}}},{"name":"Element","from":[4.5,1.95,8.001],"to":[11.5,14.95,8.001],"rotation":{"angle":22.5,"axis":"x","origin":[4.5,1.95,8]},"faces":{"north":{"uv":[0,8.75,1.75,12],"texture":"#0"},"east":{"uv":[0,8.75,0,12],"texture":"#0"},"south":{"uv":[1.75,8.75,3.5,12],"texture":"#0"},"west":{"uv":[1.75,8.75,1.75,12],"texture":"#0"},"up":{"uv":[1.75,8.75,0,8.75],"texture":"#0"},"down":{"uv":[3.5,8.75,1.75,8.75],"texture":"#0"}}},{"name":"Element","from":[10,8.95,4.5],"to":[10,22.95,11.5],"rotation":{"angle":0,"axis":"y","origin":[-0.1,2.7,-0.1]},"faces":{"north":{"uv":[1.75,1.75,1.75,5.25],"texture":"#0"},"east":{"uv":[0,1.75,1.75,5.25],"texture":"#0"},"south":{"uv":[3.5,1.75,3.5,5.25],"texture":"#0"},"west":{"uv":[1.75,1.75,3.5,5.25],"texture":"#0"},"up":{"uv":[1.75,1.75,1.75,0],"texture":"#0"},"down":{"uv":[1.75,0,1.75,1.75],"texture":"#0"}}},{"name":"Element","from":[6.001,8.95,4.5],"to":[6.001,22.95,11.5],"rotation":{"angle":0,"axis":"y","origin":[-0.1,2.7,-0.1]},"faces":{"north":{"uv":[1.75,1.75,1.75,5.25],"texture":"#0"},"east":{"uv":[0,1.75,1.75,5.25],"texture":"#0"},"south":{"uv":[3.5,1.75,3.5,5.25],"texture":"#0"},"west":{"uv":[1.75,1.75,3.5,5.25],"texture":"#0"},"up":{"uv":[1.75,1.75,1.75,0],"texture":"#0"},"down":{"uv":[1.75,0,1.75,1.75],"texture":"#0"}}},{"name":"Element","from":[4.5,18.95,8],"to":[11.5,30.95,8],"rotation":{"angle":0,"axis":"y","origin":[-0.1,2.7,-0.1]},"faces":{"north":{"uv":[3.5,8.25,5.25,11.25],"texture":"#0"},"east":{"uv":[3.5,8.25,3.5,11.25],"texture":"#0"},"south":{"uv":[5.25,8.25,7,11.25],"texture":"#0"},"west":{"uv":[5.25,8.25,5.25,11.25],"texture":"#0"},"up":{"uv":[5.25,8.25,3.5,8.25],"texture":"#0"},"down":{"uv":[7,8.25,5.25,8.25],"texture":"#0"}}},{"name":"Element","from":[8.001,18.95,4.5],"to":[8.001,30.95,11.5],"rotation":{"angle":0,"axis":"y","origin":[-0.1,2.7,-0.1]},"faces":{"north":{"uv":[5.25,8.25,5.25,11.25],"texture":"#0"},"east":{"uv":[3.5,8.25,5.25,11.25],"texture":"#0"},"south":{"uv":[7,8.25,7,11.25],"texture":"#0"},"west":{"uv":[5.25,8.25,7,11.25],"texture":"#0"},"up":{"uv":[5.25,8.25,5.25,6.5],"texture":"#0"},"down":{"uv":[5.25,6.5,5.25,8.25],"texture":"#0"}}},{"name":"Element","from":[4.61,8.95,10],"to":[11.61,22.95,10],"rotation":{"angle":0,"axis":"y","origin":[-0.1,2.7,-0.1]},"faces":{"north":{"uv":[0,1.75,1.75,5.25],"texture":"#0"},"east":{"uv":[0,1.75,0,5.25],"texture":"#0"},"south":{"uv":[1.75,1.75,3.5,5.25],"texture":"#0"},"west":{"uv":[1.75,1.75,1.75,5.25],"texture":"#0"},"up":{"uv":[1.75,1.75,0,1.75],"texture":"#0"},"down":{"uv":[3.5,1.75,1.75,1.75],"texture":"#0"}}},{"name":"Element","from":[4.61,8.95,6.001],"to":[11.61,22.95,6.001],"rotation":{"angle":0,"axis":"y","origin":[-0.1,2.7,-0.1]},"faces":{"north":{"uv":[0,1.75,1.75,5.25],"texture":"#0"},"east":{"uv":[0,1.75,0,5.25],"texture":"#0"},"south":{"uv":[1.75,1.75,3.5,5.25],"texture":"#0"},"west":{"uv":[1.75,1.75,1.75,5.25],"texture":"#0"},"up":{"uv":[1.75,1.75,0,1.75],"texture":"#0"},"down":{"uv":[3.5,1.75,1.75,1.75],"texture":"#0"}}}],"display":{"thirdperson_righthand":{"rotation":[60,-160,0],"translation":[-0.75,3.5,1.75],"scale":[0.6,0.6,0.6]},"thirdperson_lefthand":{"rotation":[60,-160,0],"translation":[-0.75,3.5,1.75],"scale":[0.6,0.6,0.6]},"firstperson_righthand":{"rotation":[0,-73,6],"translation":[0.75,0.75,0],"scale":[0.4,0.4,0.4]},"firstperson_lefthand":{"rotation":[0,-73,6],"translation":[0.75,0.75,0],"scale":[0.4,0.4,0.4]},"ground":{"translation":[0,1.75,0],"scale":[0.6,0.6,0.6]},"gui":{"rotation":[30,-135,0],"translation":[0,-2.5,0],"scale":[0.5,0.5,0.5]},"head":{"translation":[0,-30.4,0],"scale":[1.6,1.6,1.6]},"fixed":{"rotation":[-90,0,0],"translation":[0,0,-15],"scale":[2,2,2]}}}