{"credit":"Made with Blockbench","texture_size":[128,128],"textures":{"0":"custom/general/decoration/english_garden/eng_garden_stone_pillar_1","particle":"custom/general/decoration/english_garden/eng_garden_stone_pillar_1"},"elements":[{"from":[2,11,2],"to":[14,13,14],"faces":{"north":{"uv":[1.5,5.625,3,5.875],"texture":"#0"},"east":{"uv":[0,5.625,1.5,5.875],"texture":"#0"},"south":{"uv":[4.5,5.625,6,5.875],"texture":"#0"},"west":{"uv":[3,5.625,4.5,5.875],"texture":"#0"},"up":{"uv":[3,5.625,1.5,4.125],"texture":"#0"},"down":{"uv":[4.5,4.125,3,5.625],"texture":"#0"}}},{"from":[2,2,2],"to":[14,4,14],"faces":{"north":{"uv":[1.5,5.625,3,5.875],"texture":"#0"},"east":{"uv":[0,5.625,1.5,5.875],"texture":"#0"},"south":{"uv":[4.5,5.625,6,5.875],"texture":"#0"},"west":{"uv":[3,5.625,4.5,5.875],"texture":"#0"},"up":{"uv":[3,5.625,1.5,4.125],"texture":"#0"},"down":{"uv":[4.5,4.125,3,5.625],"texture":"#0"}}},{"from":[3,4,3],"to":[13,11,13],"faces":{"north":{"uv":[1.25,5.875,2.5,6.75],"texture":"#0"},"east":{"uv":[0,5.875,1.25,6.75],"texture":"#0"},"south":{"uv":[3.75,5.875,5,6.75],"texture":"#0"},"west":{"uv":[2.5,5.875,3.75,6.75],"texture":"#0"},"up":{"uv":[2.5,5.875,1.25,4.625],"texture":"#0"},"down":{"uv":[3.75,4.625,2.5,5.875],"texture":"#0"}}},{"from":[0,0,1],"to":[16,2,15],"faces":{"north":{"uv":[1.75,3.875,3.75,4.125],"texture":"#0"},"east":{"uv":[0,3.875,1.75,4.125],"texture":"#0"},"south":{"uv":[5.5,3.875,7.5,4.125],"texture":"#0"},"west":{"uv":[3.75,3.875,5.5,4.125],"texture":"#0"},"up":{"uv":[3.75,3.875,1.75,2.125],"texture":"#0"},"down":{"uv":[5.75,2.125,3.75,3.875],"texture":"#0"}}},{"from":[0,13,1],"to":[16,16,15],"faces":{"north":{"uv":[1.75,1.75,3.75,2.125],"texture":"#0"},"east":{"uv":[0,1.75,1.75,2.125],"texture":"#0"},"south":{"uv":[5.5,1.75,7.5,2.125],"texture":"#0"},"west":{"uv":[3.75,1.75,5.5,2.125],"texture":"#0"},"up":{"uv":[3.75,1.75,1.75,0],"texture":"#0"},"down":{"uv":[5.75,0,3.75,1.75],"texture":"#0"}}}],"display":{"thirdperson_righthand":{"rotation":[60,-160,0],"translation":[0,4.5,1],"scale":[0.6,0.6,0.6]},"thirdperson_lefthand":{"rotation":[60,-160,0],"translation":[0,4.5,1],"scale":[0.6,0.6,0.6]},"firstperson_righthand":{"rotation":[0,-73,6],"translation":[0,-1.75,0],"scale":[-0.7,0.7,-0.7]},"firstperson_lefthand":{"rotation":[0,-73,6],"translation":[0,-1.75,0],"scale":[-0.7,0.7,-0.7]},"ground":{"translation":[0,1.5,0],"scale":[0.35,0.35,0.35]},"gui":{"rotation":[30,-135,0],"translation":[0.25,0,0],"scale":[0.5,0.5,0.5]},"head":{"translation":[0,-30.4,0],"scale":[-1.6,1.6,-1.6]},"fixed":{"rotation":[-90,-90,0],"translation":[0,0,-16],"scale":[-2,2,-2]}}}