{"credit":"Made with Blockbench","texture_size":[128,128],"textures":{"1":"custom/general/decoration/english_garden/eng_garden_flowerpot"},"elements":[{"from":[0,11,0],"to":[16,16,16],"faces":{"north":{"uv":[2,2,4,2.625],"texture":"#1"},"east":{"uv":[0,2,2,2.625],"texture":"#1"},"south":{"uv":[6,2,8,2.625],"texture":"#1"},"west":{"uv":[4,2,6,2.625],"texture":"#1"},"up":{"uv":[4,2,2,0],"texture":"#1"},"down":{"uv":[6,0,4,2],"texture":"#1"}}},{"from":[0,0,0],"to":[16,4,16],"faces":{"north":{"uv":[2,4.625,4,5.125],"texture":"#1"},"east":{"uv":[0,4.625,2,5.125],"texture":"#1"},"south":{"uv":[6,4.625,8,5.125],"texture":"#1"},"west":{"uv":[4,4.625,6,5.125],"texture":"#1"},"up":{"uv":[4,4.625,2,2.625],"texture":"#1"},"down":{"uv":[6,2.625,4,4.625],"texture":"#1"}}},{"from":[1,4,1],"to":[15,11,15],"faces":{"north":{"uv":[1.75,6.875,3.5,7.75],"texture":"#1"},"east":{"uv":[0,6.875,1.75,7.75],"texture":"#1"},"south":{"uv":[5.25,6.875,7,7.75],"texture":"#1"},"west":{"uv":[3.5,6.875,5.25,7.75],"texture":"#1"},"up":{"uv":[3.5,6.875,1.75,5.125],"texture":"#1"},"down":{"uv":[5.25,5.125,3.5,6.875],"texture":"#1"}}},{"from":[0,16,0],"to":[16,17,3],"faces":{"north":{"uv":[5.625,6.125,7.625,6.25],"texture":"#1"},"east":{"uv":[5.25,6.125,5.625,6.25],"texture":"#1"},"south":{"uv":[8,6.125,10,6.25],"texture":"#1"},"west":{"uv":[7.625,6.125,8,6.25],"texture":"#1"},"up":{"uv":[7.625,6.125,5.625,5.75],"texture":"#1"},"down":{"uv":[9.625,5.75,7.625,6.125],"texture":"#1"}}},{"from":[0,16,13],"to":[16,17,16],"faces":{"north":{"uv":[5.625,5.625,7.625,5.75],"texture":"#1"},"east":{"uv":[5.25,5.625,5.625,5.75],"texture":"#1"},"south":{"uv":[8,5.625,10,5.75],"texture":"#1"},"west":{"uv":[7.625,5.625,8,5.75],"texture":"#1"},"up":{"uv":[7.625,5.625,5.625,5.25],"texture":"#1"},"down":{"uv":[9.625,5.25,7.625,5.625],"texture":"#1"}}},{"from":[0,16,3],"to":[3,17,13],"faces":{"north":{"uv":[7.25,3.875,7.625,4],"texture":"#1"},"east":{"uv":[6,3.875,7.25,4],"texture":"#1"},"south":{"uv":[8.875,3.875,9.25,4],"texture":"#1"},"west":{"uv":[7.625,3.875,8.875,4],"texture":"#1"},"up":{"uv":[7.625,3.875,7.25,2.625],"texture":"#1"},"down":{"uv":[8,2.625,7.625,3.875],"texture":"#1"}}},{"from":[13,16,3],"to":[16,17,13],"faces":{"north":{"uv":[7.25,1.25,7.625,1.375],"texture":"#1"},"east":{"uv":[6,1.25,7.25,1.375],"texture":"#1"},"south":{"uv":[8.875,1.25,9.25,1.375],"texture":"#1"},"west":{"uv":[7.625,1.25,8.875,1.375],"texture":"#1"},"up":{"uv":[7.625,1.25,7.25,0],"texture":"#1"},"down":{"uv":[8,0,7.625,1.25],"texture":"#1"}}}],"display":{"thirdperson_righthand":{"rotation":[60,-160,0],"translation":[0,4.5,1],"scale":[0.6,0.6,0.6]},"thirdperson_lefthand":{"rotation":[60,-160,0],"translation":[0,4.5,1],"scale":[0.6,0.6,0.6]},"firstperson_righthand":{"rotation":[0,-73,6],"translation":[0,-1.75,0],"scale":[-0.7,0.7,-0.7]},"firstperson_lefthand":{"rotation":[0,-73,6],"translation":[0,-1.75,0],"scale":[-0.7,0.7,-0.7]},"ground":{"translation":[0,1.5,0],"scale":[0.35,0.35,0.35]},"gui":{"rotation":[30,-135,0],"translation":[0.25,-0.25,0],"scale":[0.5,0.5,0.5]},"head":{"translation":[0,-30.4,0],"scale":[-1.6,1.6,-1.6]},"fixed":{"rotation":[-90,0,0],"translation":[0,0,-16],"scale":[-2,2,-2]}}}