{"credit":"Made with Blockbench","texture_size":[32,32],"textures":{"1":"custom/general/decoration/collectibles/easter_eggs/bunny_egg"},"elements":[{"from":[4,2,4],"to":[12,9,12],"faces":{"north":{"uv":[4,4.5,8,8],"texture":"#1"},"east":{"uv":[0,4.5,4,8],"texture":"#1"},"south":{"uv":[0,4.5,4,8],"texture":"#1"},"west":{"uv":[0,4.5,4,8],"texture":"#1"},"up":{"uv":[4,8,8,12],"texture":"#1"},"down":{"uv":[0,8,4,12],"texture":"#1"}}},{"from":[5,9,5],"to":[11,12,11],"faces":{"north":{"uv":[5,0.5,8,2],"texture":"#1"},"east":{"uv":[8,2,5,3.5],"texture":"#1"},"south":{"uv":[5,0.5,8,2],"texture":"#1"},"west":{"uv":[5,2,8,3.5],"texture":"#1"},"up":{"uv":[8,4.5,11,7.5],"texture":"#1"},"down":{"uv":[0,0,3,3],"texture":"#1"}}},{"from":[5,0,5],"to":[11,2,11],"faces":{"north":{"uv":[5,3.5,8,4.5],"texture":"#1"},"east":{"uv":[5,3.5,8,4.5],"texture":"#1"},"south":{"uv":[5,3.5,8,4.5],"texture":"#1"},"west":{"uv":[5,3.5,8,4.5],"texture":"#1"},"up":{"uv":[0,0,3,3],"texture":"#1"},"down":{"uv":[8,1.5,11,4.5],"texture":"#1"}}},{"from":[8,11,7],"to":[11,17,8],"rotation":{"angle":-22.5,"axis":"z","origin":[9.5,11,7.5]},"faces":{"north":{"uv":[3.5,1.5,5,4.5],"texture":"#1"},"east":{"uv":[3.5,1.5,4,4.5],"texture":"#1"},"south":{"uv":[2,1.5,3.5,4.5],"texture":"#1"},"west":{"uv":[2,1.5,2.5,4.5],"texture":"#1"},"up":{"uv":[2,1.5,3.5,2],"texture":"#1"},"down":{"uv":[0,0,1.5,0.5],"texture":"#1"}}},{"from":[5,11,7],"to":[8,17,8],"rotation":{"angle":22.5,"axis":"z","origin":[6.5,11,7.5]},"faces":{"north":{"uv":[5,1.5,3.5,4.5],"texture":"#1"},"east":{"uv":[2,1.5,2.5,4.5],"texture":"#1"},"south":{"uv":[3.5,1.5,2,4.5],"texture":"#1"},"west":{"uv":[3.5,1.5,4,4.5],"texture":"#1"},"up":{"uv":[3.5,1.5,2,2],"texture":"#1"},"down":{"uv":[0,0,1.5,0.5],"texture":"#1"}}}],"display":{"thirdperson_righthand":{"rotation":[60,135,0],"translation":[0,3,0.25],"scale":[0.5,0.5,0.5]},"thirdperson_lefthand":{"rotation":[60,135,0],"translation":[0,3,0.25],"scale":[0.5,0.5,0.5]},"firstperson_righthand":{"rotation":[0,135,0],"translation":[0,3,0],"scale":[0.6,0.6,0.6]},"firstperson_lefthand":{"rotation":[0,135,0],"translation":[0,3,0],"scale":[0.6,0.6,0.6]},"ground":{"translation":[0,3,0],"scale":[0.3,0.3,0.3]},"gui":{"rotation":[30,-135,0],"translation":[0,0.25,0],"scale":[0.8,0.8,0.8]},"fixed":{"rotation":[-90,-90,0],"translation":[0,0,-16],"scale":[2,2,2]}}}