{"credit":"by w11shes","textures":{"0":"custom/factions/weapons/dragon_bow/dragon_bow","particle":"custom/factions/weapons/dragon_bow/dragon_bow"},"elements":[{"from":[8,-5,12],"to":[8.02,21,13],"rotation":{"angle":0,"axis":"y","origin":[0,0,1]},"faces":{"east":{"uv":[15.5,0,16,13],"texture":"#0"},"west":{"uv":[15.5,0,16,13],"texture":"#0"}}},{"from":[6.98,13,6],"to":[9.02,18,8],"faces":{"north":{"uv":[1,0,0,2.5],"texture":"#0"},"east":{"uv":[1,0,0,2.5],"texture":"#0"},"south":{"uv":[1,0,0,2.5],"texture":"#0"},"west":{"uv":[1,0,0,2.5],"texture":"#0"}}},{"from":[7,18,6],"to":[9,25,8],"rotation":{"angle":45,"axis":"x","origin":[0,18,6]},"faces":{"north":{"uv":[2,0,1,3],"texture":"#0"},"east":{"uv":[2,0,1,3],"texture":"#0"},"south":{"uv":[2,0,1,3],"texture":"#0"},"west":{"uv":[2,0,1,3],"texture":"#0"}}},{"from":[6.02,21.5,5],"to":[10.02,23.5,9],"rotation":{"angle":45,"axis":"x","origin":[0,18,6]},"faces":{"north":{"uv":[2,2,4,3],"texture":"#0"},"east":{"uv":[2,2,4,3],"texture":"#0"},"south":{"uv":[2,2,4,3],"texture":"#0"},"west":{"uv":[2,2,4,3],"texture":"#0"},"up":{"uv":[2,0,4,2],"rotation":90,"texture":"#0"},"down":{"uv":[4,0,6,2],"rotation":90,"texture":"#0"}}},{"from":[6,3,5],"to":[10,5,9],"faces":{"north":{"uv":[2,2,4,3],"texture":"#0"},"east":{"uv":[2,2,4,3],"texture":"#0"},"south":{"uv":[2,2,4,3],"texture":"#0"},"west":{"uv":[2,2,4,3],"texture":"#0"},"up":{"uv":[2,0,4,2],"rotation":90,"texture":"#0"},"down":{"uv":[4,0,6,2],"rotation":90,"texture":"#0"}}},{"from":[6.98,-2,6],"to":[9.02,3,8],"faces":{"north":{"uv":[1,2.5,0,0],"texture":"#0"},"east":{"uv":[1,2.5,0,0],"texture":"#0"},"south":{"uv":[1,2.5,0,0],"texture":"#0"},"west":{"uv":[1,2.5,0,0],"texture":"#0"}}},{"from":[7,-9.5,6],"to":[9,-2,8],"rotation":{"angle":-45,"axis":"x","origin":[0,-2,6]},"faces":{"north":{"uv":[2,3,1,0],"texture":"#0"},"east":{"uv":[2,3,1,0],"texture":"#0"},"south":{"uv":[2,3,1,0],"texture":"#0"},"west":{"uv":[2,3,1,0],"texture":"#0"}}},{"from":[6.02,-7.5,5],"to":[9.98,-5.5,9],"rotation":{"angle":-45,"axis":"x","origin":[0,-2,6]},"faces":{"north":{"uv":[2,2,4,3],"texture":"#0"},"east":{"uv":[2,2,4,3],"texture":"#0"},"south":{"uv":[2,2,4,3],"texture":"#0"},"west":{"uv":[2,2,4,3],"texture":"#0"},"up":{"uv":[2,0,4,2],"rotation":90,"texture":"#0"},"down":{"uv":[4,0,6,2],"rotation":90,"texture":"#0"}}},{"from":[7,5,6],"to":[9,9,8],"faces":{"north":{"uv":[9.5,0,10.5,2],"rotation":180,"texture":"#0"},"east":{"uv":[9.5,0,10.5,2],"rotation":180,"texture":"#0"},"south":{"uv":[9.5,0,10.5,2],"rotation":180,"texture":"#0"},"west":{"uv":[9.5,0,10.5,2],"rotation":180,"texture":"#0"}}},{"from":[6,8,0],"to":[10,11,7],"faces":{"north":{"uv":[0,8.5,2,10],"texture":"#0"},"east":{"uv":[0,7,3.5,8.5],"texture":"#0"},"south":{"uv":[2,8.5,4,10],"texture":"#0"},"west":{"uv":[3.5,7,0,8.5],"texture":"#0"},"up":{"uv":[0,3.5,2,7],"texture":"#0"},"down":{"uv":[2,3.5,4,7],"texture":"#0"}}},{"from":[6.5,7,0.5],"to":[9.5,10,4.5],"faces":{"north":{"uv":[9.5,3,11,3.5],"texture":"#0"},"east":{"uv":[9.5,3.5,11.5,4],"texture":"#0"},"west":{"uv":[11.5,3.5,9.5,4],"texture":"#0"}}},{"from":[5.9,4.9,0.9],"to":[10.1,7.1,7.1],"rotation":{"angle":-22.5,"axis":"x","origin":[0,7,7]},"faces":{"north":{"uv":[5.5,2,7.5,3],"texture":"#0"},"east":{"uv":[4,7,7,8],"texture":"#0"},"south":{"uv":[5.5,3,7.5,4],"texture":"#0"},"west":{"uv":[7,7,4,8],"texture":"#0"},"up":{"uv":[4,4,6,7],"texture":"#0"},"down":{"uv":[6,4,8,7],"texture":"#0"}}},{"from":[6.5,7.1,1.5],"to":[9.5,8.1,6.5],"rotation":{"angle":-22.5,"axis":"x","origin":[0,7,7]},"faces":{"north":{"uv":[9.5,2.5,11,3],"texture":"#0"},"east":{"uv":[9.5,2,12,2.5],"texture":"#0"},"west":{"uv":[12,2,9.5,2.5],"texture":"#0"}}},{"from":[9.49,8.99,5.89],"to":[6.51,8.01,0.91],"rotation":{"angle":-22.5,"axis":"x","origin":[16,9,9]},"faces":{"east":{"uv":[12,2.5,9.5,2],"texture":"#0"},"south":{"uv":[9.5,3,11,2.5],"texture":"#0"},"west":{"uv":[9.5,2.5,12,2],"texture":"#0"}}},{"from":[5,9,4],"to":[11,13,9],"faces":{"north":{"uv":[3,10,6,12],"texture":"#0"},"east":{"uv":[6,12,8.5,14],"texture":"#0"},"south":{"uv":[3,12,6,14],"texture":"#0"},"west":{"uv":[8.5,12,6,14],"texture":"#0"},"up":{"uv":[0,10,3,12.5],"texture":"#0"},"down":{"uv":[0,12.5,3,15],"texture":"#0"}}},{"from":[6.5,21,10.5],"to":[9.5,25,14.5],"rotation":{"angle":0,"axis":"y","origin":[0,22,11.5]},"faces":{"north":{"uv":[8,0,9.5,2],"texture":"#0"},"east":{"uv":[6,0,8,2],"texture":"#0"},"south":{"uv":[4,4,5.5,2],"texture":"#0"},"west":{"uv":[8,0,6,2],"texture":"#0"},"up":{"uv":[4,2,5.5,4],"texture":"#0"},"down":{"uv":[8,0,9.5,2],"texture":"#0"}}},{"from":[6.5,-9,10.5],"to":[9.5,-5,14.5],"rotation":{"angle":0,"axis":"y","origin":[0,2,0]},"faces":{"north":{"uv":[8,2,9.5,0],"texture":"#0"},"east":{"uv":[6,2,8,0],"texture":"#0"},"south":{"uv":[4,2,5.5,4],"texture":"#0"},"west":{"uv":[8,2,6,0],"texture":"#0"},"up":{"uv":[8,2,9.5,0],"texture":"#0"},"down":{"uv":[4,4,5.5,2],"texture":"#0"}}},{"from":[10,8.5,8.25],"to":[12,10.5,12.25],"rotation":{"angle":-22.5,"axis":"x","origin":[0,0,0]},"faces":{"north":{"uv":[11.5,1,12.5,2],"texture":"#0"},"east":{"uv":[10.5,0,12.5,1],"texture":"#0"},"south":{"uv":[10.5,1,11.5,2],"texture":"#0"},"west":{"uv":[12.5,0,10.5,1],"texture":"#0"},"up":{"uv":[12.5,0,13.5,2],"texture":"#0"},"down":{"uv":[13.5,0,14.5,2],"texture":"#0"}}},{"from":[4,8.5,8.25],"to":[6,10.5,12.25],"rotation":{"angle":-22.5,"axis":"x","origin":[0,0,0]},"faces":{"north":{"uv":[11.5,1,12.5,2],"texture":"#0"},"east":{"uv":[10.5,0,12.5,1],"texture":"#0"},"south":{"uv":[10.5,1,11.5,2],"texture":"#0"},"west":{"uv":[12.5,0,10.5,1],"texture":"#0"},"up":{"uv":[12.5,0,13.5,2],"texture":"#0"},"down":{"uv":[13.5,0,14.5,2],"texture":"#0"}}},{"from":[8,14,4],"to":[8.02,20,6],"faces":{"east":{"uv":[8,2,9,5],"texture":"#0"},"west":{"uv":[9,2,8,5],"texture":"#0"}}},{"from":[8,-4,4],"to":[8.02,2,6],"faces":{"east":{"uv":[8,5,9,2],"texture":"#0"},"west":{"uv":[9,5,8,2],"texture":"#0"}}}],"gui_light":"front","display":{"thirdperson_righthand":{"rotation":[0,-19,10],"translation":[-1.8,-2,1],"scale":[0.85,0.85,0.85]},"thirdperson_lefthand":{"rotation":[0,-19,10],"translation":[-1.8,-2,1],"scale":[0.85,0.85,0.85]},"firstperson_righthand":{"rotation":[0,0,-10],"translation":[1,3,0],"scale":[0.6,0.6,0.6]},"firstperson_lefthand":{"rotation":[0,0,-10],"translation":[1,3,0],"scale":[0.6,0.6,0.6]},"ground":{"translation":[0,8,0],"scale":[0.4,0.4,0.4]},"gui":{"rotation":[-122,147,130],"translation":[-1,1,0],"scale":[0.5,0.5,0.5]},"fixed":{"rotation":[0,-90,0],"translation":[0,0,-2],"scale":[1.7,1.7,1.7]}}}