{"credit":"by w11shes","parent":"custom/factions/weapons/dragon_bow/dragon_bow_pulling_0","textures":{"0":"custom/factions/weapons/dragon_bow/dragon_bow","1":"custom/factions/weapons/dragon_bow/fire_bow_arrow","particle":"#0"},"elements":[{"from":[8,-3,20],"to":[8.02,8,21],"rotation":{"angle":22.5,"axis":"x","origin":[8,8,21]},"faces":{"east":{"uv":[15.5,6.5,16,13],"texture":"#0"},"west":{"uv":[15.5,6.5,16,13],"texture":"#0"}}},{"from":[8,8,20],"to":[8.02,19,21],"rotation":{"angle":-22.5,"axis":"x","origin":[8,8,21]},"faces":{"east":{"uv":[15.5,13,16,6.5],"texture":"#0"},"west":{"uv":[15.5,13,16,6.5],"texture":"#0"}}},{"from":[6.98,13,5.6],"to":[9.02,17,7.6],"rotation":{"angle":22.5,"axis":"x","origin":[0,12,5.6]},"faces":{"north":{"uv":[1,0.5,0,2.5],"texture":"#0"},"east":{"uv":[1,0.5,0,2.5],"texture":"#0"},"south":{"uv":[1,0.5,0,2.5],"texture":"#0"},"west":{"uv":[1,0.5,0,2.5],"texture":"#0"}}},{"from":[7,13.53553,9.13553],"to":[9,15.53553,17.13553],"rotation":{"angle":-22.5,"axis":"x","origin":[0,12,5.6]},"faces":{"east":{"uv":[2,0,1,3.5],"rotation":270,"texture":"#0"},"west":{"uv":[2,0,1,3.5],"rotation":90,"texture":"#0"},"up":{"uv":[2,0,1,3.5],"rotation":180,"texture":"#0"},"down":{"uv":[2,0,1,3.5],"texture":"#0"}}},{"from":[6.02,12.53553,13.63553],"to":[10.02,16.53553,15.63553],"rotation":{"angle":-22.5,"axis":"x","origin":[0,12,5.6]},"faces":{"north":{"uv":[4,0,6,2],"rotation":270,"texture":"#0"},"east":{"uv":[2,2,4,3],"rotation":270,"texture":"#0"},"south":{"uv":[2,0,4,2],"rotation":90,"texture":"#0"},"west":{"uv":[2,2,4,3],"rotation":90,"texture":"#0"},"up":{"uv":[2,2,4,3],"rotation":180,"texture":"#0"},"down":{"uv":[2,2,4,3],"texture":"#0"}}},{"from":[6,3,5],"to":[10,5,9],"faces":{"north":{"uv":[2,2,4,3],"texture":"#0"},"east":{"uv":[2,2,4,3],"texture":"#0"},"south":{"uv":[2,2,4,3],"texture":"#0"},"west":{"uv":[2,2,4,3],"texture":"#0"},"up":{"uv":[2,0,4,2],"rotation":90,"texture":"#0"},"down":{"uv":[4,0,6,2],"rotation":90,"texture":"#0"}}},{"from":[7,5,6],"to":[9,9,8],"faces":{"north":{"uv":[9.5,0,10.5,2],"rotation":180,"texture":"#0"},"east":{"uv":[9.5,0,10.5,2],"rotation":180,"texture":"#0"},"south":{"uv":[9.5,0,10.5,2],"rotation":180,"texture":"#0"},"west":{"uv":[9.5,0,10.5,2],"rotation":180,"texture":"#0"}}},{"from":[6,8,0],"to":[10,11,7],"faces":{"north":{"uv":[0,8.5,2,10],"texture":"#0"},"east":{"uv":[0,7,3.5,8.5],"texture":"#0"},"south":{"uv":[2,8.5,4,10],"texture":"#0"},"west":{"uv":[3.5,7,0,8.5],"texture":"#0"},"up":{"uv":[0,3.5,2,7],"texture":"#0"},"down":{"uv":[2,3.5,4,7],"texture":"#0"}}},{"from":[6.5,7,0.5],"to":[9.5,10,4.5],"faces":{"north":{"uv":[9.5,3,11,3.5],"texture":"#0"},"east":{"uv":[9.5,3.5,11.5,4],"texture":"#0"},"west":{"uv":[11.5,3.5,9.5,4],"texture":"#0"}}},{"from":[5.9,4.9,0.9],"to":[10.1,7.1,7.1],"rotation":{"angle":-22.5,"axis":"x","origin":[0,7,7]},"faces":{"north":{"uv":[5.5,2,7.5,3],"texture":"#0"},"east":{"uv":[4,7,7,8],"texture":"#0"},"south":{"uv":[5.5,3,7.5,4],"texture":"#0"},"west":{"uv":[7,7,4,8],"texture":"#0"},"up":{"uv":[4,4,6,7],"texture":"#0"},"down":{"uv":[6,4,8,7],"texture":"#0"}}},{"from":[6.5,7.1,1.5],"to":[9.5,8.1,6.5],"rotation":{"angle":-22.5,"axis":"x","origin":[0,7,7]},"faces":{"north":{"uv":[9.5,2.5,11,3],"texture":"#0"},"east":{"uv":[9.5,2,12,2.5],"texture":"#0"},"west":{"uv":[12,2,9.5,2.5],"texture":"#0"}}},{"from":[9.49,8.99,5.89],"to":[6.51,8.01,0.91],"rotation":{"angle":-22.5,"axis":"x","origin":[16,9,9]},"faces":{"east":{"uv":[12,2.5,9.5,2],"texture":"#0"},"south":{"uv":[9.5,3,11,2.5],"texture":"#0"},"west":{"uv":[9.5,2.5,12,2],"texture":"#0"}}},{"from":[5,9,4],"to":[11,13,9],"faces":{"north":{"uv":[3,10,6,12],"texture":"#0"},"east":{"uv":[6,12,8.5,14],"texture":"#0"},"south":{"uv":[3,12,6,14],"texture":"#0"},"west":{"uv":[8.5,12,6,14],"texture":"#0"},"up":{"uv":[0,10,3,12.5],"texture":"#0"},"down":{"uv":[0,12.5,3,15],"texture":"#0"}}},{"from":[6.5,21,11.1],"to":[9.5,25,15.1],"rotation":{"angle":22.5,"axis":"x","origin":[0,12,5.6]},"faces":{"north":{"uv":[8,0,9.5,2],"texture":"#0"},"east":{"uv":[6,0,8,2],"texture":"#0"},"south":{"uv":[4,4,5.5,2],"texture":"#0"},"west":{"uv":[8,0,6,2],"texture":"#0"},"up":{"uv":[4,2,5.5,4],"texture":"#0"},"down":{"uv":[8,0,9.5,2],"texture":"#0"}}},{"from":[10,8.5,8.25],"to":[12,10.5,12.25],"rotation":{"angle":-22.5,"axis":"x","origin":[0,0,0]},"faces":{"north":{"uv":[11.5,1,12.5,2],"texture":"#0"},"east":{"uv":[10.5,0,12.5,1],"texture":"#0"},"south":{"uv":[10.5,1,11.5,2],"texture":"#0"},"west":{"uv":[12.5,0,10.5,1],"texture":"#0"},"up":{"uv":[12.5,0,13.5,2],"texture":"#0"},"down":{"uv":[13.5,0,14.5,2],"texture":"#0"}}},{"from":[4,8.5,8.25],"to":[6,10.5,12.25],"rotation":{"angle":-22.5,"axis":"x","origin":[0,0,0]},"faces":{"north":{"uv":[11.5,1,12.5,2],"texture":"#0"},"east":{"uv":[10.5,0,12.5,1],"texture":"#0"},"south":{"uv":[10.5,1,11.5,2],"texture":"#0"},"west":{"uv":[12.5,0,10.5,1],"texture":"#0"},"up":{"uv":[12.5,0,13.5,2],"texture":"#0"},"down":{"uv":[13.5,0,14.5,2],"texture":"#0"}}},{"from":[8,13,3.6],"to":[8.02,19,5.6],"rotation":{"angle":22.5,"axis":"x","origin":[0,12,5.6]},"faces":{"east":{"uv":[8,2,9,5],"texture":"#0"},"west":{"uv":[9,2,8,5],"texture":"#0"}}},{"from":[6.98,-1,5.6],"to":[9.02,3,7.6],"rotation":{"angle":-22.5,"axis":"x","origin":[0,4,5.6]},"faces":{"north":{"uv":[1,2.5,0,0.5],"texture":"#0"},"east":{"uv":[1,2.5,0,0.5],"texture":"#0"},"south":{"uv":[1,2.5,0,0.5],"texture":"#0"},"west":{"uv":[1,2.5,0,0.5],"texture":"#0"}}},{"from":[8,-3,3.6],"to":[8.02,3,5.6],"rotation":{"angle":-22.5,"axis":"x","origin":[0,4,5.6]},"faces":{"east":{"uv":[8,5,9,2],"texture":"#0"},"west":{"uv":[9,5,8,2],"texture":"#0"}}},{"from":[7,0.46447,9.13553],"to":[9,2.46447,17.13553],"rotation":{"angle":22.5,"axis":"x","origin":[0,4,5.6]},"faces":{"east":{"uv":[1,0,2,3.5],"rotation":270,"texture":"#0"},"west":{"uv":[1,0,2,3.5],"rotation":90,"texture":"#0"},"up":{"uv":[2,3.5,1,0],"texture":"#0"},"down":{"uv":[2,3.5,1,0],"rotation":180,"texture":"#0"}}},{"from":[6.02,-0.53553,13.63553],"to":[10.02,3.46447,15.63553],"rotation":{"angle":22.5,"axis":"x","origin":[0,4,5.6]},"faces":{"north":{"uv":[6,0,4,2],"rotation":270,"texture":"#0"},"east":{"uv":[4,2,2,3],"rotation":270,"texture":"#0"},"south":{"uv":[4,0,2,2],"rotation":90,"texture":"#0"},"west":{"uv":[4,2,2,3],"rotation":90,"texture":"#0"},"up":{"uv":[2,3,4,2],"texture":"#0"},"down":{"uv":[2,3,4,2],"rotation":180,"texture":"#0"}}},{"from":[6.5,-9,11.1],"to":[9.5,-5,15.1],"rotation":{"angle":-22.5,"axis":"x","origin":[0,4,5.6]},"faces":{"north":{"uv":[8,2,9.5,0],"texture":"#0"},"east":{"uv":[6,2,8,0],"texture":"#0"},"south":{"uv":[4,2,5.5,4],"texture":"#0"},"west":{"uv":[8,2,6,0],"texture":"#0"},"up":{"uv":[8,2,9.5,0],"texture":"#0"},"down":{"uv":[4,4,5.5,2],"texture":"#0"}}},{"from":[7.9,5.5,-6],"to":[7.92,10.5,26],"faces":{"east":{"uv":[16,0,0,2.5],"texture":"#1"},"west":{"uv":[0,0,16,2.5],"texture":"#1"}}},{"from":[5.5,7.9,-6],"to":[10.5,7.92,26],"rotation":{"angle":0,"axis":"z","origin":[8,8,0]},"faces":{"up":{"uv":[16,0,0,2.5],"rotation":270,"texture":"#1"},"down":{"uv":[0,0,16,2.5],"rotation":270,"texture":"#1"}}}]}