{"credit":"by w11shes","textures":{"0":"custom/factions/weapons/dragon_bow/fire_arrow","particle":"custom/factions/weapons/dragon_bow/fire_arrow"},"elements":[{"from":[8,0,-16],"to":[8.02,8,4],"faces":{"east":{"uv":[10,0,0,4],"texture":"#0"},"west":{"uv":[0,0,10,4],"texture":"#0"}}},{"from":[4.25,3.73,-16],"to":[12.25,3.75,4],"faces":{"up":{"uv":[0,0,10,4],"rotation":90,"texture":"#0"},"down":{"uv":[10,0,0,4],"rotation":90,"texture":"#0"}}},{"from":[8,0,4],"to":[8.02,8,24],"faces":{"east":{"uv":[10,4.25,0,8.25],"texture":"#0"},"west":{"uv":[0,4.25,10,8.25],"texture":"#0"}}},{"from":[4.75,3.73,4],"to":[12.75,3.75,24],"faces":{"up":{"uv":[0,4,10,8],"rotation":90,"texture":"#0"},"down":{"uv":[10,4,0,8],"rotation":90,"texture":"#0"}}}],"display":{"gui":{"rotation":[30,-24,0],"translation":[-1.25,1.25,0],"scale":[0.7,0.7,0.7]},"head":{"translation":[0,7,40],"scale":[2,2,2]},"fixed":{"rotation":[180,0,0],"scale":[0.1,0.1,0.1]}}}