{"credit":"by w11shes","textures":{"0":"custom/factions/weapons/bloody_dagger/bloody_dagger","particle":"custom/factions/weapons/bloody_dagger/bloody_dagger"},"elements":[{"from":[7,3,7],"to":[9,8,9],"faces":{"north":{"uv":[3,0,5,5],"texture":"#0"},"east":{"uv":[3,0,5,5],"texture":"#0"},"south":{"uv":[3,0,5,5],"texture":"#0"},"west":{"uv":[3,0,5,5],"texture":"#0"}}},{"from":[6,8,7],"to":[10,10,9],"faces":{"north":{"uv":[0,14,4,16],"texture":"#0"},"east":{"uv":[4,14,6,16],"texture":"#0"},"south":{"uv":[0,14,4,16],"texture":"#0"},"west":{"uv":[4,14,6,16],"texture":"#0"},"up":{"uv":[0,12,4,14],"texture":"#0"},"down":{"uv":[0,10,3,12],"texture":"#0"}}},{"from":[6.5,0,6.5],"to":[9.5,3,9.5],"faces":{"north":{"uv":[0,0,3,3],"texture":"#0"},"east":{"uv":[0,0,3,3],"texture":"#0"},"south":{"uv":[0,0,3,3],"texture":"#0"},"west":{"uv":[0,0,3,3],"texture":"#0"},"up":{"uv":[0,6,3,9],"texture":"#0"},"down":{"uv":[0,3,3,6],"texture":"#0"}}},{"from":[6.5,16,8],"to":[9.5,20,8.02],"faces":{"north":{"uv":[13,6,16,10],"texture":"#0"},"south":{"uv":[16,6,13,10],"texture":"#0"}}},{"from":[4,8,8],"to":[12,11,8.02],"faces":{"north":{"uv":[5,0,13,3],"texture":"#0"},"south":{"uv":[5,0,13,3],"texture":"#0"}}},{"from":[6.5,10,7.5],"to":[9.5,16,8.5],"faces":{"north":{"uv":[13,10,16,16],"texture":"#0"},"east":{"uv":[13,10,14,16],"texture":"#0"},"south":{"uv":[16,10,13,16],"texture":"#0"},"west":{"uv":[15,10,16,16],"texture":"#0"},"up":{"uv":[16,10,13,11],"texture":"#0"}}}],"gui_light":"front","display":{"thirdperson_righthand":{"rotation":[0,-90,0],"translation":[-0.25,0.25,1],"scale":[0.9,0.9,0.9]},"thirdperson_lefthand":{"rotation":[0,90,0],"translation":[-0.25,0.25,1],"scale":[0.9,0.9,0.9]},"firstperson_righthand":{"rotation":[16,88,0],"translation":[1,2,1.25],"scale":[0.6,0.6,0.6]},"firstperson_lefthand":{"rotation":[16,88,0],"translation":[1,2,1.25],"scale":[0.6,0.6,0.6]},"ground":{"translation":[0,5,0],"scale":[0.5,0.5,0.5]},"gui":{"rotation":[-25,160,46],"translation":[-1,-1.25,0],"scale":[0.8,0.8,0.8]}}}