{"credit":"by w11shes","textures":{"0":"custom/factions/weapons/rod_of_the_woods/rod_of_the_woods","particle":"custom/factions/weapons/rod_of_the_woods/rod_of_the_woods"},"elements":[{"from":[7,-4,7],"to":[9,7,9],"faces":{"north":{"uv":[1,6.5,0,12],"texture":"#0"},"east":{"uv":[0,6.5,1,12],"texture":"#0"},"south":{"uv":[1,6.5,0,12],"texture":"#0"},"west":{"uv":[0,6.5,1,12],"texture":"#0"},"down":{"uv":[0,12,1,13],"texture":"#0"}}},{"from":[6.5,7,6.5],"to":[9.5,20,9.5],"faces":{"north":{"uv":[1.5,0,0,6.5],"texture":"#0"},"east":{"uv":[1,6.5,2.5,13],"texture":"#0"},"south":{"uv":[1.5,0,0,6.5],"texture":"#0"},"west":{"uv":[1,6.5,2.5,13],"texture":"#0"},"down":{"uv":[3,0,1.5,1.5],"texture":"#0"}}},{"from":[6,20,6],"to":[10,23,10],"rotation":{"angle":0,"axis":"y","origin":[-0.25,0,-0.25]},"faces":{"north":{"uv":[3,0,5,1.5],"texture":"#0"},"east":{"uv":[3,0,5,1.5],"texture":"#0"},"south":{"uv":[3,0,5,1.5],"texture":"#0"},"west":{"uv":[3,0,5,1.5],"texture":"#0"},"up":{"uv":[1.5,1.5,3.5,3.5],"texture":"#0"},"down":{"uv":[1.5,3.5,3.5,5.5],"texture":"#0"}}},{"from":[5,22,0],"to":[11,22.02,6],"rotation":{"angle":22.5,"axis":"x","origin":[10,22,6]},"faces":{"up":{"uv":[13,0,16,3],"rotation":90,"texture":"#0"},"down":{"uv":[16,0,13,3],"rotation":90,"texture":"#0"}}},{"from":[5.5,21.9,-0.4],"to":[10.5,21.92,5.6],"rotation":{"angle":-22.5,"axis":"x","origin":[10,22.9,5.6]},"faces":{"up":{"uv":[13,3.5,16,6],"rotation":90,"texture":"#0"},"down":{"uv":[16,3.5,13,6],"rotation":90,"texture":"#0"}}},{"from":[5.5,21.9,10.4],"to":[10.5,21.92,16.4],"rotation":{"angle":22.5,"axis":"x","origin":[10,22.9,10.4]},"faces":{"up":{"uv":[16,3.5,13,6],"rotation":90,"texture":"#0"},"down":{"uv":[13,3.5,16,6],"rotation":90,"texture":"#0"}}},{"from":[0,21.9,5.4],"to":[6,21.92,10.4],"rotation":{"angle":22.5,"axis":"z","origin":[6,22.9,9.9]},"faces":{"up":{"uv":[16,3.5,13,6],"rotation":180,"texture":"#0"},"down":{"uv":[13,3.5,16,6],"texture":"#0"}}},{"from":[10.8,21.9,5.4],"to":[16.8,21.92,10.4],"rotation":{"angle":-22.5,"axis":"z","origin":[10.8,22.9,9.9]},"faces":{"up":{"uv":[13,3.5,16,6],"rotation":180,"texture":"#0"},"down":{"uv":[16,3.5,13,6],"texture":"#0"}}},{"from":[5,22,10],"to":[11,22.02,16],"rotation":{"angle":-22.5,"axis":"x","origin":[10,22,10]},"faces":{"up":{"uv":[16,0,13,3],"rotation":90,"texture":"#0"},"down":{"uv":[13,0,16,3],"rotation":90,"texture":"#0"}}},{"from":[0,22,5],"to":[6,22.02,11],"rotation":{"angle":-22.5,"axis":"z","origin":[6,22,10]},"faces":{"up":{"uv":[16,0,13,3],"rotation":180,"texture":"#0"},"down":{"uv":[13,0,16,3],"texture":"#0"}}},{"from":[10,22,5],"to":[16,22.02,11],"rotation":{"angle":22.5,"axis":"z","origin":[10,22,10]},"faces":{"up":{"uv":[13,0,16,3],"rotation":180,"texture":"#0"},"down":{"uv":[16,0,13,3],"texture":"#0"}}},{"from":[5.25,13,1],"to":[5.27,19,7],"rotation":{"angle":45,"axis":"y","origin":[10,0,0]},"faces":{"east":{"uv":[10,0,13,3],"texture":"#0"},"west":{"uv":[13,0,10,3],"texture":"#0"}}},{"from":[0.65,6,2.6],"to":[0.67,9,5.6],"rotation":{"angle":45,"axis":"y","origin":[10,0,0]},"faces":{"east":{"uv":[11.5,3,13,4.5],"texture":"#0"},"west":{"uv":[11.5,3,13,4.5],"texture":"#0"}}},{"from":[2.5,13,8],"to":[6.5,18,8.02],"faces":{"north":{"uv":[7,0,5,2.5],"texture":"#0"},"south":{"uv":[5,0,7,2.5],"texture":"#0"}}},{"from":[13.4,8,-0.02],"to":[17.4,13,0],"rotation":{"angle":-45,"axis":"y","origin":[0,0,0]},"faces":{"north":{"uv":[5,2.5,7,5],"texture":"#0"},"south":{"uv":[7,2.5,5,5],"texture":"#0"}}}],"gui_light":"front","display":{"thirdperson_righthand":{"rotation":[0,90,0],"translation":[-0.75,-5.25,1.25]},"thirdperson_lefthand":{"rotation":[0,90,0],"translation":[-0.75,-5.25,1.25]},"firstperson_righthand":{"rotation":[14,110,0],"translation":[1.5,-1.25,-1.25],"scale":[0.6,0.6,0.6]},"firstperson_lefthand":{"rotation":[14,110,0],"translation":[1.5,-1.25,-1.25],"scale":[0.6,0.6,0.6]},"ground":{"translation":[0,5,0],"scale":[0.5,0.5,0.5]},"gui":{"rotation":[-151,11,-142],"translation":[-1.75,-1.75,0],"scale":[0.5,0.5,0.5]}}}