{"credit":"by w11shes","textures":{"0":"custom/factions/weapons/rod_of_the_woods/thorns_ball","particle":"custom/factions/weapons/rod_of_the_woods/thorns_ball"},"elements":[{"from":[4,0,4],"to":[12,8,12],"rotation":{"angle":-45,"axis":"y","origin":[8,4,8]},"faces":{"north":{"uv":[0,0,4,4],"texture":"#0"},"east":{"uv":[4,0,8,4],"texture":"#0"},"south":{"uv":[0,0,4,4],"texture":"#0"},"west":{"uv":[4,0,8,4],"texture":"#0"},"up":{"uv":[4,8,0,4],"texture":"#0"},"down":{"uv":[0,8,4,4],"rotation":90,"texture":"#0"}}},{"from":[-1.5,9,8],"to":[9.5,16,8.02],"rotation":{"angle":45,"axis":"z","origin":[8,8,8]},"faces":{"north":{"uv":[10.5,0,16,3.5],"texture":"#0"},"south":{"uv":[10.5,0,16,3.5],"texture":"#0"}}},{"from":[3.98,9,2.5],"to":[4,16,13.5],"rotation":{"angle":45,"axis":"z","origin":[8,8,8]},"faces":{"east":{"uv":[16,0,10.5,3.5],"texture":"#0"},"west":{"uv":[16,0,10.5,3.5],"texture":"#0"}}},{"from":[4.15,-5.5,8],"to":[15.15,1.5,8.02],"rotation":{"angle":-45,"axis":"z","origin":[8,8,8]},"faces":{"north":{"uv":[10.5,3.5,16,0],"texture":"#0"},"south":{"uv":[10.5,3.5,16,0],"texture":"#0"}}},{"from":[9.63,-5.5,2.5],"to":[9.65,1.5,13.5],"rotation":{"angle":-45,"axis":"z","origin":[8,8,8]},"faces":{"east":{"uv":[16,3.5,10.5,0],"texture":"#0"},"west":{"uv":[16,3.5,10.5,0],"texture":"#0"}}},{"from":[0.85,-5.5,8],"to":[11.85,1.5,8.02],"rotation":{"angle":45,"axis":"z","origin":[8,8,8]},"faces":{"north":{"uv":[16,3.5,10.5,0],"texture":"#0"},"south":{"uv":[16,3.5,10.5,0],"texture":"#0"}}},{"from":[6.35,-5.5,2.5],"to":[6.37,1.5,13.5],"rotation":{"angle":45,"axis":"z","origin":[8,8,8]},"faces":{"east":{"uv":[10.5,3.5,16,0],"texture":"#0"},"west":{"uv":[10.5,3.5,16,0],"texture":"#0"}}},{"from":[12,9,2.5],"to":[12.02,16,13.5],"rotation":{"angle":-45,"axis":"z","origin":[8,8,8]},"faces":{"east":{"uv":[10.5,0,16,3.5],"texture":"#0"},"west":{"uv":[10.5,0,16,3.5],"texture":"#0"}}},{"from":[6.5,9,8],"to":[17.5,16,8.02],"rotation":{"angle":-45,"axis":"z","origin":[8,8,8]},"faces":{"north":{"uv":[16,0,10.5,3.5],"texture":"#0"},"south":{"uv":[16,0,10.5,3.5],"texture":"#0"}}},{"from":[7.98,9,6.5],"to":[8,16,17.5],"rotation":{"angle":45,"axis":"x","origin":[8,8,8]},"faces":{"east":{"uv":[16,0,10.5,3.5],"texture":"#0"},"west":{"uv":[16,0,10.5,3.5],"texture":"#0"}}},{"from":[2.5,9,12],"to":[13.5,16,12.02],"rotation":{"angle":45,"axis":"x","origin":[8,8,8]},"faces":{"north":{"uv":[10.5,0,16,3.5],"texture":"#0"},"south":{"uv":[10.5,0,16,3.5],"texture":"#0"}}},{"from":[2.5,-5.5,6.35],"to":[13.5,1.5,6.37],"rotation":{"angle":-45,"axis":"x","origin":[8,8,8]},"faces":{"north":{"uv":[10.5,3.5,16,0],"texture":"#0"},"south":{"uv":[10.5,3.5,16,0],"texture":"#0"}}},{"from":[7.98,-5.5,0.85],"to":[8,1.5,11.85],"rotation":{"angle":-45,"axis":"x","origin":[8,8,8]},"faces":{"east":{"uv":[16,3.5,10.5,0],"texture":"#0"},"west":{"uv":[16,3.5,10.5,0],"texture":"#0"}}},{"from":[7.98,9,-1.5],"to":[8,16,9.5],"rotation":{"angle":-45,"axis":"x","origin":[8,8,8]},"faces":{"east":{"uv":[10.5,0,16,3.5],"texture":"#0"},"west":{"uv":[10.5,0,16,3.5],"texture":"#0"}}},{"from":[2.5,9,3.98],"to":[13.5,16,4],"rotation":{"angle":-45,"axis":"x","origin":[8,8,8]},"faces":{"north":{"uv":[16,0,10.5,3.5],"texture":"#0"},"south":{"uv":[16,0,10.5,3.5],"texture":"#0"}}},{"from":[8.08,8,2.5],"to":[8.1,15,13.5],"rotation":{"angle":0,"axis":"x","origin":[8,8,8]},"faces":{"east":{"uv":[10.5,0,16,3.5],"texture":"#0"},"west":{"uv":[10.5,0,16,3.5],"texture":"#0"}}},{"from":[2.6,8,7.98],"to":[13.6,15,8],"rotation":{"angle":0,"axis":"x","origin":[8,8,8]},"faces":{"north":{"uv":[16,0,10.5,3.5],"texture":"#0"},"south":{"uv":[16,0,10.5,3.5],"texture":"#0"}}},{"from":[2.6,-7,7.98],"to":[13.6,0,8],"rotation":{"angle":0,"axis":"x","origin":[8,8,8]},"faces":{"north":{"uv":[16,3.5,10.5,0],"texture":"#0"},"south":{"uv":[16,3.5,10.5,0],"texture":"#0"}}},{"from":[8.08,-7,2.5],"to":[8.1,0,13.5],"rotation":{"angle":0,"axis":"x","origin":[8,8,8]},"faces":{"east":{"uv":[10.5,3.5,16,0],"texture":"#0"},"west":{"uv":[10.5,3.5,16,0],"texture":"#0"}}},{"from":[12,4.08,2.5],"to":[19,4.1,13.5],"rotation":{"angle":45,"axis":"y","origin":[8,8,8]},"faces":{"up":{"uv":[10.5,3.5,16,0],"rotation":270,"texture":"#0"},"down":{"uv":[10.5,3.5,16,0],"rotation":270,"texture":"#0"}}},{"from":[12,-1.4,7.98],"to":[19,9.6,8],"rotation":{"angle":45,"axis":"y","origin":[8,8,8]},"faces":{"north":{"uv":[16,3.5,10.5,0],"rotation":90,"texture":"#0"},"south":{"uv":[16,3.5,10.5,0],"rotation":270,"texture":"#0"}}},{"from":[12,-1.4,8],"to":[19,9.6,8.02],"rotation":{"angle":-45,"axis":"y","origin":[8,8,8]},"faces":{"north":{"uv":[16,0,10.5,3.5],"rotation":270,"texture":"#0"},"south":{"uv":[16,0,10.5,3.5],"rotation":90,"texture":"#0"}}},{"from":[12,4.08,2.5],"to":[19,4.1,13.5],"rotation":{"angle":-45,"axis":"y","origin":[8,8,8]},"faces":{"up":{"uv":[16,3.5,10.5,0],"rotation":270,"texture":"#0"},"down":{"uv":[16,3.5,10.5,0],"rotation":270,"texture":"#0"}}},{"from":[-3,-1.4,8],"to":[4,9.6,8.02],"rotation":{"angle":45,"axis":"y","origin":[8,8,8]},"faces":{"north":{"uv":[16,3.5,10.5,0],"rotation":270,"texture":"#0"},"south":{"uv":[16,3.5,10.5,0],"rotation":90,"texture":"#0"}}},{"from":[-3,4.08,2.5],"to":[4,4.1,13.5],"rotation":{"angle":45,"axis":"y","origin":[8,8,8]},"faces":{"up":{"uv":[16,0,10.5,3.5],"rotation":270,"texture":"#0"},"down":{"uv":[16,0,10.5,3.5],"rotation":270,"texture":"#0"}}},{"from":[-3,-1.4,7.98],"to":[4,9.6,8],"rotation":{"angle":-45,"axis":"y","origin":[8,8,8]},"faces":{"north":{"uv":[16,0,10.5,3.5],"rotation":90,"texture":"#0"},"south":{"uv":[16,0,10.5,3.5],"rotation":270,"texture":"#0"}}},{"from":[-3,4.08,2.5],"to":[4,4.1,13.5],"rotation":{"angle":-45,"axis":"y","origin":[8,8,8]},"faces":{"up":{"uv":[10.5,0,16,3.5],"rotation":270,"texture":"#0"},"down":{"uv":[10.5,0,16,3.5],"rotation":270,"texture":"#0"}}},{"from":[2.5,-5.5,9.63],"to":[13.5,1.5,9.65],"rotation":{"angle":45,"axis":"x","origin":[8,8,8]},"faces":{"north":{"uv":[16,3.5,10.5,0],"texture":"#0"},"south":{"uv":[16,3.5,10.5,0],"texture":"#0"}}},{"from":[7.98,-5.5,4.15],"to":[8,1.5,15.15],"rotation":{"angle":45,"axis":"x","origin":[8,8,8]},"faces":{"east":{"uv":[10.5,3.5,16,0],"texture":"#0"},"west":{"uv":[10.5,3.5,16,0],"texture":"#0"}}},{"from":[1,3,4.5],"to":[9,13,4.52],"rotation":{"angle":-22.5,"axis":"y","origin":[0,0,0]},"faces":{"north":{"uv":[0,11,4,16],"texture":"#0"},"south":{"uv":[4,11,0,16],"texture":"#0"}}},{"from":[8,3,10.6],"to":[16,13,10.62],"rotation":{"angle":0,"axis":"y","origin":[16,0,0]},"faces":{"north":{"uv":[4,11,0,16],"texture":"#0"},"south":{"uv":[0,11,4,16],"texture":"#0"}}},{"from":[16,-5,13],"to":[24,5,13.02],"rotation":{"angle":-45,"axis":"y","origin":[16,16,0]},"faces":{"north":{"uv":[4,16,0,11],"texture":"#0"},"south":{"uv":[0,16,4,11],"texture":"#0"}}}],"display":{"ground":{"scale":[0.5,0.5,0.5]},"head":{"scale":[1.6,1.6,1.6]}}}