{"credit":"Made with Blockbench","texture_size":[32,32],"textures":{"0":"custom/lobby/event/easter/easter_egg","particle":"custom/lobby/event/easter/easter_egg"},"elements":[{"from":[4,1,4],"to":[12,12,12],"faces":{"north":{"uv":[12,10.5,16,16],"texture":"#0","tintindex":0},"east":{"uv":[12,10.5,16,16],"texture":"#0","tintindex":0},"south":{"uv":[12,10.5,16,16],"texture":"#0","tintindex":0},"west":{"uv":[12,10.5,16,16],"texture":"#0","tintindex":0},"up":{"uv":[12,6.5,16,10.5],"texture":"#0","tintindex":0},"down":{"uv":[12,2.5,16,6.5],"texture":"#0","tintindex":0}}},{"from":[4,1,4],"to":[12,12,12],"faces":{"north":{"uv":[8,10.5,12,16],"texture":"#0"},"east":{"uv":[8,10.5,12,16],"texture":"#0"},"south":{"uv":[8,10.5,12,16],"texture":"#0"},"west":{"uv":[8,10.5,12,16],"texture":"#0"}}},{"from":[13,13,13],"to":[3,0,3],"faces":{"north":{"uv":[0,16,2,10],"texture":"#0","tintindex":0},"east":{"uv":[0,16,2,10],"texture":"#0","tintindex":0},"south":{"uv":[0,16,2,10],"texture":"#0","tintindex":0},"west":{"uv":[0,16,2,10],"texture":"#0","tintindex":0},"up":{"uv":[0,8,2,10],"texture":"#0","tintindex":0},"down":{"uv":[2,8,4,10],"texture":"#0","tintindex":0}}},{"from":[12.5,12.5,12.5],"to":[3.5,0.5,3.5],"faces":{"north":{"uv":[2,16,4,10],"texture":"#0","tintindex":0},"east":{"uv":[2,16,4,10],"texture":"#0","tintindex":0},"south":{"uv":[2,16,4,10],"texture":"#0","tintindex":0},"west":{"uv":[2,16,4,10],"texture":"#0","tintindex":0},"up":{"uv":[2,6,4,8],"texture":"#0","tintindex":0},"down":{"uv":[0,6,2,8],"texture":"#0","tintindex":0}}}],"display":{"thirdperson_righthand":{"rotation":[60,135,0],"translation":[0,3.25,1.5],"scale":[0.5,0.5,0.5]},"thirdperson_lefthand":{"rotation":[60,135,0],"translation":[0,3.25,1.5],"scale":[0.5,0.5,0.5]},"firstperson_righthand":{"rotation":[0,35,0],"translation":[0,3.25,0],"scale":[0.6,0.6,0.6]},"firstperson_lefthand":{"rotation":[0,35,0],"translation":[0,3.25,0],"scale":[0.6,0.6,0.6]},"ground":{"translation":[0,5,0],"scale":[0.7,0.7,0.7]},"gui":{"rotation":[30,135,0],"translation":[0,1.25,0],"scale":[0.85742,0.85742,0.85742]},"head":{"translation":[0,9.25,0],"scale":[2,2,2]},"fixed":{"rotation":[-90,0,0],"translation":[0,0,-15.25],"scale":[2,2,2]}}}