{"credit":"Made with Blockbench","texture_size":[32,32],"textures":{"0":"custom/general/cosmetics/hats/broken_egg_hat","particle":"custom/general/cosmetics/hats/broken_egg_hat"},"elements":[{"from":[4,5,4],"to":[12,7,12],"faces":{"north":{"uv":[12,7.5,16,8.5],"texture":"#0"},"east":{"uv":[12,7.5,16,8.5],"texture":"#0"},"south":{"uv":[12,7.5,16,8.5],"texture":"#0"},"west":{"uv":[12,7.5,16,8.5],"texture":"#0"},"up":{"uv":[12,3.5,16,7.5],"texture":"#0"},"down":{"uv":[0,0,4,4],"texture":"#0"}}},{"from":[3,0,3],"to":[13,5,13],"faces":{"north":{"uv":[11,13.5,16,16],"texture":"#0"},"east":{"uv":[11,13.5,16,16],"texture":"#0"},"south":{"uv":[11,13.5,16,16],"texture":"#0"},"west":{"uv":[11,13.5,16,16],"texture":"#0"},"up":{"uv":[11,8.5,16,13.5],"texture":"#0"},"down":{"uv":[0,0,5,5],"texture":"#0"}}},{"from":[13,0,3],"to":[3,5,13],"faces":{"north":{"uv":[11,13.5,16,16],"texture":"#0"},"east":{"uv":[11,13.5,16,16],"texture":"#0"},"south":{"uv":[11,13.5,16,16],"texture":"#0"},"west":{"uv":[11,13.5,16,16],"texture":"#0"},"up":{"uv":[6,8.5,11,13.5],"texture":"#0"},"down":{"uv":[0,0,5,5],"texture":"#0"}}}],"display":{"thirdperson_righthand":{"rotation":[60,135,0],"translation":[0,4,1.25],"scale":[0.5,0.5,0.5]},"thirdperson_lefthand":{"rotation":[60,135,0],"translation":[0,4,1.25],"scale":[0.5,0.5,0.5]},"firstperson_righthand":{"rotation":[0,35,0],"translation":[1.5,5,0],"scale":[0.5,0.5,0.5]},"firstperson_lefthand":{"rotation":[0,35,0],"translation":[1.5,5,0],"scale":[0.5,0.5,0.5]},"ground":{"translation":[0,3,0],"scale":[0.3,0.3,0.3]},"gui":{"rotation":[30,135,0],"translation":[0,4.75,0],"scale":[1.12695,1.12695,1.12695]},"head":{"rotation":[6,0,0],"translation":[0,14.25,1],"scale":[1.83,1.83,1.83]},"fixed":{"translation":[0,4.5,0]}}}