{"credit":"Made with Blockbench","texture_size":[64,64],"textures":{"0":"custom/general/cosmetics/hats/career_magician_hat","particle":"custom/general/cosmetics/hats/career_magician_hat"},"elements":[{"from":[3.5,7,3.5],"to":[12.5,16,12.5],"faces":{"north":{"uv":[2.25,5.5,4.5,7.75],"texture":"#0"},"east":{"uv":[0,5.5,2.25,7.75],"texture":"#0"},"south":{"uv":[6.75,5.5,9,7.75],"texture":"#0"},"west":{"uv":[4.5,5.5,6.75,7.75],"texture":"#0"},"up":{"uv":[4.5,5.5,2.25,3.25],"texture":"#0"}}},{"from":[2,6,2],"to":[14,7,14],"faces":{"north":{"uv":[3,3,6,3.25],"texture":"#0"},"east":{"uv":[0,3,3,3.25],"texture":"#0"},"south":{"uv":[9,3,12,3.25],"texture":"#0"},"west":{"uv":[6,3,9,3.25],"texture":"#0"},"up":{"uv":[6,3,3,0],"texture":"#0"},"down":{"uv":[9,0,6,3],"texture":"#0"}}}],"display":{"thirdperson_righthand":{"rotation":[70,20,0],"translation":[-0.25,4,-1.25],"scale":[0.8,0.8,0.8]},"thirdperson_lefthand":{"rotation":[70,20,0],"translation":[-0.25,4,-1.25],"scale":[0.8,0.8,0.8]},"firstperson_righthand":{"rotation":[0,110,0],"translation":[0,0.75,0],"scale":[0.55,0.55,0.55]},"firstperson_lefthand":{"rotation":[0,110,0],"translation":[0,0.75,0],"scale":[0.55,0.55,0.55]},"ground":{"scale":[0.8,0.8,0.8]},"gui":{"rotation":[30,-135,0],"translation":[0,-2,0],"scale":[0.8,0.8,0.8]},"head":{"translation":[0,6.5,0],"scale":[1.65,1.65,1.65]},"fixed":{"rotation":[-90,0,0],"translation":[0,0,-10.75],"scale":[1.61,1.61,1.61]}}}