{"credit":"Made with Blockbench","texture_size":[128,128],"textures":{"2":"custom/general/cosmetics/hats/career_police_hat","particle":"custom/general/cosmetics/hats/career_police_hat"},"elements":[{"from":[3,0,0],"to":[13,1,13],"faces":{"north":{"uv":[1.625,1.625,2.875,1.75],"texture":"#2"},"east":{"uv":[0,1.625,1.625,1.75],"texture":"#2"},"south":{"uv":[4.5,1.625,5.75,1.75],"texture":"#2"},"west":{"uv":[2.875,1.625,4.5,1.75],"texture":"#2"},"up":{"uv":[2.875,1.625,1.625,0],"texture":"#2"},"down":{"uv":[4.125,0,2.875,1.625],"texture":"#2"}}},{"from":[3,1,3],"to":[13,2,13],"faces":{"north":{"uv":[1.25,4.625,2.5,4.75],"texture":"#2"},"east":{"uv":[0,4.625,1.25,4.75],"texture":"#2"},"south":{"uv":[3.75,4.625,5,4.75],"texture":"#2"},"west":{"uv":[2.5,4.625,3.75,4.75],"texture":"#2"},"up":{"uv":[2.5,4.625,1.25,3.375],"texture":"#2"},"down":{"uv":[3.75,3.375,2.5,4.625],"texture":"#2"}}},{"from":[2.5,4,2.5],"to":[13.5,6,13.5],"faces":{"north":{"uv":[1.375,3.125,2.75,3.375],"texture":"#2"},"east":{"uv":[0,3.125,1.375,3.375],"texture":"#2"},"south":{"uv":[4.125,3.125,5.5,3.375],"texture":"#2"},"west":{"uv":[2.75,3.125,4.125,3.375],"texture":"#2"},"up":{"uv":[2.75,3.125,1.375,1.75],"texture":"#2"},"down":{"uv":[4.125,1.75,2.75,3.125],"texture":"#2"}}},{"from":[3.5,2,3.5],"to":[12.5,4,12.5],"faces":{"north":{"uv":[5,4.75,6.125,5],"texture":"#2"},"east":{"uv":[3.875,4.75,5,5],"texture":"#2"},"south":{"uv":[7.25,4.75,8.375,5],"texture":"#2"},"west":{"uv":[6.125,4.75,7.25,5],"texture":"#2"},"up":{"uv":[6.125,4.75,5,3.625],"texture":"#2"},"down":{"uv":[7.25,3.625,6.125,4.75],"texture":"#2"}}},{"from":[7,1.2,3.7],"to":[9,4.2,4.7],"rotation":{"angle":-22.5,"axis":"x","origin":[0,0,0]},"faces":{"north":{"uv":[0.125,0.125,0.375,0.5],"texture":"#2"},"east":{"uv":[0,0.125,0.125,0.5],"texture":"#2"},"south":{"uv":[0.5,0.125,0.75,0.5],"texture":"#2"},"west":{"uv":[0.375,0.125,0.5,0.5],"texture":"#2"},"up":{"uv":[0.375,0.125,0.125,0],"texture":"#2"},"down":{"uv":[0.625,0,0.375,0.125],"texture":"#2"}}}],"display":{"thirdperson_righthand":{"rotation":[70,20,0],"translation":[-0.25,5,1.75],"scale":[0.8,0.8,0.8]},"thirdperson_lefthand":{"rotation":[70,20,0],"translation":[-0.25,5,1.75],"scale":[0.8,0.8,0.8]},"firstperson_righthand":{"rotation":[0,110,0],"translation":[0,4.25,0],"scale":[0.55,0.55,0.55]},"firstperson_lefthand":{"rotation":[0,110,0],"translation":[0,4.25,0],"scale":[0.55,0.55,0.55]},"ground":{"translation":[0,2,0],"scale":[0.8,0.8,0.8]},"gui":{"rotation":[30,-135,0],"translation":[0,3.75,0],"scale":[0.8,0.8,0.8]},"head":{"rotation":[6,0,0],"translation":[0,14.5,1],"scale":[1.7,1.7,1.7]},"fixed":{"rotation":[-90,0,0],"translation":[0,0,-10.75],"scale":[1.61,1.61,1.61]}}}