{"credit":"Made with Blockbench by yungwilder","texture_size":[32,32],"textures":{"1":"custom/general/cosmetics/hats/chef_hat","particle":"custom/general/cosmetics/hats/chef_hat"},"elements":[{"from":[4,8,4],"to":[12,10,12],"faces":{"north":{"uv":[9,6,13,7],"texture":"#1"},"east":{"uv":[9,7,13,8],"texture":"#1"},"south":{"uv":[0,10,4,11],"texture":"#1"},"west":{"uv":[4,10,8,11],"texture":"#1"},"up":{"uv":[9,4,5,0],"texture":"#1"},"down":{"uv":[9,4,5,8],"texture":"#1"}}},{"from":[3,10,3],"to":[13,14,13],"rotation":{"angle":0,"axis":"x","origin":[8,12,8]},"faces":{"north":{"uv":[5,8,10,10],"texture":"#1"},"east":{"uv":[9,0,14,2],"texture":"#1"},"south":{"uv":[9,2,14,4],"texture":"#1"},"west":{"uv":[9,4,14,6],"texture":"#1"},"up":{"uv":[5,5,0,0],"texture":"#1"},"down":{"uv":[5,5,0,10],"texture":"#1"}}}],"display":{"thirdperson_righthand":{"rotation":[60,0,0],"translation":[0,2,0],"scale":[0.5,0.5,0.5]},"thirdperson_lefthand":{"rotation":[60,0,0],"translation":[0,2,0],"scale":[0.5,0.5,0.5]},"firstperson_righthand":{"rotation":[0,115,0],"translation":[0,2,0],"scale":[0.4,0.4,0.4]},"firstperson_lefthand":{"rotation":[0,115,0],"translation":[0,2,0],"scale":[0.4,0.4,0.4]},"ground":{"scale":[0.35,0.35,0.35]},"gui":{"rotation":[30,-135,0],"translation":[0,-2.5,0],"scale":[0.8,0.8,0.8]},"head":{"translation":[0,4,0],"scale":[1.81,1.81,1.81]},"fixed":{"rotation":[-90,0,0]}}}