{"credit":"Made with Blockbench","texture_size":[32,32],"textures":{"0":"custom/general/cosmetics/hats/flower_crown","particle":"custom/general/cosmetics/hats/flower_crown"},"elements":[{"from":[4,0,4],"to":[12,2,12],"faces":{"north":{"uv":[5,13,9,14],"texture":"#0"},"east":{"uv":[9,15,5,16],"texture":"#0"},"south":{"uv":[5,14,9,15],"texture":"#0"},"west":{"uv":[5,15,9,16],"texture":"#0"},"up":{"uv":[0,0,4,4],"texture":"#0"},"down":{"uv":[0,0,4,4],"texture":"#0"}}},{"from":[12,0,4],"to":[4,2,12],"faces":{"north":{"uv":[5,13,9,14],"texture":"#0"},"east":{"uv":[9,15,5,16],"texture":"#0"},"south":{"uv":[5,14,9,15],"texture":"#0"},"west":{"uv":[5,15,9,16],"texture":"#0"},"up":{"uv":[0,0,4,4],"texture":"#0"},"down":{"uv":[0,0,4,4],"texture":"#0"}}},{"from":[1,-2,3.25],"to":[15,5,3.25],"faces":{"north":{"uv":[9,12.5,16,16],"texture":"#0"},"east":{"uv":[0,0,0,3.5],"texture":"#0"},"south":{"uv":[16,12.5,9,16],"texture":"#0"},"west":{"uv":[0,0,0,3.5],"texture":"#0"},"up":{"uv":[0,0,7,0],"texture":"#0"},"down":{"uv":[0,0,7,0],"texture":"#0"}}},{"from":[5.75,-0.75,2.75],"to":[10.75,4.25,2.75],"rotation":{"angle":0,"axis":"z","origin":[8.5,1.5,2.5]},"faces":{"north":{"uv":[13.5,10,16,12.5],"texture":"#0"},"east":{"uv":[0,0,0,3.5],"texture":"#0"},"south":{"uv":[16,10,13.5,12.5],"texture":"#0"},"west":{"uv":[0,0,0,3.5],"texture":"#0"},"up":{"uv":[0,0,7,0],"texture":"#0"},"down":{"uv":[0,0,7,0],"texture":"#0"}}},{"from":[5.75,-0.75,3.75],"to":[10.75,4.25,3.75],"rotation":{"angle":0,"axis":"z","origin":[8.5,1.5,2.5]},"faces":{"north":{"uv":[13.5,10,16,12.5],"texture":"#0"},"east":{"uv":[0,0,0,3.5],"texture":"#0"},"south":{"uv":[16,10,13.5,12.5],"texture":"#0"},"west":{"uv":[0,0,0,3.5],"texture":"#0"},"up":{"uv":[0,0,7,0],"texture":"#0"},"down":{"uv":[0,0,7,0],"texture":"#0"}}},{"from":[4.20711,-1.5,4.12132],"to":[4.20711,3.5,9.12132],"rotation":{"angle":-22.5,"axis":"y","origin":[3.20711,1.5,4.62132]},"faces":{"north":{"uv":[0,0,0,3.5],"texture":"#0"},"east":{"uv":[16,10,13.5,12.5],"texture":"#0"},"south":{"uv":[0,0,0,3.5],"texture":"#0"},"west":{"uv":[13.5,10,16,12.5],"texture":"#0"},"up":{"uv":[0,0,7,0],"rotation":270,"texture":"#0"},"down":{"uv":[0,0,7,0],"rotation":90,"texture":"#0"}}},{"from":[11.79289,-1.5,4.12132],"to":[11.79289,3.5,9.12132],"rotation":{"angle":22.5,"axis":"y","origin":[12.79289,1.5,4.62132]},"faces":{"north":{"uv":[0,0,0,3.5],"texture":"#0"},"east":{"uv":[16,10,13.5,12.5],"texture":"#0"},"south":{"uv":[0,0,0,3.5],"texture":"#0"},"west":{"uv":[13.5,10,16,12.5],"texture":"#0"},"up":{"uv":[0,0,7,0],"rotation":90,"texture":"#0"},"down":{"uv":[0,0,7,0],"rotation":270,"texture":"#0"}}},{"from":[0.70711,-0.5,4.62132],"to":[5.70711,4.5,4.62132],"rotation":{"angle":45,"axis":"y","origin":[3.20711,1.5,4.62132]},"faces":{"north":{"uv":[16,10,13.5,12.5],"texture":"#0"},"east":{"uv":[0,0,0,3.5],"texture":"#0"},"south":{"uv":[13.5,10,16,12.5],"texture":"#0"},"west":{"uv":[0,0,0,3.5],"texture":"#0"},"up":{"uv":[0,0,7,0],"texture":"#0"},"down":{"uv":[0,0,7,0],"texture":"#0"}}},{"from":[12,-0.5,4.5],"to":[17,4.5,4.5],"rotation":{"angle":-45,"axis":"y","origin":[13.5,1.5,2.5]},"faces":{"north":{"uv":[13.5,10,16,12.5],"texture":"#0"},"east":{"uv":[0,0,0,3.5],"texture":"#0"},"south":{"uv":[16,10,13.5,12.5],"texture":"#0"},"west":{"uv":[0,0,0,3.5],"texture":"#0"},"up":{"uv":[0,0,7,0],"texture":"#0"},"down":{"uv":[0,0,7,0],"texture":"#0"}}}],"display":{"thirdperson_righthand":{"rotation":[60,135,0],"translation":[0,5,2.25],"scale":[0.6,0.6,0.6]},"thirdperson_lefthand":{"rotation":[60,135,0],"translation":[0,5,2.25],"scale":[0.6,0.6,0.6]},"firstperson_righthand":{"rotation":[0,110,0],"translation":[1.25,6.25,0],"scale":[0.6,0.6,0.6]},"firstperson_lefthand":{"rotation":[0,110,0],"translation":[1.25,6.25,0],"scale":[0.6,0.6,0.6]},"ground":{"translation":[0,3,0],"scale":[0.3,0.3,0.3]},"gui":{"rotation":[30,-135,0],"translation":[-0.75,8.5,0],"scale":[1.25,1.25,1.25]},"head":{"rotation":[9,0,0],"translation":[0,17,2.25],"scale":[1.85,1.85,1.85]},"fixed":{"translation":[0,6.75,0]}}}