{"credit":"Made by Manning Design","textures":{"1":"custom/general/cosmetics/hats/heart_glasses"},"elements":[{"from":[8.17717,11.36948,3],"to":[9.17717,13.36948,3.5],"rotation":{"angle":45,"axis":"z","origin":[11.65572,7.81771,3.5]},"faces":{"north":{"uv":[11,9,12,11],"texture":"#1"},"east":{"uv":[11,11,12,13],"texture":"#1"},"south":{"uv":[12,2,13,4],"texture":"#1"},"west":{"uv":[12,4,13,6],"texture":"#1"},"up":{"uv":[1,15,0,14],"texture":"#1"},"down":{"uv":[15,0,14,1],"texture":"#1"}}},{"from":[5.17717,13.36948,3],"to":[7.17717,14.36948,3.5],"rotation":{"angle":45,"axis":"z","origin":[11.65572,7.81771,3.5]},"faces":{"north":{"uv":[11,6,13,7],"texture":"#1"},"east":{"uv":[13,12,14,13],"texture":"#1"},"south":{"uv":[7,11,9,12],"texture":"#1"},"west":{"uv":[13,13,14,14],"texture":"#1"},"up":{"uv":[13,8,11,7],"texture":"#1"},"down":{"uv":[11,11,9,12],"texture":"#1"}}},{"from":[5.17717,10.36948,3],"to":[9.17717,11.36948,3.5],"rotation":{"angle":45,"axis":"z","origin":[11.65572,7.81771,3.5]},"faces":{"north":{"uv":[7,6,11,7],"texture":"#1"},"east":{"uv":[13,11,14,12],"texture":"#1"},"south":{"uv":[7,7,11,8],"texture":"#1"},"west":{"uv":[12,13,13,14],"texture":"#1"},"up":{"uv":[4,9,0,8],"texture":"#1"},"down":{"uv":[8,8,4,9],"texture":"#1"}}},{"from":[6.17717,11.36948,3.25],"to":[8.17717,13.36948,3.25],"rotation":{"angle":45,"axis":"z","origin":[11.65572,7.81771,3.5]},"faces":{"north":{"uv":[9,2,11,4],"texture":"#1"},"east":{"uv":[0,0,0,2],"texture":"#1"},"south":{"uv":[11,2,9,4],"texture":"#1"},"west":{"uv":[0,0,0,2],"texture":"#1"},"up":{"uv":[2,0,0,0],"texture":"#1"},"down":{"uv":[2,0,0,0],"texture":"#1"}}},{"from":[7.17717,13.36948,3],"to":[8.17717,14.36948,3.5],"rotation":{"angle":45,"axis":"z","origin":[11.65572,7.81771,3.5]},"faces":{"north":{"uv":[13,8,14,9],"texture":"#1"},"east":{"uv":[9,13,10,14],"texture":"#1"},"south":{"uv":[13,9,14,10],"texture":"#1"},"west":{"uv":[10,13,11,14],"texture":"#1"},"up":{"uv":[14,11,13,10],"texture":"#1"},"down":{"uv":[12,13,11,14],"texture":"#1"}}},{"from":[7.17717,12.36948,3],"to":[8.17717,13.36948,3.5],"rotation":{"angle":45,"axis":"z","origin":[11.65572,7.81771,3.5]},"faces":{"north":{"uv":[13,5,14,6],"texture":"#1"},"east":{"uv":[6,13,7,14],"texture":"#1"},"south":{"uv":[13,6,14,7],"texture":"#1"},"west":{"uv":[7,13,8,14],"texture":"#1"},"up":{"uv":[14,8,13,7],"texture":"#1"},"down":{"uv":[9,13,8,14],"texture":"#1"}}},{"from":[5.17717,11.36948,3],"to":[6.17717,13.36948,3.5],"rotation":{"angle":45,"axis":"z","origin":[11.65572,7.81771,3.5]},"faces":{"north":{"uv":[3,11,4,13],"texture":"#1"},"east":{"uv":[4,11,5,13],"texture":"#1"},"south":{"uv":[5,11,6,13],"texture":"#1"},"west":{"uv":[6,11,7,13],"texture":"#1"},"up":{"uv":[14,5,13,4],"texture":"#1"},"down":{"uv":[6,13,5,14],"texture":"#1"}}},{"from":[7.1,7.375,3.25],"to":[9.1,8.375,3.25],"rotation":{"angle":0,"axis":"y","origin":[0.5,0,0]},"faces":{"north":{"uv":[9,9,11,10],"texture":"#1"},"east":{"uv":[0,0,0,1],"texture":"#1"},"south":{"uv":[0,10,2,11],"texture":"#1"},"west":{"uv":[0,0,0,1],"texture":"#1"},"up":{"uv":[2,0,0,0],"texture":"#1"},"down":{"uv":[2,0,0,0],"texture":"#1"}}},{"from":[3.25,6.25,3.25],"to":[3.25,8.25,10.25],"rotation":{"angle":0,"axis":"y","origin":[0.5,0,0]},"faces":{"north":{"uv":[0,0,0,2],"texture":"#1"},"east":{"uv":[7,2,0,4],"texture":"#1"},"south":{"uv":[0,0,0,2],"texture":"#1"},"west":{"uv":[0,2,7,4],"texture":"#1"},"up":{"uv":[0,7,0,0],"texture":"#1"},"down":{"uv":[0,0,0,7],"texture":"#1"}}},{"from":[12.75,6.25,3.25],"to":[12.75,8.25,10.25],"rotation":{"angle":0,"axis":"y","origin":[0.5,0,0]},"faces":{"north":{"uv":[0,0,0,2],"texture":"#1"},"east":{"uv":[0,4,7,6],"texture":"#1"},"south":{"uv":[0,0,0,2],"texture":"#1"},"west":{"uv":[7,4,0,6],"texture":"#1"},"up":{"uv":[0,7,0,0],"texture":"#1"},"down":{"uv":[0,0,0,7],"texture":"#1"}}},{"from":[9.17717,7.36948,3],"to":[10.17717,9.36948,3.5],"rotation":{"angle":45,"axis":"z","origin":[11.65572,7.81771,3.5]},"faces":{"north":{"uv":[9,4,10,6],"texture":"#1"},"east":{"uv":[6,9,7,11],"texture":"#1"},"south":{"uv":[7,9,8,11],"texture":"#1"},"west":{"uv":[8,9,9,11],"texture":"#1"},"up":{"uv":[8,13,7,12],"texture":"#1"},"down":{"uv":[9,12,8,13],"texture":"#1"}}},{"from":[11.17717,8.36948,3],"to":[12.17717,9.36948,3.5],"rotation":{"angle":45,"axis":"z","origin":[11.65572,7.81771,3.5]},"faces":{"north":{"uv":[12,8,13,9],"texture":"#1"},"east":{"uv":[9,12,10,13],"texture":"#1"},"south":{"uv":[12,9,13,10],"texture":"#1"},"west":{"uv":[10,12,11,13],"texture":"#1"},"up":{"uv":[13,11,12,10],"texture":"#1"},"down":{"uv":[13,11,12,12],"texture":"#1"}}},{"from":[11.17717,9.36948,3],"to":[12.17717,10.36948,3.5],"rotation":{"angle":45,"axis":"z","origin":[11.65572,7.81771,3.5]},"faces":{"north":{"uv":[12,12,13,13],"texture":"#1"},"east":{"uv":[0,13,1,14],"texture":"#1"},"south":{"uv":[13,0,14,1],"texture":"#1"},"west":{"uv":[1,13,2,14],"texture":"#1"},"up":{"uv":[14,2,13,1],"texture":"#1"},"down":{"uv":[3,13,2,14],"texture":"#1"}}},{"from":[10.17717,6.36948,3.25],"to":[12.17717,9.36948,3.25],"rotation":{"angle":45,"axis":"z","origin":[11.65572,7.81771,3.5]},"faces":{"north":{"uv":[7,0,9,3],"texture":"#1"},"east":{"uv":[0,0,0,3],"texture":"#1"},"south":{"uv":[9,0,7,3],"texture":"#1"},"west":{"uv":[0,0,0,3],"texture":"#1"},"up":{"uv":[2,0,0,0],"texture":"#1"},"down":{"uv":[2,0,0,0],"texture":"#1"}}},{"from":[9.17717,6.36948,3],"to":[13.17717,7.36948,3.5],"rotation":{"angle":45,"axis":"z","origin":[11.65572,7.81771,3.5]},"faces":{"north":{"uv":[8,8,12,9],"texture":"#1"},"east":{"uv":[1,14,2,15],"texture":"#1"},"south":{"uv":[12,8,8,9],"texture":"#1"},"west":{"uv":[14,1,15,2],"texture":"#1"},"up":{"uv":[13,1,9,0],"texture":"#1"},"down":{"uv":[13,1,9,2],"texture":"#1"}}},{"from":[9.17717,9.36948,3],"to":[11.17717,10.36948,3.5],"rotation":{"angle":45,"axis":"z","origin":[11.65572,7.81771,3.5]},"faces":{"north":{"uv":[2,10,4,11],"texture":"#1"},"east":{"uv":[13,2,14,3],"texture":"#1"},"south":{"uv":[10,4,12,5],"texture":"#1"},"west":{"uv":[3,13,4,14],"texture":"#1"},"up":{"uv":[12,6,10,5],"texture":"#1"},"down":{"uv":[11,10,9,11],"texture":"#1"}}},{"from":[12.17717,7.36948,3],"to":[13.17717,9.36948,3.5],"rotation":{"angle":45,"axis":"z","origin":[11.65572,7.81771,3.5]},"faces":{"north":{"uv":[0,11,1,13],"texture":"#1"},"east":{"uv":[1,11,2,13],"texture":"#1"},"south":{"uv":[2,11,3,13],"texture":"#1"},"west":{"uv":[11,2,12,4],"texture":"#1"},"up":{"uv":[14,4,13,3],"texture":"#1"},"down":{"uv":[5,13,4,14],"texture":"#1"}}}],"gui_light":"front","display":{"thirdperson_righthand":{"rotation":[79,0,0],"translation":[0,-2,0.5],"scale":[0.6,0.6,0.6]},"thirdperson_lefthand":{"rotation":[79,0,0],"translation":[0,-2,0.5],"scale":[0.6,0.6,0.6]},"firstperson_righthand":{"rotation":[0,120,0],"translation":[0,4.5,1],"scale":[0.62,0.62,0.62]},"firstperson_lefthand":{"rotation":[0,120,0],"translation":[1.75,3.5,0],"scale":[0.62,0.62,0.62]},"ground":{"rotation":[16,0,0],"translation":[0,2.5,0],"scale":[0.78,0.78,0.78]},"gui":{"rotation":[30,-135,0],"translation":[-1,1.75,0]},"head":{"scale":[1.62,1.62,1.62]}},"groups":[0,1,2,3,4,5,6,7,8,9,{"name":"group","origin":[0,0,0],"color":0,"children":[10,11,12,13,14,15,16]}]}