{"credit":"Made with Blockbench","texture_size":[64,64],"textures":{"0":"custom/general/cosmetics/hats/military_teutonic_hat","particle":"custom/general/cosmetics/hats/military_teutonic_hat"},"elements":[{"from":[3,0,3],"to":[13,10,13],"faces":{"north":{"uv":[2.5,2.5,5,5],"texture":"#0"},"east":{"uv":[0,2.5,2.5,5],"texture":"#0"},"south":{"uv":[7.5,2.5,10,5],"texture":"#0"},"west":{"uv":[5,2.5,7.5,5],"texture":"#0"},"up":{"uv":[5,2.5,2.5,0],"texture":"#0"},"down":{"uv":[7.5,0,5,2.5],"texture":"#0"}}},{"from":[4,10,4],"to":[12,11,12],"faces":{"north":{"uv":[2,7,4,7.25],"texture":"#0"},"east":{"uv":[0,7,2,7.25],"texture":"#0"},"south":{"uv":[6,7,8,7.25],"texture":"#0"},"west":{"uv":[4,7,6,7.25],"texture":"#0"},"up":{"uv":[4,7,2,5],"texture":"#0"}}},{"from":[-7.9,18.6,7.5],"to":[-6.9,22.6,8.5],"rotation":{"angle":-22.5,"axis":"z","origin":[-6,3,0]},"faces":{"north":{"uv":[11.25,7.75,11.5,8.75],"texture":"#0"},"east":{"uv":[11,7.75,11.25,8.75],"texture":"#0"},"south":{"uv":[11.75,7.75,12,8.75],"texture":"#0"},"west":{"uv":[11.5,7.75,11.75,8.75],"texture":"#0"},"up":{"uv":[11.5,7.75,11.25,7.5],"texture":"#0"}}},{"from":[-2.1,14.5,7],"to":[-0.1,18.5,9],"rotation":{"angle":0,"axis":"y","origin":[-6,3,0]},"faces":{"north":{"uv":[0.5,5.5,1,6.5],"texture":"#0"},"east":{"uv":[0,5.5,0.5,6.5],"texture":"#0"},"south":{"uv":[1.5,5.5,2,6.5],"texture":"#0"},"west":{"uv":[1,5.5,1.5,6.5],"texture":"#0"},"up":{"uv":[1,5.5,0.5,5],"texture":"#0"}}},{"from":[1.50535,8.8148,6.5],"to":[4.50535,12.8148,9.5],"rotation":{"angle":22.5,"axis":"z","origin":[-6.3148,3.3148,0]},"faces":{"north":{"uv":[11.75,6.5,12.5,7.5],"texture":"#0"},"east":{"uv":[11,6.5,11.75,7.5],"texture":"#0"},"south":{"uv":[13.25,6.5,14,7.5],"texture":"#0"},"west":{"uv":[12.5,6.5,13.25,7.5],"texture":"#0"},"up":{"uv":[12.5,6.5,11.75,5.75],"texture":"#0"},"down":{"uv":[13.25,5.75,12.5,6.5],"texture":"#0"}}},{"from":[-8.64443,12.40349,6.5],"to":[-4.64443,15.40349,9.5],"rotation":{"angle":-45,"axis":"z","origin":[-6.14443,2.90349,0]},"faces":{"north":{"uv":[10.75,2.75,11.75,3.5],"texture":"#0"},"south":{"uv":[12.5,2.75,13.5,3.5],"texture":"#0"},"west":{"uv":[11.75,2.75,12.5,3.5],"texture":"#0"},"up":{"uv":[11.75,2.75,10.75,2],"texture":"#0"},"down":{"uv":[12.75,2,11.75,2.75],"texture":"#0"}}},{"from":[22.9,18.6,7.5],"to":[23.9,22.6,8.5],"rotation":{"angle":22.5,"axis":"z","origin":[22,3,0]},"faces":{"north":{"uv":[10.25,6,10.5,7],"texture":"#0"},"east":{"uv":[10,6,10.25,7],"texture":"#0"},"south":{"uv":[10.75,6,11,7],"texture":"#0"},"west":{"uv":[10.5,6,10.75,7],"texture":"#0"},"up":{"uv":[10.5,6,10.25,5.75],"texture":"#0"}}},{"from":[16.1,14.5,7],"to":[18.1,18.5,9],"rotation":{"angle":0,"axis":"y","origin":[22,3,0]},"faces":{"north":{"uv":[0.5,0.5,1,1.5],"texture":"#0"},"east":{"uv":[0,0.5,0.5,1.5],"texture":"#0"},"south":{"uv":[1.5,0.5,2,1.5],"texture":"#0"},"west":{"uv":[1,0.5,1.5,1.5],"texture":"#0"},"up":{"uv":[1,0.5,0.5,0],"texture":"#0"}}},{"from":[11.49465,8.8148,6.5],"to":[14.49465,12.8148,9.5],"rotation":{"angle":-22.5,"axis":"z","origin":[22.3148,3.3148,0]},"faces":{"north":{"uv":[11,11.25,11.75,12.25],"texture":"#0"},"east":{"uv":[10.25,11.25,11,12.25],"texture":"#0"},"south":{"uv":[12.5,11.25,13.25,12.25],"texture":"#0"},"west":{"uv":[11.75,11.25,12.5,12.25],"texture":"#0"},"up":{"uv":[11.75,11.25,11,10.5],"texture":"#0"},"down":{"uv":[12.5,10.5,11.75,11.25],"texture":"#0"}}},{"from":[20.64443,12.40349,6.5],"to":[24.64443,15.40349,9.5],"rotation":{"angle":45,"axis":"z","origin":[22.14443,2.90349,0]},"faces":{"north":{"uv":[10,5,11,5.75],"texture":"#0"},"east":{"uv":[9.25,5,10,5.75],"texture":"#0"},"south":{"uv":[11.75,5,12.75,5.75],"texture":"#0"},"up":{"uv":[11,5,10,4.25],"texture":"#0"},"down":{"uv":[12,4.25,11,5],"texture":"#0"}}},{"from":[-1,11.5,6],"to":[3,15.5,10],"rotation":{"angle":-22.5,"axis":"z","origin":[-7.5,4.5,0]},"faces":{"north":{"uv":[7,6,8,7],"texture":"#0"},"south":{"uv":[9,6,10,7],"texture":"#0"},"west":{"uv":[8,6,9,7],"texture":"#0"},"up":{"uv":[8,6,7,5],"texture":"#0"},"down":{"uv":[9,5,8,6],"texture":"#0"}}},{"from":[13,11.5,6],"to":[17,15.5,10],"rotation":{"angle":22.5,"axis":"z","origin":[23.5,4.5,0]},"faces":{"north":{"uv":[8.5,1,9.5,2],"texture":"#0"},"east":{"uv":[7.5,1,8.5,2],"texture":"#0"},"south":{"uv":[10.5,1,11.5,2],"texture":"#0"},"up":{"uv":[9.5,1,8.5,0],"texture":"#0"},"down":{"uv":[10.5,0,9.5,1],"texture":"#0"}}},{"name":"cube inverted","from":[13,10,13],"to":[3,0,3],"faces":{"north":{"uv":[7.5,5,10,2.5],"texture":"#0"},"east":{"uv":[5,5,7.5,2.5],"texture":"#0"},"south":{"uv":[2.5,5,5,2.5],"texture":"#0"},"west":{"uv":[0,5,2.5,2.5],"texture":"#0"},"up":{"uv":[5,0,7.5,2.5],"texture":"#0"},"down":{"uv":[2.5,2.5,5,0],"texture":"#0"}}}],"display":{"thirdperson_righthand":{"rotation":[70,20,0],"translation":[-0.25,4.5,-0.25],"scale":[0.8,0.8,0.8]},"thirdperson_lefthand":{"rotation":[70,20,0],"translation":[-0.25,4.5,-0.25],"scale":[0.8,0.8,0.8]},"firstperson_righthand":{"rotation":[0,110,0],"translation":[0,2,0],"scale":[0.55,0.55,0.55]},"firstperson_lefthand":{"rotation":[0,110,0],"translation":[0,2,0],"scale":[0.55,0.55,0.55]},"ground":{"translation":[0,3,0],"scale":[0.8,0.8,0.8]},"gui":{"rotation":[30,-135,0],"translation":[0,-1.25,0],"scale":[0.6,0.6,0.6]},"head":{"translation":[0,4.25,0.25],"scale":[1.6,1.6,1.6]},"fixed":{"rotation":[-90,0,0],"translation":[0,0,-10.75],"scale":[1.61,1.61,1.61]}},"groups":[0,1,{"name":"group","origin":[0,0,0],"color":0,"children":[2,3,4,5,6,7,8,9]},10,11,12]}