{"credit":"Made with Blockbench","texture_size":[128,128],"textures":{"0":"custom/general/cosmetics/hats/military_spartan_hat","particle":"custom/general/cosmetics/hats/military_spartan_hat"},"elements":[{"from":[3,-2,3],"to":[13,10,13],"faces":{"north":{"uv":[5,4.75,6.25,6.25],"texture":"#0"},"east":{"uv":[3.75,4.75,5,6.25],"texture":"#0"},"south":{"uv":[7.5,4.75,8.75,6.25],"texture":"#0"},"west":{"uv":[6.25,4.75,7.5,6.25],"texture":"#0"},"up":{"uv":[6.25,4.75,5,3.5],"texture":"#0"},"down":{"uv":[7.5,3.5,6.25,4.75],"texture":"#0"}}},{"from":[7,2,4],"to":[9,11,14],"faces":{"north":{"uv":[1.25,1.25,1.5,2.375],"texture":"#0"},"east":{"uv":[0,1.25,1.25,2.375],"texture":"#0"},"south":{"uv":[2.75,1.25,3,2.375],"texture":"#0"},"west":{"uv":[1.5,1.25,2.75,2.375],"texture":"#0"},"up":{"uv":[1.5,1.25,1.25,0],"texture":"#0"},"down":{"uv":[1.75,0,1.5,1.25],"texture":"#0"}}},{"from":[8,-1,0],"to":[8,17,20],"faces":{"north":{"uv":[0,0,0,0],"texture":"#0"},"east":{"uv":[0,2.5,2.5,4.75],"texture":"#0"},"south":{"uv":[0,0,0,0],"texture":"#0"},"west":{"uv":[2.5,2.5,5,4.75],"texture":"#0"},"up":{"uv":[0,0,0,0],"texture":"#0"},"down":{"uv":[0,0,0,0],"texture":"#0"}}},{"name":"cube inverted","from":[13,10,13],"to":[3,-2,3],"faces":{"north":{"uv":[7.5,6.25,8.75,4.75],"texture":"#0"},"east":{"uv":[6.25,6.25,7.5,4.75],"texture":"#0"},"south":{"uv":[5,6.25,6.25,4.75],"texture":"#0"},"west":{"uv":[3.75,6.25,5,4.75],"texture":"#0"},"up":{"uv":[6.25,3.5,7.5,4.75],"texture":"#0"},"down":{"uv":[5,4.75,6.25,3.5],"texture":"#0"}}}],"display":{"thirdperson_righthand":{"rotation":[70,20,0],"translation":[0.75,4.5,-0.25],"scale":[0.8,0.8,0.8]},"thirdperson_lefthand":{"rotation":[70,20,0],"translation":[0.75,4.5,-0.25],"scale":[0.8,0.8,0.8]},"firstperson_righthand":{"rotation":[0,110,0],"translation":[0,3,0],"scale":[0.55,0.55,0.55]},"firstperson_lefthand":{"rotation":[0,110,0],"translation":[0,3,0],"scale":[0.55,0.55,0.55]},"ground":{"translation":[0,2,0],"scale":[0.8,0.8,0.8]},"gui":{"rotation":[30,-135,0],"translation":[-0.25,1,0],"scale":[0.75,0.75,0.75]},"head":{"translation":[0,4.25,0.25],"scale":[1.6,1.6,1.6]},"fixed":{"rotation":[-90,0,0],"translation":[0,0,-10.75],"scale":[1.61,1.61,1.61]}}}