{"credit":"Made with Blockbench","textures":{"0":"custom/general/cosmetics/hats/miner_cap","particle":"custom/general/cosmetics/hats/miner_cap"},"elements":[{"from":[2,0,-1],"to":[14,1,14],"faces":{"north":{"uv":[0,7,6,7.5],"texture":"#0"},"east":{"uv":[0.5,7.5,0,0],"rotation":90,"texture":"#0"},"south":{"uv":[0,0,6,0.5],"texture":"#0"},"west":{"uv":[0,0,0.5,7.5],"rotation":90,"texture":"#0"},"up":{"uv":[0,7.5,6,0],"texture":"#0"},"down":{"uv":[0,0,6,7.5],"texture":"#0"}}},{"from":[3,1,3],"to":[13,6,13],"faces":{"north":{"uv":[11,5,16,7.5],"texture":"#0"},"east":{"uv":[11,0,6,2.5],"texture":"#0"},"south":{"uv":[6,5,11,7.5],"texture":"#0"},"west":{"uv":[6,0,11,2.5],"texture":"#0"},"up":{"uv":[11,5,16,0],"texture":"#0"}}},{"from":[2.75,2,2.75],"to":[13.25,4,13.25],"faces":{"north":{"uv":[0,14,5,15],"texture":"#0"},"east":{"uv":[0,15,5,16],"texture":"#0"},"south":{"uv":[0,14,5,15],"texture":"#0"},"west":{"uv":[0,15,5,16],"texture":"#0"}}},{"from":[6,1,2],"to":[10,7,14],"faces":{"north":{"uv":[10,7.5,12,10.5],"texture":"#0"},"east":{"uv":[14,10.5,8,13.5],"texture":"#0"},"south":{"uv":[12,7.5,14,10.5],"texture":"#0"},"west":{"uv":[8,10.5,14,13.5],"texture":"#0"},"up":{"uv":[14,13.5,16,7.5],"texture":"#0"}}},{"from":[6,1,1],"to":[10,5,3],"faces":{"north":{"uv":[0,7.5,2,9.5],"texture":"#0"},"east":{"uv":[3,7.5,2,9.5],"texture":"#0"},"west":{"uv":[2,7.5,3,9.5],"texture":"#0"},"up":{"uv":[0,9.5,2,10.5],"texture":"#0"}}}],"gui_light":"front","display":{"thirdperson_righthand":{"rotation":[75,24,0],"translation":[3,0.25,2.75],"scale":[0.5,0.5,0.5]},"thirdperson_lefthand":{"rotation":[75,24,0],"translation":[-2.5,0.25,2.75],"scale":[0.5,0.5,0.5]},"firstperson_righthand":{"rotation":[0,109,0],"translation":[2.75,4,0],"scale":[0.4,0.4,0.4]},"firstperson_lefthand":{"rotation":[0,109,0],"translation":[2.75,4,0],"scale":[0.4,0.4,0.4]},"ground":{"translation":[0,3,0],"scale":[0.5,0.5,0.5]},"gui":{"rotation":[30,-147,0],"translation":[-0.25,3.25,0],"scale":[0.7,0.7,0.7]},"head":{"rotation":[4,0,0],"translation":[0,12,0.5],"scale":[1.5,1.5,1.5]},"fixed":{"translation":[0,4.5,0]}}}