{"credit":"Made with Blockbench","texture_size":[32,32],"textures":{"16":"custom/general/cosmetics/hats/receptionist_hat"},"elements":[{"from":[4.5,5.5,4.5],"to":[11.5,6.5,11.5],"rotation":{"angle":0,"axis":"y","origin":[8,8,8]},"faces":{"north":{"uv":[8,4.5,11.5,5],"texture":"#16"},"east":{"uv":[8,5,11.5,5.5],"texture":"#16"},"south":{"uv":[8,5.5,11.5,6],"texture":"#16"},"west":{"uv":[8,6,11.5,6.5],"texture":"#16"},"up":{"uv":[8,3.5,4.5,0],"texture":"#16"},"down":{"uv":[8,3.5,4.5,7],"texture":"#16"}}},{"from":[3.5,2.5,3.5],"to":[12.5,5.5,12.5],"rotation":{"angle":0,"axis":"y","origin":[8,8,8]},"faces":{"north":{"uv":[4.5,7,9,8.5],"texture":"#16"},"east":{"uv":[8,0,12.5,1.5],"texture":"#16"},"south":{"uv":[8,1.5,12.5,3],"texture":"#16"},"west":{"uv":[8,3,12.5,4.5],"texture":"#16"},"up":{"uv":[4.5,4.5,0,0],"texture":"#16"},"down":{"uv":[4.5,4.5,0,9],"texture":"#16"}}}],"gui_light":"front","display":{"thirdperson_righthand":{"rotation":[-45,0,0],"translation":[0,0,-4],"scale":[0.7,0.7,0.7]},"thirdperson_lefthand":{"rotation":[-45,0,0],"translation":[0,0,-4],"scale":[0.7,0.7,0.7]},"firstperson_righthand":{"rotation":[160,60,160],"translation":[0.25,4,1],"scale":[0.5,0.5,0.5]},"firstperson_lefthand":{"rotation":[160,60,160],"translation":[0.25,4,1],"scale":[0.5,0.5,0.5]},"ground":{"scale":[0.6,0.6,0.6]},"gui":{"rotation":[30,-135,-180],"translation":[0,-3,0]},"head":{"rotation":[5,0,0],"translation":[0,12.25,0.75],"scale":[1.5,1.5,1.5]},"fixed":{"rotation":[-90,0,0],"translation":[0,0,-11],"scale":[2,2,2]}},"groups":[{"name":"muetze","origin":[8,8,8],"color":0,"children":[0,1]}]}