{"credit":"Made with Blockbench","texture_size":[64,64],"textures":{"0":"custom/general/cosmetics/hats/santa_hat","particle":"custom/general/cosmetics/hats/santa_hat"},"elements":[{"from":[3.999,10.749,4.999],"to":[12.001,12.751,13.001],"rotation":{"angle":22.5,"axis":"x","origin":[8,11.75,8]},"faces":{"north":{"uv":[2,5.25,4,5.75],"texture":"#0"},"east":{"uv":[0,5.25,2,5.75],"texture":"#0"},"south":{"uv":[6,5.25,8,5.75],"texture":"#0"},"west":{"uv":[4,5.25,6,5.75],"texture":"#0"},"up":{"uv":[4,5.25,2,3.25],"texture":"#0"},"down":{"uv":[6,3.25,4,5.25],"texture":"#0"}}},{"from":[4.999,8.66737,6.83498],"to":[11.001,13.66937,12.83698],"rotation":{"angle":-22.5,"axis":"x","origin":[9,10.66837,5.83598]},"faces":{"north":{"uv":[1.5,7.25,3,8.5],"texture":"#0"},"east":{"uv":[0,7.25,1.5,8.5],"texture":"#0"},"south":{"uv":[4.5,7.25,6,8.5],"texture":"#0"},"west":{"uv":[3,7.25,4.5,8.5],"texture":"#0"},"up":{"uv":[3,7.25,1.5,5.75],"texture":"#0"},"down":{"uv":[4.5,5.75,3,7.25],"texture":"#0"}}},{"from":[6.499,16.98542,8.48175],"to":[9.501,19.98742,11.48375],"rotation":{"angle":22.5,"axis":"x","origin":[10,12.73642,3.23275]},"faces":{"north":{"uv":[5.25,6.5,6,7.25],"texture":"#0"},"east":{"uv":[4.5,6.5,5.25,7.25],"texture":"#0"},"south":{"uv":[6.75,6.5,7.5,7.25],"texture":"#0"},"west":{"uv":[6,6.5,6.75,7.25],"texture":"#0"},"up":{"uv":[6,6.5,5.25,5.75],"texture":"#0"},"down":{"uv":[6.75,5.75,6,6.5],"texture":"#0"}}},{"from":[3.5,7.75,4],"to":[12.5,10.75,14],"rotation":{"angle":22.5,"axis":"x","origin":[8,11.75,8]},"faces":{"north":{"uv":[2.5,2.5,4.75,3.25],"texture":"#0"},"east":{"uv":[0,2.5,2.5,3.25],"texture":"#0"},"south":{"uv":[7.25,2.5,9.5,3.25],"texture":"#0"},"west":{"uv":[4.75,2.5,7.25,3.25],"texture":"#0"},"up":{"uv":[4.75,2.5,2.5,0],"texture":"#0"},"down":{"uv":[7,0,4.75,2.5],"texture":"#0"}}}],"display":{"thirdperson_righthand":{"rotation":[75,45,0],"translation":[0,2.5,0],"scale":[0.375,0.375,0.375]},"thirdperson_lefthand":{"rotation":[75,45,0],"translation":[0,2.5,0],"scale":[0.375,0.375,0.375]},"firstperson_righthand":{"rotation":[0,45,0],"scale":[0.4,0.4,0.4]},"firstperson_lefthand":{"rotation":[0,225,0],"scale":[0.4,0.4,0.4]},"ground":{"translation":[0,3,0],"scale":[0.25,0.25,0.25]},"gui":{"rotation":[33,-142,19],"translation":[-0.25,-3.75,0]},"head":{"translation":[0,3.25,1],"scale":[1.8,1.8,1.8]},"fixed":{"scale":[0.5,0.5,0.5]}}}