{"credit":"Made by Elo106","texture_size":[32,32],"textures":{"19":"custom/general/cosmetics/hats/vs_headset"},"elements":[{"from":[3.5,1.5,6.5],"to":[12.5,6.5,9.5],"rotation":{"angle":0,"axis":"y","origin":[0,-2,-1]},"faces":{"north":{"uv":[0,0,4.5,2.5],"texture":"#19"},"east":{"uv":[8,8.5,9.5,11],"texture":"#19"},"south":{"uv":[0,2.5,4.5,5],"texture":"#19"},"west":{"uv":[9,4,10.5,6.5],"texture":"#19"},"up":{"uv":[9,5.5,4.5,4],"texture":"#19"},"down":{"uv":[4.5,5,0,6.5],"texture":"#19"}}},{"from":[11.5,2.5,6.5],"to":[4.5,5.5,9.5],"rotation":{"angle":0,"axis":"y","origin":[0,-2,-1]},"faces":{"north":{"uv":[4.5,5.5,8,7],"texture":"#19"},"east":{"uv":[9.5,10.5,11,12],"texture":"#19"},"south":{"uv":[0,6.5,3.5,8],"texture":"#19"},"west":{"uv":[7.5,11,9,12.5],"texture":"#19"},"up":{"uv":[7,8.5,3.5,7],"texture":"#19"},"down":{"uv":[10.5,7,7,8.5],"texture":"#19"}}},{"from":[1.499,-0.501,5.999],"to":[4.501,3.501,10.001],"rotation":{"angle":45,"axis":"x","origin":[3.5,1.5,8]},"faces":{"north":{"uv":[9.5,8.5,11,10.5],"texture":"#19"},"east":{"uv":[0,8,2,10],"texture":"#19"},"south":{"uv":[0,10,1.5,12],"texture":"#19"},"west":{"uv":[2,8.5,4,10.5],"texture":"#19"},"up":{"uv":[3,12.5,1.5,10.5],"texture":"#19"},"down":{"uv":[4.5,10.5,3,12.5],"texture":"#19"}}},{"from":[1,0.5,7],"to":[15,2.5,9],"rotation":{"angle":0,"axis":"y","origin":[3.5,1.5,8]},"faces":{"north":{"uv":[4.5,0,11.5,1],"texture":"#19"},"east":{"uv":[8,5.5,9,6.5],"texture":"#19"},"south":{"uv":[4.5,1,11.5,2],"texture":"#19"},"west":{"uv":[11,8,12,9],"texture":"#19"},"up":{"uv":[11.5,3,4.5,2],"texture":"#19"},"down":{"uv":[11.5,3,4.5,4],"texture":"#19"}}},{"from":[11.499,-0.501,5.999],"to":[14.501,3.501,10.001],"rotation":{"angle":45,"axis":"x","origin":[3.5,1.5,8]},"faces":{"north":{"uv":[10.5,4,12,6],"texture":"#19"},"east":{"uv":[4,8.5,6,10.5],"texture":"#19"},"south":{"uv":[4.5,10.5,6,12.5],"texture":"#19"},"west":{"uv":[6,8.5,8,10.5],"texture":"#19"},"up":{"uv":[7.5,12.5,6,10.5],"texture":"#19"},"down":{"uv":[12,6,10.5,8],"texture":"#19"}}}],"gui_light":"front","display":{"thirdperson_righthand":{"rotation":[45,0,0],"translation":[0,1.25,0.5],"scale":[0.7,0.7,0.7]},"thirdperson_lefthand":{"rotation":[45,0,0],"translation":[0,1.25,0.5],"scale":[0.7,0.7,0.7]},"firstperson_righthand":{"rotation":[160,60,160],"translation":[0.25,4,1],"scale":[0.5,0.5,0.5]},"firstperson_lefthand":{"rotation":[160,60,160],"translation":[0.25,4,1],"scale":[0.5,0.5,0.5]},"ground":{"scale":[0.6,0.6,0.6]},"gui":{"rotation":[30,-135,0],"translation":[0,5.5,0]},"head":{"translation":[0,10.25,0],"scale":[1.68,1.68,1.68]},"fixed":{"rotation":[16,0,0],"translation":[0,9.75,-2],"scale":[2,2,2]}},"groups":[{"name":"headset","origin":[3.5,3.5,9],"color":0,"children":[0,1,2,3,4]}]}