{"credit":"Made by Elo106","texture_size":[32,32],"textures":{"15":"custom/general/cosmetics/hats/vs_taucherglocke_hat"},"elements":[{"from":[3.5,3.5,3.5],"to":[12.5,12.5,12.5],"rotation":{"angle":0,"axis":"y","origin":[6.5,12,7.5]},"faces":{"north":{"uv":[2.75,0,5,2.25],"texture":"#15"},"east":{"uv":[2.75,2.25,5,4.5],"texture":"#15"},"south":{"uv":[2.75,4.5,5,6.75],"texture":"#15"},"west":{"uv":[5,0,7.25,2.25],"texture":"#15"},"up":{"uv":[7.25,4.5,5,2.25],"texture":"#15"},"down":{"uv":[7.25,4.5,5,6.75],"texture":"#15"}}},{"from":[10.5,4.5,12.5],"to":[11.5,11.5,14.5],"rotation":{"angle":0,"axis":"y","origin":[6.5,12,7.5]},"faces":{"north":{"uv":[9.25,0,9.5,1.75],"texture":"#15"},"east":{"uv":[8.75,0,9.25,1.75],"texture":"#15"},"south":{"uv":[0.75,9.25,1,11],"texture":"#15"},"west":{"uv":[5,8.75,5.5,10.5],"texture":"#15"},"up":{"uv":[8.5,8,8.25,7.5],"texture":"#15"},"down":{"uv":[4.75,9.25,4.5,9.75],"texture":"#15"}}},{"from":[2.5,9.5,10.5],"to":[3.5,14.5,11.5],"rotation":{"angle":0,"axis":"y","origin":[6.5,12,7.5]},"faces":{"north":{"uv":[3,9.25,3.25,10.5],"texture":"#15"},"east":{"uv":[3.25,9.25,3.5,10.5],"texture":"#15"},"south":{"uv":[3.5,9.25,3.75,10.5],"texture":"#15"},"west":{"uv":[3.75,9.25,4,10.5],"texture":"#15"},"up":{"uv":[5,9.5,4.75,9.25],"texture":"#15"},"down":{"uv":[5,9.5,4.75,9.75],"texture":"#15"}}},{"from":[5,5,2.5],"to":[11,11,3.5],"rotation":{"angle":-45,"axis":"z","origin":[8,8,3]},"faces":{"north":{"uv":[7.25,0,8.75,1.5],"texture":"#15"},"east":{"uv":[1,9.25,1.25,10.75],"texture":"#15"},"south":{"uv":[7.25,1.5,8.75,3],"texture":"#15"},"west":{"uv":[1.25,9.25,1.5,10.75],"texture":"#15"},"up":{"uv":[10.25,3,8.75,2.75],"texture":"#15"},"down":{"uv":[3,9.25,1.5,9.5],"texture":"#15"}}},{"from":[10,10,3.5],"to":[6,6,2.5],"rotation":{"angle":-45,"axis":"z","origin":[8,8,3]},"faces":{"north":{"uv":[8.5,7.5,9.5,8.5],"texture":"#15"},"east":{"uv":[4,9.25,4.25,10.25],"texture":"#15"},"south":{"uv":[8.5,8.5,9.5,9.5],"texture":"#15"},"west":{"uv":[4.25,9.25,4.5,10.25],"texture":"#15"},"up":{"uv":[10.5,1.25,9.5,1],"texture":"#15"},"down":{"uv":[10.5,1.25,9.5,1.5],"texture":"#15"}}},{"from":[5.499,12.499,5.499],"to":[10.501,13.501,10.501],"rotation":{"angle":0,"axis":"y","origin":[8,13,8]},"faces":{"north":{"uv":[9.5,0,10.75,0.25],"texture":"#15"},"east":{"uv":[9.5,0.25,10.75,0.5],"texture":"#15"},"south":{"uv":[9.5,0.5,10.75,0.75],"texture":"#15"},"west":{"uv":[9.5,0.75,10.75,1],"texture":"#15"},"up":{"uv":[1.25,9.25,0,8],"texture":"#15"},"down":{"uv":[2.5,8,1.25,9.25],"texture":"#15"}}},{"from":[2.5,2.5,2.5],"to":[13.5,3.5,13.5],"rotation":{"angle":0,"axis":"y","origin":[6.5,12,7.5]},"faces":{"north":{"uv":[8.75,1.75,11.5,2],"texture":"#15"},"east":{"uv":[8.75,2,11.5,2.25],"texture":"#15"},"south":{"uv":[8.75,2.25,11.5,2.5],"texture":"#15"},"west":{"uv":[8.75,2.5,11.5,2.75],"texture":"#15"},"up":{"uv":[2.75,2.75,0,0],"texture":"#15"},"down":{"uv":[2.75,2.75,0,5.5],"texture":"#15"}}},{"from":[4.5,0.57089,2.88372],"to":[11.5,3.57089,5.88372],"rotation":{"angle":-22.5,"axis":"x","origin":[7.5,2.07089,5.38372]},"faces":{"north":{"uv":[7.25,6,9,6.75],"texture":"#15"},"east":{"uv":[5.5,8.75,6.25,9.5],"texture":"#15"},"south":{"uv":[5,8,6.75,8.75],"texture":"#15"},"west":{"uv":[6.25,8.75,7,9.5],"texture":"#15"},"up":{"uv":[8.5,8.75,6.75,8],"texture":"#15"},"down":{"uv":[10,6.75,8.25,7.5],"texture":"#15"}}},{"from":[2.5,5.5,5.5],"to":[13.5,10.5,10.5],"rotation":{"angle":0,"axis":"y","origin":[8,8,8]},"faces":{"north":{"uv":[0,5.5,2.75,6.75],"texture":"#15"},"east":{"uv":[5,8,3.75,9.25],"texture":"#15"},"south":{"uv":[0,6.75,2.75,8],"texture":"#15"},"west":{"uv":[3.75,8,5,9.25],"texture":"#15"},"up":{"uv":[5.5,8,2.75,6.75],"texture":"#15"},"down":{"uv":[8.25,6.75,5.5,8],"texture":"#15"}}},{"from":[13.5,9.5,9.5],"to":[2.5,6.5,6.5],"rotation":{"angle":0,"axis":"y","origin":[8,8,8]},"faces":{"north":{"uv":[7.25,3,10,3.75],"texture":"#15"},"east":{"uv":[7,8.75,7.75,9.5],"texture":"#15"},"south":{"uv":[7.25,3.75,10,4.5],"texture":"#15"},"west":{"uv":[7.75,8.75,8.5,9.5],"texture":"#15"},"up":{"uv":[10,5.25,7.25,4.5],"texture":"#15"},"down":{"uv":[10,5.25,7.25,6],"texture":"#15"}}},{"from":[9.5,13.5,9.5],"to":[6.5,12.5,6.5],"rotation":{"angle":0,"axis":"y","origin":[6.5,6.5,-4.5]},"faces":{"north":{"uv":[1.5,9.5,2.25,9.75],"texture":"#15"},"east":{"uv":[9.5,1.5,10.25,1.75],"texture":"#15"},"south":{"uv":[2.25,9.5,3,9.75],"texture":"#15"},"west":{"uv":[5.5,9.5,6.25,9.75],"texture":"#15"},"up":{"uv":[9.75,6.75,9,6],"texture":"#15"},"down":{"uv":[0.75,9.25,0,10],"texture":"#15"}}}],"gui_light":"front","display":{"thirdperson_righthand":{"rotation":[-45,0,0],"translation":[0,0,-4],"scale":[0.7,0.7,0.7]},"thirdperson_lefthand":{"rotation":[-45,0,0],"translation":[0,0,-4],"scale":[0.7,0.7,0.7]},"firstperson_righthand":{"rotation":[160,60,160],"translation":[0.25,4,1],"scale":[0.5,0.5,0.5]},"firstperson_lefthand":{"rotation":[160,60,160],"translation":[0.25,4,1],"scale":[0.5,0.5,0.5]},"ground":{"scale":[0.6,0.6,0.6]},"gui":{"rotation":[30,-135,0],"translation":[0,0.5,0],"scale":[0.8,0.8,0.8]},"head":{"translation":[0,1.5,0],"scale":[1.61,1.61,1.61]},"fixed":{"rotation":[-90,0,0],"translation":[0,0,-11],"scale":[2,2,2]}},"groups":[{"name":"taucherglocke","origin":[7.5,-1.42911,5.38372],"color":0,"children":[0,1,2,3,4,5,6,7,8,9,10]}]}