{"credit":"Made by Elo106","texture_size":[32,32],"textures":{"24":"custom/general/cosmetics/hats/vs_viking_hat"},"elements":[{"from":[3.501,2.501,3.501],"to":[12.499,6.499,12.499],"rotation":{"angle":0,"axis":"y","origin":[8.5,5.5,8.5]},"faces":{"north":{"uv":[4.75,1,7,2],"texture":"#24"},"east":{"uv":[4.75,2,7,3],"texture":"#24"},"south":{"uv":[4.75,3,7,4],"texture":"#24"},"west":{"uv":[0,5,2.25,6],"texture":"#24"},"up":{"uv":[4.75,2.25,2.5,0],"texture":"#24"},"down":{"uv":[4.75,2.25,2.5,4.5],"texture":"#24"}}},{"from":[6.501,3.001,3.001],"to":[9.499,6.999,12.999],"rotation":{"angle":0,"axis":"y","origin":[8.5,5.5,8.5]},"faces":{"north":{"uv":[3,5.5,3.75,6.5],"texture":"#24"},"east":{"uv":[2.5,4.5,5,5.5],"texture":"#24"},"south":{"uv":[3.75,5.5,4.5,6.5],"texture":"#24"},"west":{"uv":[4.75,0,7.25,1],"texture":"#24"},"up":{"uv":[5.75,6.5,5,4],"texture":"#24"},"down":{"uv":[3,5.5,2.25,8],"texture":"#24"}}},{"from":[3,2.5,3],"to":[13,4.5,13],"rotation":{"angle":0,"axis":"y","origin":[8.5,5.5,8.5]},"faces":{"north":{"uv":[5.75,4,8.25,4.5],"texture":"#24"},"east":{"uv":[5.75,4.5,8.25,5],"texture":"#24"},"south":{"uv":[5.75,5,8.25,5.5],"texture":"#24"},"west":{"uv":[5.75,5.5,8.25,6],"texture":"#24"},"up":{"uv":[2.5,2.5,0,0],"texture":"#24"},"down":{"uv":[2.5,2.5,0,5],"texture":"#24"}}},{"from":[1.999,5.499,6.999],"to":[5.001,7.501,9.001],"rotation":{"angle":-45,"axis":"z","origin":[3.5,6.5,8]},"faces":{"north":{"uv":[0,6,0.75,6.5],"texture":"#24"},"east":{"uv":[4.5,5.5,5,6],"texture":"#24"},"south":{"uv":[0.75,6,1.5,6.5],"texture":"#24"},"west":{"uv":[4.5,6,5,6.5],"texture":"#24"},"up":{"uv":[2.25,6.5,1.5,6],"texture":"#24"},"down":{"uv":[6.5,6,5.75,6.5],"texture":"#24"}}},{"from":[1.08209,7.12206,7],"to":[3.08209,9.12206,9],"rotation":{"angle":22.5,"axis":"z","origin":[2.08209,8.62206,8]},"faces":{"north":{"uv":[3.75,6.5,4.25,7],"texture":"#24"},"east":{"uv":[4.25,6.5,4.75,7],"texture":"#24"},"south":{"uv":[4.75,6.5,5.25,7],"texture":"#24"},"west":{"uv":[5.25,6.5,5.75,7],"texture":"#24"},"up":{"uv":[6.25,7,5.75,6.5],"texture":"#24"},"down":{"uv":[7,6,6.5,6.5],"texture":"#24"}}},{"from":[1.46577,8.20545,7.001],"to":[3.46377,10.20345,8.999],"rotation":{"angle":-22.5,"axis":"z","origin":[2.46477,9.70445,8]},"faces":{"north":{"uv":[6.25,6.5,6.75,7],"texture":"#24"},"east":{"uv":[6.75,6.5,7.25,7],"texture":"#24"},"south":{"uv":[0,7,0.5,7.5],"texture":"#24"},"west":{"uv":[0.5,7,1,7.5],"texture":"#24"},"up":{"uv":[1.5,7.5,1,7],"texture":"#24"},"down":{"uv":[7.5,1,7,1.5],"texture":"#24"}}},{"from":[10.999,5.499,6.999],"to":[14.001,7.501,9.001],"rotation":{"angle":45,"axis":"z","origin":[12.5,6.5,8]},"faces":{"north":{"uv":[0,6.5,0.75,7],"texture":"#24"},"east":{"uv":[1.5,7,2,7.5],"texture":"#24"},"south":{"uv":[0.75,6.5,1.5,7],"texture":"#24"},"west":{"uv":[7,1.5,7.5,2],"texture":"#24"},"up":{"uv":[2.25,7,1.5,6.5],"texture":"#24"},"down":{"uv":[3.75,6.5,3,7],"texture":"#24"}}},{"from":[12.91791,7.12206,7],"to":[14.91791,9.12206,9],"rotation":{"angle":-22.5,"axis":"z","origin":[13.91791,8.62206,8]},"faces":{"north":{"uv":[7,2,7.5,2.5],"texture":"#24"},"east":{"uv":[7,2.5,7.5,3],"texture":"#24"},"south":{"uv":[3,7,3.5,7.5],"texture":"#24"},"west":{"uv":[7,3,7.5,3.5],"texture":"#24"},"up":{"uv":[4,7.5,3.5,7],"texture":"#24"},"down":{"uv":[7.5,3.5,7,4],"texture":"#24"}}},{"from":[12.53623,8.20545,7.001],"to":[14.53423,10.20345,8.999],"rotation":{"angle":22.5,"axis":"z","origin":[13.53523,9.70445,8]},"faces":{"north":{"uv":[4,7,4.5,7.5],"texture":"#24"},"east":{"uv":[4.5,7,5,7.5],"texture":"#24"},"south":{"uv":[5,7,5.5,7.5],"texture":"#24"},"west":{"uv":[5.5,7,6,7.5],"texture":"#24"},"up":{"uv":[6.5,7.5,6,7],"texture":"#24"},"down":{"uv":[7.5,6,7,6.5],"texture":"#24"}}}],"gui_light":"front","display":{"thirdperson_righthand":{"rotation":[-45,0,0],"translation":[0,0,-4],"scale":[0.7,0.7,0.7]},"thirdperson_lefthand":{"rotation":[-45,0,0],"translation":[0,0,-4],"scale":[0.7,0.7,0.7]},"firstperson_righthand":{"rotation":[160,60,160],"translation":[0.25,4,1],"scale":[0.5,0.5,0.5]},"firstperson_lefthand":{"rotation":[160,60,160],"translation":[0.25,4,1],"scale":[0.5,0.5,0.5]},"ground":{"scale":[0.6,0.6,0.6]},"gui":{"rotation":[30,-135,0],"translation":[0,1.5,0]},"head":{"rotation":[3,0,0],"translation":[0,14.75,0.25],"scale":[1.6,1.6,1.6]},"fixed":{"rotation":[-90,0,0],"translation":[0,0,-11],"scale":[2,2,2]}},"groups":[{"name":"wiking","origin":[8,9.5,8],"color":0,"children":[0,1,2,3,4,5,6,7,8]}]}