{"credit":"by w11shes","textures":{"0":"custom/factions/weapons/powerful_hammer/powerful_hammer_on","particle":"custom/factions/weapons/powerful_hammer/powerful_hammer_on"},"elements":[{"from":[6.5,-2,6.5],"to":[9.5,2,9.5],"faces":{"north":{"uv":[0,0,1.5,2],"texture":"#0"},"east":{"uv":[0,0,1.5,2],"texture":"#0"},"south":{"uv":[0,0,1.5,2],"texture":"#0"},"west":{"uv":[0,0,1.5,2],"texture":"#0"},"up":{"uv":[0,2,1.5,3.5],"texture":"#0"},"down":{"uv":[0,3.5,1.5,5],"texture":"#0"}}},{"from":[6.5,13,6.5],"to":[9.5,17,9.5],"faces":{"north":{"uv":[2.5,0,4,2],"texture":"#0"},"east":{"uv":[2.5,0,4,2],"texture":"#0"},"south":{"uv":[2.5,0,4,2],"texture":"#0"},"west":{"uv":[2.5,0,4,2],"texture":"#0"},"down":{"uv":[2.5,2,4,3.5],"texture":"#0"}}},{"from":[7,2,7],"to":[9,13,9],"faces":{"north":{"uv":[1.5,0,2.5,5.5],"texture":"#0"},"east":{"uv":[1.5,0,2.5,5.5],"texture":"#0"},"south":{"uv":[1.5,0,2.5,5.5],"texture":"#0"},"west":{"uv":[1.5,0,2.5,5.5],"texture":"#0"}}},{"from":[3,17,5],"to":[13,23,11],"faces":{"north":{"uv":[11,0,16,3],"texture":"#0"},"south":{"uv":[11,0,16,3],"texture":"#0"},"up":{"uv":[11,6,16,9],"texture":"#0"},"down":{"uv":[11,3,16,6],"texture":"#0"}}},{"from":[13.25,23.25,11.25],"to":[2.75,16.75,4.75],"faces":{"north":{"uv":[4,0,4.5,0.5],"texture":"#0"},"south":{"uv":[4,0,4.5,0.5],"texture":"#0"},"up":{"uv":[4,0,4.5,0.5],"texture":"#0"},"down":{"uv":[4,0,4.5,0.5],"texture":"#0"}}},{"from":[0,16,4],"to":[3,24,12],"faces":{"north":{"uv":[16,12,14.5,16],"texture":"#0"},"east":{"uv":[6.5,12,10.5,16],"texture":"#0"},"south":{"uv":[14.5,12,16,16],"texture":"#0"},"west":{"uv":[10.5,12,14.5,16],"texture":"#0"},"up":{"uv":[10.5,10.5,14.5,12],"rotation":90,"texture":"#0"},"down":{"uv":[10.5,9,14.5,10.5],"rotation":90,"texture":"#0"}}},{"from":[13,16,4],"to":[16,24,12],"rotation":{"angle":0,"axis":"y","origin":[16,0,0]},"faces":{"north":{"uv":[14.5,12,16,16],"texture":"#0"},"east":{"uv":[14.5,12,10.5,16],"texture":"#0"},"south":{"uv":[16,12,14.5,16],"texture":"#0"},"west":{"uv":[10.5,12,6.5,16],"texture":"#0"},"up":{"uv":[10.5,12,14.5,10.5],"rotation":90,"texture":"#0"},"down":{"uv":[10.5,10.5,14.5,9],"rotation":90,"texture":"#0"}}},{"from":[16.25,24.25,12.25],"to":[12.75,15.75,3.75],"rotation":{"angle":0,"axis":"y","origin":[16,0,0]},"faces":{"north":{"uv":[4,0,4.5,0.5],"texture":"#0"},"east":{"uv":[4,0,4.5,0.5],"texture":"#0"},"south":{"uv":[4,0,4.5,0.5],"texture":"#0"},"west":{"uv":[4,0,4.5,0.5],"texture":"#0"},"up":{"uv":[4,0,4.5,0.5],"texture":"#0"},"down":{"uv":[4,0,4.5,0.5],"texture":"#0"}}},{"from":[3.25,24.25,12.25],"to":[-0.25,15.75,3.75],"rotation":{"angle":0,"axis":"y","origin":[16,0,0]},"faces":{"north":{"uv":[4,0,4.5,0.5],"texture":"#0"},"east":{"uv":[4,0,4.5,0.5],"texture":"#0"},"south":{"uv":[4,0,4.5,0.5],"texture":"#0"},"west":{"uv":[4,0,4.5,0.5],"texture":"#0"},"up":{"uv":[4,0,4.5,0.5],"texture":"#0"},"down":{"uv":[4,0,4.5,0.5],"texture":"#0"}}}],"gui_light":"front","display":{"thirdperson_righthand":{"rotation":[0,90,0],"translation":[-0.25,-2,1.25],"scale":[0.9,0.9,0.9]},"thirdperson_lefthand":{"rotation":[0,90,0],"translation":[-0.25,-2,1.25],"scale":[0.9,0.9,0.9]},"firstperson_righthand":{"rotation":[-6,-71,-26],"translation":[2.5,0.5,-1],"scale":[0.6,0.6,0.6]},"firstperson_lefthand":{"rotation":[-6,-71,-26],"translation":[2.5,0.5,-1],"scale":[0.6,0.6,0.6]},"ground":{"translation":[0,4,0],"scale":[0.5,0.5,0.5]},"gui":{"rotation":[13,139,47],"translation":[-2,-2.25,0],"scale":[0.6,0.6,0.6]}}}