{"providers":[{"type":"bitmap","file":"minecraft:customfont/crown.png","ascent":8,"height":8,"chars":["♚"]},{"type":"bitmap","file":"minecraft:customfont/tags/ranks.png","ascent":7,"height":7,"chars":["","","","","","","","","","","",""]},{"type":"bitmap","file":"minecraft:customfont/charset/small_font.png","ascent":7,"height":7,"chars":["🄰🄱🄲🄳🄴🄵🄶🄷🄸🄹🄺🄻🄼🄽🄾🄿🅀🅁🅂🅃🅄🅅🅆🅇🅈🅉"]},{"type":"bitmap","file":"minecraft:customfont/coin.png","ascent":7,"height":7,"chars":[""]},{"type":"bitmap","file":"minecraft:customfont/dollar.png","ascent":7,"height":7,"chars":[""]},{"type":"bitmap","file":"minecraft:customfont/scoreboard-title.png","ascent":15,"height":15,"chars":[""]},{"type":"bitmap","file":"minecraft:customfont/scoreboard-title2.png","ascent":15,"height":15,"chars":[""]},{"type":"bitmap","file":"minecraft:customfont/pixels/backspace.png","ascent":-60000,"height":-10,"chars":[""]},{"type":"bitmap","file":"minecraft:customfont/pixels/backspace.png","ascent":-60000,"height":-17,"chars":[""]},{"type":"bitmap","file":"minecraft:customfont/pixels/backspace.png","ascent":-60000,"height":-9,"chars":[""]},{"type":"bitmap","file":"minecraft:customfont/pixels/backspace.png","ascent":-60000,"height":-5,"chars":[""]},{"type":"bitmap","file":"minecraft:customfont/pixels/pixel9.png","ascent":7,"height":56,"chars":[""]},{"type":"bitmap","file":"minecraft:customfont/pixels/pixel10.png","ascent":7,"height":28,"chars":[""]},{"type":"bitmap","file":"minecraft:customfont/bamboo.png","ascent":8,"height":16,"chars":[""]},{"type":"bitmap","file":"minecraft:customfont/pixels/pixel11.png","ascent":7,"height":56,"chars":[""]},{"type":"bitmap","file":"minecraft:customfont/pixels/pixel12.png","ascent":7,"height":28,"chars":[""]},{"type":"bitmap","file":"minecraft:customfont/icons/icons_2.png","ascent":8,"height":9,"chars":["",""]},{"type":"bitmap","file":"minecraft:customfont/pixels/pixel13.png","ascent":7,"height":56,"chars":[""]},{"type":"bitmap","file":"minecraft:customfont/pixels/pixel14.png","ascent":7,"height":28,"chars":[""]},{"type":"bitmap","file":"minecraft:customfont/pixels/pixel15.png","ascent":7,"height":56,"chars":[""]},{"type":"bitmap","file":"minecraft:customfont/pixels/pixel16.png","ascent":7,"height":28,"chars":[""]},{"type":"bitmap","file":"minecraft:customfont/pixels/pixel17.png","ascent":7,"height":56,"chars":[""]},{"type":"bitmap","file":"minecraft:customfont/pixels/pixel18.png","ascent":7,"height":28,"chars":[""]},{"type":"bitmap","file":"minecraft:customfont/pixels/pixel19.png","ascent":7,"height":168,"chars":[""]}]}