{"credit":"Made with Blockbench","texture_size":[128,128],"textures":{"0":"custom/general/decoration/plants/plants_big_fiddleleaffig","particle":"custom/general/decoration/plants/plants_big_fiddleleaffig"},"elements":[{"from":[4,0,4],"to":[12,8,12],"faces":{"north":{"uv":[5.5,1,6.5,2],"texture":"#0"},"east":{"uv":[4.5,1,5.5,2],"texture":"#0"},"south":{"uv":[7.5,1,8.5,2],"texture":"#0"},"west":{"uv":[6.5,1,7.5,2],"texture":"#0"},"up":{"uv":[6.5,1,5.5,0],"texture":"#0"},"down":{"uv":[7.5,0,6.5,1],"texture":"#0"}}},{"from":[-1,8,8],"to":[17,32,8],"rotation":{"angle":-45,"axis":"y","origin":[8,0,8]},"faces":{"north":{"uv":[0,2,2.25,5],"texture":"#0"},"east":{"uv":[0,2,0,5],"texture":"#0"},"south":{"uv":[2.25,2,4.5,5],"texture":"#0"},"west":{"uv":[2.25,2,2.25,5],"texture":"#0"},"up":{"uv":[2.25,2,0,2],"texture":"#0"},"down":{"uv":[4.5,2,2.25,2],"texture":"#0"}}},{"from":[-1,8,8],"to":[17,32,8],"rotation":{"angle":45,"axis":"y","origin":[8,0,8]},"faces":{"north":{"uv":[0,2,2.25,5],"texture":"#0"},"east":{"uv":[0,2,0,5],"texture":"#0"},"south":{"uv":[2.25,2,4.5,5],"texture":"#0"},"west":{"uv":[2.25,2,2.25,5],"texture":"#0"},"up":{"uv":[2.25,2,0,2],"texture":"#0"},"down":{"uv":[4.5,2,2.25,2],"texture":"#0"}}},{"from":[-1,8,8],"to":[17,32,8],"rotation":{"angle":0,"axis":"y","origin":[8,0,8]},"faces":{"north":{"uv":[0,5,2.25,8],"texture":"#0"},"east":{"uv":[0,5,0,8],"texture":"#0"},"south":{"uv":[2.25,5,4.5,8],"texture":"#0"},"west":{"uv":[2.25,5,2.25,8],"texture":"#0"},"up":{"uv":[2.25,5,0,5],"texture":"#0"},"down":{"uv":[4.5,5,2.25,5],"texture":"#0"}}},{"from":[8,8,-1],"to":[8,32,17],"rotation":{"angle":0,"axis":"y","origin":[8,0,8]},"faces":{"north":{"uv":[2.25,5,2.25,8],"texture":"#0"},"east":{"uv":[0,5,2.25,8],"texture":"#0"},"south":{"uv":[4.5,5,4.5,8],"texture":"#0"},"west":{"uv":[2.25,5,4.5,8],"texture":"#0"},"up":{"uv":[2.25,5,2.25,2.75],"texture":"#0"},"down":{"uv":[2.25,2.75,2.25,5],"texture":"#0"}}},{"from":[5.5,13,0.5],"to":[10.5,13,7.5],"rotation":{"angle":-22.5,"axis":"x","origin":[8,4,8]},"faces":{"north":{"uv":[4.5,3.75,5.125,3.75],"texture":"#0"},"east":{"uv":[3.625,3.75,4.5,3.75],"texture":"#0"},"south":{"uv":[6,3.75,6.625,3.75],"texture":"#0"},"west":{"uv":[5.125,3.75,6,3.75],"texture":"#0"},"up":{"uv":[5.125,3.75,4.5,2.875],"texture":"#0"},"down":{"uv":[5.75,2.875,5.125,3.75],"texture":"#0"}}},{"from":[8.5,13,5.5],"to":[15.5,13,10.5],"rotation":{"angle":-22.5,"axis":"z","origin":[8,4,8]},"faces":{"north":{"uv":[4.5,5,5.375,5],"texture":"#0"},"east":{"uv":[3.875,5,4.5,5],"texture":"#0"},"south":{"uv":[6,5,6.875,5],"texture":"#0"},"west":{"uv":[5.375,5,6,5],"texture":"#0"},"up":{"uv":[5.375,5,4.5,4.375],"texture":"#0"},"down":{"uv":[6.25,4.375,5.375,5],"texture":"#0"}}},{"from":[5.5,13,8.5],"to":[10.5,13,15.5],"rotation":{"angle":22.5,"axis":"x","origin":[8,4,8]},"faces":{"north":{"uv":[4.5,2.875,5.125,2.875],"texture":"#0"},"east":{"uv":[3.625,2.875,4.5,2.875],"texture":"#0"},"south":{"uv":[6,2.875,6.625,2.875],"texture":"#0"},"west":{"uv":[5.125,2.875,6,2.875],"texture":"#0"},"up":{"uv":[5.125,2.875,4.5,2],"texture":"#0"},"down":{"uv":[5.75,2,5.125,2.875],"texture":"#0"}}},{"from":[0.5,13,5.5],"to":[7.5,13,10.5],"rotation":{"angle":22.5,"axis":"z","origin":[8,4,8]},"faces":{"north":{"uv":[4.5,4.375,5.375,4.375],"texture":"#0"},"east":{"uv":[3.875,4.375,4.5,4.375],"texture":"#0"},"south":{"uv":[6,4.375,6.875,4.375],"texture":"#0"},"west":{"uv":[5.375,4.375,6,4.375],"texture":"#0"},"up":{"uv":[5.375,4.375,4.5,3.75],"texture":"#0"},"down":{"uv":[6.25,3.75,5.375,4.375],"texture":"#0"}}},{"from":[7.5,19,5.5],"to":[14.5,19,10.5],"rotation":{"angle":-22.5,"axis":"z","origin":[8,10,8]},"faces":{"north":{"uv":[4.5,5,5.375,5],"texture":"#0"},"east":{"uv":[3.875,5,4.5,5],"texture":"#0"},"south":{"uv":[6,5,6.875,5],"texture":"#0"},"west":{"uv":[5.375,5,6,5],"texture":"#0"},"up":{"uv":[5.375,5,4.5,4.375],"texture":"#0"},"down":{"uv":[6.25,4.375,5.375,5],"texture":"#0"}}},{"from":[5.5,19,1.5],"to":[10.5,19,8.5],"rotation":{"angle":-22.5,"axis":"x","origin":[8,10,8]},"faces":{"north":{"uv":[4.5,3.75,5.125,3.75],"texture":"#0"},"east":{"uv":[3.625,3.75,4.5,3.75],"texture":"#0"},"south":{"uv":[6,3.75,6.625,3.75],"texture":"#0"},"west":{"uv":[5.125,3.75,6,3.75],"texture":"#0"},"up":{"uv":[5.125,3.75,4.5,2.875],"texture":"#0"},"down":{"uv":[5.75,2.875,5.125,3.75],"texture":"#0"}}},{"from":[1.5,19,5.5],"to":[8.5,19,10.5],"rotation":{"angle":22.5,"axis":"z","origin":[8,10,8]},"faces":{"north":{"uv":[4.5,4.375,5.375,4.375],"texture":"#0"},"east":{"uv":[3.875,4.375,4.5,4.375],"texture":"#0"},"south":{"uv":[6,4.375,6.875,4.375],"texture":"#0"},"west":{"uv":[5.375,4.375,6,4.375],"texture":"#0"},"up":{"uv":[5.375,4.375,4.5,3.75],"texture":"#0"},"down":{"uv":[6.25,3.75,5.375,4.375],"texture":"#0"}}},{"from":[5.5,19,7.5],"to":[10.5,19,14.5],"rotation":{"angle":22.5,"axis":"x","origin":[8,10,8]},"faces":{"north":{"uv":[4.5,2.875,5.125,2.875],"texture":"#0"},"east":{"uv":[3.625,2.875,4.5,2.875],"texture":"#0"},"south":{"uv":[6,2.875,6.625,2.875],"texture":"#0"},"west":{"uv":[5.125,2.875,6,2.875],"texture":"#0"},"up":{"uv":[5.125,2.875,4.5,2],"texture":"#0"},"down":{"uv":[5.75,2,5.125,2.875],"texture":"#0"}}},{"from":[6.5,27,5.5],"to":[13.5,27,10.5],"rotation":{"angle":-22.5,"axis":"z","origin":[8,18,8]},"faces":{"north":{"uv":[4.5,5,5.375,5],"texture":"#0"},"east":{"uv":[3.875,5,4.5,5],"texture":"#0"},"south":{"uv":[6,5,6.875,5],"texture":"#0"},"west":{"uv":[5.375,5,6,5],"texture":"#0"},"up":{"uv":[5.375,5,4.5,4.375],"texture":"#0"},"down":{"uv":[6.25,4.375,5.375,5],"texture":"#0"}}},{"from":[5.5,27,2.5],"to":[10.5,27,9.5],"rotation":{"angle":-22.5,"axis":"x","origin":[8,18,8]},"faces":{"north":{"uv":[4.5,3.75,5.125,3.75],"texture":"#0"},"east":{"uv":[3.625,3.75,4.5,3.75],"texture":"#0"},"south":{"uv":[6,3.75,6.625,3.75],"texture":"#0"},"west":{"uv":[5.125,3.75,6,3.75],"texture":"#0"},"up":{"uv":[5.125,3.75,4.5,2.875],"texture":"#0"},"down":{"uv":[5.75,2.875,5.125,3.75],"texture":"#0"}}},{"from":[2.5,27,5.5],"to":[9.5,27,10.5],"rotation":{"angle":22.5,"axis":"z","origin":[8,18,8]},"faces":{"north":{"uv":[4.5,4.375,5.375,4.375],"texture":"#0"},"east":{"uv":[3.875,4.375,4.5,4.375],"texture":"#0"},"south":{"uv":[6,4.375,6.875,4.375],"texture":"#0"},"west":{"uv":[5.375,4.375,6,4.375],"texture":"#0"},"up":{"uv":[5.375,4.375,4.5,3.75],"texture":"#0"},"down":{"uv":[6.25,3.75,5.375,4.375],"texture":"#0"}}},{"from":[5.5,27,6.5],"to":[10.5,27,13.5],"rotation":{"angle":22.5,"axis":"x","origin":[8,18,8]},"faces":{"north":{"uv":[4.5,2.875,5.125,2.875],"texture":"#0"},"east":{"uv":[3.625,2.875,4.5,2.875],"texture":"#0"},"south":{"uv":[6,2.875,6.625,2.875],"texture":"#0"},"west":{"uv":[5.125,2.875,6,2.875],"texture":"#0"},"up":{"uv":[5.125,2.875,4.5,2],"texture":"#0"},"down":{"uv":[5.75,2,5.125,2.875],"texture":"#0"}}}],"display":{"thirdperson_righthand":{"rotation":[60,-160,0],"translation":[-0.75,3.5,1.75],"scale":[0.6,0.6,0.6]},"thirdperson_lefthand":{"rotation":[60,-160,0],"translation":[-0.75,3.5,1.75],"scale":[0.6,0.6,0.6]},"firstperson_righthand":{"rotation":[0,-73,6],"translation":[0.75,0.75,0],"scale":[0.4,0.4,0.4]},"firstperson_lefthand":{"rotation":[0,-73,6],"translation":[0.75,0.75,0],"scale":[0.4,0.4,0.4]},"ground":{"translation":[0,1.5,0],"scale":[0.6,0.6,0.6]},"gui":{"rotation":[30,-135,0],"translation":[0,-3,0],"scale":[0.45,0.45,0.45]},"head":{"translation":[0.0,14.5,0.0],"scale":[1,1,1]},"fixed":{"rotation":[-90,0,0],"translation":[0,0,-16],"scale":[2,2,2]}}}