{"credit":"Made with Blockbench","texture_size":[64,64],"textures":{"0":"custom/general/decoration/plants/plants_box_tulips","particle":"custom/general/decoration/plants/plants_box_tulips"},"elements":[{"from":[0,0,3],"to":[16,6,13],"faces":{"north":{"uv":[2.5,2.5,6.5,4],"texture":"#0"},"east":{"uv":[0,2.5,2.5,4],"texture":"#0"},"south":{"uv":[9,2.5,13,4],"texture":"#0"},"west":{"uv":[6.5,2.5,9,4],"texture":"#0"},"up":{"uv":[6.5,2.5,2.5,0],"texture":"#0"},"down":{"uv":[10.5,0,6.5,2.5],"texture":"#0"}}},{"from":[4,6,3.5],"to":[4,17,12.5],"rotation":{"angle":45,"axis":"y","origin":[4,0,8]},"faces":{"north":{"uv":[2.25,4,2.25,6.75],"texture":"#0"},"east":{"uv":[0,4,2.25,6.75],"texture":"#0"},"south":{"uv":[4.5,4,4.5,6.75],"texture":"#0"},"west":{"uv":[2.25,4,4.5,6.75],"texture":"#0"},"up":{"uv":[2.25,4,2.25,1.75],"texture":"#0"},"down":{"uv":[2.25,1.75,2.25,4],"texture":"#0"}}},{"from":[-0.5,6,8],"to":[8.5,17,8],"rotation":{"angle":45,"axis":"y","origin":[4,0,8]},"faces":{"north":{"uv":[0,4,2.25,6.75],"texture":"#0"},"east":{"uv":[0,4,0,6.75],"texture":"#0"},"south":{"uv":[2.25,4,4.5,6.75],"texture":"#0"},"west":{"uv":[2.25,4,2.25,6.75],"texture":"#0"},"up":{"uv":[2.25,4,0,4],"texture":"#0"},"down":{"uv":[4.5,4,2.25,4],"texture":"#0"}}},{"from":[11,6,3.5],"to":[11,17,12.5],"rotation":{"angle":-45,"axis":"y","origin":[11,0,8]},"faces":{"north":{"uv":[2.25,4,2.25,6.75],"texture":"#0"},"east":{"uv":[0,4,2.25,6.75],"texture":"#0"},"south":{"uv":[4.5,4,4.5,6.75],"texture":"#0"},"west":{"uv":[2.25,4,4.5,6.75],"texture":"#0"},"up":{"uv":[2.25,4,2.25,1.75],"texture":"#0"},"down":{"uv":[2.25,1.75,2.25,4],"texture":"#0"}}},{"from":[6.5,6,8],"to":[15.5,17,8],"rotation":{"angle":-45,"axis":"y","origin":[11,0,8]},"faces":{"north":{"uv":[0,4,2.25,6.75],"texture":"#0"},"east":{"uv":[0,4,0,6.75],"texture":"#0"},"south":{"uv":[2.25,4,4.5,6.75],"texture":"#0"},"west":{"uv":[2.25,4,2.25,6.75],"texture":"#0"},"up":{"uv":[2.25,4,0,4],"texture":"#0"},"down":{"uv":[4.5,4,2.25,4],"texture":"#0"}}}],"display":{"thirdperson_righthand":{"rotation":[60,-160,0],"translation":[-0.75,3.5,1.75],"scale":[0.6,0.6,0.6]},"thirdperson_lefthand":{"rotation":[60,-160,0],"translation":[-0.75,3.5,1.75],"scale":[0.6,0.6,0.6]},"firstperson_righthand":{"rotation":[0,-73,6],"translation":[0.25,2.25,0],"scale":[0.5,0.5,0.5]},"firstperson_lefthand":{"rotation":[0,-73,6],"translation":[0.25,2.25,0],"scale":[0.5,0.5,0.5]},"ground":{"translation":[0,1.5,0],"scale":[0.6,0.6,0.6]},"gui":{"rotation":[30,-135,0],"translation":[0,0.75,0],"scale":[0.65,0.65,0.65]},"head":{"translation":[0,14.5,0]},"fixed":{"rotation":[-90,-90,0],"translation":[0,0,-16],"scale":[2,2,2]}}}