{"credit":"Made with Blockbench","texture_size":[64,64],"textures":{"0":"custom/general/decoration/plants/plants_big_fir","particle":"custom/general/decoration/plants/plants_big_fir"},"elements":[{"from":[4,-4,4],"to":[12,4,12],"rotation":{"angle":0,"axis":"y","origin":[0,1,0]},"faces":{"north":{"uv":[2,2,4,4],"texture":"#0"},"east":{"uv":[0,2,2,4],"texture":"#0"},"south":{"uv":[6,2,8,4],"texture":"#0"},"west":{"uv":[4,2,6,4],"texture":"#0"},"up":{"uv":[4,2,2,0],"texture":"#0"},"down":{"uv":[6,0,4,2],"texture":"#0"}}},{"name":"Element","from":[4.61,12.95,6.001],"to":[11.61,24.95,6.001],"rotation":{"angle":0,"axis":"y","origin":[-0.1,6.7,-0.1]},"faces":{"north":{"uv":[0,7.25,1.75,10.25],"texture":"#0"},"east":{"uv":[0,7.25,0,10.25],"texture":"#0"},"south":{"uv":[1.75,7.25,3.5,10.25],"texture":"#0"},"west":{"uv":[1.75,7.25,1.75,10.25],"texture":"#0"},"up":{"uv":[1.75,7.25,0,7.25],"texture":"#0"},"down":{"uv":[3.5,7.25,1.75,7.25],"texture":"#0"}}},{"name":"Element","from":[4.61,12.95,10],"to":[11.61,24.95,10],"rotation":{"angle":0,"axis":"y","origin":[-0.1,6.7,-0.1]},"faces":{"north":{"uv":[0,7.25,1.75,10.25],"texture":"#0"},"east":{"uv":[0,7.25,0,10.25],"texture":"#0"},"south":{"uv":[1.75,7.25,3.5,10.25],"texture":"#0"},"west":{"uv":[1.75,7.25,1.75,10.25],"texture":"#0"},"up":{"uv":[1.75,7.25,0,7.25],"texture":"#0"},"down":{"uv":[3.5,7.25,1.75,7.25],"texture":"#0"}}},{"name":"Element","from":[8.001,20.95,4.5],"to":[8.001,29.95,11.5],"rotation":{"angle":0,"axis":"y","origin":[-0.1,6.7,-0.1]},"faces":{"north":{"uv":[8.75,4,8.75,6.25],"texture":"#0"},"east":{"uv":[7,4,8.75,6.25],"texture":"#0"},"south":{"uv":[10.5,4,10.5,6.25],"texture":"#0"},"west":{"uv":[8.75,4,10.5,6.25],"texture":"#0"},"up":{"uv":[8.75,4,8.75,2.25],"texture":"#0"},"down":{"uv":[8.75,2.25,8.75,4],"texture":"#0"}}},{"name":"Element","from":[4.5,20.95,8],"to":[11.5,29.95,8],"rotation":{"angle":0,"axis":"y","origin":[-0.1,6.7,-0.1]},"faces":{"north":{"uv":[7,4,8.75,6.25],"texture":"#0"},"east":{"uv":[7,4,7,6.25],"texture":"#0"},"south":{"uv":[8.75,4,10.5,6.25],"texture":"#0"},"west":{"uv":[8.75,4,8.75,6.25],"texture":"#0"},"up":{"uv":[8.75,4,7,4],"texture":"#0"},"down":{"uv":[10.5,4,8.75,4],"texture":"#0"}}},{"name":"Element","from":[6.001,12.95,4.5],"to":[6.001,24.95,11.5],"rotation":{"angle":0,"axis":"y","origin":[-0.1,6.7,-0.1]},"faces":{"north":{"uv":[1.75,7.25,1.75,10.25],"texture":"#0"},"east":{"uv":[0,7.25,1.75,10.25],"texture":"#0"},"south":{"uv":[3.5,7.25,3.5,10.25],"texture":"#0"},"west":{"uv":[1.75,7.25,3.5,10.25],"texture":"#0"},"up":{"uv":[1.75,7.25,1.75,5.5],"texture":"#0"},"down":{"uv":[1.75,5.5,1.75,7.25],"texture":"#0"}}},{"name":"Element","from":[10,12.95,4.5],"to":[10,24.95,11.5],"rotation":{"angle":0,"axis":"y","origin":[-0.1,6.7,-0.1]},"faces":{"north":{"uv":[1.75,7.25,1.75,10.25],"texture":"#0"},"east":{"uv":[0,7.25,1.75,10.25],"texture":"#0"},"south":{"uv":[3.5,7.25,3.5,10.25],"texture":"#0"},"west":{"uv":[1.75,7.25,3.5,10.25],"texture":"#0"},"up":{"uv":[1.75,7.25,1.75,5.5],"texture":"#0"},"down":{"uv":[1.75,5.5,1.75,7.25],"texture":"#0"}}},{"name":"Element","from":[4.5,5.95,8.001],"to":[11.5,18.95,8.001],"rotation":{"angle":22.5,"axis":"x","origin":[4.5,5.95,8]},"faces":{"north":{"uv":[0,4,1.75,7.25],"texture":"#0"},"east":{"uv":[0,4,0,7.25],"texture":"#0"},"south":{"uv":[1.75,4,3.5,7.25],"texture":"#0"},"west":{"uv":[1.75,4,1.75,7.25],"texture":"#0"},"up":{"uv":[1.75,4,0,4],"texture":"#0"},"down":{"uv":[3.5,4,1.75,4],"texture":"#0"}}},{"name":"Element","from":[8,5.95,4.5],"to":[8,18.95,11.5],"rotation":{"angle":22.5,"axis":"z","origin":[8,5.95,4.5]},"faces":{"north":{"uv":[1.75,4,1.75,7.25],"texture":"#0"},"east":{"uv":[0,4,1.75,7.25],"texture":"#0"},"south":{"uv":[3.5,4,3.5,7.25],"texture":"#0"},"west":{"uv":[1.75,4,3.5,7.25],"texture":"#0"},"up":{"uv":[1.75,4,1.75,2.25],"texture":"#0"},"down":{"uv":[1.75,2.25,1.75,4],"texture":"#0"}}},{"name":"Element","from":[7.999,5.95,4.5],"to":[7.999,18.95,11.5],"rotation":{"angle":-22.5,"axis":"z","origin":[8,5.95,4.5]},"faces":{"north":{"uv":[1.75,4,1.75,7.25],"texture":"#0"},"east":{"uv":[0,4,1.75,7.25],"texture":"#0"},"south":{"uv":[3.5,4,3.5,7.25],"texture":"#0"},"west":{"uv":[1.75,4,3.5,7.25],"texture":"#0"},"up":{"uv":[1.75,4,1.75,2.25],"texture":"#0"},"down":{"uv":[1.75,2.25,1.75,4],"texture":"#0"}}},{"name":"Element","from":[4.5,5.95,8.001],"to":[11.5,18.95,8.001],"rotation":{"angle":-22.5,"axis":"x","origin":[4.5,5.95,8]},"faces":{"north":{"uv":[0,4,1.75,7.25],"texture":"#0"},"east":{"uv":[0,4,0,7.25],"texture":"#0"},"south":{"uv":[1.75,4,3.5,7.25],"texture":"#0"},"west":{"uv":[1.75,4,1.75,7.25],"texture":"#0"},"up":{"uv":[1.75,4,0,4],"texture":"#0"},"down":{"uv":[3.5,4,1.75,4],"texture":"#0"}}},{"name":"Element","from":[7,3.95,7],"to":[9,14.95,9],"rotation":{"angle":0,"axis":"y","origin":[-0.1,6.7,-0.1]},"faces":{"north":{"uv":[11,3.75,11.5,6.5],"texture":"#0"},"east":{"uv":[10.5,3.75,11,6.5],"texture":"#0"},"south":{"uv":[12,3.75,12.5,6.5],"texture":"#0"},"west":{"uv":[11.5,3.75,12,6.5],"texture":"#0"},"up":{"uv":[11.5,3.75,11,3.25],"texture":"#0"},"down":{"uv":[12,3.25,11.5,3.75],"texture":"#0"}}}],"display":{"thirdperson_righthand":{"rotation":[60,-160,0],"translation":[-1,3.75,3.25],"scale":[0.6,0.6,0.6]},"thirdperson_lefthand":{"rotation":[60,-160,0],"translation":[-1,3.75,3.25],"scale":[0.6,0.6,0.6]},"firstperson_righthand":{"rotation":[0,-73,6],"translation":[0.75,2.5,0],"scale":[0.4,0.4,0.4]},"firstperson_lefthand":{"rotation":[0,-73,6],"translation":[0.75,2.5,0],"scale":[0.4,0.4,0.4]},"ground":{"translation":[0,4.25,0],"scale":[0.6,0.6,0.6]},"gui":{"rotation":[30,-135,0],"translation":[0,-1.5,0],"scale":[0.45,0.45,0.45]},"head":{"translation":[0,18.5,0]},"fixed":{"rotation":[-90,0,0],"translation":[0,0,-25],"scale":[2,2,2]}}}