{"credit":"Made with Blockbench","texture_size":[64,64],"textures":{"0":"custom/general/decoration/plants/plants_big_bowhemp","particle":"custom/general/decoration/plants/plants_big_bowhemp"},"elements":[{"from":[4,0,4],"to":[12,8,12],"faces":{"north":{"uv":[2,2,4,4],"texture":"#0"},"east":{"uv":[0,2,2,4],"texture":"#0"},"south":{"uv":[6,2,8,4],"texture":"#0"},"west":{"uv":[4,2,6,4],"texture":"#0"},"up":{"uv":[4,2,2,0],"texture":"#0"},"down":{"uv":[6,0,4,2],"texture":"#0"}}},{"from":[10.21163,8,-0.14594],"to":[10.21163,27,4.85406],"rotation":{"angle":-22.5,"axis":"y","origin":[3.21163,-1,-2.14594]},"faces":{"north":{"uv":[3.75,4,3.75,8.75],"texture":"#0"},"east":{"uv":[2.5,4,3.75,8.75],"texture":"#0"},"south":{"uv":[5,4,5,8.75],"texture":"#0"},"west":{"uv":[3.75,4,5,8.75],"texture":"#0"},"up":{"uv":[3.75,4,3.75,2.75],"texture":"#0"},"down":{"uv":[3.75,2.75,3.75,4],"texture":"#0"}}},{"from":[2,8,7],"to":[7,27,7],"rotation":{"angle":0,"axis":"y","origin":[0,-1,0]},"faces":{"north":{"uv":[5,4,6.25,8.75],"texture":"#0"},"east":{"uv":[5,4,5,8.75],"texture":"#0"},"south":{"uv":[6.25,4,7.5,8.75],"texture":"#0"},"west":{"uv":[6.25,4,6.25,8.75],"texture":"#0"},"up":{"uv":[6.25,4,5,4],"texture":"#0"},"down":{"uv":[7.5,4,6.25,4],"texture":"#0"}}},{"from":[11,8,5],"to":[11,16,10],"rotation":{"angle":0,"axis":"y","origin":[0,-1,-2]},"faces":{"north":{"uv":[8.75,4,8.75,6],"texture":"#0"},"east":{"uv":[7.5,4,8.75,6],"texture":"#0"},"south":{"uv":[10,4,10,6],"texture":"#0"},"west":{"uv":[8.75,4,10,6],"texture":"#0"},"up":{"uv":[8.75,4,8.75,2.75],"texture":"#0"},"down":{"uv":[8.75,2.75,8.75,4],"texture":"#0"}}},{"from":[14.5,8,-4],"to":[14.5,32,1],"rotation":{"angle":-45,"axis":"y","origin":[-1,-1,-3]},"faces":{"north":{"uv":[1.25,4,1.25,10],"texture":"#0"},"east":{"uv":[0,4,1.25,10],"texture":"#0"},"south":{"uv":[2.5,4,2.5,10],"texture":"#0"},"west":{"uv":[1.25,4,2.5,10],"texture":"#0"},"up":{"uv":[1.25,4,1.25,2.75],"texture":"#0"},"down":{"uv":[1.25,2.75,1.25,4],"texture":"#0"}}},{"from":[5.33178,21.50395,5],"to":[5.33178,29.50395,10],"rotation":{"angle":-22.5,"axis":"z","origin":[-5.66822,4.50395,-2]},"faces":{"north":{"uv":[3.75,8.75,3.75,10.75],"texture":"#0"},"east":{"uv":[2.5,8.75,3.75,10.75],"texture":"#0"},"south":{"uv":[5,8.75,5,10.75],"texture":"#0"},"west":{"uv":[3.75,8.75,5,10.75],"texture":"#0"},"up":{"uv":[3.75,8.75,3.75,7.5],"texture":"#0"},"down":{"uv":[3.75,7.5,3.75,8.75],"texture":"#0"}}},{"from":[-2.70696,3.24528,5],"to":[-2.70696,8.24528,10],"rotation":{"angle":-45,"axis":"z","origin":[29.99583,-6.92433,3]},"faces":{"north":{"uv":[6.25,8.75,6.25,10],"texture":"#0"},"east":{"uv":[5,8.75,6.25,10],"texture":"#0"},"south":{"uv":[7.5,8.75,7.5,10],"texture":"#0"},"west":{"uv":[6.25,8.75,7.5,10],"texture":"#0"},"up":{"uv":[6.25,8.75,6.25,7.5],"texture":"#0"},"down":{"uv":[6.25,7.5,6.25,8.75],"texture":"#0"}}},{"from":[5,11.36569,11.35757],"to":[10,23.36569,11.35757],"rotation":{"angle":22.5,"axis":"x","origin":[0,13,2]},"faces":{"north":{"uv":[7.5,6,8.75,9],"texture":"#0"},"east":{"uv":[7.5,6,7.5,9],"texture":"#0"},"south":{"uv":[8.75,6,10,9],"texture":"#0"},"west":{"uv":[8.75,6,8.75,9],"texture":"#0"},"up":{"uv":[8.75,6,7.5,6],"texture":"#0"},"down":{"uv":[10,6,8.75,6],"texture":"#0"}}},{"from":[5,21.58245,16.36698],"to":[10,30.58245,16.36698],"rotation":{"angle":45,"axis":"x","origin":[0,22.40614,12.36698]},"faces":{"north":{"uv":[8,0,9.25,2.25],"texture":"#0"},"east":{"uv":[8,0,8,2.25],"texture":"#0"},"south":{"uv":[9.25,0,10.5,2.25],"texture":"#0"},"west":{"uv":[9.25,0,9.25,2.25],"texture":"#0"},"up":{"uv":[9.25,0,8,0],"texture":"#0"},"down":{"uv":[10.5,0,9.25,0],"texture":"#0"}}}],"display":{"thirdperson_righthand":{"rotation":[60,-160,0],"translation":[-0.75,3.5,1.75],"scale":[0.6,0.6,0.6]},"thirdperson_lefthand":{"rotation":[60,-160,0],"translation":[-0.75,3.5,1.75],"scale":[0.6,0.6,0.6]},"firstperson_righthand":{"rotation":[0,-73,6],"translation":[0.75,0.75,0],"scale":[0.4,0.4,0.4]},"firstperson_lefthand":{"rotation":[0,-73,6],"translation":[0.75,0.75,0],"scale":[0.4,0.4,0.4]},"ground":{"translation":[0,1.5,0],"scale":[0.6,0.6,0.6]},"gui":{"rotation":[30,-135,0],"translation":[0,-3,0],"scale":[0.45,0.45,0.45]},"head":{"translation":[0,14.5,0]},"fixed":{"rotation":[-90,0,0],"translation":[0,0,-16],"scale":[2,2,2]}}}