{"credit":"Made with Blockbench","texture_size":[64,64],"textures":{"0":"custom/general/decoration/plants/plants_big_monstera","particle":"custom/general/decoration/plants/plants_big_monstera"},"elements":[{"from":[4,0,4],"to":[12,8,12],"faces":{"north":{"uv":[2,2,4,4],"texture":"#0"},"east":{"uv":[0,2,2,4],"texture":"#0"},"south":{"uv":[6,2,8,4],"texture":"#0"},"west":{"uv":[4,2,6,4],"texture":"#0"},"up":{"uv":[4,2,2,0],"texture":"#0"},"down":{"uv":[6,0,4,2],"texture":"#0"}}},{"from":[8,4,9],"to":[9,11,9],"rotation":{"angle":-22.5,"axis":"x","origin":[0,0,0]},"faces":{"north":{"uv":[0.5,0,0.75,1.75],"texture":"#0"},"east":{"uv":[0.5,0,0.5,1.75],"texture":"#0"},"south":{"uv":[0.75,0,1,1.75],"texture":"#0"},"west":{"uv":[0.75,0,0.75,1.75],"texture":"#0"},"up":{"uv":[0.75,0,0.5,0],"texture":"#0"},"down":{"uv":[1,0,0.75,0],"texture":"#0"}}},{"from":[8,4,7],"to":[9,14,7],"rotation":{"angle":22.5,"axis":"x","origin":[0,0,16]},"faces":{"north":{"uv":[0.5,6.75,0.75,9.25],"texture":"#0"},"east":{"uv":[0.5,6.75,0.5,9.25],"texture":"#0"},"south":{"uv":[0.75,6.75,1,9.25],"texture":"#0"},"west":{"uv":[0.75,6.75,0.75,9.25],"texture":"#0"},"up":{"uv":[0.75,6.75,0.5,6.75],"texture":"#0"},"down":{"uv":[1,6.75,0.75,6.75],"texture":"#0"}}},{"from":[7,8,7],"to":[7,23,8],"faces":{"north":{"uv":[0.25,4,0.25,7.75],"texture":"#0"},"east":{"uv":[0,4,0.25,7.75],"texture":"#0"},"south":{"uv":[0.5,4,0.5,7.75],"texture":"#0"},"west":{"uv":[0.25,4,0.5,7.75],"texture":"#0"},"up":{"uv":[0.25,4,0.25,3.75],"texture":"#0"},"down":{"uv":[0.25,3.75,0.25,4],"texture":"#0"}}},{"from":[9,8,8],"to":[9,19,9],"faces":{"north":{"uv":[0.75,4,0.75,6.75],"texture":"#0"},"east":{"uv":[0.5,4,0.75,6.75],"texture":"#0"},"south":{"uv":[1,4,1,6.75],"texture":"#0"},"west":{"uv":[0.75,4,1,6.75],"texture":"#0"},"up":{"uv":[0.75,4,0.75,3.75],"texture":"#0"},"down":{"uv":[0.75,3.75,0.75,4],"texture":"#0"}}},{"from":[3,8,11],"to":[3,12,12],"rotation":{"angle":45,"axis":"y","origin":[0,0,0]},"faces":{"north":{"uv":[2.25,7,2.25,8],"texture":"#0"},"east":{"uv":[2,7,2.25,8],"texture":"#0"},"south":{"uv":[2.5,7,2.5,8],"texture":"#0"},"west":{"uv":[2.25,7,2.5,8],"texture":"#0"},"up":{"uv":[2.25,7,2.25,6.75],"texture":"#0"},"down":{"uv":[2.25,6.75,2.25,7],"texture":"#0"}}},{"from":[3,12,9],"to":[8,12,13],"rotation":{"angle":45,"axis":"y","origin":[0,0,0]},"faces":{"north":{"uv":[6,7.25,7.25,7.25],"texture":"#0"},"east":{"uv":[5,7.25,6,7.25],"texture":"#0"},"south":{"uv":[8.25,7.25,9.5,7.25],"texture":"#0"},"west":{"uv":[7.25,7.25,8.25,7.25],"texture":"#0"},"up":{"uv":[7.25,7.25,6,6.25],"texture":"#0"},"down":{"uv":[8.5,6.25,7.25,7.25],"texture":"#0"}}},{"from":[3,12,3],"to":[8,12,7],"rotation":{"angle":-45,"axis":"y","origin":[0,0,16]},"faces":{"north":{"uv":[7,5,8.25,5],"texture":"#0"},"east":{"uv":[6,5,7,5],"texture":"#0"},"south":{"uv":[9.25,5,10.5,5],"texture":"#0"},"west":{"uv":[8.25,5,9.25,5],"texture":"#0"},"up":{"uv":[8.25,5,7,4],"texture":"#0"},"down":{"uv":[9.5,4,8.25,5],"texture":"#0"}}},{"from":[3,8,4],"to":[3,12,5],"rotation":{"angle":-45,"axis":"y","origin":[0,0,16]},"faces":{"north":{"uv":[1.75,0.25,1.75,1.25],"texture":"#0"},"east":{"uv":[1.5,0.25,1.75,1.25],"texture":"#0"},"south":{"uv":[2,0.25,2,1.25],"texture":"#0"},"west":{"uv":[1.75,0.25,2,1.25],"texture":"#0"},"up":{"uv":[1.75,0.25,1.75,0],"texture":"#0"},"down":{"uv":[1.75,0,1.75,0.25],"texture":"#0"}}},{"from":[8,13,3],"to":[13,13,7],"rotation":{"angle":45,"axis":"y","origin":[16,0,16]},"faces":{"north":{"uv":[1,7,2.25,7],"texture":"#0"},"east":{"uv":[0,7,1,7],"texture":"#0"},"south":{"uv":[3.25,7,4.5,7],"texture":"#0"},"west":{"uv":[2.25,7,3.25,7],"texture":"#0"},"up":{"uv":[2.25,7,1,6],"texture":"#0"},"down":{"uv":[3.5,6,2.25,7],"texture":"#0"}}},{"from":[13,8,4.5],"to":[13,13,5.5],"rotation":{"angle":45,"axis":"y","origin":[16,0,16]},"faces":{"north":{"uv":[1.25,0.25,1.25,1.5],"texture":"#0"},"east":{"uv":[1,0.25,1.25,1.5],"texture":"#0"},"south":{"uv":[1.5,0.25,1.5,1.5],"texture":"#0"},"west":{"uv":[1.25,0.25,1.5,1.5],"texture":"#0"},"up":{"uv":[1.25,0.25,1.25,0],"texture":"#0"},"down":{"uv":[1.25,0,1.25,0.25],"texture":"#0"}}},{"from":[6,15.6674,3.46962],"to":[10,15.6674,8.46962],"rotation":{"angle":-22.5,"axis":"x","origin":[-1,3.6674,11.46962]},"faces":{"north":{"uv":[4,6.25,5,6.25],"texture":"#0"},"east":{"uv":[2.75,6.25,4,6.25],"texture":"#0"},"south":{"uv":[6.25,6.25,7.25,6.25],"texture":"#0"},"west":{"uv":[5,6.25,6.25,6.25],"texture":"#0"},"up":{"uv":[5,6.25,4,5],"texture":"#0"},"down":{"uv":[6,5,5,6.25],"texture":"#0"}}},{"from":[7,18.43865,8.67935],"to":[11,18.43865,13.67935],"rotation":{"angle":22.5,"axis":"x","origin":[-2,6.43865,5.67935]},"faces":{"north":{"uv":[6,1.25,7,1.25],"texture":"#0"},"east":{"uv":[4.75,1.25,6,1.25],"texture":"#0"},"south":{"uv":[8.25,1.25,9.25,1.25],"texture":"#0"},"west":{"uv":[7,1.25,8.25,1.25],"texture":"#0"},"up":{"uv":[7,1.25,6,0],"texture":"#0"},"down":{"uv":[8,0,7,1.25],"texture":"#0"}}},{"from":[1.81766,13.999,0.31838],"to":[5.81766,13.999,5.31838],"rotation":{"angle":45,"axis":"y","origin":[5.81766,-0.001,3.81838]},"faces":{"north":{"uv":[6,6.25,7,6.25],"texture":"#0"},"east":{"uv":[4.75,6.25,6,6.25],"texture":"#0"},"south":{"uv":[8.25,6.25,9.25,6.25],"texture":"#0"},"west":{"uv":[7,6.25,8.25,6.25],"texture":"#0"},"up":{"uv":[7,6.25,6,5],"texture":"#0"},"down":{"uv":[8,5,7,6.25],"texture":"#0"}}},{"from":[3.63678,21.06057,6],"to":[9.63678,21.06057,10],"rotation":{"angle":-22.5,"axis":"z","origin":[1.63678,9.06057,1]},"faces":{"north":{"uv":[1,6,2.5,6],"texture":"#0"},"east":{"uv":[0,6,1,6],"texture":"#0"},"south":{"uv":[3.5,6,5,6],"texture":"#0"},"west":{"uv":[2.5,6,3.5,6],"texture":"#0"},"up":{"uv":[2.5,6,1,5],"texture":"#0"},"down":{"uv":[4,5,2.5,6],"texture":"#0"}}},{"from":[9.01215,19.16095,5],"to":[14.01215,19.16095,9],"rotation":{"angle":-22.5,"axis":"z","origin":[4.01215,9.16095,3]},"faces":{"north":{"uv":[3.5,7.25,4.75,7.25],"texture":"#0"},"east":{"uv":[2.5,7.25,3.5,7.25],"texture":"#0"},"south":{"uv":[5.75,7.25,7,7.25],"texture":"#0"},"west":{"uv":[4.75,7.25,5.75,7.25],"texture":"#0"},"up":{"uv":[4.75,7.25,3.5,6.25],"texture":"#0"},"down":{"uv":[6,6.25,4.75,7.25],"texture":"#0"}}},{"from":[6.59258,23.91252,5],"to":[12.59258,23.91252,9],"rotation":{"angle":22.5,"axis":"z","origin":[11.59258,11.91252,2]},"faces":{"north":{"uv":[4,5,5.5,5],"texture":"#0"},"east":{"uv":[3,5,4,5],"texture":"#0"},"south":{"uv":[6.5,5,8,5],"texture":"#0"},"west":{"uv":[5.5,5,6.5,5],"texture":"#0"},"up":{"uv":[5.5,5,4,4],"texture":"#0"},"down":{"uv":[7,4,5.5,5],"texture":"#0"}}},{"from":[2.28698,16.63479,7],"to":[8.28698,16.63479,11],"rotation":{"angle":22.5,"axis":"z","origin":[6.28698,4.63479,2]},"faces":{"north":{"uv":[1,5,2.5,5],"texture":"#0"},"east":{"uv":[0,5,1,5],"texture":"#0"},"south":{"uv":[3.5,5,5,5],"texture":"#0"},"west":{"uv":[2.5,5,3.5,5],"texture":"#0"},"up":{"uv":[2.5,5,1,4],"texture":"#0"},"down":{"uv":[4,4,2.5,5],"texture":"#0"}}},{"from":[13,8,10.9],"to":[13,14,11.9],"rotation":{"angle":-45,"axis":"y","origin":[16,0,0]},"faces":{"north":{"uv":[0.25,0.25,0.25,1.75],"texture":"#0"},"east":{"uv":[0,0.25,0.25,1.75],"texture":"#0"},"south":{"uv":[0.5,0.25,0.5,1.75],"texture":"#0"},"west":{"uv":[0.25,0.25,0.5,1.75],"texture":"#0"},"up":{"uv":[0.25,0.25,0.25,0],"texture":"#0"},"down":{"uv":[0.25,0,0.25,0.25],"texture":"#0"}}},{"from":[6.2,11,7],"to":[6.2,20,8],"rotation":{"angle":-22.5,"axis":"z","origin":[0,0,0]},"faces":{"north":{"uv":[1.75,7,1.75,9.25],"texture":"#0"},"east":{"uv":[1.5,7,1.75,9.25],"texture":"#0"},"south":{"uv":[2,7,2,9.25],"texture":"#0"},"west":{"uv":[1.75,7,2,9.25],"texture":"#0"},"up":{"uv":[1.75,7,1.75,6.75],"texture":"#0"},"down":{"uv":[1.75,6.75,1.75,7],"texture":"#0"}}},{"from":[9.8,11,8],"to":[9.8,20,9],"rotation":{"angle":22.5,"axis":"z","origin":[16,0,0]},"faces":{"north":{"uv":[1.25,7,1.25,9.25],"texture":"#0"},"east":{"uv":[1,7,1.25,9.25],"texture":"#0"},"south":{"uv":[1.5,7,1.5,9.25],"texture":"#0"},"west":{"uv":[1.25,7,1.5,9.25],"texture":"#0"},"up":{"uv":[1.25,7,1.25,6.75],"texture":"#0"},"down":{"uv":[1.25,6.75,1.25,7],"texture":"#0"}}}],"display":{"thirdperson_righthand":{"rotation":[60,-160,0],"translation":[-0.75,3.5,1.75],"scale":[0.6,0.6,0.6]},"thirdperson_lefthand":{"rotation":[60,-160,0],"translation":[-0.75,3.5,1.75],"scale":[0.6,0.6,0.6]},"firstperson_righthand":{"rotation":[0,-73,6],"translation":[0.75,0.75,0],"scale":[0.4,0.4,0.4]},"firstperson_lefthand":{"rotation":[0,-73,6],"translation":[0.75,0.75,0],"scale":[0.4,0.4,0.4]},"ground":{"translation":[0,1.5,0],"scale":[0.6,0.6,0.6]},"gui":{"rotation":[30,-135,0],"translation":[0,-1.25,0],"scale":[0.5,0.5,0.5]},"head":{"translation":[0.0,14.5,0.0],"scale":[1,1,1]},"fixed":{"rotation":[-90,0,0],"translation":[0,0,-16],"scale":[2,2,2]}}}