{"credit":"Made with Blockbench","texture_size":[128,128],"textures":{"0":"custom/general/decoration/plants/plants_bigbox_violets","particle":"custom/general/decoration/plants/plants_bigbox_violets"},"elements":[{"from":[-15.16415,11,-2.64587],"to":[0.83585,15,-2.64587],"rotation":{"angle":22.5,"axis":"y","origin":[18,5,-1]},"faces":{"north":{"uv":[6.75,3.375,8.75,3.875],"texture":"#0"},"east":{"uv":[6.75,3.375,6.75,3.875],"texture":"#0"},"south":{"uv":[8.75,3.375,10.75,3.875],"texture":"#0"},"west":{"uv":[8.75,3.375,8.75,3.875],"texture":"#0"},"up":{"uv":[8.75,3.375,6.75,3.375],"texture":"#0"},"down":{"uv":[10.75,3.375,8.75,3.375],"texture":"#0"}}},{"from":[-9.06415,11,15.54587],"to":[6.93585,15,15.54587],"rotation":{"angle":-22.5,"axis":"y","origin":[18,5,-1]},"faces":{"north":{"uv":[6.75,3.375,8.75,3.875],"texture":"#0"},"east":{"uv":[6.75,3.375,6.75,3.875],"texture":"#0"},"south":{"uv":[8.75,3.375,10.75,3.875],"texture":"#0"},"west":{"uv":[8.75,3.375,8.75,3.875],"texture":"#0"},"up":{"uv":[8.75,3.375,6.75,3.375],"texture":"#0"},"down":{"uv":[10.75,3.375,8.75,3.375],"texture":"#0"}}},{"from":[-6.97017,11,18.4883],"to":[9.02983,15,18.4883],"rotation":{"angle":22.5,"axis":"y","origin":[-20,5,1]},"faces":{"north":{"uv":[6.75,3.375,8.75,3.875],"texture":"#0"},"east":{"uv":[6.75,3.375,6.75,3.875],"texture":"#0"},"south":{"uv":[8.75,3.375,10.75,3.875],"texture":"#0"},"west":{"uv":[8.75,3.375,8.75,3.875],"texture":"#0"},"up":{"uv":[8.75,3.375,6.75,3.375],"texture":"#0"},"down":{"uv":[10.75,3.375,8.75,3.375],"texture":"#0"}}},{"from":[-0.87017,11,-1.5883],"to":[15.12983,15,-1.5883],"rotation":{"angle":-22.5,"axis":"y","origin":[-20,5,1]},"faces":{"north":{"uv":[6.75,3.375,8.75,3.875],"texture":"#0"},"east":{"uv":[6.75,3.375,6.75,3.875],"texture":"#0"},"south":{"uv":[8.75,3.375,10.75,3.875],"texture":"#0"},"west":{"uv":[8.75,3.375,8.75,3.875],"texture":"#0"},"up":{"uv":[8.75,3.375,6.75,3.375],"texture":"#0"},"down":{"uv":[10.75,3.375,8.75,3.375],"texture":"#0"}}},{"from":[9.02983,11,15.4883],"to":[25.02983,15,15.4883],"rotation":{"angle":22.5,"axis":"y","origin":[-4,5,-2]},"faces":{"north":{"uv":[6.75,3.375,8.75,3.875],"texture":"#0"},"east":{"uv":[6.75,3.375,6.75,3.875],"texture":"#0"},"south":{"uv":[8.75,3.375,10.75,3.875],"texture":"#0"},"west":{"uv":[8.75,3.375,8.75,3.875],"texture":"#0"},"up":{"uv":[8.75,3.375,6.75,3.375],"texture":"#0"},"down":{"uv":[10.75,3.375,8.75,3.375],"texture":"#0"}}},{"from":[15.12983,11,-4.5883],"to":[31.12983,15,-4.5883],"rotation":{"angle":-22.5,"axis":"y","origin":[-4,5,-2]},"faces":{"north":{"uv":[6.75,3.375,8.75,3.875],"texture":"#0"},"east":{"uv":[6.75,3.375,6.75,3.875],"texture":"#0"},"south":{"uv":[8.75,3.375,10.75,3.875],"texture":"#0"},"west":{"uv":[8.75,3.375,8.75,3.875],"texture":"#0"},"up":{"uv":[8.75,3.375,6.75,3.375],"texture":"#0"},"down":{"uv":[10.75,3.375,8.75,3.375],"texture":"#0"}}},{"from":[4,11,18.5],"to":[4,22,27.5],"rotation":{"angle":45,"axis":"y","origin":[-10,5,9]},"faces":{"north":{"uv":[1.125,3.375,1.125,4.75],"texture":"#0"},"east":{"uv":[0,3.375,1.125,4.75],"texture":"#0"},"south":{"uv":[2.25,3.375,2.25,4.75],"texture":"#0"},"west":{"uv":[1.125,3.375,2.25,4.75],"texture":"#0"},"up":{"uv":[1.125,3.375,1.125,2.25],"texture":"#0"},"down":{"uv":[1.125,2.25,1.125,3.375],"texture":"#0"}}},{"from":[-1.5,11,24],"to":[7.5,22,24],"rotation":{"angle":45,"axis":"y","origin":[-10,5,9]},"faces":{"north":{"uv":[0,3.375,1.125,4.75],"texture":"#0"},"east":{"uv":[0,3.375,0,4.75],"texture":"#0"},"south":{"uv":[1.125,3.375,2.25,4.75],"texture":"#0"},"west":{"uv":[1.125,3.375,1.125,4.75],"texture":"#0"},"up":{"uv":[1.125,3.375,0,3.375],"texture":"#0"},"down":{"uv":[2.25,3.375,1.125,3.375],"texture":"#0"}}},{"from":[2,11,11.5],"to":[2,22,20.5],"rotation":{"angle":45,"axis":"y","origin":[-10,5,9]},"faces":{"north":{"uv":[1.125,3.375,1.125,4.75],"texture":"#0"},"east":{"uv":[0,3.375,1.125,4.75],"texture":"#0"},"south":{"uv":[2.25,3.375,2.25,4.75],"texture":"#0"},"west":{"uv":[1.125,3.375,2.25,4.75],"texture":"#0"},"up":{"uv":[1.125,3.375,1.125,2.25],"texture":"#0"},"down":{"uv":[1.125,2.25,1.125,3.375],"texture":"#0"}}},{"from":[-3.5,11,17],"to":[5.5,22,17],"rotation":{"angle":45,"axis":"y","origin":[-10,5,9]},"faces":{"north":{"uv":[0,3.375,1.125,4.75],"texture":"#0"},"east":{"uv":[0,3.375,0,4.75],"texture":"#0"},"south":{"uv":[1.125,3.375,2.25,4.75],"texture":"#0"},"west":{"uv":[1.125,3.375,1.125,4.75],"texture":"#0"},"up":{"uv":[1.125,3.375,0,3.375],"texture":"#0"},"down":{"uv":[2.25,3.375,1.125,3.375],"texture":"#0"}}},{"from":[-8,11,2.5],"to":[-8,22,11.5],"rotation":{"angle":45,"axis":"y","origin":[-10,5,9]},"faces":{"north":{"uv":[1.125,3.375,1.125,4.75],"texture":"#0"},"east":{"uv":[0,3.375,1.125,4.75],"texture":"#0"},"south":{"uv":[2.25,3.375,2.25,4.75],"texture":"#0"},"west":{"uv":[1.125,3.375,2.25,4.75],"texture":"#0"},"up":{"uv":[1.125,3.375,1.125,2.25],"texture":"#0"},"down":{"uv":[1.125,2.25,1.125,3.375],"texture":"#0"}}},{"from":[-13.5,11,8],"to":[-4.5,22,8],"rotation":{"angle":45,"axis":"y","origin":[-10,5,9]},"faces":{"north":{"uv":[0,3.375,1.125,4.75],"texture":"#0"},"east":{"uv":[0,3.375,0,4.75],"texture":"#0"},"south":{"uv":[1.125,3.375,2.25,4.75],"texture":"#0"},"west":{"uv":[1.125,3.375,1.125,4.75],"texture":"#0"},"up":{"uv":[1.125,3.375,0,3.375],"texture":"#0"},"down":{"uv":[2.25,3.375,1.125,3.375],"texture":"#0"}}},{"from":[-7.5,11,9],"to":[1.5,22,9],"rotation":{"angle":-45,"axis":"y","origin":[-3,5,9]},"faces":{"north":{"uv":[0,3.375,1.125,4.75],"texture":"#0"},"east":{"uv":[0,3.375,0,4.75],"texture":"#0"},"south":{"uv":[1.125,3.375,2.25,4.75],"texture":"#0"},"west":{"uv":[1.125,3.375,1.125,4.75],"texture":"#0"},"up":{"uv":[1.125,3.375,0,3.375],"texture":"#0"},"down":{"uv":[2.25,3.375,1.125,3.375],"texture":"#0"}}},{"from":[-2,11,5.5],"to":[-2,22,14.5],"rotation":{"angle":-45,"axis":"y","origin":[-3,5,9]},"faces":{"north":{"uv":[1.125,3.375,1.125,4.75],"texture":"#0"},"east":{"uv":[0,3.375,1.125,4.75],"texture":"#0"},"south":{"uv":[2.25,3.375,2.25,4.75],"texture":"#0"},"west":{"uv":[1.125,3.375,2.25,4.75],"texture":"#0"},"up":{"uv":[1.125,3.375,1.125,2.25],"texture":"#0"},"down":{"uv":[1.125,2.25,1.125,3.375],"texture":"#0"}}},{"from":[26,11,5.5],"to":[26,22,14.5],"rotation":{"angle":-45,"axis":"y","origin":[26,5,9]},"faces":{"north":{"uv":[1.125,3.375,1.125,4.75],"texture":"#0"},"east":{"uv":[0,3.375,1.125,4.75],"texture":"#0"},"south":{"uv":[2.25,3.375,2.25,4.75],"texture":"#0"},"west":{"uv":[1.125,3.375,2.25,4.75],"texture":"#0"},"up":{"uv":[1.125,3.375,1.125,2.25],"texture":"#0"},"down":{"uv":[1.125,2.25,1.125,3.375],"texture":"#0"}}},{"from":[20.5,11,9],"to":[29.5,22,9],"rotation":{"angle":-45,"axis":"y","origin":[26,5,9]},"faces":{"north":{"uv":[0,3.375,1.125,4.75],"texture":"#0"},"east":{"uv":[0,3.375,0,4.75],"texture":"#0"},"south":{"uv":[1.125,3.375,2.25,4.75],"texture":"#0"},"west":{"uv":[1.125,3.375,1.125,4.75],"texture":"#0"},"up":{"uv":[1.125,3.375,0,3.375],"texture":"#0"},"down":{"uv":[2.25,3.375,1.125,3.375],"texture":"#0"}}},{"from":[15.5,11,7],"to":[24.5,22,7],"rotation":{"angle":45,"axis":"y","origin":[19,5,9]},"faces":{"north":{"uv":[0,3.375,1.125,4.75],"texture":"#0"},"east":{"uv":[0,3.375,0,4.75],"texture":"#0"},"south":{"uv":[1.125,3.375,2.25,4.75],"texture":"#0"},"west":{"uv":[1.125,3.375,1.125,4.75],"texture":"#0"},"up":{"uv":[1.125,3.375,0,3.375],"texture":"#0"},"down":{"uv":[2.25,3.375,1.125,3.375],"texture":"#0"}}},{"from":[21,11,1.5],"to":[21,22,10.5],"rotation":{"angle":45,"axis":"y","origin":[19,5,9]},"faces":{"north":{"uv":[1.125,3.375,1.125,4.75],"texture":"#0"},"east":{"uv":[0,3.375,1.125,4.75],"texture":"#0"},"south":{"uv":[2.25,3.375,2.25,4.75],"texture":"#0"},"west":{"uv":[1.125,3.375,2.25,4.75],"texture":"#0"},"up":{"uv":[1.125,3.375,1.125,2.25],"texture":"#0"},"down":{"uv":[1.125,2.25,1.125,3.375],"texture":"#0"}}},{"from":[-16,0,0],"to":[32,11,16],"faces":{"north":{"uv":[2,2,8,3.375],"texture":"#0"},"east":{"uv":[0,2,2,3.375],"texture":"#0"},"south":{"uv":[10,2,16,3.375],"texture":"#0"},"west":{"uv":[8,2,10,3.375],"texture":"#0"},"up":{"uv":[8,2,2,0],"texture":"#0"},"down":{"uv":[14,0,8,2],"texture":"#0"}}}],"display":{"thirdperson_righthand":{"rotation":[60,-175,0],"translation":[1.75,4.25,1],"scale":[0.5,0.5,0.5]},"thirdperson_lefthand":{"rotation":[60,-175,0],"translation":[1.75,4.25,1],"scale":[0.5,0.5,0.5]},"firstperson_righthand":{"rotation":[0,-49,6],"translation":[0.25,-0.25,0],"scale":[0.4,0.4,0.4]},"firstperson_lefthand":{"rotation":[0,-49,6],"translation":[0.25,-0.25,0],"scale":[0.4,0.4,0.4]},"ground":{"translation":[0,1.5,0],"scale":[0.35,0.35,0.35]},"gui":{"rotation":[30,-135,0],"scale":[0.3,0.3,0.3]},"head":{"translation":[0,14.5,0]},"fixed":{"rotation":[-90,-90,0],"translation":[0,0,-16],"scale":[2,2,2]}}}