{"credit":"Made with Blockbench","texture_size":[128,128],"textures":{"1":"custom/general/decoration/plants/plants_big_ficustree"},"elements":[{"from":[4,0,4],"to":[12,8,12],"faces":{"north":{"uv":[1,5,2,6],"texture":"#1"},"east":{"uv":[0,5,1,6],"texture":"#1"},"south":{"uv":[3,5,4,6],"texture":"#1"},"west":{"uv":[2,5,3,6],"texture":"#1"},"up":{"uv":[2,5,1,4],"texture":"#1"},"down":{"uv":[3,4,2,5],"texture":"#1"}}},{"from":[7,8,7],"to":[9,16,9],"faces":{"north":{"uv":[4.25,5.25,4.5,6.25],"texture":"#1"},"east":{"uv":[4,5.25,4.25,6.25],"texture":"#1"},"south":{"uv":[4.75,5.25,5,6.25],"texture":"#1"},"west":{"uv":[4.5,5.25,4.75,6.25],"texture":"#1"},"up":{"uv":[4.5,5.25,4.25,5],"texture":"#1"},"down":{"uv":[4.75,5,4.5,5.25],"texture":"#1"}}},{"from":[3.5,16,3.5],"to":[12.5,25,12.5],"faces":{"north":{"uv":[4.25,3.875,5.375,5],"texture":"#1"},"east":{"uv":[3.125,3.875,4.25,5],"texture":"#1"},"south":{"uv":[6.5,3.875,7.625,5],"texture":"#1"},"west":{"uv":[5.375,3.875,6.5,5],"texture":"#1"},"up":{"uv":[5.375,3.875,4.25,2.75],"texture":"#1"},"down":{"uv":[6.5,2.75,5.375,3.875],"texture":"#1"}}},{"from":[-0.5,13.5,8],"to":[16.5,27.5,8],"rotation":{"angle":45,"axis":"y","origin":[8,16,8]},"faces":{"north":{"uv":[4.25,0,6.375,1.75],"texture":"#1"},"east":{"uv":[4.25,0,4.25,1.75],"texture":"#1"},"south":{"uv":[6.375,0,8.5,1.75],"texture":"#1"},"west":{"uv":[6.375,0,6.375,1.75],"texture":"#1"},"up":{"uv":[6.375,0,4.25,0],"texture":"#1"},"down":{"uv":[8.5,0,6.375,0],"texture":"#1"}}},{"from":[8,13.5,-0.5],"to":[8,27.5,16.5],"rotation":{"angle":45,"axis":"y","origin":[8,16,8]},"faces":{"north":{"uv":[6.375,0,6.375,1.75],"texture":"#1"},"east":{"uv":[4.25,0,6.375,1.75],"texture":"#1"},"south":{"uv":[8.5,0,8.5,1.75],"texture":"#1"},"west":{"uv":[6.375,0,8.5,1.75],"texture":"#1"},"up":{"uv":[6.375,0,6.375,-2.125],"texture":"#1"},"down":{"uv":[6.375,-2.125,6.375,0],"texture":"#1"}}},{"from":[8,13.5,-0.5],"to":[8,27.5,16.5],"rotation":{"angle":45,"axis":"y","origin":[8,16,8]},"faces":{"north":{"uv":[6.375,0,6.375,1.75],"texture":"#1"},"east":{"uv":[4.25,0,6.375,1.75],"texture":"#1"},"south":{"uv":[8.5,0,8.5,1.75],"texture":"#1"},"west":{"uv":[6.375,0,8.5,1.75],"texture":"#1"},"up":{"uv":[6.375,0,6.375,-2.125],"texture":"#1"},"down":{"uv":[6.375,-2.125,6.375,0],"texture":"#1"}}},{"from":[8,13.5,-0.5],"to":[8,27.5,16.5],"rotation":{"angle":0,"axis":"y","origin":[8,16,8]},"faces":{"north":{"uv":[6.375,0,6.375,1.75],"texture":"#1"},"east":{"uv":[4.25,0,6.375,1.75],"texture":"#1"},"south":{"uv":[8.5,0,8.5,1.75],"texture":"#1"},"west":{"uv":[6.375,0,8.5,1.75],"texture":"#1"},"up":{"uv":[6.375,0,6.375,-2.125],"texture":"#1"},"down":{"uv":[6.375,-2.125,6.375,0],"texture":"#1"}}},{"from":[-0.5,13.5,8],"to":[16.5,27.5,8],"rotation":{"angle":0,"axis":"y","origin":[8,16,8]},"faces":{"north":{"uv":[4.25,0,6.375,1.75],"texture":"#1"},"east":{"uv":[4.25,0,4.25,1.75],"texture":"#1"},"south":{"uv":[6.375,0,8.5,1.75],"texture":"#1"},"west":{"uv":[6.375,0,6.375,1.75],"texture":"#1"},"up":{"uv":[6.375,0,4.25,0],"texture":"#1"},"down":{"uv":[8.5,0,6.375,0],"texture":"#1"}}}],"display":{"thirdperson_righthand":{"rotation":[60,-160,0],"translation":[-0.75,3.5,1.75],"scale":[0.6,0.6,0.6]},"thirdperson_lefthand":{"rotation":[60,-160,0],"translation":[-0.75,3.5,1.75],"scale":[0.6,0.6,0.6]},"firstperson_righthand":{"rotation":[0,-73,6],"translation":[0.75,0.75,0],"scale":[0.4,0.4,0.4]},"firstperson_lefthand":{"rotation":[0,-73,6],"translation":[0.75,0.75,0],"scale":[0.4,0.4,0.4]},"ground":{"translation":[0,1.5,0],"scale":[0.6,0.6,0.6]},"gui":{"rotation":[30,-135,0],"translation":[0,-2.5,0],"scale":[0.5,0.5,0.5]},"head":{"translation":[0.0,14.5,0.0],"scale":[1,1,1]},"fixed":{"rotation":[-90,0,0],"translation":[0,0,-16],"scale":[2,2,2]}}}