{"credit":"Made with Blockbench","texture_size":[64,64],"textures":{"1":"custom/general/decoration/plants/plants_big_bonsai"},"elements":[{"from":[4,0,4],"to":[12,8,12],"faces":{"north":{"uv":[2,2,4,4],"texture":"#1"},"east":{"uv":[0,2,2,4],"texture":"#1"},"south":{"uv":[6,2,8,4],"texture":"#1"},"west":{"uv":[4,2,6,4],"texture":"#1"},"up":{"uv":[4,2,2,0],"texture":"#1"},"down":{"uv":[6,0,4,2],"texture":"#1"}}},{"name":"Element","from":[5.5,7,5.5],"to":[10.5,13,10.5],"rotation":{"angle":0,"axis":"y","origin":[0,14,0]},"faces":{"north":{"uv":[1.25,5.25,2.5,6.75],"texture":"#1"},"east":{"uv":[0,5.25,1.25,6.75],"texture":"#1"},"south":{"uv":[3.75,5.25,5,6.75],"texture":"#1"},"west":{"uv":[2.5,5.25,3.75,6.75],"texture":"#1"},"up":{"uv":[2.5,5.25,1.25,4],"texture":"#1"},"down":{"uv":[3.75,4,2.5,5.25],"texture":"#1"}}},{"name":"Element","from":[6,13,6],"to":[10,20.5,10],"rotation":{"angle":22.5,"axis":"x","origin":[6,13,6]},"faces":{"north":{"uv":[6,5,7,6.75],"texture":"#1"},"east":{"uv":[5,5,6,6.75],"texture":"#1"},"south":{"uv":[8,5,9,6.75],"texture":"#1"},"west":{"uv":[7,5,8,6.75],"texture":"#1"},"up":{"uv":[7,5,6,4],"texture":"#1"},"down":{"uv":[8,4,7,5],"texture":"#1"}}},{"name":"Element","from":[6.5,17,9.5],"to":[9.5,25.5,12.5],"rotation":{"angle":-22.5,"axis":"x","origin":[6.5,17,9.5]},"faces":{"north":{"uv":[0.75,7.5,1.5,9.5],"texture":"#1"},"east":{"uv":[0,7.5,0.75,9.5],"texture":"#1"},"south":{"uv":[2.25,7.5,3,9.5],"texture":"#1"},"west":{"uv":[1.5,7.5,2.25,9.5],"texture":"#1"},"up":{"uv":[1.5,7.5,0.75,6.75],"texture":"#1"},"down":{"uv":[2.25,6.75,1.5,7.5],"texture":"#1"}}},{"name":"Element","from":[6.75,24.75,6.5],"to":[9.25,28.25,9.5],"rotation":{"angle":0,"axis":"y","origin":[0,14,0]},"faces":{"north":{"uv":[3.75,7.5,4.25,8.25],"texture":"#1"},"east":{"uv":[3,7.5,3.75,8.25],"texture":"#1"},"south":{"uv":[5,7.5,5.5,8.25],"texture":"#1"},"west":{"uv":[4.25,7.5,5,8.25],"texture":"#1"},"up":{"uv":[4.25,7.5,3.75,6.75],"texture":"#1"},"down":{"uv":[4.75,6.75,4.25,7.5],"texture":"#1"}}},{"name":"Element","from":[7,28.25,7],"to":[9,31.75,9],"rotation":{"angle":22.5,"axis":"x","origin":[7,28.25,7]},"faces":{"north":{"uv":[8.5,2.5,9,3.25],"texture":"#1"},"east":{"uv":[8,2.5,8.5,3.25],"texture":"#1"},"south":{"uv":[9.5,2.5,10,3.25],"texture":"#1"},"west":{"uv":[9,2.5,9.5,3.25],"texture":"#1"},"up":{"uv":[9,2.5,8.5,2],"texture":"#1"},"down":{"uv":[9.5,2,9,2.5],"texture":"#1"}}},{"name":"Element","from":[7,20.5,10],"to":[9,25.5,12],"rotation":{"angle":45,"axis":"x","origin":[7,20.5,10]},"faces":{"north":{"uv":[6,7.25,6.5,8.5],"texture":"#1"},"east":{"uv":[5.5,7.25,6,8.5],"texture":"#1"},"south":{"uv":[7,7.25,7.5,8.5],"texture":"#1"},"west":{"uv":[6.5,7.25,7,8.5],"texture":"#1"},"up":{"uv":[6.5,7.25,6,6.75],"texture":"#1"},"down":{"uv":[7,6.75,6.5,7.25],"texture":"#1"}}},{"name":"Element","from":[7,23.5,13],"to":[9,26.5,15],"rotation":{"angle":22.5,"axis":"x","origin":[7,23.5,13]},"faces":{"north":{"uv":[8,7.25,8.5,8],"texture":"#1"},"east":{"uv":[7.5,7.25,8,8],"texture":"#1"},"south":{"uv":[9,7.25,9.5,8],"texture":"#1"},"west":{"uv":[8.5,7.25,9,8],"texture":"#1"},"up":{"uv":[8.5,7.25,8,6.75],"texture":"#1"},"down":{"uv":[9,6.75,8.5,7.25],"texture":"#1"}}},{"name":"Element","from":[7,15,7.5],"to":[9,20,9.5],"rotation":{"angle":-45,"axis":"x","origin":[7,15,7.5]},"faces":{"north":{"uv":[0.5,0.5,1,1.75],"texture":"#1"},"east":{"uv":[0,0.5,0.5,1.75],"texture":"#1"},"south":{"uv":[1.5,0.5,2,1.75],"texture":"#1"},"west":{"uv":[1,0.5,1.5,1.75],"texture":"#1"},"up":{"uv":[1,0.5,0.5,0],"texture":"#1"},"down":{"uv":[1.5,0,1,0.5],"texture":"#1"}}},{"name":"Element","from":[6.5,23.5,12.5],"to":[10.5,27.5,16.5],"rotation":{"angle":0,"axis":"y","origin":[0,14,0]},"faces":{"north":{"uv":[7,1,8,2],"texture":"#1"},"east":{"uv":[6,1,7,2],"texture":"#1"},"south":{"uv":[9,1,10,2],"texture":"#1"},"west":{"uv":[8,1,9,2],"texture":"#1"},"up":{"uv":[8,1,7,0],"texture":"#1"},"down":{"uv":[9,0,8,1],"texture":"#1"}}},{"name":"Element","from":[5.5,21,11.5],"to":[9.5,25,15.5],"rotation":{"angle":0,"axis":"y","origin":[0,14,0]},"faces":{"north":{"uv":[7,1,8,2],"texture":"#1"},"east":{"uv":[6,1,7,2],"texture":"#1"},"south":{"uv":[9,1,10,2],"texture":"#1"},"west":{"uv":[8,1,9,2],"texture":"#1"},"up":{"uv":[8,1,7,0],"texture":"#1"},"down":{"uv":[9,0,8,1],"texture":"#1"}}},{"name":"Element","from":[6.5,28,7.5],"to":[10.5,32,11.5],"rotation":{"angle":0,"axis":"y","origin":[0,14,0]},"faces":{"north":{"uv":[7,1,8,2],"texture":"#1"},"east":{"uv":[6,1,7,2],"texture":"#1"},"south":{"uv":[9,1,10,2],"texture":"#1"},"west":{"uv":[8,1,9,2],"texture":"#1"},"up":{"uv":[8,1,7,0],"texture":"#1"},"down":{"uv":[9,0,8,1],"texture":"#1"}}},{"name":"Element","from":[6,25,4],"to":[10,29,8],"rotation":{"angle":0,"axis":"y","origin":[0,14,0]},"faces":{"north":{"uv":[7,1,8,2],"texture":"#1"},"east":{"uv":[6,1,7,2],"texture":"#1"},"south":{"uv":[9,1,10,2],"texture":"#1"},"west":{"uv":[8,1,9,2],"texture":"#1"},"up":{"uv":[8,1,7,0],"texture":"#1"},"down":{"uv":[9,0,8,1],"texture":"#1"}}},{"name":"Element","from":[6.5,16,2],"to":[10.5,20,6],"rotation":{"angle":0,"axis":"y","origin":[0,14,0]},"faces":{"north":{"uv":[7,1,8,2],"texture":"#1"},"east":{"uv":[6,1,7,2],"texture":"#1"},"south":{"uv":[9,1,10,2],"texture":"#1"},"west":{"uv":[8,1,9,2],"texture":"#1"},"up":{"uv":[8,1,7,0],"texture":"#1"},"down":{"uv":[9,0,8,1],"texture":"#1"}}},{"name":"Element","from":[3.5,21,6],"to":[7.5,25,10],"rotation":{"angle":0,"axis":"y","origin":[0,14,0]},"faces":{"north":{"uv":[7,1,8,2],"texture":"#1"},"east":{"uv":[6,1,7,2],"texture":"#1"},"south":{"uv":[9,1,10,2],"texture":"#1"},"west":{"uv":[8,1,9,2],"texture":"#1"},"up":{"uv":[8,1,7,0],"texture":"#1"},"down":{"uv":[9,0,8,1],"texture":"#1"}}},{"name":"Element","from":[9,18,7],"to":[13,22,11],"rotation":{"angle":0,"axis":"y","origin":[0,14,0]},"faces":{"north":{"uv":[7,1,8,2],"texture":"#1"},"east":{"uv":[6,1,7,2],"texture":"#1"},"south":{"uv":[9,1,10,2],"texture":"#1"},"west":{"uv":[8,1,9,2],"texture":"#1"},"up":{"uv":[8,1,7,0],"texture":"#1"},"down":{"uv":[9,0,8,1],"texture":"#1"}}},{"name":"Element","from":[8.5,24,7],"to":[12.5,28,11],"rotation":{"angle":0,"axis":"y","origin":[0,14,0]},"faces":{"north":{"uv":[7,1,8,2],"texture":"#1"},"east":{"uv":[6,1,7,2],"texture":"#1"},"south":{"uv":[9,1,10,2],"texture":"#1"},"west":{"uv":[8,1,9,2],"texture":"#1"},"up":{"uv":[8,1,7,0],"texture":"#1"},"down":{"uv":[9,0,8,1],"texture":"#1"}}},{"name":"Element","from":[4.5,19,0.5],"to":[8.5,23,4.5],"rotation":{"angle":0,"axis":"y","origin":[0,14,0]},"faces":{"north":{"uv":[7,1,8,2],"texture":"#1"},"east":{"uv":[6,1,7,2],"texture":"#1"},"south":{"uv":[9,1,10,2],"texture":"#1"},"west":{"uv":[8,1,9,2],"texture":"#1"},"up":{"uv":[8,1,7,0],"texture":"#1"},"down":{"uv":[9,0,8,1],"texture":"#1"}}}],"display":{"thirdperson_righthand":{"rotation":[60,-160,0],"translation":[-0.75,3.5,1.75],"scale":[0.6,0.6,0.6]},"thirdperson_lefthand":{"rotation":[60,-160,0],"translation":[-0.75,3.5,1.75],"scale":[0.6,0.6,0.6]},"firstperson_righthand":{"rotation":[0,-73,6],"translation":[0.75,0.75,0],"scale":[0.4,0.4,0.4]},"firstperson_lefthand":{"rotation":[0,-73,6],"translation":[0.75,0.75,0],"scale":[0.4,0.4,0.4]},"ground":{"translation":[0,1.5,0],"scale":[0.6,0.6,0.6]},"gui":{"rotation":[30,-135,0],"translation":[0,-3,0],"scale":[0.45,0.45,0.45]},"head":{"translation":[0,14.5,0]},"fixed":{"rotation":[-90,0,0],"translation":[0,0,-16],"scale":[2,2,2]}}}