{"credit":"by w11shes","textures":{"0":"custom/factions/raiditems/locks/locks","particle":"custom/factions/raiditems/locks/locks"},"elements":[{"from":[4.5,3,6],"to":[11.5,6,9],"faces":{"north":{"uv":[12.5,10.5,16,12],"texture":"#0"},"east":{"uv":[12,12.5,13.5,14],"texture":"#0"},"south":{"uv":[12.5,9,16,10.5],"texture":"#0"},"west":{"uv":[12,12.5,13.5,14],"texture":"#0"},"up":{"uv":[8.5,13,12,14.5],"texture":"#0"},"down":{"uv":[12.5,7.5,16,9],"texture":"#0"}}},{"from":[5.5,-1,6],"to":[10.5,3,9],"faces":{"north":{"uv":[13.5,14,16,16],"texture":"#0"},"east":{"uv":[12,14,13.5,16],"texture":"#0"},"south":{"uv":[13.5,12,16,14],"texture":"#0"},"west":{"uv":[12,14,13.5,16],"texture":"#0"},"down":{"uv":[9.5,14.5,12,16],"texture":"#0"}}},{"from":[6,6,7.5],"to":[10,10,7.52],"faces":{"north":{"uv":[10,11,12,13],"texture":"#0"},"south":{"uv":[10,11,12,13],"texture":"#0"}}}],"display":{"thirdperson_righthand":{"rotation":[75,45,0],"translation":[-1.25,0.75,3.25],"scale":[0.7,0.7,0.7]},"thirdperson_lefthand":{"rotation":[75,45,0],"translation":[-1.25,0.75,3.25],"scale":[0.7,0.7,0.7]},"firstperson_righthand":{"rotation":[0,129,0],"translation":[2.25,5.25,0],"scale":[0.7,0.7,0.7]},"firstperson_lefthand":{"rotation":[0,129,0],"translation":[2.25,5.25,0],"scale":[0.7,0.7,0.7]},"ground":{"translation":[0,3,0],"scale":[0.5,0.5,0.5]},"gui":{"rotation":[12,-148,1],"translation":[0,3.5,0]},"head":{"rotation":[90,0,0],"translation":[0,-39.25,-1],"scale":[0.7,0.7,0.7]},"fixed":{"rotation":[90,0,180],"translation":[0,3,-2.5],"scale":[0.8,0.8,0.8]}}}