{"credit":"by w11shes","textures":{"0":"custom/factions/raiditems/locks/locks","particle":"custom/factions/raiditems/locks/locks"},"elements":[{"from":[4.5,0,6],"to":[11.5,6,9],"faces":{"north":{"uv":[0,0,3.5,3],"texture":"#0"},"east":{"uv":[3.5,0,5,3],"texture":"#0"},"south":{"uv":[0,3,3.5,6],"texture":"#0"},"west":{"uv":[3.5,0,5,3],"texture":"#0"},"up":{"uv":[5,0,8.5,1.5],"texture":"#0"},"down":{"uv":[3.5,3,7,4.5],"texture":"#0"}}},{"from":[6,6,7.5],"to":[10,9,7.52],"faces":{"north":{"uv":[5,1.5,7,3],"texture":"#0"},"south":{"uv":[5,1.5,7,3],"texture":"#0"}}}],"gui_light":"front","display":{"thirdperson_righthand":{"rotation":[75,45,0],"translation":[-1.25,0.75,3.25],"scale":[0.7,0.7,0.7]},"thirdperson_lefthand":{"rotation":[75,45,0],"translation":[-1.25,0.75,3.25],"scale":[0.7,0.7,0.7]},"firstperson_righthand":{"rotation":[0,129,0],"translation":[2.25,5.25,0],"scale":[0.7,0.7,0.7]},"firstperson_lefthand":{"rotation":[0,129,0],"translation":[2.25,5.25,0],"scale":[0.7,0.7,0.7]},"ground":{"translation":[0,3,0],"scale":[0.5,0.5,0.5]},"gui":{"rotation":[12,-148,1],"translation":[0,3.5,0]},"head":{"rotation":[0,-180,0],"translation":[0.15,-17.25,6.5],"scale":[0.8,0.8,0.8]},"fixed":{"translation":[0,20,-8],"scale":[0.8,0.8,0.8]}}}